article,form,material,color,brand,category,temples_length,lens_width,bridge_width,price,seasonality,gender,age_group
",",овальная,титан,серебряный,Ray-Ban,оптика,150,48,16,3860,всесезонная,унисекс,пожилой
0002-4,овальная,пластик,серебряный,Tom Ford,оптика,135,52,19,28726,всесезонная,мужской,средний
0002O-003,квадратная,титан,белый,Ray-Ban,солнцезащитные,150,52,14,9420,летняя,женский,пожилой
0003-2,прямоугольная,титан,синий,Lacoste,оптика,140,52,20,21431,всесезонная,женский,пожилой
0003-4,кошачий_глаз,металл,синий,Prada,оптика,135,52,14,23676,всесезонная,мужской,средний
0003-5,круглая,титан,золотой,Gucci,солнцезащитные,145,52,18,11224,летняя,унисекс,пожилой
0006-1,прямоугольная,пластик,коричневый,Gucci,солнцезащитные,135,52,19,9170,летняя,женский,пожилой
0006-2,круглая,пластик,коричневый,Valentino,солнцезащитные,145,52,14,17350,летняя,мужской,молодой
0006-3,кошачий_глаз,титан,белый,Polaroid,солнцезащитные,130,52,17,11529,летняя,женский,молодой
0006-4,квадратная,комбинированный,черный,Lacoste,оптика,130,52,20,19448,всесезонная,унисекс,пожилой
0006-5,овальная,металл,серый,Tom Ford,оптика,150,48,20,33972,всесезонная,мужской,молодой
0008-HT8,прямоугольная,пластик,черный,Lacoste,солнцезащитные,150,50,17,11392,летняя,мужской,пожилой
0009-1,овальная,металл,серебряный,Gucci,оптика,135,50,14,35896,всесезонная,унисекс,пожилой
0009-2,овальная,комбинированный,синий,Valentino,солнцезащитные,130,52,18,41736,летняя,мужской,молодой
0009-4,овальная,металл,золотой,Lacoste,оптика,150,50,16,4678,всесезонная,мужской,средний
0012-2,квадратная,металл,коричневый,Polaroid,солнцезащитные,145,52,17,12789,летняя,мужской,средний
0012-3,прямоугольная,металл,синий,Tom Ford,оптика,130,46,14,26460,всесезонная,унисекс,средний
0012-4,овальная,металл,коричневый,Ray-Ban,оптика,150,46,16,12474,всесезонная,мужской,пожилой
0013-1,квадратная,титан,черный,Oakley,оптика,130,48,17,20879,всесезонная,мужской,пожилой
0013-2,квадратная,титан,черный,Prada,солнцезащитные,140,46,15,9272,летняя,мужской,средний
0013-3,квадратная,металл,серый,Polaroid,оптика,135,54,17,8855,всесезонная,мужской,средний
0013-5,овальная,титан,серый,Lacoste,солнцезащитные,130,54,17,7931,летняя,мужской,средний
0014-PJP,квадратная,металл,золотой,Prada,солнцезащитные,140,54,16,29548,летняя,унисекс,пожилой
0015-1,прямоугольная,титан,синий,Prada,солнцезащитные,145,46,14,22676,летняя,унисекс,средний
0015-4,прямоугольная,металл,черный,Gucci,солнцезащитные,135,48,16,9604,летняя,унисекс,средний
0017-2,прямоугольная,металл,белый,Gucci,солнцезащитные,130,52,18,38742,летняя,женский,пожилой
0018-1,овальная,комбинированный,серый,Gucci,оптика,145,46,17,20800,всесезонная,унисекс,молодой
0018-2,прямоугольная,пластик,серый,Ray-Ban,солнцезащитные,130,50,14,12637,летняя,женский,средний
0018-3,круглая,пластик,серый,Oakley,солнцезащитные,150,46,17,23817,летняя,женский,молодой
0018O-003,прямоугольная,титан,синий,Polaroid,солнцезащитные,140,46,14,24295,летняя,унисекс,пожилой
0019-3,кошачий_глаз,комбинированный,коричневый,Lacoste,солнцезащитные,140,50,15,20429,летняя,женский,средний
002-100,квадратная,металл,золотой,Ray-Ban,оптика,150,50,17,10022,всесезонная,унисекс,молодой
002-200,кошачий_глаз,пластик,серебряный,Gucci,солнцезащитные,140,52,14,43178,летняя,женский,молодой
002-BLK,овальная,титан,черный,Oakley,оптика,145,54,18,15468,всесезонная,унисекс,молодой
002-PNK,круглая,комбинированный,коричневый,Prada,солнцезащитные,135,50,19,9632,летняя,мужской,пожилой
0020-2,овальная,пластик,белый,Lacoste,солнцезащитные,135,46,14,6009,летняя,женский,пожилой
0021O-006,кошачий_глаз,пластик,синий,Tom Ford,солнцезащитные,135,50,15,20412,летняя,женский,молодой
0022-2,квадратная,титан,серебряный,Valentino,солнцезащитные,145,46,19,44668,летняя,мужской,пожилой
0025-000,круглая,пластик,синий,Lacoste,оптика,140,46,15,16403,всесезонная,унисекс,средний
0025-1,круглая,пластик,синий,Oakley,оптика,140,52,18,12907,всесезонная,женский,молодой
0025-2,кошачий_глаз,комбинированный,золотой,Ray-Ban,солнцезащитные,150,52,19,18979,летняя,унисекс,пожилой
0026-3,кошачий_глаз,пластик,золотой,Tom Ford,оптика,135,50,14,21974,всесезонная,унисекс,пожилой
0027-1,круглая,металл,белый,Valentino,солнцезащитные,150,46,17,34524,летняя,женский,молодой
0028-2,круглая,титан,коричневый,Valentino,солнцезащитные,130,54,18,39792,летняя,женский,молодой
0028-3,кошачий_глаз,пластик,серебряный,Tom Ford,оптика,140,52,15,25324,всесезонная,унисекс,молодой
0029-2,кошачий_глаз,комбинированный,черный,Gucci,солнцезащитные,145,54,17,24870,летняя,мужской,средний
0029-NHK,круглая,пластик,коричневый,Polaroid,солнцезащитные,150,52,15,7452,летняя,унисекс,средний
003-200,квадратная,титан,серебряный,Prada,солнцезащитные,150,52,20,10978,летняя,мужской,молодой
003-500,прямоугольная,пластик,серый,Tom Ford,солнцезащитные,145,46,14,7702,летняя,женский,пожилой
003-700,овальная,металл,черный,Polaroid,оптика,135,50,17,8387,всесезонная,женский,молодой
003-BROWN,круглая,металл,серый,Lacoste,солнцезащитные,135,50,20,6373,летняя,женский,средний
003-NERO,круглая,пластик,коричневый,Polaroid,солнцезащитные,135,50,14,19281,летняя,унисекс,средний
003-NVY,кошачий_глаз,титан,золотой,Valentino,оптика,130,54,18,28676,всесезонная,женский,средний
003-RED,овальная,металл,серый,Gucci,оптика,145,48,14,11934,всесезонная,унисекс,пожилой
0030-000,квадратная,комбинированный,серебряный,Tom Ford,солнцезащитные,130,50,14,30086,летняя,мужской,молодой
0030-1,квадратная,пластик,серебряный,Oakley,оптика,140,50,14,11787,всесезонная,женский,молодой
0032-1,прямоугольная,пластик,синий,Ray-Ban,оптика,145,50,15,7360,всесезонная,унисекс,молодой
0032-2,квадратная,титан,серый,Prada,оптика,150,52,18,14982,всесезонная,унисекс,молодой
0033-1,круглая,комбинированный,коричневый,Polaroid,оптика,135,54,16,24545,всесезонная,унисекс,молодой
0033-2,прямоугольная,металл,белый,Prada,оптика,135,52,14,19602,всесезонная,женский,средний
0034-1,круглая,металл,белый,Oakley,оптика,140,48,15,16964,всесезонная,женский,молодой
0034-2,кошачий_глаз,металл,коричневый,Oakley,оптика,145,46,20,16807,всесезонная,унисекс,молодой
0036-1,прямоугольная,комбинированный,серый,Ray-Ban,оптика,150,52,19,6141,всесезонная,унисекс,пожилой
0036-2,овальная,металл,серебряный,Valentino,солнцезащитные,135,52,19,36970,летняя,мужской,молодой
0036-3,квадратная,комбинированный,серебряный,Gucci,оптика,145,46,20,26300,всесезонная,женский,молодой
0039-1,кошачий_глаз,пластик,белый,Gucci,солнцезащитные,145,54,18,16058,летняя,женский,пожилой
0039-2,кошачий_глаз,титан,серый,Tom Ford,оптика,140,52,14,28006,всесезонная,мужской,пожилой
004-ANTIC,квадратная,металл,коричневый,Gucci,оптика,140,46,16,17290,всесезонная,мужской,средний
004-BLK,кошачий_глаз,титан,белый,Tom Ford,солнцезащитные,145,52,15,7334,летняя,мужской,средний
004-CHR,квадратная,титан,серый,Ray-Ban,солнцезащитные,130,46,14,7964,летняя,женский,молодой
004-GREY,кошачий_глаз,пластик,серый,Tom Ford,солнцезащитные,150,48,16,40616,летняя,женский,пожилой
004-PTL,круглая,комбинированный,серебряный,Valentino,оптика,150,46,19,6018,всесезонная,женский,средний
0040-1,овальная,металл,белый,Lacoste,солнцезащитные,130,50,16,17512,летняя,женский,молодой
0040-2,овальная,комбинированный,черный,Valentino,оптика,150,52,14,26688,всесезонная,женский,пожилой
0040-4,кошачий_глаз,комбинированный,серебряный,Oakley,оптика,150,54,15,18106,всесезонная,мужской,пожилой
0042-2,квадратная,комбинированный,серебряный,Polaroid,оптика,150,52,19,8997,всесезонная,женский,молодой
0042-3,круглая,пластик,белый,Tom Ford,солнцезащитные,140,50,15,12838,летняя,женский,средний
0044-1,квадратная,металл,синий,Polaroid,солнцезащитные,150,54,19,7858,летняя,мужской,пожилой
0044-4,прямоугольная,пластик,коричневый,Lacoste,оптика,135,48,15,18781,всесезонная,мужской,пожилой
0045-1,прямоугольная,металл,коричневый,Prada,оптика,130,52,19,26418,всесезонная,унисекс,средний
0045-3,кошачий_глаз,титан,белый,Gucci,оптика,130,48,14,43128,всесезонная,женский,средний
0045O-001,кошачий_глаз,пластик,серый,Polaroid,солнцезащитные,140,50,16,8569,летняя,унисекс,молодой
0046-1,овальная,пластик,золотой,Lacoste,оптика,145,46,16,18183,всесезонная,унисекс,пожилой
0046-2,кошачий_глаз,пластик,серый,Tom Ford,оптика,140,54,18,26322,всесезонная,мужской,средний
0047-1,квадратная,металл,черный,Oakley,оптика,145,48,19,16716,всесезонная,мужской,молодой
0047-2,овальная,металл,белый,Valentino,солнцезащитные,130,46,19,34248,летняя,унисекс,средний
0047-3,кошачий_глаз,металл,белый,Lacoste,оптика,145,46,14,23527,всесезонная,унисекс,молодой
0048-2,круглая,титан,синий,Lacoste,солнцезащитные,135,54,15,3302,летняя,мужской,пожилой
0048-4,овальная,комбинированный,синий,Prada,солнцезащитные,140,52,18,16252,летняя,мужской,средний
0049-3,квадратная,комбинированный,серебряный,Prada,солнцезащитные,145,48,20,9812,летняя,женский,молодой
005-100,прямоугольная,металл,черный,Oakley,оптика,150,52,14,19509,всесезонная,мужской,пожилой
005-200,круглая,комбинированный,черный,Polaroid,оптика,145,50,15,9371,всесезонная,женский,молодой
005-300,круглая,комбинированный,серый,Ray-Ban,солнцезащитные,150,54,14,24785,летняя,женский,молодой
005-700,прямоугольная,пластик,серый,Polaroid,солнцезащитные,130,50,16,21117,летняя,унисекс,молодой
005-BLACK,круглая,титан,золотой,Tom Ford,солнцезащитные,140,52,20,16684,летняя,мужской,средний
005-BROWN,овальная,пластик,черный,Oakley,оптика,135,50,15,21935,всесезонная,унисекс,молодой
005-GUN,круглая,пластик,золотой,Polaroid,солнцезащитные,140,52,14,9469,летняя,женский,пожилой
005-YLW,кошачий_глаз,пластик,серый,Valentino,оптика,145,54,16,31882,всесезонная,унисекс,молодой
0050-1,кошачий_глаз,комбинированный,белый,Valentino,солнцезащитные,145,48,18,6018,летняя,мужской,молодой
0050-3,квадратная,металл,серый,Polaroid,оптика,140,46,18,13568,всесезонная,мужской,средний
0052-2,овальная,металл,белый,Polaroid,солнцезащитные,145,50,16,11567,летняя,женский,средний
0052-3,овальная,металл,серебряный,Tom Ford,солнцезащитные,145,50,18,49704,летняя,женский,молодой
0052O-009,круглая,пластик,золотой,Prada,оптика,130,54,15,6154,всесезонная,женский,средний
0054-2,овальная,металл,коричневый,Tom Ford,солнцезащитные,130,46,14,25020,летняя,женский,молодой
0055O-005,кошачий_глаз,титан,серый,Lacoste,оптика,140,50,20,23417,всесезонная,унисекс,средний
0057-KDX,кошачий_глаз,металл,золотой,Ray-Ban,солнцезащитные,140,52,18,18374,летняя,мужской,молодой
0057O-001,квадратная,пластик,золотой,Polaroid,оптика,135,48,18,20334,всесезонная,унисекс,средний
0058-4,кошачий_глаз,титан,золотой,Oakley,оптика,150,54,18,9371,всесезонная,унисекс,молодой
0058O-002,овальная,комбинированный,золотой,Prada,солнцезащитные,145,48,16,38956,летняя,унисекс,молодой
006-BLACK,круглая,пластик,серый,Prada,солнцезащитные,145,48,18,34306,летняя,мужской,средний
006-VIOLET,овальная,титан,золотой,Gucci,оптика,145,52,18,7654,всесезонная,женский,пожилой
0066-807,круглая,металл,коричневый,Gucci,солнцезащитные,140,54,19,23590,летняя,женский,средний
007-BLK,кошачий_глаз,металл,белый,Lacoste,оптика,145,46,14,4792,всесезонная,унисекс,средний
007-GRY,кошачий_глаз,комбинированный,черный,Prada,оптика,150,46,15,48830,всесезонная,женский,молодой
007-M003,прямоугольная,металл,белый,Gucci,солнцезащитные,140,48,20,21940,летняя,мужской,пожилой
007-RED,овальная,комбинированный,золотой,Prada,солнцезащитные,140,50,19,13200,летняя,женский,пожилой
0070-9G0,квадратная,металл,серебряный,Oakley,солнцезащитные,140,48,17,22956,летняя,мужской,молодой
0079-ZX9,прямоугольная,металл,черный,Lacoste,оптика,145,52,20,7944,всесезонная,женский,молодой
008-BLK,кошачий_глаз,пластик,синий,Gucci,оптика,140,50,16,9518,всесезонная,мужской,средний
008-PNK,кошачий_глаз,пластик,серый,Gucci,оптика,135,46,19,47816,всесезонная,унисекс,пожилой
008-RED,прямоугольная,металл,белый,Valentino,солнцезащитные,140,52,14,19290,летняя,женский,пожилой
0093-2,круглая,пластик,серый,Prada,оптика,135,52,14,32174,всесезонная,унисекс,пожилой
0094-7WS,кошачий_глаз,титан,черный,Tom Ford,солнцезащитные,130,50,20,45692,летняя,унисекс,пожилой
0095-WTA,кошачий_глаз,комбинированный,серый,Tom Ford,оптика,130,52,20,45388,всесезонная,мужской,пожилой
0099-2M2,овальная,титан,золотой,Tom Ford,солнцезащитные,145,54,19,25006,летняя,женский,средний
009С-С3,круглая,комбинированный,белый,Lacoste,оптика,130,54,16,20327,всесезонная,женский,пожилой
010-GREY,круглая,металл,синий,Polaroid,солнцезащитные,150,52,16,23561,летняя,мужской,пожилой
010-GUN,прямоугольная,титан,серебряный,Prada,солнцезащитные,150,46,15,15132,летняя,женский,пожилой
010M-С3,прямоугольная,титан,черный,Valentino,солнцезащитные,135,50,19,28186,летняя,унисекс,молодой
011-BLACK,квадратная,титан,белый,Prada,солнцезащитные,150,46,20,11146,летняя,женский,средний
011-BLUE,прямоугольная,пластик,белый,Prada,солнцезащитные,150,54,15,43850,летняя,унисекс,молодой
011-NERO,квадратная,пластик,белый,Oakley,оптика,130,54,14,8475,всесезонная,мужской,средний
0113O-003,круглая,пластик,серебряный,Lacoste,солнцезащитные,140,46,20,18988,летняя,мужской,пожилой
0115-2M2,квадратная,металл,синий,Valentino,солнцезащитные,135,54,14,34120,летняя,мужской,молодой
012-A008,круглая,титан,коричневый,Oakley,солнцезащитные,140,46,16,22065,летняя,женский,пожилой
0122-KDX,овальная,титан,золотой,Polaroid,солнцезащитные,130,50,20,23234,летняя,унисекс,средний
0122O-001,кошачий_глаз,титан,черный,Lacoste,солнцезащитные,135,52,20,5711,летняя,унисекс,пожилой
013-BLACK,овальная,металл,серый,Prada,солнцезащитные,135,46,15,30224,летняя,мужской,молодой
013-BROWN,квадратная,металл,черный,Gucci,оптика,150,50,15,10686,всесезонная,женский,пожилой
013-GUN,прямоугольная,титан,серый,Prada,оптика,135,52,16,8504,всесезонная,женский,пожилой
013-SILVER,квадратная,пластик,черный,Gucci,оптика,130,52,19,12008,всесезонная,унисекс,пожилой
0135O-001,кошачий_глаз,пластик,коричневый,Gucci,оптика,130,48,14,9500,всесезонная,унисекс,пожилой
0136-1,круглая,титан,синий,Gucci,солнцезащитные,130,48,18,33698,летняя,мужской,средний
0137O-005,кошачий_глаз,комбинированный,черный,Oakley,оптика,140,48,16,7430,всесезонная,унисекс,молодой
0137O-007,прямоугольная,комбинированный,серый,Lacoste,солнцезащитные,135,50,15,24469,летняя,унисекс,молодой
013С-С1,овальная,титан,золотой,Lacoste,солнцезащитные,150,48,16,22607,летняя,женский,пожилой
014-BDX,прямоугольная,комбинированный,синий,Valentino,солнцезащитные,130,52,18,47324,летняя,мужской,молодой
014-BLACK,кошачий_глаз,пластик,золотой,Valentino,оптика,135,50,15,37040,всесезонная,мужской,средний
014-BLK,кошачий_глаз,пластик,серый,Lacoste,оптика,140,52,18,12996,всесезонная,мужской,молодой
0141OA-004,прямоугольная,металл,золотой,Oakley,оптика,130,48,19,11436,всесезонная,женский,пожилой
0149-807,квадратная,пластик,черный,Ray-Ban,оптика,140,54,19,15676,всесезонная,мужской,средний
015-BLU,кошачий_глаз,металл,черный,Valentino,солнцезащитные,150,46,20,34538,летняя,женский,молодой
015-BROWN,круглая,металл,серебряный,Ray-Ban,солнцезащитные,150,50,17,13426,летняя,мужской,пожилой
015-PINK,кошачий_глаз,пластик,черный,Lacoste,солнцезащитные,145,52,16,11202,летняя,женский,пожилой
0154O-003,круглая,комбинированный,белый,Polaroid,солнцезащитные,130,48,14,6564,летняя,женский,средний
0163-O63,кошачий_глаз,металл,коричневый,Tom Ford,оптика,130,46,16,46458,всесезонная,мужской,молодой
0167O-004,овальная,пластик,белый,Prada,оптика,130,50,16,21314,всесезонная,мужской,молодой
017-300,квадратная,металл,золотой,Polaroid,солнцезащитные,150,48,16,13222,летняя,женский,пожилой
017-BLK,квадратная,пластик,золотой,Ray-Ban,оптика,135,46,20,20602,всесезонная,женский,молодой
017-NERO,прямоугольная,комбинированный,коричневый,Prada,оптика,140,54,15,37170,всесезонная,мужской,средний
017-VLT,кошачий_глаз,титан,серебряный,Ray-Ban,оптика,150,46,15,12903,всесезонная,женский,средний
0172-KDX,овальная,титан,белый,Prada,оптика,140,54,18,44258,всесезонная,женский,средний
018-BROWN,прямоугольная,металл,серый,Prada,солнцезащитные,140,46,18,43534,летняя,унисекс,молодой
018-GOLD,прямоугольная,комбинированный,серый,Polaroid,оптика,145,54,16,16481,всесезонная,женский,средний
0187O-004,круглая,пластик,серый,Prada,оптика,150,48,17,49068,всесезонная,мужской,средний
018S-0700,круглая,титан,серебряный,Polaroid,оптика,140,46,14,3294,всесезонная,женский,пожилой
019-GOLD,кошачий_глаз,комбинированный,коричневый,Ray-Ban,солнцезащитные,140,48,14,7543,летняя,мужской,пожилой
019-PINK,кошачий_глаз,металл,коричневый,Ray-Ban,солнцезащитные,145,52,17,5382,летняя,мужской,пожилой
019-PTL,квадратная,пластик,коричневый,Gucci,солнцезащитные,130,48,16,35718,летняя,мужской,средний
019-SILVER,кошачий_глаз,титан,золотой,Tom Ford,солнцезащитные,140,50,17,40140,летняя,женский,пожилой
0190-KDX,овальная,комбинированный,белый,Prada,оптика,135,48,19,28592,всесезонная,мужской,молодой
0190-O63,квадратная,комбинированный,синий,Gucci,солнцезащитные,150,54,16,19080,летняя,мужской,пожилой
02-509 17,овальная,комбинированный,серый,Ray-Ban,солнцезащитные,130,52,17,6093,летняя,женский,молодой
02-528 01,овальная,металл,серебряный,Tom Ford,оптика,140,50,14,47126,всесезонная,мужской,средний
02-577 21,овальная,титан,черный,Valentino,оптика,130,52,15,9960,всесезонная,унисекс,пожилой
02-612 17,квадратная,металл,серебряный,Ray-Ban,солнцезащитные,150,50,19,9573,летняя,мужской,пожилой
02-622 17,прямоугольная,металл,золотой,Polaroid,оптика,135,50,17,20343,всесезонная,мужской,пожилой
02-624 05,прямоугольная,титан,золотой,Oakley,оптика,130,46,17,14536,всесезонная,унисекс,средний
02-662 07,круглая,титан,серый,Polaroid,солнцезащитные,150,46,18,19500,летняя,мужской,средний
02-670 19,овальная,металл,черный,Valentino,солнцезащитные,130,52,19,41546,летняя,женский,пожилой
02-690 19P,квадратная,металл,золотой,Prada,солнцезащитные,130,52,17,32798,летняя,женский,средний
02-696 18P,квадратная,металл,черный,Tom Ford,солнцезащитные,150,46,18,38770,летняя,мужской,средний
02-725 08,круглая,пластик,белый,Valentino,оптика,135,48,15,37050,всесезонная,унисекс,молодой
02-735 07,овальная,пластик,черный,Prada,солнцезащитные,130,46,15,18164,летняя,мужской,средний
02-739 07,овальная,титан,золотой,Oakley,солнцезащитные,135,48,20,5430,летняя,унисекс,пожилой
02-743 07P,овальная,пластик,коричневый,Ray-Ban,оптика,145,52,18,7109,всесезонная,женский,молодой
02-746 07,прямоугольная,металл,серебряный,Valentino,оптика,150,50,17,46044,всесезонная,мужской,средний
02-746 37,кошачий_глаз,титан,черный,Prada,солнцезащитные,140,50,17,7322,летняя,мужской,пожилой
02-765 05,квадратная,комбинированный,золотой,Polaroid,оптика,130,54,20,9236,всесезонная,мужской,молодой
02-769 07,прямоугольная,титан,золотой,Ray-Ban,солнцезащитные,145,52,15,18140,летняя,женский,пожилой
02-769 13,круглая,металл,белый,Gucci,солнцезащитные,145,48,20,19126,летняя,мужской,средний
02-769 17,круглая,пластик,серебряный,Valentino,оптика,145,50,18,41556,всесезонная,мужской,молодой
02-769 19,прямоугольная,титан,коричневый,Gucci,оптика,135,52,19,45950,всесезонная,мужской,средний
02-772 17,кошачий_глаз,металл,коричневый,Polaroid,оптика,145,54,20,15197,всесезонная,мужской,пожилой
02-772 19,квадратная,комбинированный,черный,Ray-Ban,оптика,130,52,15,11321,всесезонная,унисекс,молодой
02-776 17,прямоугольная,титан,золотой,Lacoste,оптика,150,50,15,16760,всесезонная,унисекс,средний
02-781 03,круглая,титан,коричневый,Tom Ford,солнцезащитные,130,46,18,17448,летняя,унисекс,молодой
02-781 06,прямоугольная,металл,серый,Tom Ford,оптика,150,54,17,18198,всесезонная,женский,молодой
02-781 17,прямоугольная,комбинированный,синий,Tom Ford,оптика,145,50,18,34270,всесезонная,мужской,средний
02-781 18,кошачий_глаз,титан,белый,Gucci,солнцезащитные,150,46,20,35692,летняя,унисекс,средний
02-783 06,кошачий_глаз,металл,черный,Polaroid,оптика,140,52,15,8178,всесезонная,женский,средний
02-783 18,круглая,металл,белый,Prada,солнцезащитные,150,46,20,38340,летняя,унисекс,пожилой
02-788 17,прямоугольная,пластик,золотой,Valentino,оптика,150,52,15,24220,всесезонная,мужской,пожилой
02-788 18,квадратная,комбинированный,серебряный,Valentino,солнцезащитные,150,48,14,25112,летняя,унисекс,пожилой
02-789 18,круглая,титан,синий,Prada,солнцезащитные,130,52,16,37008,летняя,женский,средний
02-806 13,овальная,комбинированный,коричневый,Gucci,солнцезащитные,150,54,14,12144,летняя,мужской,средний
02-810 17,квадратная,металл,черный,Valentino,солнцезащитные,130,54,14,16210,летняя,женский,молодой
02-810 19,прямоугольная,пластик,серебряный,Gucci,оптика,145,50,19,20228,всесезонная,мужской,средний
02-811 09,овальная,металл,серый,Gucci,оптика,130,46,18,37276,всесезонная,унисекс,молодой
02-811 11,кошачий_глаз,комбинированный,золотой,Valentino,солнцезащитные,150,46,14,15612,летняя,женский,молодой
02-812 11,круглая,комбинированный,серый,Ray-Ban,оптика,135,48,19,17437,всесезонная,женский,пожилой
02-814 09,круглая,пластик,золотой,Valentino,оптика,150,54,15,18942,всесезонная,женский,молодой
02-814 51,прямоугольная,титан,синий,Tom Ford,солнцезащитные,140,48,17,29112,летняя,унисекс,пожилой
02-816 64,овальная,комбинированный,синий,Polaroid,оптика,150,52,20,3406,всесезонная,женский,пожилой
02-817 17,кошачий_глаз,металл,коричневый,Lacoste,оптика,140,48,19,15611,всесезонная,женский,молодой
02-817 64,кошачий_глаз,комбинированный,золотой,Oakley,солнцезащитные,140,48,17,6610,летняя,мужской,средний
02-818 17,прямоугольная,пластик,черный,Gucci,солнцезащитные,140,52,15,27656,летняя,унисекс,молодой
02-818 64,квадратная,пластик,серебряный,Lacoste,оптика,135,52,17,21743,всесезонная,мужской,пожилой
02-819 17,кошачий_глаз,пластик,синий,Gucci,солнцезащитные,140,54,20,49350,летняя,мужской,средний
02-822 04,квадратная,пластик,черный,Oakley,оптика,135,48,14,12435,всесезонная,женский,средний
02-822 18,квадратная,пластик,серый,Tom Ford,солнцезащитные,150,52,15,48398,летняя,унисекс,пожилой
02-823 04,овальная,титан,белый,Gucci,солнцезащитные,130,48,18,6290,летняя,унисекс,молодой
02-825 18P,квадратная,комбинированный,серебряный,Ray-Ban,оптика,130,54,20,20633,всесезонная,унисекс,пожилой
02-825 20P,кошачий_глаз,металл,черный,Prada,солнцезащитные,130,48,16,24320,летняя,унисекс,молодой
02-828 18P,прямоугольная,пластик,серый,Prada,солнцезащитные,145,48,19,29086,летняя,мужской,пожилой
02-831 39P,кошачий_глаз,металл,золотой,Oakley,оптика,140,46,14,15323,всесезонная,унисекс,средний
02-832 17,кошачий_глаз,металл,золотой,Lacoste,оптика,135,52,18,20091,всесезонная,унисекс,молодой
02-832 20,круглая,комбинированный,коричневый,Oakley,солнцезащитные,145,54,15,4735,летняя,унисекс,средний
02-834 17,круглая,пластик,черный,Valentino,солнцезащитные,140,48,20,49350,летняя,мужской,средний
02-834 19,кошачий_глаз,металл,синий,Valentino,солнцезащитные,130,48,19,35576,летняя,мужской,молодой
02-837 19P,квадратная,титан,золотой,Tom Ford,оптика,145,50,19,12166,всесезонная,женский,пожилой
02-837 51P,кошачий_глаз,титан,золотой,Prada,солнцезащитные,130,46,19,36926,летняя,женский,средний
020-BROWN,квадратная,металл,золотой,Valentino,солнцезащитные,145,48,18,15790,летняя,мужской,молодой
020-GRY,кошачий_глаз,пластик,серый,Valentino,оптика,130,46,14,43584,всесезонная,унисекс,пожилой
020-GUN,прямоугольная,пластик,синий,Oakley,солнцезащитные,140,50,20,21073,летняя,мужской,молодой
0203O-001,квадратная,пластик,коричневый,Valentino,солнцезащитные,135,54,16,14214,летняя,мужской,средний
0209O-002,овальная,титан,синий,Oakley,солнцезащитные,145,46,20,11325,летняя,женский,пожилой
021-0492,овальная,пластик,коричневый,Prada,солнцезащитные,145,48,15,47218,летняя,женский,средний
021-0A01,квадратная,пластик,коричневый,Polaroid,оптика,150,52,16,23643,всесезонная,унисекс,молодой
021-BROWN,кошачий_глаз,пластик,серебряный,Gucci,солнцезащитные,135,52,14,17544,летняя,унисекс,молодой
021-RED,прямоугольная,металл,синий,Ray-Ban,солнцезащитные,145,48,18,10967,летняя,унисекс,средний
021-SILVER,круглая,титан,синий,Polaroid,солнцезащитные,140,50,18,15330,летняя,унисекс,средний
021-VLT,овальная,пластик,серебряный,Gucci,солнцезащитные,130,50,14,48242,летняя,унисекс,молодой
0212O-004,прямоугольная,металл,золотой,Ray-Ban,оптика,145,46,18,12074,всесезонная,унисекс,молодой
021С-С1,круглая,комбинированный,серебряный,Ray-Ban,солнцезащитные,145,54,16,15411,летняя,унисекс,пожилой
022-01,кошачий_глаз,металл,коричневый,Oakley,солнцезащитные,150,48,19,4549,летняя,унисекс,молодой
022-PRP,кошачий_глаз,пластик,синий,Oakley,солнцезащитные,135,54,14,10758,летняя,женский,молодой
022-RED,кошачий_глаз,металл,белый,Valentino,солнцезащитные,150,54,17,35656,летняя,женский,пожилой
022-VLT,кошачий_глаз,титан,синий,Ray-Ban,оптика,150,48,19,13634,всесезонная,мужской,средний
0220-AU2,кошачий_глаз,титан,серебряный,Prada,солнцезащитные,135,54,15,34112,летняя,женский,молодой
0220OA-003,квадратная,металл,черный,Tom Ford,оптика,135,52,18,6032,всесезонная,женский,средний
0224-TCB,кошачий_глаз,титан,серый,Valentino,солнцезащитные,135,50,19,43326,летняя,женский,пожилой
0227-BSC,кошачий_глаз,комбинированный,серебряный,Ray-Ban,оптика,145,46,20,23310,всесезонная,женский,молодой
0231O-005,кошачий_глаз,комбинированный,серый,Gucci,солнцезащитные,130,54,17,12912,летняя,женский,средний
0239-80S,овальная,титан,синий,Oakley,оптика,140,50,17,18587,всесезонная,унисекс,пожилой
023С-С1,круглая,пластик,синий,Polaroid,солнцезащитные,145,46,20,11964,летняя,женский,молодой
024-BLACK,прямоугольная,пластик,золотой,Lacoste,солнцезащитные,130,46,14,14824,летняя,мужской,пожилой
024-GREY,кошачий_глаз,титан,золотой,Lacoste,солнцезащитные,140,48,19,17089,летняя,женский,молодой
0243O-004,прямоугольная,пластик,серый,Lacoste,солнцезащитные,135,46,15,6983,летняя,унисекс,молодой
0243O-005,прямоугольная,пластик,черный,Tom Ford,оптика,135,52,19,17892,всесезонная,женский,пожилой
0247OK-001,круглая,титан,коричневый,Gucci,солнцезащитные,130,52,14,30516,летняя,унисекс,средний
025-BROWN,кошачий_глаз,пластик,коричневый,Polaroid,оптика,145,50,19,10165,всесезонная,мужской,пожилой
025-GOLD,круглая,пластик,серебряный,Oakley,оптика,150,52,16,19140,всесезонная,мужской,пожилой
025-PRP,прямоугольная,металл,коричневый,Prada,оптика,140,54,18,33436,всесезонная,женский,пожилой
025-PURPLE,кошачий_глаз,пластик,синий,Oakley,оптика,145,46,18,21450,всесезонная,унисекс,средний
0252-807,квадратная,титан,серый,Tom Ford,солнцезащитные,135,48,16,39796,летняя,женский,средний
026-FXA,овальная,комбинированный,белый,Tom Ford,оптика,130,54,14,18890,всесезонная,мужской,средний
026-PRP,прямоугольная,металл,коричневый,Valentino,солнцезащитные,130,48,18,27610,летняя,женский,пожилой
027-BROWN,овальная,металл,белый,Prada,солнцезащитные,145,54,17,16220,летняя,мужской,средний
027-NERO,кошачий_глаз,пластик,синий,Valentino,оптика,150,48,19,9656,всесезонная,мужской,молодой
027-PNK,прямоугольная,металл,коричневый,Ray-Ban,оптика,140,54,15,13822,всесезонная,унисекс,средний
027-VIOLET,круглая,комбинированный,синий,Valentino,солнцезащитные,145,52,16,38058,летняя,женский,пожилой
0272O-005,кошачий_глаз,титан,коричневый,Prada,солнцезащитные,135,54,20,31386,летняя,унисекс,молодой
028-BROWN,квадратная,пластик,синий,Oakley,солнцезащитные,145,46,16,9256,летняя,унисекс,пожилой
028-GOLD,кошачий_глаз,металл,черный,Gucci,оптика,145,52,20,8038,всесезонная,унисекс,пожилой
028-PINK,прямоугольная,комбинированный,синий,Lacoste,солнцезащитные,130,48,18,21509,летняя,женский,молодой
0285OA-001,кошачий_глаз,комбинированный,черный,Valentino,солнцезащитные,150,46,16,34164,летняя,женский,пожилой
0289O-007,овальная,пластик,белый,Prada,оптика,140,54,18,41666,всесезонная,женский,молодой
029-LIL,круглая,титан,коричневый,Valentino,оптика,135,50,14,27190,всесезонная,женский,средний
030-LIL,прямоугольная,титан,золотой,Oakley,оптика,130,52,14,20069,всесезонная,женский,средний
0308O-003,прямоугольная,комбинированный,серый,Ray-Ban,солнцезащитные,145,48,19,7713,летняя,унисекс,средний
031-BLACK,прямоугольная,металл,серебряный,Polaroid,оптика,145,50,17,19965,всесезонная,мужской,средний
031-BROWN,прямоугольная,пластик,черный,Gucci,оптика,140,48,16,37784,всесезонная,унисекс,пожилой
031-NERO,прямоугольная,титан,коричневый,Valentino,оптика,130,54,15,29858,всесезонная,женский,средний
031-SILVER,круглая,металл,черный,Prada,оптика,140,50,14,46108,всесезонная,женский,молодой
0312О-001,круглая,металл,золотой,Gucci,оптика,135,46,20,18608,всесезонная,мужской,пожилой
0317O-003,кошачий_глаз,металл,белый,Gucci,оптика,145,48,16,25758,всесезонная,женский,пожилой
031М-С3,круглая,пластик,коричневый,Gucci,солнцезащитные,135,46,15,48016,летняя,женский,молодой
031М-С4,круглая,пластик,белый,Oakley,солнцезащитные,140,54,20,16368,летняя,мужской,пожилой
033-ANTIC,круглая,комбинированный,серый,Oakley,солнцезащитные,130,54,17,7666,летняя,мужской,пожилой
033-BLACK,кошачий_глаз,комбинированный,коричневый,Oakley,солнцезащитные,145,52,19,16171,летняя,унисекс,молодой
033-BROWN,прямоугольная,пластик,черный,Tom Ford,оптика,135,46,19,42978,всесезонная,унисекс,молодой
033-GREY,прямоугольная,комбинированный,черный,Ray-Ban,солнцезащитные,140,48,16,21658,летняя,унисекс,молодой
0332O-001,прямоугольная,пластик,золотой,Prada,оптика,145,46,17,11102,всесезонная,женский,молодой
0332O-003,круглая,пластик,золотой,Lacoste,солнцезащитные,145,52,15,24384,летняя,унисекс,пожилой
0333O-003,круглая,комбинированный,коричневый,Prada,оптика,130,52,14,6564,всесезонная,унисекс,молодой
033С-C4,овальная,металл,золотой,Ray-Ban,солнцезащитные,140,46,17,20071,летняя,унисекс,средний
034-BLK,кошачий_глаз,комбинированный,серебряный,Tom Ford,оптика,150,54,15,49264,всесезонная,мужской,средний
034-GLD,овальная,металл,черный,Prada,оптика,140,46,17,22876,всесезонная,женский,средний
034-GUN,кошачий_глаз,титан,серебряный,Oakley,солнцезащитные,130,52,19,3226,летняя,мужской,средний
034-PINK,квадратная,комбинированный,белый,Ray-Ban,оптика,145,52,14,19299,всесезонная,женский,средний
0346O-002,прямоугольная,пластик,белый,Prada,солнцезащитные,150,52,15,7174,летняя,мужской,молодой
0348O-001,круглая,металл,серый,Prada,оптика,135,48,16,42198,всесезонная,женский,пожилой
035-BROWN,квадратная,металл,золотой,Tom Ford,солнцезащитные,140,50,16,38042,летняя,женский,молодой
035-SILVER,овальная,титан,золотой,Valentino,солнцезащитные,130,52,17,8178,летняя,женский,пожилой
0352O-002,прямоугольная,пластик,черный,Tom Ford,оптика,150,50,14,25588,всесезонная,женский,молодой
036-NERO,прямоугольная,титан,черный,Ray-Ban,солнцезащитные,130,50,17,19013,летняя,женский,пожилой
036-VIOLET,овальная,комбинированный,синий,Prada,солнцезащитные,140,50,15,48250,летняя,мужской,средний
0369O-003,овальная,комбинированный,коричневый,Ray-Ban,солнцезащитные,140,52,14,23980,летняя,женский,средний
0369O-004,квадратная,комбинированный,коричневый,Oakley,солнцезащитные,140,50,15,4750,летняя,унисекс,молодой
036S-0400,квадратная,комбинированный,золотой,Ray-Ban,солнцезащитные,130,52,16,13412,летняя,унисекс,средний
036S-8FCY,кошачий_глаз,титан,черный,Oakley,солнцезащитные,130,46,17,4460,летняя,женский,средний
037-GREY,квадратная,комбинированный,коричневый,Polaroid,оптика,130,52,16,21146,всесезонная,мужской,молодой
037-NERO,кошачий_глаз,пластик,черный,Oakley,оптика,145,50,16,22582,всесезонная,мужской,средний
037-SEA,кошачий_глаз,титан,золотой,Lacoste,оптика,150,50,17,20044,всесезонная,женский,молодой
0371O-001,квадратная,титан,серый,Gucci,оптика,130,48,14,45800,всесезонная,женский,пожилой
0376O-001,прямоугольная,пластик,синий,Tom Ford,оптика,130,50,15,19162,всесезонная,женский,средний
0376O-002,прямоугольная,металл,серебряный,Polaroid,солнцезащитные,140,52,20,12765,летняя,унисекс,средний
0379O-002,прямоугольная,пластик,белый,Polaroid,солнцезащитные,140,46,14,11770,летняя,унисекс,средний
0379O-003,круглая,металл,серебряный,Oakley,солнцезащитные,145,48,16,23120,летняя,унисекс,средний
037S-0880,кошачий_глаз,металл,серый,Gucci,оптика,140,54,17,26664,всесезонная,женский,молодой
037S-0AHH,квадратная,пластик,серый,Oakley,оптика,145,52,14,13288,всесезонная,мужской,пожилой
038-BLACK,круглая,комбинированный,коричневый,Polaroid,оптика,130,46,18,21352,всесезонная,женский,молодой
038-BROWN,овальная,комбинированный,синий,Tom Ford,оптика,130,54,16,11732,всесезонная,мужской,пожилой
038-NERO,кошачий_глаз,металл,золотой,Polaroid,оптика,140,52,18,23013,всесезонная,женский,молодой
038-VIOLET,квадратная,металл,белый,Polaroid,солнцезащитные,145,48,18,6311,летняя,женский,пожилой
0389O-001,кошачий_глаз,комбинированный,синий,Lacoste,солнцезащитные,130,52,15,23125,летняя,мужской,средний
0389O-004,прямоугольная,пластик,серебряный,Oakley,солнцезащитные,140,52,17,6744,летняя,женский,молодой
04-GD,квадратная,комбинированный,белый,Valentino,солнцезащитные,150,46,15,44172,летняя,мужской,пожилой
04-GM,круглая,комбинированный,коричневый,Polaroid,оптика,130,46,20,12101,всесезонная,унисекс,средний
040-BLUE,кошачий_глаз,пластик,серый,Polaroid,оптика,135,46,14,14777,всесезонная,мужской,пожилой
040-PINK,кошачий_глаз,комбинированный,белый,Gucci,оптика,150,54,19,37340,всесезонная,женский,пожилой
0400O-001,квадратная,пластик,золотой,Gucci,оптика,150,50,15,20892,всесезонная,унисекс,молодой
0405O-001,круглая,пластик,золотой,Gucci,оптика,145,48,16,14040,всесезонная,унисекс,пожилой
0406O-001,овальная,титан,белый,Lacoste,оптика,140,46,19,21454,всесезонная,женский,пожилой
0407O-002,кошачий_глаз,комбинированный,золотой,Tom Ford,солнцезащитные,150,46,14,21670,летняя,унисекс,пожилой
041-BLACK,круглая,титан,серый,Valentino,оптика,140,50,19,21222,всесезонная,унисекс,молодой
041-GREY,кошачий_глаз,титан,белый,Oakley,оптика,145,52,19,11767,всесезонная,женский,пожилой
0415OA-001,круглая,металл,коричневый,Gucci,солнцезащитные,140,50,16,42568,летняя,женский,средний
042С-С3,овальная,титан,серый,Oakley,оптика,135,50,15,17325,всесезонная,мужской,пожилой
043-BLK,круглая,металл,белый,Lacoste,оптика,150,54,15,23724,всесезонная,женский,пожилой
043-PRP,прямоугольная,металл,черный,Oakley,оптика,150,54,16,3785,всесезонная,унисекс,средний
0442O-004,прямоугольная,металл,серебряный,Gucci,солнцезащитные,130,46,18,13614,летняя,мужской,молодой
0445O-001,овальная,комбинированный,белый,Polaroid,солнцезащитные,135,54,16,8498,летняя,мужской,молодой
0445O-002,прямоугольная,металл,золотой,Oakley,оптика,140,52,16,19766,всесезонная,женский,пожилой
0447O-001,круглая,комбинированный,золотой,Polaroid,солнцезащитные,140,54,14,8004,летняя,унисекс,средний
0448O-002,круглая,комбинированный,серебряный,Oakley,солнцезащитные,150,52,18,17072,летняя,женский,молодой
0450O-001,овальная,металл,белый,Oakley,солнцезащитные,140,54,20,23114,летняя,мужской,молодой
046-GOLD,кошачий_глаз,металл,золотой,Prada,солнцезащитные,130,48,17,39718,летняя,мужской,молодой
046-NERO,прямоугольная,титан,золотой,Prada,оптика,135,52,19,15522,всесезонная,унисекс,молодой
046-SILVER,овальная,комбинированный,черный,Tom Ford,солнцезащитные,140,48,14,10908,летняя,унисекс,молодой
047-BROWN,овальная,комбинированный,синий,Prada,солнцезащитные,145,54,16,48166,летняя,унисекс,молодой
047-SILVER,квадратная,металл,черный,Ray-Ban,солнцезащитные,130,50,20,10084,летняя,мужской,пожилой
049-BLK,кошачий_глаз,комбинированный,синий,Polaroid,оптика,135,54,19,16324,всесезонная,унисекс,пожилой
049-BROWN,кошачий_глаз,титан,золотой,Valentino,солнцезащитные,135,46,16,30826,летняя,мужской,молодой
049-NERO,круглая,титан,белый,Lacoste,солнцезащитные,130,50,14,15306,летняя,женский,молодой
049-PNK,кошачий_глаз,титан,черный,Lacoste,оптика,130,52,16,23620,всесезонная,мужской,пожилой
049-VLT,круглая,пластик,коричневый,Lacoste,солнцезащитные,145,50,16,14528,летняя,унисекс,средний
0494O-002,круглая,металл,серебряный,Polaroid,солнцезащитные,140,50,19,14948,летняя,мужской,молодой
049M-С2,прямоугольная,пластик,белый,Valentino,оптика,135,54,20,21646,всесезонная,унисекс,средний
04IV-08W1O1,овальная,пластик,серебряный,Prada,оптика,150,46,14,11902,всесезонная,женский,средний
05.225.02,овальная,металл,серый,Polaroid,оптика,130,46,19,4556,всесезонная,унисекс,молодой
05.225.03,круглая,пластик,золотой,Lacoste,оптика,145,52,15,8565,всесезонная,мужской,средний
05.227.01,кошачий_глаз,титан,синий,Oakley,солнцезащитные,145,54,16,12203,летняя,унисекс,средний
05.227.02,круглая,пластик,белый,Lacoste,солнцезащитные,140,46,17,9046,летняя,женский,пожилой
05.227.03,круглая,пластик,коричневый,Lacoste,оптика,130,48,14,21268,всесезонная,мужской,молодой
05.227.04,прямоугольная,комбинированный,черный,Gucci,солнцезащитные,130,50,16,16552,летняя,женский,пожилой
05.228.01,прямоугольная,пластик,синий,Ray-Ban,солнцезащитные,140,54,16,8571,летняя,женский,средний
05.228.02,квадратная,пластик,синий,Tom Ford,солнцезащитные,135,54,14,29368,летняя,унисекс,молодой
05.230.01,кошачий_глаз,металл,серый,Lacoste,солнцезащитные,150,54,14,9318,летняя,унисекс,молодой
05.230.02,квадратная,металл,золотой,Lacoste,солнцезащитные,140,50,17,24272,летняя,женский,средний
05.230.03,прямоугольная,титан,черный,Polaroid,оптика,140,48,19,24807,всесезонная,унисекс,молодой
05.281.01,кошачий_глаз,пластик,серебряный,Lacoste,солнцезащитные,150,52,20,23456,летняя,мужской,молодой
05.281.02,квадратная,титан,серебряный,Oakley,оптика,150,54,15,23277,всесезонная,женский,пожилой
05.281.03,прямоугольная,металл,золотой,Valentino,солнцезащитные,130,52,18,38726,летняя,унисекс,пожилой
05.416.01,круглая,металл,золотой,Gucci,оптика,150,48,19,14426,всесезонная,женский,молодой
05.416.02,квадратная,титан,коричневый,Tom Ford,солнцезащитные,135,50,14,13682,летняя,унисекс,пожилой
05.416.03,прямоугольная,титан,серебряный,Gucci,солнцезащитные,140,46,17,12506,летняя,мужской,средний
05.425.03,прямоугольная,титан,синий,Gucci,солнцезащитные,130,52,15,46614,летняя,унисекс,средний
05.434.03,квадратная,пластик,серебряный,Valentino,оптика,150,46,14,17636,всесезонная,унисекс,средний
05.434.04,прямоугольная,титан,серый,Ray-Ban,оптика,150,52,18,23093,всесезонная,унисекс,пожилой
05.439.01,овальная,титан,черный,Gucci,оптика,130,54,19,43182,всесезонная,унисекс,пожилой
05.439.02,круглая,пластик,золотой,Gucci,оптика,150,52,20,10408,всесезонная,мужской,средний
05.439.03,кошачий_глаз,титан,золотой,Gucci,солнцезащитные,135,50,20,7260,летняя,мужской,молодой
05.441.01,прямоугольная,комбинированный,белый,Prada,оптика,130,48,14,32802,всесезонная,мужской,пожилой
05.441.03,кошачий_глаз,титан,золотой,Prada,оптика,145,50,16,23304,всесезонная,женский,молодой
05.442.02,прямоугольная,металл,синий,Ray-Ban,оптика,130,48,15,3215,всесезонная,женский,средний
05.445.01,квадратная,комбинированный,коричневый,Ray-Ban,оптика,130,48,19,8939,всесезонная,унисекс,средний
05.448.03,круглая,металл,коричневый,Tom Ford,оптика,150,48,19,13288,всесезонная,мужской,средний
05.453.02,овальная,пластик,коричневый,Lacoste,оптика,150,52,18,4757,всесезонная,унисекс,молодой
05.525.03,кошачий_глаз,пластик,серый,Tom Ford,оптика,145,52,19,18948,всесезонная,женский,пожилой
05.528.01,овальная,пластик,коричневый,Tom Ford,солнцезащитные,130,52,16,44254,летняя,женский,молодой
05.528.04,круглая,пластик,коричневый,Prada,солнцезащитные,145,52,16,18204,летняя,женский,пожилой
05.531.02,овальная,комбинированный,серебряный,Valentino,оптика,135,48,20,8592,всесезонная,женский,средний
05.531.03,прямоугольная,комбинированный,коричневый,Oakley,солнцезащитные,130,50,20,6423,летняя,женский,пожилой
05.533.02,прямоугольная,металл,серебряный,Tom Ford,солнцезащитные,135,52,18,22554,летняя,мужской,пожилой
05.533.03,прямоугольная,титан,белый,Polaroid,оптика,140,54,16,21601,всесезонная,женский,молодой
05.561.01,кошачий_глаз,пластик,золотой,Ray-Ban,оптика,130,50,15,21060,всесезонная,унисекс,молодой
05.561.02,квадратная,комбинированный,золотой,Gucci,солнцезащитные,145,54,19,47612,летняя,унисекс,пожилой
05.591.01,круглая,пластик,черный,Lacoste,оптика,135,54,17,23058,всесезонная,женский,молодой
05.720.01,круглая,металл,белый,Valentino,оптика,135,54,17,44784,всесезонная,унисекс,средний
05.720.02,квадратная,металл,белый,Prada,оптика,130,46,19,24512,всесезонная,мужской,молодой
05.726.03,овальная,титан,серый,Polaroid,оптика,150,50,17,15996,всесезонная,мужской,пожилой
05.760.03,круглая,титан,серебряный,Polaroid,оптика,150,52,20,3699,всесезонная,мужской,пожилой
05.783.02,кошачий_глаз,титан,черный,Ray-Ban,солнцезащитные,140,52,19,6180,летняя,женский,пожилой
05.820.02,овальная,металл,черный,Valentino,солнцезащитные,140,50,20,39308,летняя,женский,средний
05.820.03,круглая,титан,серый,Tom Ford,оптика,135,46,14,27550,всесезонная,унисекс,молодой
050-GUN,кошачий_глаз,металл,синий,Ray-Ban,солнцезащитные,150,46,14,19662,летняя,женский,молодой
052-NERO,кошачий_глаз,металл,белый,Oakley,солнцезащитные,150,54,17,8445,летняя,унисекс,пожилой
052-PURPLE,прямоугольная,титан,коричневый,Lacoste,солнцезащитные,140,52,20,13179,летняя,женский,молодой
053-BROWN,круглая,пластик,коричневый,Lacoste,оптика,150,46,16,21233,всесезонная,унисекс,средний
054-PINK,овальная,комбинированный,коричневый,Oakley,оптика,145,54,19,23975,всесезонная,женский,молодой
055M-С3 BA,круглая,пластик,серый,Prada,солнцезащитные,135,46,14,30556,летняя,унисекс,средний
057-GUN,прямоугольная,титан,золотой,Gucci,солнцезащитные,130,50,18,11664,летняя,женский,средний
057-MARRONE,квадратная,комбинированный,золотой,Gucci,оптика,130,46,20,16620,всесезонная,мужской,пожилой
057-NERO,квадратная,комбинированный,синий,Lacoste,солнцезащитные,135,54,19,4914,летняя,женский,молодой
057-VIOLET,кошачий_глаз,металл,серебряный,Prada,солнцезащитные,145,52,18,7360,летняя,унисекс,молодой
058-GOLD,кошачий_глаз,комбинированный,черный,Gucci,оптика,130,50,15,42574,всесезонная,унисекс,средний
058-RED,овальная,титан,коричневый,Prada,оптика,135,46,19,9814,всесезонная,мужской,молодой
059-BROWN,овальная,пластик,черный,Ray-Ban,оптика,130,46,16,22356,всесезонная,женский,молодой
059-GUN,кошачий_глаз,титан,коричневый,Prada,оптика,140,50,17,29198,всесезонная,унисекс,пожилой
059-NERO,прямоугольная,титан,синий,Gucci,солнцезащитные,135,50,14,13462,летняя,женский,пожилой
059-SILVER,овальная,пластик,синий,Tom Ford,солнцезащитные,140,50,15,23132,летняя,женский,молодой
06-085 19,овальная,металл,серый,Oakley,солнцезащитные,145,46,19,18924,летняя,женский,молодой
06-101 13P,кошачий_глаз,пластик,серый,Ray-Ban,оптика,130,48,14,9989,всесезонная,унисекс,средний
06-101 33P,прямоугольная,металл,серебряный,Prada,оптика,145,50,19,30506,всесезонная,женский,молодой
06-107 13P,круглая,металл,черный,Valentino,солнцезащитные,135,54,15,36332,летняя,женский,средний
06-108 13P,круглая,пластик,золотой,Valentino,солнцезащитные,130,46,16,9976,летняя,женский,пожилой
06.122.02,круглая,металл,серый,Prada,оптика,135,52,15,32130,всесезонная,мужской,средний
06.153.02,прямоугольная,комбинированный,черный,Prada,солнцезащитные,145,52,16,9036,летняя,унисекс,пожилой
06.190.01,овальная,пластик,синий,Oakley,солнцезащитные,140,48,14,22233,летняя,женский,средний
06.190.02,овальная,титан,белый,Prada,оптика,150,52,14,14390,всесезонная,унисекс,средний
06.190.03,овальная,пластик,серый,Valentino,оптика,150,50,19,36876,всесезонная,мужской,средний
06.319.01,квадратная,металл,серебряный,Polaroid,оптика,145,46,14,11475,всесезонная,унисекс,молодой
06.320.01,кошачий_глаз,пластик,белый,Ray-Ban,солнцезащитные,130,48,15,14336,летняя,унисекс,средний
06.320.02,овальная,металл,синий,Prada,солнцезащитные,130,52,20,42326,летняя,унисекс,молодой
06.320.03,прямоугольная,металл,серый,Gucci,оптика,130,46,15,11924,всесезонная,мужской,молодой
06.321.02,прямоугольная,комбинированный,синий,Lacoste,солнцезащитные,130,46,19,13996,летняя,женский,пожилой
06.321.03,овальная,металл,белый,Valentino,солнцезащитные,140,48,14,35262,летняя,унисекс,средний
06.330.01,круглая,пластик,коричневый,Tom Ford,солнцезащитные,140,52,16,41820,летняя,унисекс,молодой
06.330.02,круглая,пластик,черный,Oakley,солнцезащитные,140,50,19,13626,летняя,мужской,молодой
06.330.04,квадратная,титан,золотой,Polaroid,оптика,130,54,14,11024,всесезонная,мужской,пожилой
06.334.01,овальная,комбинированный,золотой,Valentino,оптика,135,52,15,46050,всесезонная,унисекс,молодой
06.335.01,круглая,комбинированный,коричневый,Ray-Ban,оптика,140,48,14,10697,всесезонная,женский,средний
06.335.03,овальная,пластик,золотой,Lacoste,солнцезащитные,145,46,20,6644,летняя,унисекс,средний
06.336.01,квадратная,пластик,коричневый,Valentino,солнцезащитные,150,54,18,22624,летняя,женский,средний
06.336.02,овальная,металл,синий,Polaroid,солнцезащитные,145,50,16,19625,летняя,женский,молодой
06.336.03,овальная,титан,белый,Ray-Ban,солнцезащитные,130,54,18,14707,летняя,унисекс,средний
06.339.01,кошачий_глаз,комбинированный,коричневый,Tom Ford,солнцезащитные,150,52,19,18592,летняя,мужской,молодой
06.339.03,квадратная,металл,серебряный,Valentino,солнцезащитные,150,46,19,44476,летняя,унисекс,молодой
06.342.01,квадратная,пластик,серебряный,Lacoste,оптика,135,46,17,3661,всесезонная,унисекс,пожилой
06.342.02,квадратная,металл,синий,Gucci,солнцезащитные,150,54,19,44314,летняя,унисекс,пожилой
06.346.01,кошачий_глаз,пластик,серебряный,Gucci,оптика,145,48,19,29020,всесезонная,мужской,средний
06.347.02,овальная,титан,белый,Oakley,оптика,140,48,15,11912,всесезонная,унисекс,пожилой
06.383.02,прямоугольная,комбинированный,коричневый,Valentino,солнцезащитные,140,52,16,33090,летняя,женский,молодой
06.520.01,квадратная,комбинированный,серый,Gucci,оптика,135,48,14,44778,всесезонная,женский,средний
06.521.02,квадратная,пластик,серебряный,Prada,солнцезащитные,150,46,18,14472,летняя,женский,молодой
06.521.03,круглая,металл,синий,Tom Ford,оптика,150,54,15,48670,всесезонная,женский,пожилой
06.522.02,кошачий_глаз,металл,черный,Valentino,оптика,130,50,14,7632,всесезонная,унисекс,молодой
06.525.01,овальная,титан,белый,Lacoste,оптика,145,46,19,6700,всесезонная,женский,молодой
06.531.01,квадратная,комбинированный,золотой,Gucci,оптика,140,46,20,25626,всесезонная,мужской,молодой
06.532.01,квадратная,металл,синий,Prada,оптика,140,50,18,16114,всесезонная,мужской,средний
06.533.03,круглая,титан,коричневый,Tom Ford,оптика,145,46,17,27348,всесезонная,унисекс,молодой
06.550.01,круглая,металл,серебряный,Polaroid,оптика,145,54,16,7177,всесезонная,мужской,молодой
06.550.02,овальная,комбинированный,коричневый,Prada,оптика,145,50,17,38772,всесезонная,унисекс,средний
06.550.03,овальная,пластик,коричневый,Prada,оптика,130,46,17,22052,всесезонная,унисекс,средний
06.551.02,квадратная,титан,черный,Tom Ford,оптика,135,48,18,32012,всесезонная,женский,средний
06.580.01,прямоугольная,металл,серый,Tom Ford,оптика,150,50,17,29154,всесезонная,женский,пожилой
06.580.02,прямоугольная,пластик,серебряный,Ray-Ban,оптика,135,46,20,5942,всесезонная,унисекс,пожилой
06.621.01,прямоугольная,пластик,серебряный,Tom Ford,оптика,150,48,17,32290,всесезонная,мужской,молодой
06.621.03,овальная,металл,серебряный,Prada,оптика,140,48,19,6106,всесезонная,мужской,средний
06.622.01,квадратная,пластик,белый,Prada,солнцезащитные,135,52,16,12556,летняя,мужской,пожилой
06.622.02,квадратная,комбинированный,серый,Oakley,солнцезащитные,140,54,14,16680,летняя,мужской,молодой
06.622.03,круглая,пластик,серебряный,Ray-Ban,солнцезащитные,140,52,20,15180,летняя,мужской,средний
06.627.01,прямоугольная,титан,синий,Polaroid,оптика,145,48,18,4230,всесезонная,женский,молодой
06.627.02,кошачий_глаз,металл,серый,Lacoste,оптика,150,52,19,21965,всесезонная,мужской,средний
06.627.04,овальная,титан,синий,Tom Ford,оптика,150,54,19,6730,всесезонная,мужской,средний
06.627.05,кошачий_глаз,титан,коричневый,Prada,солнцезащитные,140,52,17,41178,летняя,унисекс,молодой
06.660.01,кошачий_глаз,пластик,серый,Prada,оптика,150,50,16,19246,всесезонная,унисекс,пожилой
06.821.01,квадратная,комбинированный,золотой,Polaroid,солнцезащитные,140,50,18,22212,летняя,унисекс,средний
06.821.03,прямоугольная,титан,серебряный,Oakley,оптика,140,48,14,17334,всесезонная,унисекс,пожилой
06.822.01,овальная,титан,серебряный,Prada,солнцезащитные,150,54,15,29236,летняя,унисекс,молодой
06.822.02,овальная,комбинированный,белый,Polaroid,солнцезащитные,135,54,16,8660,летняя,женский,пожилой
06.822.03,круглая,комбинированный,золотой,Tom Ford,оптика,150,50,18,7300,всесезонная,унисекс,молодой
06.850.02,квадратная,пластик,золотой,Valentino,солнцезащитные,130,50,16,34422,летняя,женский,средний
06.851.01,круглая,титан,синий,Lacoste,оптика,140,54,17,9837,всесезонная,женский,пожилой
06.851.02,квадратная,пластик,белый,Prada,оптика,140,46,20,44576,всесезонная,женский,пожилой
06.852.01,круглая,комбинированный,черный,Ray-Ban,солнцезащитные,150,48,17,12941,летняя,мужской,молодой
06.852.03,прямоугольная,титан,коричневый,Prada,оптика,145,50,17,16324,всесезонная,мужской,средний
06.853.01,кошачий_глаз,металл,коричневый,Polaroid,оптика,135,52,19,21241,всесезонная,мужской,пожилой
06.853.02,прямоугольная,титан,серебряный,Ray-Ban,солнцезащитные,135,46,17,23266,летняя,унисекс,средний
06.853.03,кошачий_глаз,комбинированный,синий,Prada,солнцезащитные,140,54,20,43900,летняя,унисекс,молодой
060-BROWN,кошачий_глаз,пластик,черный,Prada,оптика,130,54,19,43286,всесезонная,мужской,пожилой
060-GOLD,квадратная,металл,белый,Lacoste,оптика,150,50,19,18627,всесезонная,унисекс,средний
061-0579,круглая,пластик,серый,Lacoste,солнцезащитные,145,48,19,5411,летняя,мужской,пожилой
061-NERO,кошачий_глаз,пластик,черный,Ray-Ban,оптика,145,50,19,6970,всесезонная,женский,средний
061V-0541,прямоугольная,металл,золотой,Ray-Ban,солнцезащитные,150,54,17,20033,летняя,женский,средний
062-SEA,круглая,титан,коричневый,Ray-Ban,солнцезащитные,135,50,17,14486,летняя,мужской,средний
062C-С1 BG,круглая,титан,коричневый,Tom Ford,оптика,140,52,17,31546,всесезонная,мужской,пожилой
062C-С2 BG,круглая,металл,синий,Gucci,оптика,135,54,15,45404,всесезонная,женский,средний
063-GOLD,круглая,комбинированный,золотой,Gucci,оптика,130,48,20,7374,всесезонная,унисекс,пожилой
064-MARRONE,квадратная,титан,черный,Lacoste,оптика,145,48,16,10692,всесезонная,женский,средний
065M-С1 BG,прямоугольная,титан,коричневый,Tom Ford,оптика,140,52,20,35072,всесезонная,женский,пожилой
065M-С2 BG,прямоугольная,комбинированный,черный,Valentino,солнцезащитные,150,54,14,28302,летняя,женский,молодой
067-SILVER,квадратная,титан,белый,Prada,солнцезащитные,145,52,20,33800,летняя,женский,молодой
068-BROWN,прямоугольная,металл,коричневый,Prada,солнцезащитные,140,52,16,35642,летняя,женский,средний
068-NERO,кошачий_глаз,пластик,синий,Tom Ford,солнцезащитные,130,50,15,23194,летняя,унисекс,пожилой
070-380,кошачий_глаз,комбинированный,серебряный,Gucci,солнцезащитные,145,46,20,24036,летняя,женский,пожилой
070-BLACK,прямоугольная,комбинированный,синий,Polaroid,солнцезащитные,145,54,18,14001,летняя,унисекс,средний
071C-С1 BG,прямоугольная,металл,черный,Gucci,солнцезащитные,145,46,14,22934,летняя,унисекс,молодой
071C-С3 BG,круглая,комбинированный,серебряный,Tom Ford,оптика,140,48,20,12258,всесезонная,унисекс,молодой
071S-0300,квадратная,металл,синий,Polaroid,оптика,135,48,20,11347,всесезонная,женский,средний
071S-2AM,круглая,металл,коричневый,Polaroid,оптика,135,54,16,9751,всесезонная,женский,средний
072-BLACK,квадратная,титан,серый,Tom Ford,оптика,145,46,17,33756,всесезонная,мужской,пожилой
072-BROWN,прямоугольная,пластик,черный,Lacoste,оптика,130,52,14,13623,всесезонная,мужской,пожилой
072-GUN,овальная,пластик,черный,Ray-Ban,оптика,145,46,18,5786,всесезонная,мужской,молодой
0729-DL5,прямоугольная,металл,серый,Tom Ford,оптика,135,50,16,42148,всесезонная,унисекс,пожилой
073-BROWN,круглая,металл,серебряный,Gucci,оптика,150,48,19,41776,всесезонная,женский,молодой
0737O-012,квадратная,металл,серый,Prada,солнцезащитные,140,50,14,15834,летняя,женский,пожилой
075-BLACK,овальная,комбинированный,золотой,Lacoste,солнцезащитные,140,46,19,15391,летняя,унисекс,средний
075-BROWN,кошачий_глаз,комбинированный,золотой,Valentino,солнцезащитные,145,48,14,25530,летняя,унисекс,средний
075-GUN,квадратная,металл,золотой,Ray-Ban,оптика,145,50,15,6359,всесезонная,унисекс,средний
075-Р480,прямоугольная,металл,белый,Tom Ford,солнцезащитные,135,46,20,34660,летняя,мужской,средний
076-GUN,прямоугольная,комбинированный,синий,Prada,солнцезащитные,150,46,20,28302,летняя,мужской,пожилой
0791O-003,квадратная,пластик,золотой,Tom Ford,солнцезащитные,135,50,16,28482,летняя,женский,пожилой
08-002 01,квадратная,комбинированный,серый,Prada,солнцезащитные,145,46,18,27406,летняя,мужской,пожилой
08-002 05,круглая,титан,золотой,Lacoste,солнцезащитные,145,46,19,21782,летняя,женский,средний
08-009 01,прямоугольная,металл,золотой,Prada,солнцезащитные,150,54,14,32544,летняя,мужской,молодой
08-009 03,прямоугольная,комбинированный,коричневый,Valentino,оптика,130,54,14,6498,всесезонная,мужской,молодой
08-009 05,прямоугольная,комбинированный,синий,Gucci,солнцезащитные,145,50,15,20558,летняя,женский,пожилой
08-010 01,овальная,титан,белый,Tom Ford,солнцезащитные,135,46,17,25756,летняя,женский,пожилой
08-010 03,кошачий_глаз,пластик,серебряный,Polaroid,оптика,150,54,16,23671,всесезонная,женский,средний
08-010 05,овальная,титан,белый,Polaroid,оптика,130,52,16,19968,всесезонная,мужской,пожилой
081-0700,круглая,металл,серый,Ray-Ban,солнцезащитные,150,54,19,7939,летняя,мужской,средний
081-09YL,круглая,металл,синий,Lacoste,оптика,135,52,14,23190,всесезонная,женский,пожилой
081-SILVER,квадратная,металл,черный,Tom Ford,солнцезащитные,135,48,18,26700,летняя,унисекс,молодой
0823-EL088,кошачий_глаз,титан,коричневый,Oakley,солнцезащитные,130,46,19,13850,летняя,мужской,молодой
082M-0700,кошачий_глаз,пластик,серый,Oakley,оптика,150,54,16,16136,всесезонная,женский,молодой
082M-0703,овальная,титан,коричневый,Polaroid,оптика,150,48,14,4015,всесезонная,унисекс,молодой
083-BROWN,круглая,титан,коричневый,Valentino,солнцезащитные,140,48,15,28536,летняя,женский,молодой
083-NERO,прямоугольная,комбинированный,синий,Oakley,солнцезащитные,140,50,20,17719,летняя,унисекс,молодой
083-SILVER,прямоугольная,комбинированный,белый,Prada,оптика,145,54,18,42646,всесезонная,женский,пожилой
086-0568,овальная,титан,золотой,Valentino,оптика,150,48,19,16368,всесезонная,женский,пожилой
0877-1,овальная,титан,золотой,Oakley,оптика,145,54,15,6907,всесезонная,женский,средний
0877-2,овальная,комбинированный,черный,Prada,оптика,150,48,20,40282,всесезонная,унисекс,пожилой
0890O-003,овальная,пластик,белый,Polaroid,солнцезащитные,135,48,18,10119,летняя,женский,молодой
092-BROWN,овальная,пластик,серебряный,Ray-Ban,оптика,150,48,18,14873,всесезонная,мужской,молодой
092-GOLD,круглая,пластик,синий,Oakley,оптика,135,46,18,11479,всесезонная,мужской,средний
0934OA-006,овальная,пластик,серый,Tom Ford,солнцезащитные,140,46,17,13924,летняя,унисекс,молодой
0958O-006,овальная,пластик,черный,Prada,оптика,145,50,18,38520,всесезонная,унисекс,средний
096-GREY,квадратная,пластик,черный,Gucci,оптика,140,46,14,10246,всесезонная,унисекс,средний
0963O-005,кошачий_глаз,комбинированный,золотой,Polaroid,оптика,130,52,15,22630,всесезонная,женский,пожилой
098-BORDO,круглая,металл,коричневый,Valentino,оптика,135,46,14,7434,всесезонная,мужской,пожилой
098-SEA,круглая,комбинированный,серый,Tom Ford,солнцезащитные,140,54,18,21810,летняя,мужской,молодой
0A03138-003,круглая,титан,черный,Lacoste,оптика,135,48,19,23176,всесезонная,унисекс,пожилой
0AX1015-6070,овальная,металл,серый,Gucci,солнцезащитные,135,46,17,41874,летняя,унисекс,пожилой
0AX1046-6001,прямоугольная,титан,серебряный,Tom Ford,оптика,145,48,15,10690,всесезонная,унисекс,пожилой
0AX3077-8212,прямоугольная,титан,серебряный,Lacoste,оптика,140,46,20,17407,всесезонная,женский,молодой
0AX3079-8181,круглая,титан,золотой,Ray-Ban,солнцезащитные,145,54,20,8956,летняя,женский,средний
0AX3079-8274,кошачий_глаз,титан,золотой,Tom Ford,оптика,150,54,18,40706,всесезонная,унисекс,пожилой
0AX3083U-8274,прямоугольная,комбинированный,серебряный,Lacoste,солнцезащитные,135,54,18,15205,летняя,унисекс,пожилой
0DG1304-04,квадратная,пластик,синий,Polaroid,солнцезащитные,145,48,19,16971,летняя,мужской,молодой
0DG1336-1106,овальная,комбинированный,белый,Ray-Ban,солнцезащитные,150,50,19,19428,летняя,мужской,молодой
0DG5057-501,прямоугольная,комбинированный,золотой,Oakley,солнцезащитные,130,50,16,3691,летняя,мужской,средний
0EA1106-3092,квадратная,титан,черный,Lacoste,солнцезащитные,145,48,15,6406,летняя,женский,пожилой
0EA1117-3001,круглая,титан,серебряный,Prada,солнцезащитные,145,48,18,13496,летняя,мужской,молодой
0EA1121-3010,прямоугольная,комбинированный,белый,Lacoste,солнцезащитные,140,46,18,13374,летняя,женский,пожилой
0EA1121-3014,круглая,комбинированный,золотой,Lacoste,оптика,135,48,15,3287,всесезонная,женский,средний
0EA1124-3001,овальная,титан,черный,Polaroid,оптика,140,54,17,20310,всесезонная,унисекс,средний
0EA3098-5842,квадратная,металл,серый,Valentino,оптика,145,46,20,11308,всесезонная,женский,средний
0EA3159-5751,прямоугольная,комбинированный,белый,Valentino,оптика,140,48,16,38262,всесезонная,унисекс,молодой
0EA3183-5081,круглая,комбинированный,черный,Ray-Ban,оптика,135,46,15,19578,всесезонная,мужской,средний
0EA3185-5875,квадратная,титан,серебряный,Oakley,солнцезащитные,135,52,15,6867,летняя,женский,молодой
0EA3187-5058,кошачий_глаз,пластик,серебряный,Gucci,солнцезащитные,130,52,15,23490,летняя,унисекс,пожилой
0EA3187-5088,круглая,металл,белый,Tom Ford,оптика,145,46,17,26802,всесезонная,мужской,молодой
0MK4082-3099,круглая,титан,золотой,Tom Ford,солнцезащитные,145,48,14,27488,летняя,унисекс,средний
0MK4087B-3500,круглая,металл,синий,Valentino,оптика,145,54,17,16394,всесезонная,женский,пожилой
0OV5036-1704,кошачий_глаз,пластик,коричневый,Polaroid,солнцезащитные,135,48,17,23361,летняя,мужской,средний
0OX8052-805202,кошачий_глаз,титан,черный,Polaroid,солнцезащитные,130,54,17,16731,летняя,мужской,средний
0OX8153-815301,овальная,титан,серый,Lacoste,оптика,150,52,18,11044,всесезонная,унисекс,средний
0PR 05XV-5121O1,прямоугольная,титан,черный,Lacoste,оптика,150,54,20,23173,всесезонная,мужской,пожилой
0PR 06ZV-11F1O1,прямоугольная,пластик,серебряный,Gucci,солнцезащитные,150,50,17,19276,летняя,унисекс,пожилой
0PR 06ZV-1AB1O1,квадратная,металл,синий,Lacoste,солнцезащитные,140,46,17,15330,летняя,унисекс,средний
0PR 08WV-07W1O1,кошачий_глаз,комбинированный,золотой,Oakley,солнцезащитные,140,54,14,7054,летняя,женский,средний
0PR 09XV-1AB1O1,круглая,металл,серебряный,Gucci,оптика,145,50,14,21548,всесезонная,унисекс,молодой
0PR 09YV-19S1O1,овальная,комбинированный,синий,Ray-Ban,солнцезащитные,140,54,19,17166,летняя,мужской,пожилой
0PR 10VV-1AB1O1,квадратная,комбинированный,белый,Oakley,солнцезащитные,150,46,14,4986,летняя,мужской,молодой
0PR 10YV-1AB1O1,кошачий_глаз,титан,серый,Oakley,солнцезащитные,130,50,17,7103,летняя,унисекс,молодой
0PR 10YV-21B1O1,прямоугольная,металл,золотой,Ray-Ban,оптика,130,52,16,10371,всесезонная,мужской,пожилой
0PR 15WV-1AB1O1,овальная,металл,серебряный,Prada,солнцезащитные,145,46,19,19656,летняя,унисекс,молодой
0PR 16AV-14P1O1,овальная,титан,золотой,Oakley,оптика,135,48,16,24546,всесезонная,мужской,пожилой
0PR 18AV-17N1O1,квадратная,титан,серый,Polaroid,оптика,140,52,20,3923,всесезонная,унисекс,пожилой
0PR 18WV-1AB1O1,круглая,комбинированный,серый,Prada,солнцезащитные,135,50,16,27810,летняя,мужской,средний
0PR 50AV-ZVN1O1,круглая,титан,черный,Oakley,солнцезащитные,140,50,17,16680,летняя,мужской,пожилой
0PR 52XV-ACD1O1,кошачий_глаз,титан,черный,Lacoste,солнцезащитные,145,48,19,23746,летняя,мужской,пожилой
0PR 56WV-09R1O1,кошачий_глаз,титан,черный,Polaroid,оптика,150,46,18,24924,всесезонная,мужской,средний
0PR 56WV-AAV1O1,прямоугольная,комбинированный,черный,Ray-Ban,оптика,135,50,17,18989,всесезонная,мужской,молодой
0PR 57AV-5AK1O1,круглая,титан,серый,Polaroid,оптика,130,48,14,11982,всесезонная,мужской,молодой
0PR 57AV-ZVF1O1,овальная,пластик,золотой,Gucci,оптика,130,50,19,37046,всесезонная,мужской,молодой
0PR 59YV-06I1O1,квадратная,комбинированный,коричневый,Lacoste,оптика,135,50,20,17327,всесезонная,женский,средний
0PR 59YV-AAV1O1,квадратная,пластик,синий,Valentino,солнцезащитные,130,48,14,28700,летняя,женский,средний
0PR 59YV-SVF1O1,кошачий_глаз,пластик,коричневый,Gucci,солнцезащитные,140,52,14,6780,летняя,женский,молодой
0PR 62XV-07B1O1,квадратная,титан,серый,Valentino,солнцезащитные,135,52,14,9078,летняя,унисекс,средний
0PS 01OV-08W1O1,кошачий_глаз,титан,серый,Gucci,солнцезащитные,145,48,17,14772,летняя,унисекс,пожилой
0PS 01OV-UFK1O1,прямоугольная,титан,серебряный,Tom Ford,оптика,140,50,16,38034,всесезонная,унисекс,молодой
0PS 04IV-2AZ1O1,круглая,титан,синий,Lacoste,оптика,130,52,19,7399,всесезонная,мужской,средний
0PS 04PV-U631O1,прямоугольная,пластик,золотой,Valentino,оптика,135,48,18,43078,всесезонная,унисекс,пожилой
0PS 50GV-1AB1O1,круглая,пластик,синий,Gucci,оптика,135,54,19,27244,всесезонная,мужской,средний
0PS 50PV-17G1O1,кошачий_глаз,пластик,черный,Polaroid,оптика,135,46,15,15177,всесезонная,женский,средний
0PS 50PV-YDC1O1,квадратная,пластик,серебряный,Prada,солнцезащитные,145,54,14,45756,летняя,унисекс,средний
0PS 55OV-DG01O1,прямоугольная,комбинированный,серебряный,Lacoste,оптика,145,48,16,16057,всесезонная,унисекс,пожилой
0RX1971V-3104,кошачий_глаз,пластик,черный,Ray-Ban,солнцезащитные,145,50,20,3421,летняя,мужской,пожилой
0RX1972V-3106,прямоугольная,металл,белый,Prada,солнцезащитные,150,48,17,32018,летняя,унисекс,средний
0RX2447V-2000,овальная,титан,синий,Gucci,солнцезащитные,145,52,16,28696,летняя,унисекс,молодой
0RX3447V-2500,кошачий_глаз,комбинированный,серебряный,Valentino,оптика,135,54,16,15048,всесезонная,мужской,пожилой
0RX3447V-2503,кошачий_глаз,комбинированный,синий,Valentino,оптика,140,50,15,46476,всесезонная,женский,пожилой
0RX3447V-2620,кошачий_глаз,металл,серый,Oakley,оптика,140,48,17,8515,всесезонная,унисекс,пожилой
0RX3447V-2991,кошачий_глаз,комбинированный,черный,Prada,оптика,145,54,18,39880,всесезонная,женский,пожилой
0RX3547V-2500,квадратная,пластик,черный,Lacoste,оптика,150,52,14,23705,всесезонная,мужской,пожилой
0RX3547V-2502,квадратная,металл,белый,Oakley,солнцезащитные,145,46,14,8831,летняя,мужской,средний
0RX3578V-2904,овальная,пластик,синий,Oakley,солнцезащитные,150,50,14,5936,летняя,мужской,средний
0RX3625V-2509,круглая,комбинированный,золотой,Prada,оптика,130,52,16,42406,всесезонная,унисекс,пожилой
0RX3691V-2502,прямоугольная,титан,черный,Tom Ford,оптика,145,46,15,36654,всесезонная,унисекс,средний
0RX3691V-3122,кошачий_глаз,металл,серебряный,Oakley,солнцезащитные,130,52,19,17287,летняя,мужской,пожилой
0RX3946V-8049,кошачий_глаз,пластик,синий,Valentino,солнцезащитные,145,54,15,46850,летняя,унисекс,молодой
0RX3947V-2509,овальная,комбинированный,серебряный,Prada,оптика,135,54,17,49300,всесезонная,женский,молодой
0RX4340V-2000,овальная,пластик,золотой,Prada,оптика,145,52,17,28252,всесезонная,унисекс,молодой
0RX4362V-2034,прямоугольная,металл,коричневый,Ray-Ban,оптика,130,54,15,22322,всесезонная,унисекс,средний
0RX5154-2000,кошачий_глаз,пластик,синий,Prada,оптика,145,52,16,41150,всесезонная,женский,средний
0RX5154-2001,кошачий_глаз,пластик,серебряный,Ray-Ban,солнцезащитные,130,46,14,12654,летняя,мужской,пожилой
0RX5154-2372,кошачий_глаз,комбинированный,белый,Tom Ford,оптика,130,54,14,38468,всесезонная,унисекс,пожилой
0RX5154-5762,круглая,титан,серый,Polaroid,оптика,140,48,20,5987,всесезонная,мужской,пожилой
0RX5228-2000,кошачий_глаз,металл,синий,Prada,солнцезащитные,150,48,18,14680,летняя,женский,молодой
0RX5268-5119,кошачий_глаз,титан,черный,Ray-Ban,оптика,145,46,15,17436,всесезонная,женский,средний
0RX5377-2000,овальная,металл,серебряный,Gucci,солнцезащитные,150,50,19,10362,летняя,мужской,пожилой
0RX5377-5911,квадратная,титан,серый,Polaroid,оптика,135,46,17,4378,всесезонная,женский,молодой
0RX5382-5910,прямоугольная,металл,серебряный,Oakley,оптика,130,52,19,21432,всесезонная,унисекс,средний
0RX5388-8055,овальная,комбинированный,серый,Tom Ford,оптика,130,50,14,6440,всесезонная,женский,средний
0RX5390-8053,прямоугольная,титан,синий,Gucci,оптика,135,48,14,42510,всесезонная,женский,молодой
0RX5391-2144,квадратная,титан,серый,Polaroid,солнцезащитные,135,48,19,8753,летняя,женский,средний
0RX5391-5082,квадратная,комбинированный,синий,Tom Ford,солнцезащитные,145,46,18,14952,летняя,женский,средний
0RX5395-8050,овальная,металл,золотой,Gucci,солнцезащитные,150,54,17,39310,летняя,унисекс,средний
0RX5395-8055,кошачий_глаз,титан,белый,Valentino,оптика,150,48,18,13352,всесезонная,унисекс,молодой
0RX5397-2000,квадратная,пластик,серебряный,Prada,солнцезащитные,140,50,18,37710,летняя,женский,средний
0RX5397-8255,кошачий_глаз,титан,серебряный,Ray-Ban,оптика,135,52,14,23855,всесезонная,унисекс,средний
0RX5487-2000,кошачий_глаз,комбинированный,серебряный,Tom Ford,солнцезащитные,135,50,18,39910,летняя,унисекс,пожилой
0RX5487-8053,прямоугольная,титан,синий,Lacoste,оптика,130,54,15,10601,всесезонная,женский,молодой
0RX6275-2502,круглая,комбинированный,коричневый,Lacoste,солнцезащитные,140,48,16,3731,летняя,мужской,пожилой
0RX6275-2503,овальная,титан,серый,Ray-Ban,солнцезащитные,130,52,20,8074,летняя,женский,пожилой
0RX6335-2503,квадратная,комбинированный,коричневый,Lacoste,оптика,145,50,14,17605,всесезонная,женский,пожилой
0RX6355-2503,круглая,титан,золотой,Tom Ford,солнцезащитные,140,48,14,46078,летняя,унисекс,молодой
0RX6363-2553,круглая,титан,черный,Lacoste,оптика,135,54,19,18881,всесезонная,женский,пожилой
0RX6363-2861,овальная,пластик,синий,Oakley,оптика,140,48,17,18511,всесезонная,унисекс,пожилой
0RX6363-2890,овальная,пластик,серебряный,Polaroid,солнцезащитные,140,50,17,9221,летняя,мужской,пожилой
0RX6363-2904,кошачий_глаз,комбинированный,коричневый,Gucci,оптика,145,50,16,13936,всесезонная,унисекс,средний
0RX6363-2947,квадратная,комбинированный,коричневый,Tom Ford,оптика,145,46,16,43428,всесезонная,унисекс,средний
0RX6363-3018,прямоугольная,металл,черный,Gucci,оптика,140,46,16,23762,всесезонная,женский,пожилой
0RX6375-2861,овальная,титан,коричневый,Lacoste,солнцезащитные,150,54,20,8565,летняя,унисекс,молодой
0RX6375-2890,круглая,пластик,коричневый,Tom Ford,солнцезащитные,135,50,20,29782,летняя,мужской,пожилой
0RX6375-2944,кошачий_глаз,металл,белый,Lacoste,солнцезащитные,150,52,14,23866,летняя,женский,молодой
0RX6378-2974,прямоугольная,пластик,черный,Oakley,солнцезащитные,150,48,15,7174,летняя,мужской,пожилой
0RX6421-3004,кошачий_глаз,металл,коричневый,Lacoste,оптика,140,48,14,23382,всесезонная,женский,средний
0RX6428-2997,кошачий_глаз,титан,серебряный,Tom Ford,оптика,150,54,19,28714,всесезонная,унисекс,молодой
0RX6448-2501,квадратная,комбинированный,черный,Valentino,солнцезащитные,135,48,17,44130,летняя,женский,пожилой
0RX6448-2502,квадратная,комбинированный,черный,Oakley,солнцезащитные,150,54,17,18749,летняя,унисекс,молодой
0RX6449-2509,круглая,металл,белый,Tom Ford,оптика,130,50,17,19704,всесезонная,мужской,средний
0RX6449-3079,овальная,пластик,черный,Valentino,солнцезащитные,135,46,20,30888,летняя,женский,молодой
0RX6449-3115,кошачий_глаз,пластик,серый,Ray-Ban,солнцезащитные,140,50,14,14523,летняя,мужской,молодой
0RX6454-2501,круглая,комбинированный,белый,Ray-Ban,оптика,135,46,18,10867,всесезонная,мужской,средний
0RX6465-2501,овальная,комбинированный,серебряный,Gucci,оптика,135,46,20,6456,всесезонная,мужской,пожилой
0RX6465-2943,круглая,пластик,золотой,Prada,солнцезащитные,140,48,15,11618,летняя,унисекс,средний
0RX6465-3086,прямоугольная,пластик,черный,Valentino,солнцезащитные,145,48,16,39152,летняя,женский,молодой
0RX6465-3136,овальная,комбинированный,золотой,Oakley,солнцезащитные,135,50,16,21952,летняя,мужской,пожилой
0RX6478-2500,квадратная,металл,синий,Tom Ford,солнцезащитные,140,46,20,36848,летняя,унисекс,средний
0RX6485-2502,овальная,титан,коричневый,Polaroid,солнцезащитные,150,50,14,22989,летняя,мужской,средний
0RX6486-2861,круглая,комбинированный,белый,Lacoste,оптика,130,46,20,5159,всесезонная,мужской,средний
0RX6486-3124,овальная,металл,золотой,Tom Ford,оптика,135,50,15,9820,всесезонная,женский,молодой
0RX6486-3125,кошачий_глаз,металл,серый,Polaroid,солнцезащитные,130,50,18,5757,летняя,женский,пожилой
0RX6489-2500,прямоугольная,металл,золотой,Oakley,оптика,135,50,14,5895,всесезонная,женский,пожилой
0RX6489-3136,кошачий_глаз,комбинированный,золотой,Lacoste,оптика,135,54,17,7011,всесезонная,мужской,средний
0RX6507-M-F002,овальная,пластик,белый,Lacoste,солнцезащитные,135,54,14,24087,летняя,женский,средний
0RX6507-M-F084,прямоугольная,металл,коричневый,Tom Ford,солнцезащитные,150,48,19,28224,летняя,унисекс,средний
0RX7034-5439,круглая,металл,синий,Polaroid,солнцезащитные,145,50,15,14360,летняя,женский,пожилой
0RX7046-5365,квадратная,металл,серебряный,Polaroid,солнцезащитные,135,48,14,8338,летняя,унисекс,средний
0RX7047-2000,кошачий_глаз,пластик,серый,Tom Ford,оптика,140,54,15,41482,всесезонная,женский,молодой
0RX7047-2475,круглая,титан,синий,Lacoste,оптика,135,50,20,13754,всесезонная,женский,молодой
0RX7047-5196,круглая,комбинированный,белый,Oakley,оптика,135,52,18,20587,всесезонная,мужской,молодой
0RX7047-5768,круглая,комбинированный,золотой,Valentino,оптика,130,50,17,33004,всесезонная,женский,средний
0RX7047-8100,круглая,комбинированный,золотой,Valentino,оптика,135,54,20,41698,всесезонная,женский,пожилой
0RX7056-2000,круглая,металл,серый,Oakley,солнцезащитные,135,46,18,18871,летняя,унисекс,молодой
0RX7056-5814,квадратная,металл,серебряный,Gucci,солнцезащитные,130,48,14,39454,летняя,мужской,молодой
0RX7214-2012,круглая,титан,коричневый,Gucci,солнцезащитные,135,50,18,47192,летняя,женский,средний
0RX7218-8260,круглая,металл,черный,Polaroid,оптика,135,48,17,3151,всесезонная,женский,молодой
0RX7222-M-F602,квадратная,металл,синий,Gucci,солнцезащитные,145,48,16,43008,летняя,унисекс,пожилой
0RX7222-M-F624,овальная,комбинированный,золотой,Gucci,солнцезащитные,150,50,15,28936,летняя,мужской,молодой
0RX7222-M-F682,прямоугольная,металл,белый,Valentino,солнцезащитные,150,50,15,21706,летняя,женский,средний
0RX8148V-1222,квадратная,титан,синий,Gucci,оптика,140,50,14,35846,всесезонная,унисекс,средний
0RX8411-2509,прямоугольная,металл,коричневый,Tom Ford,оптика,145,54,19,49622,всесезонная,мужской,молодой
0RX8416-2503,круглая,титан,серебряный,Gucci,оптика,145,52,20,43790,всесезонная,женский,средний
0RX8416-2916,квадратная,пластик,черный,Valentino,оптика,150,52,20,14370,всесезонная,унисекс,молодой
0RX8901-5263,прямоугольная,пластик,черный,Prada,солнцезащитные,145,48,17,9074,летняя,женский,молодой
0RY9541V-4061,круглая,титан,белый,Tom Ford,солнцезащитные,150,52,17,11882,летняя,мужской,средний
0SF1548-562,квадратная,пластик,золотой,Lacoste,оптика,135,52,17,22660,всесезонная,унисекс,средний
0SF1548-635,круглая,титан,золотой,Lacoste,оптика,140,48,17,18627,всесезонная,женский,средний
0SF1556-555,прямоугольная,пластик,белый,Polaroid,солнцезащитные,145,52,16,24695,летняя,мужской,средний
0SF1557B-585,овальная,пластик,золотой,Prada,оптика,140,54,16,22334,всесезонная,женский,пожилой
0SF1557B-635,овальная,пластик,серебряный,Polaroid,оптика,150,54,14,9666,всесезонная,унисекс,пожилой
0SF1557B-C555,кошачий_глаз,титан,серебряный,Oakley,оптика,130,50,19,16465,всесезонная,мужской,молодой
0SF1568-1001,круглая,титан,коричневый,Lacoste,оптика,145,48,14,14789,всесезонная,мужской,средний
0SF2086-268,овальная,металл,золотой,Gucci,оптика,145,48,18,28394,всесезонная,мужской,средний
0SF2197-231,прямоугольная,пластик,серебряный,Oakley,оптика,140,48,17,10288,всесезонная,женский,средний
0SF2249-268,овальная,комбинированный,синий,Oakley,солнцезащитные,130,52,14,7732,летняя,мужской,средний
0SF2261-136,прямоугольная,пластик,серебряный,Ray-Ban,оптика,145,52,18,14572,всесезонная,мужской,молодой
0SF2261-268,круглая,металл,коричневый,Tom Ford,солнцезащитные,150,52,15,33498,летняя,мужской,пожилой
0SF2263-131,квадратная,металл,белый,Tom Ford,солнцезащитные,150,52,19,19996,летняя,мужской,пожилой
0SF2263-268,квадратная,комбинированный,белый,Valentino,солнцезащитные,140,48,18,21114,летняя,мужской,молодой
0SF2263-S711,квадратная,комбинированный,белый,Oakley,оптика,145,46,17,13278,всесезонная,мужской,пожилой
0SF2265-136,прямоугольная,пластик,белый,Oakley,солнцезащитные,135,46,16,20400,летняя,унисекс,средний
0SF2265-268,кошачий_глаз,комбинированный,синий,Ray-Ban,оптика,130,54,15,19615,всесезонная,мужской,пожилой
0SF2267-136,овальная,пластик,серебряный,Polaroid,оптика,135,54,19,23258,всесезонная,женский,средний
0SF2267-268,овальная,пластик,белый,Ray-Ban,оптика,135,52,14,11368,всесезонная,унисекс,молодой
0SF2270-136,круглая,комбинированный,белый,Gucci,солнцезащитные,150,50,15,38390,летняя,унисекс,пожилой
0SF2270-268,прямоугольная,титан,белый,Tom Ford,солнцезащитные,150,46,15,11760,летняя,женский,молодой
0SF2271-268,овальная,металл,серый,Oakley,солнцезащитные,135,50,15,18372,летняя,мужской,пожилой
0SF2271-526,прямоугольная,пластик,серебряный,Valentino,солнцезащитные,150,52,15,41030,летняя,унисекс,молодой
0SF2273-136,прямоугольная,титан,синий,Valentino,оптика,145,46,20,45086,всесезонная,женский,молодой
0SF2273-231,прямоугольная,металл,черный,Prada,оптика,150,48,20,29186,всесезонная,мужской,пожилой
0SF2273-268,прямоугольная,металл,коричневый,Tom Ford,оптика,130,52,16,29236,всесезонная,мужской,молодой
0SF2275-104,кошачий_глаз,металл,серый,Lacoste,оптика,150,50,19,24740,всесезонная,женский,пожилой
0SF2275-268,кошачий_глаз,пластик,черный,Tom Ford,солнцезащитные,145,52,15,18958,летняя,женский,молодой
0SF2275-355,кошачий_глаз,пластик,золотой,Gucci,солнцезащитные,145,50,18,27526,летняя,мужской,средний
0SF2288-132,кошачий_глаз,титан,белый,Polaroid,солнцезащитные,140,48,19,22049,летняя,женский,молодой
0SF2289-231,кошачий_глаз,титан,серый,Tom Ford,оптика,135,50,14,36928,всесезонная,унисекс,средний
0SF2289-525,овальная,пластик,серый,Polaroid,оптика,135,52,19,11412,всесезонная,унисекс,средний
0SF2296-441,прямоугольная,пластик,золотой,Tom Ford,солнцезащитные,150,50,14,20896,летняя,женский,молодой
0SF2296-526,квадратная,комбинированный,белый,Prada,солнцезащитные,130,52,18,14004,летняя,женский,пожилой
0SF2297-268,прямоугольная,титан,серебряный,Valentino,оптика,135,48,14,12814,всесезонная,унисекс,средний
0SF2297-460,овальная,титан,серый,Tom Ford,оптика,135,48,14,39268,всесезонная,мужской,средний
0SF2553-299,овальная,металл,золотой,Oakley,оптика,135,46,20,11624,всесезонная,мужской,пожилой
0SF2570-488,овальная,комбинированный,белый,Lacoste,оптика,130,52,15,14630,всесезонная,женский,пожилой
0SF2570-490,прямоугольная,пластик,золотой,Lacoste,оптика,140,46,19,10619,всесезонная,мужской,молодой
0SF2570-491,квадратная,титан,синий,Lacoste,солнцезащитные,150,52,20,8755,летняя,унисекс,средний
0SF2570-526,прямоугольная,комбинированный,синий,Oakley,оптика,145,54,18,15212,всесезонная,унисекс,молодой
0SF2572-488,овальная,пластик,серебряный,Polaroid,солнцезащитные,135,52,17,7428,летняя,унисекс,молодой
0SF2573-472,кошачий_глаз,титан,серый,Lacoste,солнцезащитные,135,48,18,9571,летняя,унисекс,средний
0SF2573-490,кошачий_глаз,пластик,белый,Valentino,солнцезащитные,135,50,17,30472,летняя,унисекс,молодой
0SF2573-497,кошачий_глаз,пластик,серебряный,Gucci,солнцезащитные,130,46,14,40528,летняя,женский,средний
0SF2579-497,прямоугольная,металл,коричневый,Oakley,оптика,140,50,17,5526,всесезонная,мужской,молодой
0SF2579-509,квадратная,пластик,серебряный,Oakley,оптика,140,46,17,8111,всесезонная,мужской,средний
0SF2580B-108,круглая,комбинированный,серебряный,Oakley,оптика,145,52,17,24376,всесезонная,мужской,средний
0SF2580B-489,кошачий_глаз,пластик,синий,Ray-Ban,оптика,130,54,16,14780,всесезонная,женский,молодой
0SF2580B-513,кошачий_глаз,комбинированный,черный,Prada,оптика,140,46,20,45762,всесезонная,женский,средний
0SF2581-476,прямоугольная,титан,серебряный,Lacoste,оптика,135,54,20,9099,всесезонная,унисекс,средний
0SF2584-267,квадратная,металл,серебряный,Polaroid,оптика,135,50,16,8616,всесезонная,унисекс,средний
0SF2584-511,прямоугольная,металл,черный,Valentino,оптика,140,48,20,39396,всесезонная,мужской,пожилой
0SF2588-267,кошачий_глаз,пластик,серый,Polaroid,оптика,130,52,18,24969,всесезонная,мужской,молодой
0SF2588-377,прямоугольная,титан,серебряный,Oakley,оптика,130,52,16,19587,всесезонная,мужской,молодой
0SF2589-103,овальная,титан,белый,Valentino,солнцезащитные,130,50,16,49120,летняя,унисекс,молодой
0SF2589-267,прямоугольная,титан,золотой,Lacoste,оптика,150,50,19,17606,всесезонная,унисекс,пожилой
0SF2589-299,кошачий_глаз,металл,серебряный,Ray-Ban,оптика,130,48,20,6392,всесезонная,унисекс,пожилой
0SF2591-494,прямоугольная,пластик,белый,Oakley,солнцезащитные,140,52,15,15390,летняя,унисекс,пожилой
0SF2597B-267,круглая,комбинированный,золотой,Polaroid,оптика,135,52,19,4502,всесезонная,унисекс,пожилой
0SF2602-490,овальная,комбинированный,белый,Prada,оптика,150,52,19,20734,всесезонная,унисекс,молодой
0SF9005-3001,овальная,пластик,коричневый,Ray-Ban,солнцезащитные,145,54,19,21625,летняя,унисекс,пожилой
0SF9005-3003,квадратная,комбинированный,золотой,Gucci,солнцезащитные,135,54,17,34672,летняя,мужской,средний
0SH2024-0002,круглая,пластик,белый,Ray-Ban,солнцезащитные,145,48,14,24387,летняя,унисекс,средний
0SH2064-0001,прямоугольная,комбинированный,синий,Lacoste,оптика,135,48,19,9130,всесезонная,женский,средний
0SH3070-0007,прямоугольная,комбинированный,коричневый,Oakley,оптика,135,54,15,11609,всесезонная,унисекс,пожилой
0SH9901-0053,овальная,металл,золотой,Oakley,солнцезащитные,150,46,20,14826,летняя,женский,средний
0TF1142-6001,квадратная,титан,коричневый,Valentino,солнцезащитные,140,54,15,20796,летняя,женский,пожилой
0TF1157-B-6021,прямоугольная,титан,серый,Prada,оптика,140,50,17,27550,всесезонная,женский,молодой
0TF2217-8055,овальная,комбинированный,золотой,Tom Ford,солнцезащитные,130,54,17,23002,летняя,мужской,средний
0TF2244-8015,прямоугольная,титан,черный,Prada,оптика,140,46,14,17808,всесезонная,мужской,молодой
0TF2245-8002,прямоугольная,титан,серый,Ray-Ban,оптика,140,48,19,11257,всесезонная,унисекс,пожилой
0VE1274-1351,прямоугольная,пластик,золотой,Prada,оптика,150,52,20,22836,всесезонная,унисекс,молодой
0VE1284-1490,кошачий_глаз,титан,серебряный,Gucci,оптика,135,46,14,27864,всесезонная,мужской,молодой
0VE3257-5125,кошачий_глаз,пластик,серый,Prada,оптика,150,48,15,46686,всесезонная,мужской,пожилой
0VE3280B-GB1,кошачий_глаз,комбинированный,серебряный,Lacoste,солнцезащитные,135,46,20,10754,летняя,женский,средний
0VE3292-108,прямоугольная,комбинированный,синий,Tom Ford,солнцезащитные,130,54,16,38560,летняя,мужской,молодой
0VE3299B-GB1,круглая,титан,коричневый,Prada,оптика,145,46,20,48458,всесезонная,женский,молодой
0VE3307-GB1,круглая,комбинированный,серебряный,Polaroid,солнцезащитные,135,54,18,8408,летняя,мужской,пожилой
0VE3311-108,круглая,комбинированный,золотой,Tom Ford,оптика,135,46,19,27778,всесезонная,мужской,пожилой
0VE3326-U-5380,кошачий_глаз,металл,серый,Ray-Ban,солнцезащитные,150,52,18,17849,летняя,унисекс,молодой
0VE3331-U-5382,круглая,металл,серый,Tom Ford,солнцезащитные,135,48,20,13866,летняя,женский,пожилой
0VE3331-U-GB1,прямоугольная,пластик,серебряный,Polaroid,солнцезащитные,135,50,14,23950,летняя,женский,средний
0VK3004-108,прямоугольная,пластик,серый,Valentino,оптика,150,52,16,43220,всесезонная,женский,средний
0VO2907-2257,кошачий_глаз,комбинированный,синий,Prada,солнцезащитные,135,50,17,28464,летняя,унисекс,пожилой
0VO2998-2762,овальная,комбинированный,синий,Prada,солнцезащитные,145,46,14,34032,летняя,унисекс,средний
0VO4067-997,овальная,пластик,белый,Prada,солнцезащитные,145,54,15,27884,летняя,женский,молодой
0VO4108-5078,кошачий_глаз,комбинированный,белый,Valentino,солнцезащитные,135,52,17,8422,летняя,мужской,молодой
0VO4166-548,квадратная,комбинированный,белый,Lacoste,оптика,150,48,18,18173,всесезонная,женский,молодой
0VO4167-5123,прямоугольная,пластик,серебряный,Oakley,солнцезащитные,140,46,18,5302,летняя,унисекс,пожилой
0VO4176-5078,овальная,металл,белый,Polaroid,оптика,140,48,15,12079,всесезонная,мужской,пожилой
0VO4176-5130,овальная,титан,черный,Oakley,солнцезащитные,150,54,16,8336,летняя,мужской,пожилой
0VO4196-323,круглая,пластик,синий,Tom Ford,оптика,135,46,18,10622,всесезонная,женский,пожилой
0VO4196-352,прямоугольная,титан,серебряный,Valentino,солнцезащитные,150,46,18,47962,летняя,мужской,средний
0VO4213-280,квадратная,металл,черный,Oakley,оптика,130,50,18,23852,всесезонная,мужской,молодой
0VO4229-280,прямоугольная,титан,синий,Gucci,оптика,150,54,15,18116,всесезонная,унисекс,средний
0VO4239-352,круглая,пластик,белый,Gucci,солнцезащитные,130,46,18,39332,летняя,унисекс,молодой
0VO5226-2386,прямоугольная,металл,коричневый,Valentino,оптика,150,50,19,29378,всесезонная,женский,средний
0VO5273-2728,круглая,титан,коричневый,Polaroid,солнцезащитные,150,52,20,16393,летняя,женский,молодой
0VO5336-2386,кошачий_глаз,титан,серебряный,Prada,оптика,130,50,19,18032,всесезонная,унисекс,пожилой
0VO5356-2863,прямоугольная,металл,белый,Oakley,солнцезащитные,150,46,20,16247,летняя,мужской,пожилой
0VO5371-W656,овальная,металл,серый,Ray-Ban,солнцезащитные,130,48,16,4507,летняя,женский,пожилой
0VO5381B-2929,овальная,металл,серый,Prada,солнцезащитные,150,48,16,41974,летняя,мужской,средний
0VO5383B-W44,круглая,комбинированный,синий,Gucci,оптика,140,50,17,28482,всесезонная,унисекс,молодой
0VO5387-2798,круглая,металл,синий,Gucci,солнцезащитные,145,52,15,39118,летняя,женский,молодой
0VO5387-W44,овальная,титан,коричневый,Ray-Ban,оптика,145,46,20,9199,всесезонная,женский,средний
0VO5387-W745,овальная,пластик,серый,Gucci,оптика,150,52,18,33902,всесезонная,женский,молодой
0VO5402-2970,квадратная,пластик,коричневый,Valentino,солнцезащитные,135,54,17,41742,летняя,унисекс,пожилой
0VO5402-2971,круглая,металл,черный,Polaroid,оптика,145,50,14,24301,всесезонная,унисекс,средний
0VO5402-W44,овальная,металл,серый,Polaroid,оптика,135,48,20,23655,всесезонная,унисекс,средний
0VO5407-2386,кошачий_глаз,пластик,золотой,Gucci,оптика,145,54,20,32868,всесезонная,мужской,пожилой
0VO5407-2961,круглая,титан,белый,Prada,солнцезащитные,140,46,18,23394,летняя,женский,средний
0VO5412-2864,прямоугольная,пластик,черный,Gucci,оптика,130,54,18,14134,всесезонная,мужской,средний
0VO5423-2985,круглая,металл,синий,Lacoste,оптика,150,52,15,9533,всесезонная,мужской,молодой
0VY2006-2820,овальная,пластик,серый,Ray-Ban,оптика,140,48,19,3719,всесезонная,мужской,средний
10-405,круглая,комбинированный,золотой,Valentino,оптика,135,46,14,34066,всесезонная,мужской,молодой
10-414,квадратная,титан,золотой,Lacoste,солнцезащитные,150,52,15,14725,летняя,женский,средний
10.144.01,квадратная,пластик,черный,Lacoste,оптика,140,48,17,7652,всесезонная,женский,пожилой
10.144.02,квадратная,пластик,белый,Gucci,солнцезащитные,140,52,14,35176,летняя,унисекс,молодой
10.144.03,квадратная,пластик,серебряный,Ray-Ban,оптика,130,52,20,5722,всесезонная,унисекс,средний
10.148.01,кошачий_глаз,пластик,белый,Valentino,солнцезащитные,145,48,16,22024,летняя,унисекс,молодой
10.148.02,овальная,металл,серый,Polaroid,солнцезащитные,135,46,19,17621,летняя,женский,средний
10.148.03,квадратная,пластик,золотой,Ray-Ban,оптика,130,52,15,9841,всесезонная,унисекс,пожилой
10.196.01,кошачий_глаз,титан,золотой,Valentino,солнцезащитные,145,54,16,44178,летняя,мужской,средний
10.196.02,прямоугольная,пластик,белый,Lacoste,оптика,130,46,16,21812,всесезонная,женский,пожилой
10.196.03,овальная,комбинированный,серый,Prada,оптика,135,50,19,19724,всесезонная,унисекс,средний
10.234.01,прямоугольная,металл,черный,Polaroid,солнцезащитные,140,54,16,15454,летняя,женский,пожилой
10.234.02,прямоугольная,титан,серебряный,Lacoste,солнцезащитные,135,52,18,23319,летняя,женский,молодой
10.234.03,кошачий_глаз,титан,черный,Polaroid,солнцезащитные,140,46,16,6022,летняя,мужской,средний
10.255.01,кошачий_глаз,комбинированный,черный,Oakley,оптика,135,46,14,6215,всесезонная,мужской,средний
10.255.02,круглая,титан,белый,Oakley,оптика,140,46,17,17385,всесезонная,мужской,молодой
10.255.03,круглая,комбинированный,золотой,Oakley,оптика,140,50,20,22641,всесезонная,унисекс,средний
10.274.01,квадратная,пластик,серебряный,Polaroid,оптика,140,46,20,16012,всесезонная,мужской,молодой
10.274.02,круглая,пластик,серый,Valentino,оптика,140,48,16,32724,всесезонная,мужской,пожилой
10.274.03,овальная,комбинированный,белый,Tom Ford,солнцезащитные,130,52,17,11088,летняя,женский,пожилой
10.284.01,прямоугольная,металл,черный,Gucci,оптика,140,52,20,19498,всесезонная,женский,средний
10.284.02,круглая,металл,серебряный,Polaroid,солнцезащитные,140,52,16,14560,летняя,унисекс,средний
10.284.03,прямоугольная,комбинированный,белый,Polaroid,солнцезащитные,130,50,15,17831,летняя,женский,пожилой
10.294.01,круглая,пластик,синий,Tom Ford,солнцезащитные,140,48,18,41244,летняя,унисекс,средний
10.294.02,квадратная,металл,серый,Tom Ford,солнцезащитные,135,48,14,36256,летняя,мужской,пожилой
10.294.03,овальная,пластик,серый,Gucci,оптика,145,52,17,41624,всесезонная,женский,молодой
10.312.01,прямоугольная,комбинированный,золотой,Prada,оптика,145,48,19,11106,всесезонная,мужской,пожилой
10.312.02,кошачий_глаз,комбинированный,серебряный,Polaroid,солнцезащитные,140,50,14,19776,летняя,мужской,пожилой
10.312.03,кошачий_глаз,комбинированный,золотой,Lacoste,оптика,145,50,20,6677,всесезонная,женский,средний
10.329.01,круглая,комбинированный,серебряный,Gucci,солнцезащитные,150,48,18,11572,летняя,женский,молодой
10.329.02,прямоугольная,пластик,черный,Ray-Ban,оптика,135,46,15,7133,всесезонная,мужской,молодой
10.329.03,квадратная,комбинированный,серебряный,Prada,оптика,150,50,17,27952,всесезонная,женский,молодой
10.337.01,кошачий_глаз,пластик,коричневый,Prada,оптика,150,46,20,18950,всесезонная,мужской,пожилой
10.337.02,кошачий_глаз,титан,коричневый,Polaroid,солнцезащитные,130,48,17,13707,летняя,мужской,молодой
10.337.03,прямоугольная,металл,белый,Valentino,оптика,135,54,17,24266,всесезонная,унисекс,средний
10.350.01,кошачий_глаз,пластик,черный,Ray-Ban,оптика,135,48,14,18166,всесезонная,мужской,пожилой
10.350.02,овальная,титан,белый,Valentino,солнцезащитные,135,54,20,47078,летняя,женский,средний
10.350.03,квадратная,металл,черный,Gucci,оптика,130,50,14,38320,всесезонная,мужской,средний
10.351.01,кошачий_глаз,пластик,синий,Ray-Ban,оптика,130,48,14,10860,всесезонная,женский,молодой
10.351.02,овальная,пластик,серый,Gucci,солнцезащитные,150,48,17,25492,летняя,женский,средний
10.351.03,овальная,комбинированный,белый,Tom Ford,солнцезащитные,150,54,19,17944,летняя,унисекс,молодой
10.396.01,овальная,пластик,коричневый,Lacoste,солнцезащитные,145,50,14,12487,летняя,женский,средний
10.396.02,квадратная,пластик,серый,Ray-Ban,оптика,145,46,15,13000,всесезонная,женский,молодой
10.396.03,прямоугольная,пластик,синий,Oakley,оптика,130,46,18,15546,всесезонная,мужской,молодой
10.397.01,кошачий_глаз,пластик,черный,Lacoste,солнцезащитные,135,48,20,13702,летняя,унисекс,пожилой
10.397.02,квадратная,пластик,золотой,Valentino,оптика,135,54,20,25902,всесезонная,мужской,пожилой
10.397.03,круглая,металл,белый,Prada,оптика,130,52,16,23058,всесезонная,мужской,средний
10.499.01,кошачий_глаз,титан,серый,Prada,солнцезащитные,140,50,20,16042,летняя,женский,пожилой
10.499.02,овальная,титан,синий,Oakley,солнцезащитные,140,54,18,15886,летняя,унисекс,молодой
10.499.03,круглая,титан,синий,Prada,солнцезащитные,145,52,19,12870,летняя,мужской,средний
1000-02A,овальная,титан,белый,Prada,оптика,140,54,16,28244,всесезонная,женский,средний
1000-06A,круглая,комбинированный,черный,Oakley,оптика,140,50,20,3561,всесезонная,унисекс,молодой
1000T-07A,квадратная,металл,белый,Oakley,оптика,140,50,19,11266,всесезонная,женский,средний
1000T-09A,прямоугольная,пластик,черный,Polaroid,оптика,130,50,16,12475,всесезонная,женский,молодой
1000T-13A,квадратная,титан,черный,Valentino,солнцезащитные,140,48,19,22868,летняя,мужской,средний
1001-4001,кошачий_глаз,пластик,белый,Ray-Ban,оптика,150,46,20,6083,всесезонная,мужской,средний
1002-001,овальная,титан,коричневый,Oakley,солнцезащитные,140,48,18,8072,летняя,мужской,средний
1002-002,овальная,пластик,коричневый,Lacoste,солнцезащитные,130,48,17,12166,летняя,женский,пожилой
1002-004,кошачий_глаз,пластик,серый,Tom Ford,солнцезащитные,135,50,17,27238,летняя,женский,средний
1002-2,круглая,титан,белый,Prada,солнцезащитные,150,54,17,13586,летняя,унисекс,молодой
1002-3,круглая,металл,серебряный,Gucci,оптика,135,52,20,14762,всесезонная,мужской,пожилой
1002-4,кошачий_глаз,пластик,коричневый,Lacoste,солнцезащитные,145,48,15,12677,летняя,женский,пожилой
1002T-09A,овальная,титан,синий,Ray-Ban,солнцезащитные,135,48,17,4220,летняя,унисекс,пожилой
1004-02B,круглая,пластик,серый,Prada,солнцезащитные,135,46,16,9448,летняя,мужской,молодой
1004-02C,квадратная,титан,коричневый,Polaroid,солнцезащитные,145,46,16,19617,летняя,унисекс,пожилой
1005-05A,круглая,комбинированный,золотой,Tom Ford,оптика,140,50,20,37796,всесезонная,женский,пожилой
1005-07A,круглая,комбинированный,коричневый,Oakley,оптика,140,54,14,8024,всесезонная,мужской,пожилой
1006-06A,овальная,комбинированный,золотой,Valentino,солнцезащитные,150,50,19,36102,летняя,мужской,молодой
10091O-GD18,квадратная,пластик,белый,Valentino,оптика,145,54,19,33320,всесезонная,женский,пожилой
10095O-NN04,кошачий_глаз,комбинированный,серый,Ray-Ban,солнцезащитные,130,50,17,24630,летняя,женский,средний
1011-434,квадратная,пластик,черный,Tom Ford,солнцезащитные,135,48,14,19704,летняя,унисекс,пожилой
1013-E01,прямоугольная,пластик,черный,Lacoste,солнцезащитные,140,52,19,17772,летняя,унисекс,средний
1014-4014,овальная,титан,синий,Valentino,солнцезащитные,140,50,14,41418,летняя,мужской,средний
1014-GUN,прямоугольная,титан,белый,Oakley,солнцезащитные,145,46,14,4242,летняя,унисекс,средний
10171O-ND04,квадратная,металл,золотой,Oakley,солнцезащитные,130,54,18,13972,летняя,женский,средний
1018-001,овальная,металл,серебряный,Polaroid,оптика,130,52,14,14017,всесезонная,унисекс,средний
10182O-BG13,квадратная,металл,серый,Valentino,солнцезащитные,140,52,15,7936,летняя,женский,молодой
10187O-MN05,прямоугольная,комбинированный,серебряный,Gucci,оптика,135,46,19,32644,всесезонная,женский,средний
10187O-NB04,кошачий_глаз,титан,синий,Tom Ford,солнцезащитные,140,52,17,28084,летняя,унисекс,средний
10188O-BM08,квадратная,пластик,серебряный,Prada,оптика,140,52,20,37598,всесезонная,унисекс,пожилой
10189O-BG10,круглая,титан,черный,Valentino,оптика,130,48,18,47438,всесезонная,женский,пожилой
10189O-NR11,прямоугольная,металл,белый,Ray-Ban,оптика,150,54,15,11536,всесезонная,унисекс,пожилой
102-GREY,квадратная,титан,белый,Tom Ford,оптика,145,54,14,39692,всесезонная,унисекс,средний
10204O-GO07,кошачий_глаз,металл,синий,Gucci,оптика,150,48,16,41480,всесезонная,мужской,молодой
10210O-GR03,квадратная,комбинированный,серый,Ray-Ban,оптика,140,54,20,6370,всесезонная,женский,пожилой
10212O-BO07,квадратная,титан,серый,Oakley,солнцезащитные,130,46,15,3391,летняя,мужской,средний
10212O-NG09,прямоугольная,пластик,серебряный,Tom Ford,оптика,130,50,19,41086,всесезонная,женский,средний
10212O-RG08,овальная,титан,коричневый,Tom Ford,солнцезащитные,150,54,14,16528,летняя,мужской,пожилой
1021T-05A,квадратная,комбинированный,черный,Ray-Ban,солнцезащитные,135,52,14,22787,летняя,унисекс,средний
10222O-GB02,круглая,титан,серый,Tom Ford,оптика,145,50,15,15226,всесезонная,мужской,средний
10224O-NB09,круглая,титан,черный,Oakley,оптика,135,52,19,23420,всесезонная,унисекс,пожилой
1024-588,прямоугольная,металл,золотой,Tom Ford,солнцезащитные,140,52,18,37984,летняя,унисекс,молодой
1024O-006,овальная,титан,серый,Prada,солнцезащитные,150,48,15,10536,летняя,унисекс,средний
1025-1,овальная,пластик,золотой,Gucci,солнцезащитные,135,48,20,30124,летняя,мужской,молодой
1025-4,квадратная,металл,серый,Oakley,солнцезащитные,140,52,15,9166,летняя,женский,средний
1028-BLACK,овальная,титан,белый,Prada,оптика,150,52,16,37506,всесезонная,унисекс,средний
103-BEIGE,круглая,комбинированный,коричневый,Gucci,оптика,140,46,19,18742,всесезонная,унисекс,средний
103-BROWN,прямоугольная,металл,серый,Polaroid,солнцезащитные,140,48,18,12063,летняя,унисекс,пожилой
1031-088,круглая,титан,серый,Oakley,оптика,130,46,17,24263,всесезонная,женский,средний
1036-005,квадратная,металл,золотой,Oakley,оптика,150,54,17,22254,всесезонная,унисекс,молодой
1038-001,квадратная,металл,коричневый,Lacoste,оптика,130,48,16,3233,всесезонная,женский,пожилой
1038-013,прямоугольная,металл,серебряный,Ray-Ban,оптика,140,48,18,21147,всесезонная,унисекс,молодой
1038-02B,овальная,комбинированный,серебряный,Valentino,солнцезащитные,150,48,20,25340,летняя,унисекс,молодой
104-BLACK,прямоугольная,комбинированный,серебряный,Valentino,оптика,135,54,20,26172,всесезонная,женский,молодой
104-BLUE,кошачий_глаз,металл,белый,Polaroid,оптика,130,50,19,6602,всесезонная,женский,средний
104-NERO,овальная,пластик,серый,Gucci,оптика,150,50,20,7228,всесезонная,мужской,пожилой
1041-09A,квадратная,металл,серебряный,Valentino,солнцезащитные,150,52,19,41466,летняя,унисекс,молодой
1043-135,квадратная,комбинированный,коричневый,Gucci,оптика,135,48,17,16492,всесезонная,унисекс,молодой
1045-510,прямоугольная,металл,золотой,Polaroid,оптика,140,48,14,14108,всесезонная,мужской,пожилой
1048-024,кошачий_глаз,титан,серебряный,Gucci,оптика,135,54,14,33500,всесезонная,мужской,молодой
1048-088,кошачий_глаз,титан,золотой,Valentino,оптика,145,54,18,17244,всесезонная,мужской,молодой
1048-245,прямоугольная,металл,коричневый,Gucci,оптика,145,46,18,7330,всесезонная,мужской,средний
1048-GLB,кошачий_глаз,титан,серый,Tom Ford,солнцезащитные,130,50,14,8726,летняя,мужской,пожилой
1051-807,круглая,пластик,коричневый,Ray-Ban,солнцезащитные,130,50,18,22657,летняя,женский,молодой
105103-2,квадратная,титан,коричневый,Polaroid,солнцезащитные,140,50,20,9554,летняя,женский,средний
105105-3,прямоугольная,титан,золотой,Tom Ford,оптика,150,50,14,48364,всесезонная,женский,молодой
105105-4,овальная,металл,черный,Lacoste,оптика,135,48,15,4875,всесезонная,унисекс,средний
105107-1,овальная,комбинированный,синий,Tom Ford,солнцезащитные,140,48,14,36614,летняя,женский,молодой
105107-2,круглая,пластик,черный,Gucci,солнцезащитные,130,54,20,27258,летняя,мужской,пожилой
105107-3,кошачий_глаз,пластик,коричневый,Tom Ford,солнцезащитные,140,48,14,28218,летняя,мужской,средний
105108-2,круглая,комбинированный,синий,Oakley,солнцезащитные,140,52,17,6241,летняя,унисекс,молодой
1055-002,круглая,титан,черный,Valentino,оптика,150,46,15,29376,всесезонная,мужской,средний
1058-011,овальная,комбинированный,серебряный,Prada,оптика,145,52,15,29172,всесезонная,мужской,пожилой
1058-146,круглая,пластик,золотой,Valentino,оптика,130,48,17,28498,всесезонная,мужской,пожилой
1059-001,круглая,металл,серый,Lacoste,солнцезащитные,130,48,14,17245,летняя,унисекс,средний
1063-245,кошачий_глаз,титан,золотой,Ray-Ban,оптика,145,52,15,7566,всесезонная,женский,средний
1063-475,прямоугольная,металл,серый,Gucci,солнцезащитные,145,54,18,30110,летняя,мужской,средний
1064-020,квадратная,металл,серый,Tom Ford,солнцезащитные,140,50,16,39610,летняя,женский,молодой
1064-024,круглая,титан,серебряный,Valentino,оптика,140,50,17,33754,всесезонная,мужской,пожилой
1064-245,круглая,пластик,белый,Oakley,солнцезащитные,135,50,14,7811,летняя,женский,средний
1065-115,прямоугольная,комбинированный,черный,Valentino,солнцезащитные,135,46,14,36368,летняя,женский,молодой
1066-021,кошачий_глаз,титан,черный,Ray-Ban,оптика,130,48,17,21299,всесезонная,мужской,пожилой
1066-024,овальная,титан,коричневый,Gucci,оптика,150,46,16,23674,всесезонная,женский,пожилой
1066-245,кошачий_глаз,металл,белый,Oakley,оптика,150,54,14,17500,всесезонная,мужской,средний
107-BROWN,круглая,комбинированный,черный,Ray-Ban,оптика,135,52,18,9843,всесезонная,женский,молодой
107-GOLD,круглая,титан,черный,Valentino,оптика,135,50,14,38756,всесезонная,унисекс,молодой
1070-015,круглая,металл,черный,Polaroid,оптика,145,50,14,20216,всесезонная,женский,молодой
1071-041,квадратная,комбинированный,синий,Oakley,солнцезащитные,145,46,16,5367,летняя,женский,средний
1073-BSC,квадратная,титан,серебряный,Valentino,оптика,130,46,16,12524,всесезонная,мужской,молодой
1073/BB-2M2,кошачий_глаз,пластик,коричневый,Valentino,оптика,145,52,18,14528,всесезонная,унисекс,средний
1076-021,прямоугольная,титан,коричневый,Tom Ford,солнцезащитные,145,50,19,21528,летняя,мужской,молодой
1077-021,круглая,комбинированный,белый,Lacoste,оптика,130,54,14,8641,всесезонная,унисекс,молодой
1077-024,квадратная,пластик,золотой,Valentino,солнцезащитные,130,48,20,37404,летняя,женский,средний
1077-088,кошачий_глаз,металл,серебряный,Ray-Ban,солнцезащитные,130,52,20,16376,летняя,унисекс,молодой
1077-245,овальная,титан,белый,Gucci,оптика,140,54,16,11912,всесезонная,унисекс,молодой
1079-2,кошачий_глаз,металл,серый,Gucci,оптика,135,54,19,31618,всесезонная,мужской,пожилой
1079-379,квадратная,пластик,серебряный,Prada,оптика,130,52,17,44950,всесезонная,мужской,средний
1079-4,прямоугольная,пластик,белый,Prada,оптика,140,48,19,24346,всесезонная,мужской,средний
1079-828,круглая,титан,белый,Valentino,солнцезащитные,145,46,18,39466,летняя,мужской,молодой
108-GREY,круглая,пластик,серебряный,Polaroid,оптика,135,50,20,17855,всесезонная,мужской,пожилой
108-SILVER,прямоугольная,металл,белый,Polaroid,оптика,130,48,15,22731,всесезонная,мужской,средний
1080-088,круглая,комбинированный,золотой,Gucci,солнцезащитные,150,54,19,49236,летняя,мужской,средний
1084-024,овальная,металл,серый,Tom Ford,оптика,130,54,16,14480,всесезонная,мужской,молодой
1088-001,круглая,титан,коричневый,Prada,солнцезащитные,130,50,20,16494,летняя,мужской,средний
1090-024,кошачий_глаз,металл,белый,Ray-Ban,оптика,135,46,17,21454,всесезонная,женский,пожилой
1090-245,кошачий_глаз,титан,коричневый,Polaroid,оптика,135,50,14,22230,всесезонная,мужской,средний
1091-379,круглая,титан,серебряный,Oakley,солнцезащитные,130,46,14,18015,летняя,мужской,пожилой
1091-828,круглая,комбинированный,серый,Prada,солнцезащитные,145,54,14,14954,летняя,унисекс,средний
109105-1,овальная,металл,белый,Polaroid,оптика,145,48,14,10848,всесезонная,мужской,пожилой
109105-4,круглая,титан,белый,Tom Ford,солнцезащитные,130,54,16,21698,летняя,унисекс,пожилой
109106-1,квадратная,титан,черный,Ray-Ban,оптика,140,46,19,11190,всесезонная,мужской,молодой
109106-3,прямоугольная,комбинированный,серебряный,Polaroid,солнцезащитные,140,52,17,16450,летняя,унисекс,средний
109106-4,овальная,металл,золотой,Oakley,оптика,145,52,17,5987,всесезонная,унисекс,молодой
109107-1,прямоугольная,металл,серебряный,Gucci,оптика,135,48,18,45942,всесезонная,унисекс,средний
109107-2,кошачий_глаз,пластик,золотой,Tom Ford,оптика,150,48,15,45064,всесезонная,мужской,средний
109110-1,квадратная,пластик,серебряный,Valentino,оптика,145,46,14,34048,всесезонная,мужской,средний
1093-011,круглая,металл,серый,Oakley,оптика,145,50,18,16050,всесезонная,мужской,пожилой
1093-043,овальная,металл,серый,Gucci,оптика,130,50,17,10220,всесезонная,унисекс,средний
1093-092,квадратная,металл,коричневый,Ray-Ban,оптика,145,48,19,13006,всесезонная,мужской,средний
1094-019,овальная,металл,синий,Gucci,солнцезащитные,130,52,19,40646,летняя,женский,пожилой
1095-018,квадратная,титан,черный,Oakley,солнцезащитные,130,48,14,10187,летняя,унисекс,молодой
1095-092,кошачий_глаз,титан,серебряный,Polaroid,оптика,130,50,19,15120,всесезонная,мужской,средний
1096-013,квадратная,пластик,серый,Valentino,солнцезащитные,135,46,20,35660,летняя,унисекс,молодой
1096-015,овальная,металл,серебряный,Gucci,оптика,140,46,18,48548,всесезонная,унисекс,пожилой
1096-017,прямоугольная,пластик,золотой,Polaroid,оптика,150,50,14,18222,всесезонная,мужской,молодой
1096-043,овальная,металл,черный,Valentino,оптика,150,52,16,11378,всесезонная,унисекс,молодой
1099-4,овальная,металл,серебряный,Ray-Ban,солнцезащитные,150,50,17,14665,летняя,мужской,молодой
11-012 18P,круглая,титан,золотой,Ray-Ban,солнцезащитные,130,54,17,6688,летняя,унисекс,средний
11-405,кошачий_глаз,комбинированный,золотой,Oakley,солнцезащитные,130,52,18,8611,летняя,женский,пожилой
11-472 20,квадратная,комбинированный,золотой,Gucci,солнцезащитные,130,46,14,18898,летняя,женский,пожилой
11-594 17P,квадратная,комбинированный,серый,Polaroid,солнцезащитные,130,48,14,15676,летняя,мужской,средний
11-636 03,квадратная,титан,синий,Gucci,солнцезащитные,135,52,19,42210,летняя,женский,пожилой
11-650 06,круглая,пластик,серый,Lacoste,оптика,135,50,20,19210,всесезонная,женский,пожилой
11-654 17,кошачий_глаз,пластик,серебряный,Oakley,солнцезащитные,130,52,20,18806,летняя,женский,молодой
11-685 17,прямоугольная,комбинированный,серебряный,Gucci,солнцезащитные,145,48,17,36924,летняя,унисекс,молодой
11-687 01,круглая,металл,серый,Prada,солнцезащитные,145,46,17,18660,летняя,женский,молодой
11-689 13,кошачий_глаз,пластик,синий,Ray-Ban,оптика,130,52,18,18588,всесезонная,мужской,пожилой
11-695 07,круглая,металл,белый,Oakley,солнцезащитные,135,54,20,22790,летняя,мужской,молодой
11-695 17,кошачий_глаз,титан,серебряный,Prada,оптика,145,52,20,14788,всесезонная,женский,пожилой
11-924 13,кошачий_глаз,металл,золотой,Polaroid,солнцезащитные,140,48,15,19150,летняя,мужской,молодой
11-928 17P,круглая,комбинированный,белый,Oakley,солнцезащитные,135,48,19,15856,летняя,мужской,пожилой
11-936 04,квадратная,металл,черный,Tom Ford,оптика,130,54,15,36164,всесезонная,унисекс,пожилой
11-936 06,прямоугольная,пластик,черный,Polaroid,оптика,140,54,18,15638,всесезонная,женский,пожилой
11-955 33,кошачий_глаз,пластик,белый,Ray-Ban,оптика,140,50,19,7830,всесезонная,унисекс,средний
11-959 09,круглая,пластик,белый,Gucci,солнцезащитные,135,52,18,31510,летняя,унисекс,пожилой
11-966 37P,кошачий_глаз,титан,серый,Tom Ford,оптика,145,48,18,25700,всесезонная,женский,пожилой
11-970 17,овальная,пластик,серый,Prada,солнцезащитные,135,54,17,6296,летняя,мужской,средний
11-970 18,прямоугольная,титан,серебряный,Ray-Ban,солнцезащитные,150,50,18,24776,летняя,мужской,молодой
11-971 07P,круглая,металл,черный,Prada,оптика,130,48,16,12364,всесезонная,унисекс,молодой
11-973 17,кошачий_глаз,титан,синий,Oakley,солнцезащитные,140,52,14,15544,летняя,женский,пожилой
11-973 19,овальная,титан,синий,Tom Ford,оптика,135,48,19,32850,всесезонная,мужской,молодой
11-973 37,кошачий_глаз,комбинированный,синий,Prada,оптика,140,52,15,15786,всесезонная,унисекс,средний
11-979 17,квадратная,титан,серый,Lacoste,оптика,140,54,14,19679,всесезонная,женский,пожилой
11-979 18,кошачий_глаз,комбинированный,золотой,Lacoste,оптика,150,48,19,3760,всесезонная,женский,молодой
11-979 20,круглая,комбинированный,черный,Ray-Ban,солнцезащитные,150,52,15,16936,летняя,женский,пожилой
11-981 18,квадратная,комбинированный,коричневый,Ray-Ban,оптика,135,46,20,5107,всесезонная,мужской,средний
11-981 20,прямоугольная,пластик,серый,Tom Ford,солнцезащитные,150,50,20,17660,летняя,унисекс,пожилой
110-3,кошачий_глаз,металл,черный,Gucci,солнцезащитные,140,48,19,15222,летняя,мужской,пожилой
1100-024,квадратная,титан,синий,Prada,солнцезащитные,135,54,18,9194,летняя,женский,пожилой
1100-245,кошачий_глаз,пластик,синий,Oakley,оптика,150,50,15,7725,всесезонная,мужской,пожилой
1101-020,прямоугольная,титан,белый,Polaroid,солнцезащитные,135,48,15,7537,летняя,женский,средний
1101-1,квадратная,комбинированный,черный,Ray-Ban,оптика,130,48,18,3256,всесезонная,унисекс,молодой
1101-245,квадратная,металл,черный,Lacoste,оптика,130,52,18,4832,всесезонная,мужской,молодой
1101-3,круглая,пластик,серый,Gucci,оптика,130,50,17,6512,всесезонная,унисекс,молодой
1101-4,квадратная,титан,коричневый,Valentino,солнцезащитные,145,54,14,9950,летняя,женский,средний
1102-4,круглая,титан,черный,Prada,оптика,135,54,19,18400,всесезонная,мужской,пожилой
1103-021,прямоугольная,пластик,серебряный,Tom Ford,оптика,135,46,14,39260,всесезонная,мужской,молодой
1103-4,овальная,комбинированный,коричневый,Gucci,солнцезащитные,135,54,15,13288,летняя,унисекс,пожилой
1103-475,квадратная,комбинированный,серебряный,Oakley,солнцезащитные,140,54,18,14678,летняя,мужской,молодой
1103-YL7,квадратная,комбинированный,серый,Tom Ford,солнцезащитные,145,52,19,19926,летняя,мужской,пожилой
1104-005,овальная,пластик,серый,Gucci,оптика,130,54,16,31560,всесезонная,унисекс,пожилой
1104-021,овальная,титан,серебряный,Oakley,оптика,135,46,17,12840,всесезонная,унисекс,средний
1104-024,круглая,комбинированный,золотой,Polaroid,оптика,130,52,17,5709,всесезонная,унисекс,молодой
1104-245,кошачий_глаз,металл,черный,Gucci,солнцезащитные,150,50,18,8378,летняя,унисекс,средний
1104-3,овальная,пластик,белый,Ray-Ban,солнцезащитные,150,46,14,3071,летняя,унисекс,пожилой
1106-001,овальная,комбинированный,черный,Ray-Ban,солнцезащитные,140,54,19,15940,летняя,мужской,средний
1108-020,круглая,пластик,серый,Lacoste,оптика,130,50,14,7865,всесезонная,мужской,пожилой
1108-245,прямоугольная,металл,серый,Lacoste,солнцезащитные,140,46,16,7092,летняя,мужской,средний
1109-1,круглая,металл,синий,Gucci,оптика,145,54,16,7680,всесезонная,унисекс,пожилой
1109-4,квадратная,металл,синий,Tom Ford,солнцезащитные,135,52,20,28892,летняя,женский,молодой
111-1,прямоугольная,пластик,серый,Prada,оптика,145,50,18,33688,всесезонная,женский,средний
1110-020,кошачий_глаз,титан,белый,Tom Ford,солнцезащитные,145,54,17,12044,летняя,унисекс,молодой
1110-024,прямоугольная,комбинированный,белый,Lacoste,солнцезащитные,135,48,14,18120,летняя,унисекс,молодой
1111-003,овальная,комбинированный,серебряный,Lacoste,солнцезащитные,140,54,14,7608,летняя,женский,молодой
1112-020,прямоугольная,металл,коричневый,Valentino,оптика,135,50,14,26146,всесезонная,мужской,пожилой
1112-4,прямоугольная,металл,серебряный,Polaroid,оптика,140,54,15,10400,всесезонная,женский,средний
1117/CS-80799,овальная,металл,серебряный,Oakley,оптика,145,50,14,7695,всесезонная,женский,средний
112-2,квадратная,металл,серый,Oakley,оптика,145,46,18,7016,всесезонная,мужской,молодой
112-3,квадратная,металл,серебряный,Lacoste,солнцезащитные,150,46,19,14109,летняя,женский,молодой
1120-290,квадратная,комбинированный,серебряный,Valentino,солнцезащитные,140,50,15,18434,летняя,мужской,молодой
1120-991,кошачий_глаз,титан,серебряный,Prada,солнцезащитные,130,48,14,7196,летняя,женский,пожилой
1122-2,кошачий_глаз,металл,синий,Ray-Ban,оптика,145,48,18,14590,всесезонная,унисекс,молодой
1122-3,прямоугольная,пластик,серебряный,Gucci,оптика,130,46,18,14038,всесезонная,мужской,средний
1122-333,прямоугольная,комбинированный,коричневый,Valentino,солнцезащитные,135,46,14,28272,летняя,женский,молодой
1123-020,круглая,комбинированный,белый,Tom Ford,оптика,145,48,17,41580,всесезонная,женский,средний
1123-021,овальная,пластик,черный,Prada,оптика,135,50,15,14182,всесезонная,мужской,молодой
1123-245,круглая,титан,черный,Valentino,оптика,150,48,20,27440,всесезонная,унисекс,молодой
1124-003,овальная,металл,серебряный,Gucci,оптика,145,48,18,36300,всесезонная,женский,молодой
1125-015,прямоугольная,пластик,черный,Gucci,оптика,135,54,19,14740,всесезонная,женский,молодой
1126-002,прямоугольная,комбинированный,синий,Ray-Ban,солнцезащитные,140,48,15,5397,летняя,женский,пожилой
1126-003,квадратная,комбинированный,серебряный,Polaroid,оптика,145,48,19,3632,всесезонная,унисекс,молодой
1128-002,кошачий_глаз,титан,серый,Lacoste,солнцезащитные,130,52,19,23256,летняя,мужской,пожилой
1128-003,квадратная,пластик,коричневый,Ray-Ban,солнцезащитные,145,50,17,12399,летняя,женский,пожилой
113-1,овальная,металл,коричневый,Prada,солнцезащитные,130,46,14,38960,летняя,унисекс,молодой
113-2,круглая,металл,серый,Gucci,солнцезащитные,130,46,17,30152,летняя,мужской,молодой
1130-013,квадратная,пластик,черный,Polaroid,оптика,140,54,16,10953,всесезонная,мужской,молодой
1130-015,овальная,пластик,белый,Polaroid,солнцезащитные,150,46,20,12910,летняя,мужской,молодой
1130-019,квадратная,комбинированный,коричневый,Lacoste,оптика,140,54,20,9142,всесезонная,женский,средний
1130-043,прямоугольная,металл,золотой,Prada,солнцезащитные,130,54,16,13966,летняя,женский,молодой
1132-1,овальная,комбинированный,черный,Tom Ford,солнцезащитные,130,48,17,18624,летняя,женский,молодой
1134-019,овальная,титан,серебряный,Valentino,солнцезащитные,130,48,19,28584,летняя,унисекс,молодой
1134-3,круглая,металл,серебряный,Prada,солнцезащитные,140,48,14,12188,летняя,женский,молодой
1134-4,кошачий_глаз,пластик,черный,Lacoste,солнцезащитные,145,46,14,18588,летняя,мужской,средний
1137-R80,овальная,металл,серый,Prada,оптика,130,46,17,35354,всесезонная,женский,молодой
1138-135,овальная,пластик,синий,Polaroid,оптика,150,54,14,9184,всесезонная,мужской,молодой
1138-V81,кошачий_глаз,пластик,белый,Gucci,солнцезащитные,150,54,18,28942,летняя,женский,пожилой
1140-002,круглая,титан,золотой,Tom Ford,солнцезащитные,135,48,20,31428,летняя,женский,молодой
1140-003,овальная,комбинированный,синий,Polaroid,оптика,145,50,20,3768,всесезонная,унисекс,молодой
1141-020,овальная,комбинированный,черный,Lacoste,солнцезащитные,145,46,18,3849,летняя,мужской,молодой
1141-021,прямоугольная,комбинированный,синий,Prada,оптика,130,46,16,14708,всесезонная,унисекс,молодой
1141-084,квадратная,титан,серебряный,Tom Ford,солнцезащитные,130,54,18,12470,летняя,мужской,пожилой
1141-088,прямоугольная,комбинированный,золотой,Oakley,оптика,140,52,19,17439,всесезонная,унисекс,пожилой
1142-021,кошачий_глаз,пластик,синий,Gucci,оптика,145,48,20,24536,всесезонная,женский,пожилой
1142-206,кошачий_глаз,металл,серый,Oakley,оптика,135,52,16,24868,всесезонная,женский,средний
1143-001,овальная,металл,синий,Polaroid,солнцезащитные,140,50,17,17887,летняя,мужской,пожилой
1143-021,кошачий_глаз,металл,белый,Gucci,солнцезащитные,140,50,17,20082,летняя,мужской,молодой
1143-084,овальная,титан,белый,Valentino,солнцезащитные,130,48,14,31020,летняя,женский,средний
1143-088,квадратная,титан,черный,Gucci,солнцезащитные,145,46,20,6838,летняя,мужской,молодой
1143-245,квадратная,металл,белый,Polaroid,солнцезащитные,135,52,20,17805,летняя,женский,пожилой
1144-135,квадратная,пластик,коричневый,Ray-Ban,оптика,140,46,18,22142,всесезонная,унисекс,пожилой
1145O-002,квадратная,металл,серебряный,Oakley,солнцезащитные,135,50,20,13780,летняя,мужской,пожилой
1146-021,овальная,металл,серебряный,Lacoste,оптика,135,48,19,19301,всесезонная,женский,пожилой
1147-005,овальная,пластик,коричневый,Lacoste,солнцезащитные,150,54,18,21093,летняя,женский,пожилой
1147-009,прямоугольная,пластик,серый,Polaroid,оптика,140,52,14,22488,всесезонная,унисекс,средний
1147-088,прямоугольная,комбинированный,коричневый,Lacoste,солнцезащитные,130,54,14,8944,летняя,мужской,молодой
1147-3,кошачий_глаз,комбинированный,золотой,Ray-Ban,оптика,145,48,17,21756,всесезонная,унисекс,пожилой
1147-561,овальная,титан,белый,Gucci,солнцезащитные,130,46,20,46928,летняя,женский,пожилой
1147-R81,кошачий_глаз,комбинированный,серый,Valentino,солнцезащитные,135,46,15,12848,летняя,унисекс,пожилой
1147-SVK,овальная,пластик,золотой,Oakley,солнцезащитные,140,50,18,10412,летняя,женский,молодой
1148-009,прямоугольная,пластик,коричневый,Tom Ford,солнцезащитные,150,46,16,21804,летняя,женский,средний
1148-088,квадратная,пластик,серый,Tom Ford,солнцезащитные,135,54,16,49808,летняя,унисекс,средний
1148-090,овальная,пластик,белый,Lacoste,солнцезащитные,150,52,14,20100,летняя,мужской,средний
1149-021,овальная,комбинированный,серебряный,Lacoste,оптика,135,48,20,22515,всесезонная,женский,молодой
1149-245,круглая,комбинированный,белый,Prada,оптика,150,52,14,35676,всесезонная,мужской,средний
1151-009,круглая,титан,серый,Valentino,солнцезащитные,130,50,14,21248,летняя,мужской,пожилой
1151-088,прямоугольная,пластик,золотой,Polaroid,солнцезащитные,130,52,19,21799,летняя,мужской,средний
1151-090,прямоугольная,комбинированный,синий,Valentino,оптика,150,50,20,12176,всесезонная,унисекс,средний
1152-003,квадратная,металл,серый,Polaroid,оптика,140,52,18,7975,всесезонная,мужской,пожилой
1154-090,квадратная,титан,синий,Lacoste,солнцезащитные,150,52,16,17716,летняя,мужской,молодой
1154-180,кошачий_глаз,комбинированный,золотой,Prada,оптика,130,50,18,10204,всесезонная,женский,пожилой
1154-283,овальная,титан,коричневый,Ray-Ban,оптика,140,50,20,18823,всесезонная,женский,пожилой
1154O-001,квадратная,металл,белый,Gucci,оптика,150,50,18,32814,всесезонная,мужской,молодой
1155-003,прямоугольная,комбинированный,серый,Ray-Ban,оптика,130,52,16,20758,всесезонная,женский,средний
1156-009,квадратная,титан,коричневый,Polaroid,оптика,145,54,20,5670,всесезонная,женский,пожилой
1156-283,овальная,комбинированный,серебряный,Gucci,солнцезащитные,150,54,19,23260,летняя,унисекс,пожилой
1157-05A,квадратная,металл,черный,Valentino,солнцезащитные,130,46,17,29914,летняя,женский,средний
1158-001,овальная,металл,белый,Oakley,солнцезащитные,145,50,20,24449,летняя,мужской,пожилой
1159-020,овальная,пластик,синий,Tom Ford,оптика,135,52,20,23482,всесезонная,мужской,пожилой
1159-021,кошачий_глаз,титан,золотой,Oakley,солнцезащитные,145,54,17,16795,летняя,женский,пожилой
1159-088,кошачий_глаз,пластик,серый,Oakley,оптика,135,54,16,7765,всесезонная,мужской,пожилой
1159-245,круглая,комбинированный,синий,Oakley,оптика,150,46,14,19122,всесезонная,женский,молодой
1160-020,кошачий_глаз,металл,серый,Valentino,оптика,140,50,17,8922,всесезонная,мужской,молодой
1160-245,кошачий_глаз,комбинированный,черный,Polaroid,оптика,150,52,16,20671,всесезонная,мужской,средний
1161-09A,овальная,титан,серый,Valentino,оптика,145,46,15,43826,всесезонная,женский,средний
1163-019,квадратная,комбинированный,золотой,Valentino,солнцезащитные,145,54,15,32930,летняя,унисекс,пожилой
1164-015,прямоугольная,металл,серебряный,Gucci,солнцезащитные,145,50,17,35850,летняя,мужской,пожилой
1165-245,круглая,титан,серебряный,Valentino,солнцезащитные,135,48,20,28282,летняя,унисекс,средний
1166-020,овальная,пластик,белый,Gucci,оптика,150,52,18,47574,всесезонная,женский,пожилой
1166-245,круглая,металл,серебряный,Prada,солнцезащитные,130,54,19,26964,летняя,унисекс,средний
1166-H03,овальная,титан,синий,Lacoste,солнцезащитные,130,46,15,16833,летняя,мужской,средний
1166-H04,кошачий_глаз,комбинированный,синий,Prada,оптика,140,46,17,17328,всесезонная,унисекс,средний
1167-090,прямоугольная,комбинированный,серебряный,Prada,оптика,145,46,16,33760,всесезонная,мужской,молодой
1167-721,прямоугольная,титан,золотой,Oakley,оптика,140,54,18,12691,всесезонная,женский,средний
1168-009,квадратная,титан,белый,Lacoste,оптика,135,50,15,9192,всесезонная,женский,средний
1168-088,квадратная,пластик,белый,Polaroid,солнцезащитные,135,52,20,7414,летняя,мужской,пожилой
1168-090,овальная,металл,золотой,Polaroid,солнцезащитные,130,48,17,19056,летняя,женский,пожилой
1168-180,круглая,титан,золотой,Lacoste,оптика,150,52,19,16406,всесезонная,женский,средний
1169-245,кошачий_глаз,комбинированный,золотой,Prada,солнцезащитные,135,54,17,35358,летняя,мужской,пожилой
117-BLACK,круглая,пластик,золотой,Ray-Ban,оптика,130,50,17,23202,всесезонная,унисекс,средний
117-BROWN,прямоугольная,пластик,белый,Gucci,оптика,150,48,19,16226,всесезонная,мужской,средний
1170-020,прямоугольная,комбинированный,белый,Valentino,оптика,130,52,16,23312,всесезонная,мужской,молодой
1170-05A,овальная,комбинированный,черный,Valentino,солнцезащитные,145,46,20,48152,летняя,мужской,молодой
1172-009,круглая,металл,золотой,Valentino,оптика,135,54,19,45524,всесезонная,женский,средний
1172O-005,квадратная,металл,коричневый,Prada,оптика,140,48,15,35176,всесезонная,женский,средний
1175-001,квадратная,металл,белый,Prada,оптика,140,50,20,18922,всесезонная,унисекс,молодой
1175-009,прямоугольная,титан,серый,Prada,оптика,140,52,16,28520,всесезонная,мужской,средний
1175-088,овальная,металл,серый,Oakley,солнцезащитные,135,46,20,21602,летняя,женский,молодой
1175-090,овальная,пластик,серый,Lacoste,оптика,150,50,14,20629,всесезонная,мужской,средний
1176-013,прямоугольная,металл,коричневый,Prada,солнцезащитные,130,46,16,40412,летняя,унисекс,молодой
1176-015,квадратная,комбинированный,серый,Gucci,солнцезащитные,150,54,15,33996,летняя,женский,пожилой
1176-019,круглая,титан,белый,Polaroid,оптика,145,46,15,13172,всесезонная,женский,средний
1176-H02,кошачий_глаз,металл,серый,Valentino,солнцезащитные,140,50,14,44368,летняя,мужской,молодой
1176-T01,круглая,пластик,черный,Valentino,оптика,130,46,15,40248,всесезонная,унисекс,средний
1177-009,кошачий_глаз,металл,золотой,Ray-Ban,солнцезащитные,145,46,17,10991,летняя,мужской,пожилой
1180-06A,кошачий_глаз,пластик,серебряный,Lacoste,солнцезащитные,135,54,19,19651,летняя,мужской,пожилой
1183-01A,квадратная,пластик,серый,Prada,оптика,130,48,16,6540,всесезонная,унисекс,пожилой
119-12,прямоугольная,комбинированный,серебряный,Prada,солнцезащитные,130,54,18,23162,летняя,мужской,молодой
119-14,прямоугольная,пластик,белый,Oakley,оптика,140,46,15,10236,всесезонная,мужской,средний
1190-FRE,кошачий_глаз,комбинированный,серебряный,Oakley,оптика,150,54,16,17901,всесезонная,унисекс,пожилой
1191-06A,прямоугольная,титан,коричневый,Lacoste,солнцезащитные,135,48,17,13107,летняя,женский,средний
1192O-004,квадратная,титан,серебряный,Tom Ford,солнцезащитные,140,48,17,38590,летняя,унисекс,пожилой
1193O-001,прямоугольная,металл,черный,Valentino,оптика,145,48,19,43782,всесезонная,унисекс,пожилой
1193T-05A,прямоугольная,титан,белый,Valentino,оптика,140,46,14,28160,всесезонная,женский,молодой
1193T-12A,квадратная,комбинированный,серый,Polaroid,солнцезащитные,135,50,16,10127,летняя,женский,молодой
1195-344,прямоугольная,комбинированный,серебряный,Valentino,солнцезащитные,135,52,15,21384,летняя,женский,молодой
1196-H01,круглая,комбинированный,серебряный,Ray-Ban,оптика,135,48,14,9283,всесезонная,женский,пожилой
1198-DCD,кошачий_глаз,титан,черный,Gucci,солнцезащитные,145,50,16,18666,летняя,унисекс,пожилой
1199-016,овальная,пластик,белый,Lacoste,оптика,150,48,15,5729,всесезонная,унисекс,средний
12-001 17P,овальная,пластик,золотой,Lacoste,солнцезащитные,140,52,20,15888,летняя,женский,средний
12-002 17P,кошачий_глаз,комбинированный,серебряный,Tom Ford,солнцезащитные,145,54,17,44728,летняя,унисекс,пожилой
12-002 18P,кошачий_глаз,пластик,белый,Oakley,солнцезащитные,150,52,16,19116,летняя,женский,средний
12-005 06,овальная,титан,золотой,Gucci,оптика,150,50,20,26914,всесезонная,мужской,молодой
12-005 18,прямоугольная,титан,синий,Lacoste,оптика,135,52,18,23101,всесезонная,мужской,пожилой
12-008 17P,квадратная,титан,коричневый,Gucci,солнцезащитные,140,50,14,37890,летняя,женский,молодой
12-008 19P,квадратная,титан,черный,Prada,солнцезащитные,145,54,18,48672,летняя,мужской,средний
12-012 17P,овальная,металл,серебряный,Ray-Ban,оптика,145,46,20,14088,всесезонная,мужской,пожилой
12-012 19P,овальная,титан,серый,Oakley,солнцезащитные,140,48,18,15938,летняя,женский,пожилой
12-013 17,прямоугольная,пластик,золотой,Ray-Ban,оптика,145,54,14,13928,всесезонная,унисекс,средний
12-013 20,овальная,комбинированный,золотой,Polaroid,оптика,140,46,16,10045,всесезонная,мужской,пожилой
12-013 64,кошачий_глаз,металл,коричневый,Tom Ford,оптика,135,54,18,29932,всесезонная,мужской,средний
12-014 64,кошачий_глаз,металл,белый,Polaroid,оптика,145,50,14,10813,всесезонная,унисекс,пожилой
12-037 08,круглая,титан,синий,Lacoste,оптика,145,50,14,7923,всесезонная,унисекс,молодой
12-226 18,круглая,комбинированный,коричневый,Oakley,солнцезащитные,140,48,17,19123,летняя,унисекс,пожилой
12-238 33P,квадратная,металл,синий,Polaroid,оптика,140,54,14,6231,всесезонная,мужской,молодой
12-239 19P,овальная,титан,синий,Ray-Ban,оптика,140,54,18,9783,всесезонная,женский,молодой
12-243 07,квадратная,титан,белый,Polaroid,солнцезащитные,130,50,20,8037,летняя,женский,молодой
12-243 17,квадратная,пластик,серый,Tom Ford,солнцезащитные,130,54,20,13196,летняя,женский,пожилой
12-251 01,овальная,металл,коричневый,Gucci,солнцезащитные,150,50,20,17626,летняя,унисекс,средний
12-251 17,круглая,титан,золотой,Gucci,оптика,145,54,16,43462,всесезонная,женский,средний
12-253 01,кошачий_глаз,комбинированный,синий,Oakley,солнцезащитные,150,54,18,6065,летняя,женский,пожилой
12-272 19,кошачий_глаз,комбинированный,серебряный,Polaroid,солнцезащитные,130,48,17,7267,летняя,женский,молодой
12-281 13P,овальная,металл,золотой,Polaroid,солнцезащитные,135,52,18,13716,летняя,женский,пожилой
12-288 08,прямоугольная,комбинированный,синий,Gucci,оптика,135,54,16,39284,всесезонная,унисекс,средний
12-289 17P,кошачий_глаз,металл,серебряный,Gucci,оптика,140,48,16,17382,всесезонная,унисекс,средний
12-289 18P,кошачий_глаз,металл,серебряный,Polaroid,оптика,135,50,17,18595,всесезонная,унисекс,молодой
12-295 01,кошачий_глаз,металл,коричневый,Prada,оптика,135,48,14,39914,всесезонная,унисекс,молодой
12-295 05,квадратная,комбинированный,синий,Polaroid,оптика,150,50,14,12703,всесезонная,унисекс,молодой
12-301 17,прямоугольная,металл,коричневый,Gucci,оптика,145,54,17,47820,всесезонная,мужской,молодой
12-301 19,овальная,титан,синий,Ray-Ban,солнцезащитные,145,52,20,6869,летняя,мужской,пожилой
12-303 37,кошачий_глаз,металл,серый,Polaroid,солнцезащитные,130,54,20,12643,летняя,мужской,средний
12-306 37,круглая,комбинированный,золотой,Tom Ford,солнцезащитные,140,54,14,13196,летняя,женский,пожилой
12-307 20,прямоугольная,комбинированный,серый,Polaroid,оптика,150,48,17,18479,всесезонная,женский,молодой
12-313 17P,квадратная,пластик,коричневый,Lacoste,оптика,145,48,19,23815,всесезонная,унисекс,средний
12-316 06,кошачий_глаз,металл,золотой,Oakley,оптика,145,48,15,17955,всесезонная,унисекс,пожилой
12-316 18,квадратная,металл,синий,Ray-Ban,оптика,135,46,14,3255,всесезонная,женский,пожилой
12-321 06,прямоугольная,комбинированный,коричневый,Prada,оптика,145,54,16,40212,всесезонная,женский,пожилой
12-322 01,квадратная,комбинированный,синий,Polaroid,оптика,135,54,20,24877,всесезонная,мужской,пожилой
12-324 06,прямоугольная,металл,коричневый,Valentino,солнцезащитные,140,46,14,27134,летняя,мужской,молодой
12-324 17,кошачий_глаз,металл,белый,Lacoste,оптика,135,50,19,24300,всесезонная,мужской,средний
12-329 20,прямоугольная,комбинированный,золотой,Valentino,солнцезащитные,130,50,16,31344,летняя,мужской,средний
12-332 21,прямоугольная,пластик,синий,Polaroid,солнцезащитные,140,48,19,12304,летняя,женский,молодой
12-332 64,овальная,комбинированный,серый,Tom Ford,солнцезащитные,140,48,16,49480,летняя,унисекс,пожилой
12-340 08,кошачий_глаз,титан,серебряный,Valentino,оптика,145,54,14,23908,всесезонная,женский,молодой
12-340 17,квадратная,титан,белый,Tom Ford,солнцезащитные,145,54,16,39352,летняя,унисекс,средний
12-340 18,круглая,пластик,черный,Ray-Ban,солнцезащитные,150,52,17,18437,летняя,унисекс,средний
12-343 06,круглая,комбинированный,серый,Valentino,солнцезащитные,140,50,18,49224,летняя,унисекс,средний
12-344 18,круглая,пластик,серый,Prada,солнцезащитные,145,48,15,17320,летняя,унисекс,пожилой
12-350 01,круглая,комбинированный,золотой,Prada,солнцезащитные,130,52,16,30684,летняя,женский,пожилой
12-350 06,овальная,титан,синий,Polaroid,солнцезащитные,130,48,17,8674,летняя,унисекс,средний
12-354 17P,круглая,металл,золотой,Lacoste,солнцезащитные,135,46,17,19484,летняя,мужской,пожилой
12-364 13,квадратная,пластик,серый,Valentino,солнцезащитные,145,52,17,37402,летняя,унисекс,молодой
12-365 07,квадратная,металл,коричневый,Gucci,солнцезащитные,145,54,18,17794,летняя,унисекс,пожилой
12-368 17,кошачий_глаз,пластик,золотой,Oakley,солнцезащитные,145,48,15,3874,летняя,женский,пожилой
12-380 07,квадратная,титан,серебряный,Prada,солнцезащитные,145,54,14,32510,летняя,женский,молодой
12-380 13,квадратная,пластик,золотой,Lacoste,солнцезащитные,145,52,16,7971,летняя,женский,молодой
12-380 17,круглая,титан,серый,Tom Ford,солнцезащитные,150,50,15,38046,летняя,женский,пожилой
12-389 07,квадратная,комбинированный,серебряный,Ray-Ban,солнцезащитные,150,52,16,24633,летняя,унисекс,средний
12-394 18,кошачий_глаз,комбинированный,золотой,Lacoste,солнцезащитные,130,52,17,4665,летняя,унисекс,молодой
12-395 06,круглая,титан,серебряный,Gucci,оптика,130,52,16,28180,всесезонная,мужской,средний
12-395 17,квадратная,пластик,синий,Ray-Ban,оптика,150,52,20,14877,всесезонная,женский,средний
12-395 18,квадратная,металл,серебряный,Oakley,оптика,150,46,14,19788,всесезонная,унисекс,молодой
12-396 06,прямоугольная,титан,синий,Lacoste,оптика,150,48,18,3565,всесезонная,женский,средний
12-398 17,круглая,пластик,золотой,Oakley,солнцезащитные,145,48,18,18275,летняя,женский,молодой
12-398 20,кошачий_глаз,пластик,серый,Lacoste,оптика,150,50,15,4415,всесезонная,женский,молодой
12-418 19,прямоугольная,титан,белый,Oakley,солнцезащитные,145,48,14,3761,летняя,мужской,молодой
12-421 17,прямоугольная,комбинированный,белый,Prada,оптика,145,54,14,20798,всесезонная,мужской,молодой
12-430 17,овальная,пластик,коричневый,Tom Ford,оптика,145,46,14,7164,всесезонная,женский,пожилой
12-437 17P,овальная,комбинированный,серебряный,Lacoste,солнцезащитные,135,50,18,20567,летняя,женский,средний
12-445 19P,овальная,титан,серый,Gucci,солнцезащитные,135,54,20,25048,летняя,унисекс,молодой
12-445 33P,кошачий_глаз,металл,черный,Tom Ford,оптика,145,54,15,9898,всесезонная,мужской,молодой
12-446 07P,прямоугольная,пластик,серебряный,Valentino,оптика,140,48,15,9838,всесезонная,мужской,молодой
12-453 17,кошачий_глаз,металл,коричневый,Polaroid,солнцезащитные,150,46,14,21185,летняя,мужской,средний
12-453 37,прямоугольная,пластик,черный,Lacoste,солнцезащитные,140,48,15,10614,летняя,мужской,средний
12-454 07,кошачий_глаз,комбинированный,серый,Oakley,солнцезащитные,145,54,18,7621,летняя,унисекс,средний
12-454 11,прямоугольная,комбинированный,белый,Lacoste,оптика,150,50,15,14596,всесезонная,унисекс,пожилой
12-460 07,кошачий_глаз,пластик,черный,Lacoste,оптика,150,48,14,5654,всесезонная,женский,молодой
12-460 17,прямоугольная,пластик,коричневый,Lacoste,солнцезащитные,145,46,20,5063,летняя,мужской,средний
12-461 07,прямоугольная,комбинированный,золотой,Lacoste,оптика,130,46,19,19927,всесезонная,женский,пожилой
12-461 17,круглая,металл,коричневый,Lacoste,оптика,140,52,17,11120,всесезонная,мужской,пожилой
12-462 17,кошачий_глаз,титан,золотой,Prada,солнцезащитные,130,48,15,22538,летняя,мужской,пожилой
12-464 33P,круглая,титан,коричневый,Tom Ford,солнцезащитные,130,46,18,35210,летняя,женский,молодой
12-464 39P,квадратная,комбинированный,серый,Ray-Ban,оптика,150,46,14,10919,всесезонная,мужской,пожилой
12-473 18,квадратная,комбинированный,коричневый,Valentino,оптика,145,50,17,31882,всесезонная,женский,пожилой
12-483 06,круглая,пластик,золотой,Oakley,солнцезащитные,150,46,15,9437,летняя,унисекс,молодой
1202-1,кошачий_глаз,комбинированный,серый,Oakley,оптика,150,54,17,6093,всесезонная,мужской,молодой
1204-368,круглая,комбинированный,коричневый,Oakley,солнцезащитные,150,54,17,13582,летняя,мужской,средний
1208O-002,круглая,комбинированный,коричневый,Polaroid,солнцезащитные,145,50,14,18025,летняя,унисекс,средний
1214T-04B,квадратная,металл,черный,Gucci,оптика,140,46,17,26728,всесезонная,женский,пожилой
1218-002,кошачий_глаз,титан,черный,Oakley,оптика,130,52,17,11093,всесезонная,мужской,молодой
1218-003,кошачий_глаз,комбинированный,черный,Tom Ford,оптика,130,48,16,17062,всесезонная,унисекс,пожилой
1218-015,круглая,металл,черный,Prada,солнцезащитные,140,46,18,13358,летняя,унисекс,молодой
1218-041,прямоугольная,металл,серебряный,Lacoste,солнцезащитные,150,46,18,17235,летняя,мужской,молодой
1218T-09A,кошачий_глаз,металл,черный,Lacoste,солнцезащитные,135,46,14,23939,летняя,женский,молодой
1219O-002,квадратная,металл,серый,Polaroid,оптика,130,46,18,8733,всесезонная,мужской,пожилой
122-11 розовый,квадратная,пластик,коричневый,Prada,солнцезащитные,140,48,16,33658,летняя,унисекс,пожилой
1221-MNG,овальная,пластик,серый,Lacoste,солнцезащитные,130,48,17,19979,летняя,мужской,средний
1223-A01,круглая,титан,белый,Tom Ford,оптика,135,50,14,36200,всесезонная,женский,средний
1223-G21,квадратная,пластик,серебряный,Valentino,оптика,145,48,14,13070,всесезонная,мужской,молодой
12250-1,прямоугольная,металл,серый,Valentino,солнцезащитные,135,54,19,34034,летняя,мужской,средний
12250-2,овальная,пластик,коричневый,Valentino,солнцезащитные,130,54,15,7630,летняя,мужской,пожилой
12269-8,овальная,комбинированный,синий,Oakley,солнцезащитные,150,52,20,7694,летняя,мужской,средний
12270-3.8,овальная,металл,синий,Polaroid,солнцезащитные,135,46,16,3619,летняя,женский,молодой
12271-3,круглая,титан,золотой,Oakley,оптика,130,46,18,6442,всесезонная,унисекс,средний
12273-1.9,квадратная,комбинированный,белый,Polaroid,солнцезащитные,150,54,14,10394,летняя,женский,средний
12273-3.8,кошачий_глаз,титан,золотой,Ray-Ban,оптика,135,54,19,3754,всесезонная,мужской,пожилой
12277-3,прямоугольная,металл,серый,Gucci,оптика,145,48,19,17494,всесезонная,унисекс,пожилой
1228-05A,круглая,титан,черный,Valentino,оптика,150,46,19,46586,всесезонная,женский,молодой
12280-8.1,круглая,металл,золотой,Ray-Ban,оптика,140,46,16,3246,всесезонная,мужской,пожилой
1228OJ-002,круглая,металл,коричневый,Tom Ford,оптика,130,54,14,13382,всесезонная,мужской,молодой
12291-4D,овальная,пластик,синий,Valentino,оптика,145,46,14,16974,всесезонная,женский,пожилой
12291-6,прямоугольная,металл,серый,Ray-Ban,солнцезащитные,135,48,18,16485,летняя,унисекс,средний
12294-4,круглая,пластик,серебряный,Ray-Ban,солнцезащитные,135,48,18,5249,летняя,мужской,пожилой
12294-8,квадратная,металл,серебряный,Lacoste,солнцезащитные,135,48,20,4469,летняя,женский,средний
"12299-3,8",прямоугольная,металл,золотой,Valentino,солнцезащитные,150,52,16,48066,летняя,женский,средний
123-1,квадратная,титан,серебряный,Polaroid,оптика,135,46,19,13456,всесезонная,мужской,средний
12301-8,квадратная,титан,серый,Oakley,оптика,150,48,14,10207,всесезонная,унисекс,пожилой
12302-4,кошачий_глаз,титан,синий,Gucci,солнцезащитные,150,52,19,23112,летняя,унисекс,молодой
12302-4.2,овальная,титан,серебряный,Ray-Ban,оптика,140,46,14,12945,всесезонная,унисекс,молодой
12303-4,круглая,металл,коричневый,Valentino,солнцезащитные,140,54,18,22800,летняя,женский,молодой
12303-6,прямоугольная,титан,синий,Gucci,оптика,145,48,17,19310,всесезонная,женский,средний
12303-8,прямоугольная,титан,серый,Prada,солнцезащитные,130,48,20,13446,летняя,унисекс,пожилой
12308-3D,овальная,металл,серебряный,Oakley,солнцезащитные,135,50,19,19375,летняя,мужской,пожилой
1237T-09A,кошачий_глаз,пластик,черный,Ray-Ban,оптика,130,54,16,3949,всесезонная,унисекс,пожилой
1237T-12A,овальная,комбинированный,коричневый,Oakley,солнцезащитные,150,52,19,15823,летняя,мужской,пожилой
1238T-09A,прямоугольная,пластик,серый,Gucci,солнцезащитные,140,50,17,27912,летняя,унисекс,средний
124-11,квадратная,металл,белый,Ray-Ban,солнцезащитные,140,50,17,3730,летняя,унисекс,пожилой
124-12,прямоугольная,комбинированный,золотой,Tom Ford,солнцезащитные,140,54,17,19524,летняя,мужской,молодой
124-13,прямоугольная,металл,коричневый,Prada,солнцезащитные,135,52,18,19404,летняя,мужской,молодой
124-BROWN,прямоугольная,металл,синий,Oakley,оптика,140,48,17,15566,всесезонная,мужской,пожилой
124-GUN,кошачий_глаз,комбинированный,серый,Gucci,оптика,140,48,20,43606,всесезонная,женский,пожилой
1240-001,круглая,пластик,белый,Tom Ford,оптика,135,54,20,6648,всесезонная,унисекс,пожилой
1242-WCN,квадратная,титан,золотой,Polaroid,солнцезащитные,130,52,19,3567,летняя,женский,средний
1246-RNB,квадратная,титан,белый,Tom Ford,оптика,130,52,18,20970,всесезонная,мужской,средний
125-11,кошачий_глаз,металл,коричневый,Ray-Ban,оптика,135,46,18,23593,всесезонная,унисекс,средний
125-12,овальная,титан,золотой,Polaroid,оптика,145,46,17,19709,всесезонная,женский,пожилой
125-13,кошачий_глаз,пластик,белый,Prada,оптика,135,52,19,28452,всесезонная,женский,пожилой
1255-004,кошачий_глаз,пластик,серый,Ray-Ban,оптика,130,46,15,21047,всесезонная,женский,пожилой
1257-KB7,овальная,металл,серый,Lacoste,солнцезащитные,145,48,16,4360,летняя,мужской,средний
1262-PJP,квадратная,титан,коричневый,Valentino,оптика,140,48,19,8484,всесезонная,мужской,пожилой
1264-001,овальная,комбинированный,серебряный,Lacoste,оптика,130,54,18,20824,всесезонная,женский,молодой
1265O-005,овальная,титан,серебряный,Valentino,солнцезащитные,140,46,14,19530,летняя,унисекс,средний
1268-001,прямоугольная,титан,черный,Prada,солнцезащитные,130,54,19,33572,летняя,унисекс,пожилой
1268-002,квадратная,пластик,золотой,Tom Ford,солнцезащитные,150,48,14,22124,летняя,унисекс,средний
127-GUN,круглая,комбинированный,синий,Valentino,солнцезащитные,140,46,19,7888,летняя,женский,пожилой
1270-003,кошачий_глаз,титан,белый,Lacoste,солнцезащитные,145,48,20,20473,летняя,женский,пожилой
1270-015,овальная,пластик,серебряный,Ray-Ban,солнцезащитные,145,46,16,5994,летняя,унисекс,молодой
1271-001,круглая,комбинированный,золотой,Lacoste,оптика,140,54,15,10878,всесезонная,мужской,пожилой
1271-004,квадратная,комбинированный,коричневый,Polaroid,оптика,130,50,19,12814,всесезонная,женский,пожилой
1274-003,овальная,комбинированный,золотой,Prada,солнцезащитные,130,48,14,46452,летняя,мужской,средний
1274-0OC,прямоугольная,металл,синий,Gucci,солнцезащитные,145,46,19,34456,летняя,женский,молодой
1274-6LB,кошачий_глаз,металл,серый,Valentino,оптика,135,54,20,33742,всесезонная,женский,пожилой
128-F-9/2,квадратная,металл,коричневый,Lacoste,солнцезащитные,130,54,17,12759,летняя,унисекс,молодой
1285-2,прямоугольная,пластик,серебряный,Tom Ford,солнцезащитные,135,52,20,9698,летняя,унисекс,молодой
1288/F-WCN,кошачий_глаз,пластик,серебряный,Prada,оптика,145,52,19,10830,всесезонная,мужской,средний
1291O-001,прямоугольная,металл,синий,Valentino,солнцезащитные,145,46,15,48364,летняя,мужской,молодой
1294-002,овальная,титан,золотой,Ray-Ban,солнцезащитные,150,52,15,15067,летняя,женский,пожилой
1294-950,квадратная,комбинированный,белый,Prada,оптика,135,48,18,13328,всесезонная,женский,средний
1298-503,овальная,металл,золотой,Gucci,солнцезащитные,150,54,18,23424,летняя,унисекс,средний
1299-002,квадратная,комбинированный,золотой,Tom Ford,оптика,140,54,20,29418,всесезонная,унисекс,молодой
130-457,овальная,титан,золотой,Valentino,оптика,135,46,18,14946,всесезонная,унисекс,средний
130-498,прямоугольная,титан,серебряный,Lacoste,оптика,145,52,20,6536,всесезонная,женский,молодой
1300-002,кошачий_глаз,металл,синий,Ray-Ban,солнцезащитные,135,50,20,12981,летняя,мужской,молодой
1300-941,прямоугольная,металл,серебряный,Polaroid,солнцезащитные,135,46,19,11785,летняя,унисекс,молодой
1301-999,кошачий_глаз,титан,синий,Lacoste,солнцезащитные,135,46,14,19042,летняя,женский,пожилой
1303-09B,круглая,металл,коричневый,Valentino,солнцезащитные,145,48,18,16846,летняя,унисекс,пожилой
1307-908,кошачий_глаз,пластик,золотой,Prada,солнцезащитные,150,52,17,34650,летняя,мужской,молодой
1307-916,круглая,пластик,золотой,Gucci,оптика,150,54,16,28082,всесезонная,унисекс,молодой
1307-918,квадратная,комбинированный,серый,Prada,оптика,150,50,17,39424,всесезонная,унисекс,пожилой
1309-0VK,круглая,титан,синий,Ray-Ban,солнцезащитные,150,48,15,22709,летняя,унисекс,пожилой
1309-MFK,круглая,пластик,коричневый,Prada,оптика,135,54,18,19236,всесезонная,женский,средний
1311-505,кошачий_глаз,пластик,серебряный,Oakley,солнцезащитные,135,52,14,14881,летняя,унисекс,молодой
1318T-09A,круглая,металл,белый,Oakley,солнцезащитные,135,52,14,20131,летняя,унисекс,пожилой
1319-09,круглая,металл,синий,Gucci,солнцезащитные,145,48,15,9092,летняя,унисекс,молодой
1319T-02A,круглая,пластик,серебряный,Valentino,солнцезащитные,140,46,16,11572,летняя,женский,молодой
1319T-09A,прямоугольная,титан,серый,Valentino,солнцезащитные,145,54,15,37722,летняя,мужской,средний
132-BLACK,круглая,металл,коричневый,Valentino,солнцезащитные,135,50,18,6472,летняя,женский,пожилой
132-C1,кошачий_глаз,металл,серебряный,Polaroid,солнцезащитные,135,52,16,24793,летняя,мужской,пожилой
132-SEA,кошачий_глаз,титан,синий,Tom Ford,солнцезащитные,140,50,14,18974,летняя,мужской,молодой
1323-RIW,круглая,металл,синий,Oakley,оптика,145,54,19,24565,всесезонная,унисекс,пожилой
1326-1,кошачий_глаз,комбинированный,серый,Gucci,солнцезащитные,140,46,16,31624,летняя,женский,пожилой
1326-2,круглая,комбинированный,серебряный,Polaroid,солнцезащитные,135,50,18,20729,летняя,унисекс,средний
1333/G-003,круглая,комбинированный,черный,Valentino,оптика,135,48,17,28436,всесезонная,унисекс,средний
1333/G-R80,овальная,металл,серебряный,Polaroid,солнцезащитные,150,54,18,9007,летняя,унисекс,молодой
1344-02A,круглая,комбинированный,серебряный,Ray-Ban,солнцезащитные,135,48,18,23973,летняя,унисекс,средний
1346-09A,круглая,титан,серый,Valentino,оптика,140,46,19,32768,всесезонная,женский,средний
1349-02A,квадратная,титан,коричневый,Polaroid,солнцезащитные,150,50,16,18450,летняя,мужской,молодой
135-D GUN,круглая,пластик,серебряный,Polaroid,оптика,145,48,20,19890,всесезонная,мужской,пожилой
135-GUN,кошачий_глаз,металл,золотой,Ray-Ban,оптика,130,52,17,8681,всесезонная,женский,пожилой
1350-09B,овальная,металл,белый,Valentino,солнцезащитные,130,50,19,28434,летняя,унисекс,молодой
1353-02A,круглая,комбинированный,серый,Valentino,оптика,145,52,16,27928,всесезонная,унисекс,молодой
1353-09A,кошачий_глаз,титан,золотой,Lacoste,солнцезащитные,140,50,18,9560,летняя,мужской,средний
1365-02A,круглая,титан,серебряный,Oakley,солнцезащитные,135,46,14,18597,летняя,мужской,средний
1365-3,кошачий_глаз,комбинированный,золотой,Valentino,оптика,145,46,16,32312,всесезонная,мужской,молодой
1367-02A,кошачий_глаз,пластик,золотой,Valentino,оптика,130,48,19,40312,всесезонная,унисекс,пожилой
1367-06A,овальная,пластик,синий,Ray-Ban,оптика,140,54,14,6973,всесезонная,унисекс,пожилой
1368-02A,прямоугольная,титан,золотой,Lacoste,солнцезащитные,130,54,20,16861,летняя,мужской,средний
1368-06A,кошачий_глаз,металл,синий,Lacoste,солнцезащитные,145,54,15,7478,летняя,мужской,пожилой
1368-11A,прямоугольная,комбинированный,белый,Ray-Ban,солнцезащитные,130,46,14,13085,летняя,женский,молодой
1369-06A,квадратная,титан,синий,Prada,оптика,130,48,16,7772,всесезонная,унисекс,пожилой
1369-12A,овальная,титан,белый,Oakley,солнцезащитные,130,50,15,24395,летняя,женский,молодой
137-16 LUX,круглая,титан,коричневый,Tom Ford,оптика,145,54,17,49300,всесезонная,унисекс,молодой
137-2 LUX,прямоугольная,металл,черный,Ray-Ban,оптика,145,48,17,3825,всесезонная,женский,молодой
137-GOLD,квадратная,металл,черный,Tom Ford,оптика,130,52,18,32174,всесезонная,мужской,молодой
1370-06A,прямоугольная,металл,золотой,Oakley,оптика,130,54,20,6667,всесезонная,унисекс,молодой
1371-02A,прямоугольная,пластик,коричневый,Gucci,солнцезащитные,130,52,14,43306,летняя,мужской,пожилой
1371-02B,прямоугольная,пластик,серый,Lacoste,оптика,130,52,19,6212,всесезонная,мужской,пожилой
1371-06A,прямоугольная,металл,серый,Valentino,солнцезащитные,135,52,15,47288,летняя,унисекс,молодой
1373-06A,овальная,металл,золотой,Polaroid,солнцезащитные,140,48,15,22325,летняя,женский,молодой
1373-09A,прямоугольная,металл,серебряный,Valentino,солнцезащитные,135,54,17,49118,летняя,мужской,молодой
1374-06A,квадратная,пластик,серый,Tom Ford,оптика,135,52,15,41820,всесезонная,женский,пожилой
1374-09A,кошачий_глаз,металл,черный,Ray-Ban,солнцезащитные,140,46,15,13048,летняя,унисекс,молодой
1375-06A,прямоугольная,комбинированный,коричневый,Valentino,солнцезащитные,150,48,20,30040,летняя,женский,пожилой
1376-06A,квадратная,металл,черный,Polaroid,солнцезащитные,145,48,19,24348,летняя,унисекс,молодой
1377-09A,кошачий_глаз,металл,серый,Oakley,оптика,145,48,15,10716,всесезонная,женский,пожилой
138-BLACK,круглая,титан,серебряный,Tom Ford,солнцезащитные,130,52,15,46874,летняя,унисекс,молодой
138-GREY,квадратная,титан,белый,Valentino,солнцезащитные,150,50,18,47274,летняя,мужской,пожилой
1381-04A,кошачий_глаз,титан,коричневый,Lacoste,солнцезащитные,135,50,17,23542,летняя,мужской,молодой
1381-09A,круглая,титан,черный,Polaroid,солнцезащитные,150,54,17,6976,летняя,женский,пожилой
1383-06A,круглая,металл,коричневый,Prada,солнцезащитные,140,48,14,43352,летняя,мужской,средний
1383-09A,квадратная,титан,коричневый,Tom Ford,солнцезащитные,140,46,15,48540,летняя,мужской,средний
1383-11A,круглая,титан,серебряный,Ray-Ban,солнцезащитные,150,46,14,7090,летняя,женский,молодой
1386-02A,прямоугольная,пластик,синий,Prada,солнцезащитные,130,46,20,6452,летняя,женский,молодой
1386-02B,прямоугольная,комбинированный,синий,Tom Ford,оптика,135,46,18,42258,всесезонная,унисекс,молодой
1386-04A,кошачий_глаз,титан,золотой,Gucci,солнцезащитные,150,52,20,38534,летняя,женский,средний
1387-02A,круглая,металл,синий,Ray-Ban,солнцезащитные,135,50,20,4841,летняя,мужской,средний
1387-04A,овальная,пластик,белый,Tom Ford,солнцезащитные,150,54,14,23830,летняя,унисекс,молодой
1389-03E,круглая,титан,коричневый,Gucci,солнцезащитные,145,52,18,26114,летняя,женский,средний
139-GREY,овальная,пластик,серый,Valentino,оптика,140,48,20,11346,всесезонная,унисекс,молодой
139-NERO,круглая,комбинированный,белый,Lacoste,оптика,150,50,17,19275,всесезонная,унисекс,средний
1390-12A,овальная,титан,синий,Gucci,оптика,130,50,19,14484,всесезонная,женский,средний
1393-06,прямоугольная,металл,черный,Polaroid,оптика,130,48,14,20349,всесезонная,женский,молодой
14-016 04,прямоугольная,пластик,серебряный,Lacoste,солнцезащитные,140,50,16,3863,летняя,унисекс,средний
14-072 14P,овальная,титан,золотой,Oakley,оптика,130,50,19,4872,всесезонная,женский,средний
14-096 18PK,овальная,титан,коричневый,Valentino,оптика,150,54,19,49540,всесезонная,мужской,средний
14-096 19PK,прямоугольная,титан,синий,Prada,солнцезащитные,135,50,20,17534,летняя,женский,молодой
14-119 44Р,квадратная,металл,черный,Ray-Ban,оптика,140,48,18,7314,всесезонная,женский,средний
14-120 18P,кошачий_глаз,металл,золотой,Prada,солнцезащитные,150,54,14,26692,летняя,женский,пожилой
14-129 14P,овальная,комбинированный,коричневый,Valentino,солнцезащитные,150,50,20,9772,летняя,унисекс,молодой
14-129 18P,овальная,металл,синий,Polaroid,солнцезащитные,150,52,17,9611,летняя,мужской,средний
14-129 52P,круглая,комбинированный,черный,Oakley,оптика,150,46,15,14573,всесезонная,унисекс,молодой
14-132 20P,кошачий_глаз,металл,коричневый,Tom Ford,солнцезащитные,145,54,17,20772,летняя,мужской,пожилой
14-135 17P,кошачий_глаз,металл,белый,Lacoste,оптика,145,50,20,13386,всесезонная,унисекс,средний
14-138 17P,квадратная,пластик,белый,Lacoste,оптика,130,52,20,9786,всесезонная,унисекс,пожилой
14-138 20P,квадратная,пластик,золотой,Oakley,солнцезащитные,140,46,20,16189,летняя,женский,пожилой
14-139 20P,круглая,комбинированный,черный,Ray-Ban,солнцезащитные,130,46,17,20504,летняя,женский,средний
14-139 52P,кошачий_глаз,комбинированный,черный,Lacoste,солнцезащитные,145,52,20,18457,летняя,женский,пожилой
14-141 20P,квадратная,металл,серый,Valentino,оптика,140,46,19,38320,всесезонная,мужской,пожилой
14-141 34P,кошачий_глаз,титан,золотой,Valentino,оптика,140,48,14,37604,всесезонная,унисекс,средний
14-142 20P,кошачий_глаз,пластик,белый,Prada,солнцезащитные,130,52,20,12908,летняя,мужской,молодой
14-146 17P,прямоугольная,титан,черный,Ray-Ban,оптика,145,48,18,4507,всесезонная,мужской,пожилой
14-147 10P,кошачий_глаз,титан,коричневый,Ray-Ban,оптика,145,48,16,3908,всесезонная,женский,молодой
14-147 20P,кошачий_глаз,пластик,золотой,Lacoste,солнцезащитные,145,54,17,4806,летняя,мужской,пожилой
14-148 10P,овальная,титан,серебряный,Gucci,оптика,135,52,16,13664,всесезонная,мужской,пожилой
14-149 10P,прямоугольная,комбинированный,черный,Lacoste,солнцезащитные,135,46,15,10344,летняя,унисекс,молодой
14-150 09P,овальная,металл,синий,Polaroid,оптика,135,48,16,13437,всесезонная,мужской,средний
14-150 39P,круглая,титан,черный,Tom Ford,оптика,145,50,16,36796,всесезонная,унисекс,пожилой
14-151 14P,круглая,металл,черный,Gucci,оптика,145,48,17,41864,всесезонная,женский,пожилой
14-151 18P,овальная,комбинированный,синий,Polaroid,солнцезащитные,140,48,16,19980,летняя,унисекс,пожилой
14-151 52P,прямоугольная,металл,серый,Ray-Ban,солнцезащитные,150,54,17,3452,летняя,унисекс,молодой
14-155 14P,круглая,пластик,серебряный,Lacoste,солнцезащитные,150,54,18,17407,летняя,женский,молодой
14-156 18P,овальная,металл,серебряный,Lacoste,солнцезащитные,150,54,18,19489,летняя,мужской,молодой
14-158 09P,прямоугольная,титан,золотой,Prada,оптика,150,54,16,13808,всесезонная,унисекс,пожилой
14-158 13P,кошачий_глаз,титан,серый,Oakley,оптика,150,48,14,13683,всесезонная,женский,пожилой
14-158 39P,прямоугольная,комбинированный,золотой,Ray-Ban,оптика,140,46,20,14164,всесезонная,женский,средний
14-303 20P,квадратная,титан,белый,Prada,оптика,135,54,14,36744,всесезонная,женский,средний
14-319 17,круглая,комбинированный,коричневый,Ray-Ban,солнцезащитные,140,50,14,14784,летняя,женский,пожилой
14-319 37,квадратная,комбинированный,коричневый,Gucci,солнцезащитные,145,50,17,24520,летняя,унисекс,молодой
14-333 20,прямоугольная,пластик,коричневый,Valentino,оптика,145,50,15,46434,всесезонная,унисекс,молодой
14-334 18,овальная,титан,белый,Polaroid,солнцезащитные,140,52,14,24352,летняя,мужской,молодой
14-334 19,круглая,пластик,синий,Oakley,оптика,130,48,17,11539,всесезонная,женский,молодой
14-346 18,кошачий_глаз,пластик,синий,Gucci,оптика,145,50,20,8702,всесезонная,мужской,пожилой
14-346 19,круглая,металл,серый,Lacoste,оптика,145,46,17,5037,всесезонная,мужской,средний
14-351 19,овальная,титан,синий,Lacoste,оптика,140,48,15,12951,всесезонная,женский,средний
14-352 17,прямоугольная,комбинированный,синий,Valentino,оптика,150,48,17,25044,всесезонная,мужской,молодой
14-352 18,квадратная,металл,серый,Polaroid,оптика,135,52,18,4583,всесезонная,унисекс,молодой
14-352 19,кошачий_глаз,металл,коричневый,Polaroid,оптика,130,48,17,5613,всесезонная,унисекс,средний
14-353 17,квадратная,комбинированный,золотой,Gucci,солнцезащитные,150,48,19,33454,летняя,мужской,молодой
14-355 17,прямоугольная,комбинированный,черный,Oakley,солнцезащитные,135,52,17,24330,летняя,унисекс,средний
14-355 18,квадратная,пластик,черный,Oakley,солнцезащитные,135,52,14,9457,летняя,мужской,средний
14-356 05,круглая,титан,золотой,Tom Ford,солнцезащитные,130,52,16,31114,летняя,мужской,молодой
14-356 18,круглая,титан,коричневый,Gucci,солнцезащитные,145,50,20,41018,летняя,унисекс,молодой
14-357 18,квадратная,титан,коричневый,Oakley,оптика,145,52,18,6465,всесезонная,унисекс,молодой
14-357 20,прямоугольная,комбинированный,серый,Gucci,солнцезащитные,140,48,18,20076,летняя,мужской,пожилой
14-359 19P,круглая,титан,коричневый,Valentino,солнцезащитные,130,50,18,17844,летняя,унисекс,пожилой
14-359 20P,кошачий_глаз,титан,золотой,Oakley,солнцезащитные,150,46,18,19212,летняя,мужской,молодой
14-360 18P,круглая,комбинированный,черный,Ray-Ban,солнцезащитные,130,46,19,22681,летняя,женский,пожилой
14-360 19P,овальная,комбинированный,белый,Gucci,оптика,145,50,15,11954,всесезонная,унисекс,молодой
14-365 17P,кошачий_глаз,металл,черный,Lacoste,оптика,145,52,17,6603,всесезонная,женский,средний
14-365 19P,прямоугольная,комбинированный,коричневый,Valentino,солнцезащитные,140,50,17,16284,летняя,мужской,средний
14-365 51P,кошачий_глаз,титан,серый,Gucci,оптика,140,48,17,32698,всесезонная,женский,пожилой
14-369 19,овальная,металл,белый,Tom Ford,оптика,140,48,16,44810,всесезонная,унисекс,молодой
14-370 11,овальная,титан,коричневый,Valentino,солнцезащитные,135,50,20,24890,летняя,унисекс,молодой
14-370 13,квадратная,пластик,белый,Oakley,солнцезащитные,145,50,18,6022,летняя,унисекс,молодой
14-370 20,круглая,пластик,серебряный,Oakley,солнцезащитные,150,46,18,18945,летняя,женский,пожилой
14-370 37,кошачий_глаз,металл,синий,Polaroid,оптика,140,46,20,23621,всесезонная,унисекс,средний
14-371 13,квадратная,комбинированный,коричневый,Valentino,солнцезащитные,140,50,15,17258,летняя,женский,средний
14-371 20,прямоугольная,металл,серый,Prada,солнцезащитные,130,50,20,10958,летняя,женский,пожилой
14-371 37,квадратная,комбинированный,белый,Polaroid,оптика,135,52,15,8725,всесезонная,женский,средний
14-372 17,квадратная,титан,серебряный,Valentino,солнцезащитные,140,50,20,31574,летняя,мужской,средний
14-373 17,овальная,пластик,черный,Oakley,оптика,145,50,19,23758,всесезонная,женский,молодой
14-374 37,квадратная,титан,серебряный,Lacoste,оптика,130,54,20,24563,всесезонная,унисекс,пожилой
14-375 05,кошачий_глаз,металл,синий,Valentino,оптика,130,46,18,30928,всесезонная,женский,средний
14-375 17,прямоугольная,титан,синий,Polaroid,солнцезащитные,140,52,16,20177,летняя,женский,средний
14-376 13,прямоугольная,комбинированный,серебряный,Prada,солнцезащитные,150,54,17,38516,летняя,мужской,пожилой
14-376 19,прямоугольная,металл,черный,Ray-Ban,солнцезащитные,130,50,15,3796,летняя,женский,пожилой
14-376 20,прямоугольная,комбинированный,золотой,Ray-Ban,оптика,130,52,14,8285,всесезонная,женский,средний
14-376 37,кошачий_глаз,комбинированный,черный,Lacoste,оптика,140,54,20,8054,всесезонная,унисекс,средний
14-377 13,овальная,комбинированный,синий,Prada,солнцезащитные,145,52,20,37916,летняя,унисекс,средний
14-381 13,круглая,титан,серый,Gucci,солнцезащитные,135,54,14,36390,летняя,женский,молодой
14-382 17,круглая,пластик,коричневый,Lacoste,оптика,140,48,17,24196,всесезонная,женский,средний
14-384 19,прямоугольная,титан,коричневый,Tom Ford,оптика,145,46,17,42278,всесезонная,унисекс,молодой
14-386 17P,кошачий_глаз,металл,белый,Gucci,солнцезащитные,145,46,18,45014,летняя,мужской,пожилой
14-386 51P,прямоугольная,комбинированный,серебряный,Lacoste,солнцезащитные,140,48,14,4766,летняя,женский,средний
14-387 19P,прямоугольная,титан,белый,Prada,оптика,135,52,18,29990,всесезонная,мужской,средний
14-387 51P,кошачий_глаз,пластик,синий,Oakley,оптика,135,50,18,3704,всесезонная,унисекс,средний
14-389 17P,кошачий_глаз,комбинированный,синий,Lacoste,солнцезащитные,140,50,14,9413,летняя,женский,молодой
14-389 19P,квадратная,титан,золотой,Ray-Ban,оптика,145,52,15,21227,всесезонная,женский,пожилой
14-390 18P,круглая,титан,золотой,Oakley,солнцезащитные,135,46,19,15454,летняя,мужской,средний
14-390 39P,кошачий_глаз,титан,серебряный,Ray-Ban,солнцезащитные,135,52,17,24815,летняя,женский,молодой
14-392 33P,квадратная,титан,синий,Prada,солнцезащитные,140,46,15,16812,летняя,женский,молодой
14-392 39P,круглая,титан,коричневый,Gucci,солнцезащитные,135,46,17,34958,летняя,унисекс,молодой
14-394 17P,овальная,пластик,синий,Prada,солнцезащитные,140,48,20,36344,летняя,женский,пожилой
14-394 19P,прямоугольная,титан,золотой,Polaroid,солнцезащитные,135,48,18,6182,летняя,мужской,средний
140-BROWN,квадратная,металл,коричневый,Valentino,солнцезащитные,135,54,16,19330,летняя,женский,пожилой
140-GOLD,квадратная,пластик,синий,Valentino,солнцезащитные,130,50,18,49502,летняя,женский,пожилой
140-PINK,прямоугольная,комбинированный,синий,Tom Ford,оптика,145,52,20,11644,всесезонная,унисекс,средний
1401-01,кошачий_глаз,комбинированный,коричневый,Gucci,оптика,130,46,19,8164,всесезонная,мужской,средний
1405O-002,круглая,титан,золотой,Gucci,солнцезащитные,145,48,15,41672,летняя,мужской,пожилой
1406O-001,кошачий_глаз,титан,золотой,Tom Ford,солнцезащитные,145,52,19,6488,летняя,женский,средний
1409/F-R81,квадратная,металл,синий,Valentino,солнцезащитные,150,50,20,33396,летняя,мужской,средний
141-BLACK,круглая,комбинированный,синий,Gucci,оптика,140,46,19,9022,всесезонная,мужской,средний
1415-02A,квадратная,титан,золотой,Valentino,оптика,135,48,14,11230,всесезонная,мужской,молодой
1415-09A,круглая,металл,золотой,Valentino,солнцезащитные,140,46,20,21604,летняя,женский,пожилой
1415-1,круглая,титан,синий,Tom Ford,оптика,140,48,14,21112,всесезонная,женский,пожилой
1419-2,овальная,титан,серый,Tom Ford,оптика,130,54,18,32414,всесезонная,мужской,пожилой
1427-H01,кошачий_глаз,титан,серый,Gucci,солнцезащитные,145,52,20,22062,летняя,женский,молодой
1433-2,круглая,титан,серебряный,Tom Ford,оптика,130,46,19,14594,всесезонная,мужской,молодой
1433O-001,квадратная,пластик,серебряный,Oakley,оптика,150,46,18,4620,всесезонная,женский,пожилой
1434O-001,квадратная,металл,черный,Lacoste,солнцезащитные,135,48,16,4104,летняя,женский,средний
1434O-002,прямоугольная,комбинированный,коричневый,Polaroid,оптика,150,52,18,11990,всесезонная,мужской,средний
1439OK-002,квадратная,комбинированный,серый,Valentino,оптика,130,48,15,21620,всесезонная,мужской,молодой
144-280,круглая,пластик,серебряный,Prada,солнцезащитные,130,54,18,24472,летняя,унисекс,молодой
144-C2,круглая,пластик,коричневый,Valentino,оптика,145,54,14,30192,всесезонная,мужской,средний
144-GOLD,овальная,пластик,синий,Oakley,оптика,135,52,16,10407,всесезонная,мужской,пожилой
144-PINK,овальная,пластик,черный,Ray-Ban,солнцезащитные,140,50,19,12860,летняя,женский,средний
1442-09A,овальная,комбинированный,серебряный,Prada,оптика,150,52,15,48174,всесезонная,мужской,средний
1445-1ED,круглая,пластик,черный,Ray-Ban,оптика,145,46,16,5696,всесезонная,женский,молодой
1447-H02,кошачий_глаз,комбинированный,серый,Polaroid,солнцезащитные,150,54,15,13002,летняя,мужской,средний
1447-H04,кошачий_глаз,комбинированный,золотой,Lacoste,оптика,135,46,15,4421,всесезонная,женский,пожилой
1448-09A,прямоугольная,титан,синий,Oakley,оптика,135,48,15,21645,всесезонная,унисекс,средний
144S-P79,квадратная,пластик,серебряный,Valentino,оптика,140,54,18,33000,всесезонная,унисекс,молодой
145-GUN,прямоугольная,комбинированный,серый,Oakley,оптика,135,46,17,7959,всесезонная,женский,молодой
1450-07A,квадратная,пластик,серый,Ray-Ban,солнцезащитные,135,54,19,14774,летняя,мужской,средний
1453-09A,квадратная,комбинированный,золотой,Tom Ford,солнцезащитные,135,48,18,17260,летняя,женский,пожилой
1456-P02,овальная,пластик,коричневый,Polaroid,оптика,145,54,16,4067,всесезонная,мужской,молодой
1460T-P01,прямоугольная,титан,серый,Ray-Ban,оптика,145,50,16,23773,всесезонная,женский,средний
1460T-P03,кошачий_глаз,металл,коричневый,Oakley,оптика,135,50,19,6577,всесезонная,женский,молодой
1462-1,круглая,комбинированный,синий,Valentino,оптика,130,50,20,35694,всесезонная,женский,средний
1462O-001,прямоугольная,металл,черный,Ray-Ban,оптика,145,54,18,8605,всесезонная,женский,пожилой
1466-P02,прямоугольная,титан,черный,Prada,оптика,135,50,17,45960,всесезонная,мужской,средний
1466-P04,прямоугольная,пластик,синий,Ray-Ban,оптика,135,48,20,4073,всесезонная,женский,молодой
1467-P01,квадратная,пластик,серый,Prada,солнцезащитные,140,52,18,24642,летняя,унисекс,пожилой
1467-P02,круглая,металл,коричневый,Tom Ford,солнцезащитные,145,48,17,22568,летняя,женский,средний
1469-01A,овальная,комбинированный,белый,Oakley,оптика,140,46,15,4544,всесезонная,унисекс,пожилой
1469-01B,круглая,комбинированный,серый,Prada,солнцезащитные,140,52,19,15028,летняя,женский,молодой
147-BROWN,квадратная,комбинированный,серебряный,Prada,оптика,135,48,19,22054,всесезонная,мужской,средний
147-VIOLET,овальная,пластик,коричневый,Polaroid,солнцезащитные,135,48,19,7734,летняя,мужской,пожилой
1475-4,квадратная,пластик,серый,Valentino,солнцезащитные,140,46,17,23322,летняя,мужской,средний
148-003,прямоугольная,титан,коричневый,Prada,солнцезащитные,135,52,19,10710,летняя,мужской,молодой
1480T-A01,кошачий_глаз,пластик,коричневый,Tom Ford,оптика,145,50,15,15878,всесезонная,женский,молодой
1488-003,овальная,комбинированный,черный,Oakley,оптика,145,46,14,12988,всесезонная,унисекс,пожилой
1489-C01,овальная,комбинированный,коричневый,Lacoste,оптика,140,50,14,3676,всесезонная,женский,средний
1499-09A,овальная,комбинированный,белый,Lacoste,оптика,140,50,19,11382,всесезонная,унисекс,средний
15.580.03,круглая,металл,коричневый,Prada,оптика,135,46,20,9366,всесезонная,унисекс,средний
15.622.01,прямоугольная,металл,белый,Lacoste,оптика,150,48,20,16565,всесезонная,унисекс,молодой
15.622.02,квадратная,комбинированный,черный,Prada,солнцезащитные,130,50,17,46582,летняя,унисекс,молодой
15.622.03,круглая,титан,золотой,Prada,оптика,150,52,19,13384,всесезонная,мужской,средний
150-BLACK,овальная,пластик,серый,Ray-Ban,солнцезащитные,135,52,20,12963,летняя,женский,молодой
150-VIOLET,квадратная,титан,серебряный,Lacoste,солнцезащитные,130,46,15,4064,летняя,женский,молодой
1502-2,круглая,пластик,коричневый,Gucci,солнцезащитные,145,46,20,45330,летняя,женский,средний
151-F-5/1,квадратная,титан,коричневый,Gucci,солнцезащитные,150,54,20,43564,летняя,мужской,средний
151-F-5/3,круглая,комбинированный,черный,Polaroid,оптика,150,52,17,19532,всесезонная,унисекс,средний
1517T-A01,прямоугольная,пластик,золотой,Valentino,солнцезащитные,140,46,20,30090,летняя,мужской,молодой
1517T-T01,кошачий_глаз,комбинированный,коричневый,Lacoste,оптика,130,54,20,22874,всесезонная,мужской,молодой
155-BROWN,прямоугольная,комбинированный,черный,Prada,солнцезащитные,150,46,17,23444,летняя,женский,средний
158-501,овальная,титан,золотой,Lacoste,солнцезащитные,150,50,20,10618,летняя,мужской,средний
1582-3U5,овальная,комбинированный,серебряный,Gucci,оптика,140,50,16,28588,всесезонная,мужской,средний
16-011 44P,овальная,пластик,черный,Tom Ford,оптика,145,50,18,33294,всесезонная,женский,молодой
16-012 20P,кошачий_глаз,металл,золотой,Ray-Ban,солнцезащитные,150,52,16,7920,летняя,женский,пожилой
16.170.01,кошачий_глаз,пластик,черный,Prada,оптика,130,52,15,35434,всесезонная,мужской,средний
16.170.02,овальная,комбинированный,белый,Oakley,оптика,145,54,15,10457,всесезонная,мужской,пожилой
16.171.01,круглая,комбинированный,белый,Tom Ford,солнцезащитные,145,46,19,22062,летняя,мужской,молодой
16.171.02,прямоугольная,комбинированный,коричневый,Tom Ford,оптика,130,54,17,49216,всесезонная,унисекс,пожилой
16.171.03,кошачий_глаз,комбинированный,синий,Prada,солнцезащитные,150,48,18,21966,летняя,женский,пожилой
16.312.01,круглая,титан,коричневый,Oakley,оптика,130,54,16,14202,всесезонная,унисекс,средний
16.312.02,прямоугольная,пластик,коричневый,Gucci,оптика,135,48,17,39454,всесезонная,женский,пожилой
16.312.03,кошачий_глаз,металл,синий,Oakley,оптика,140,46,17,19015,всесезонная,женский,пожилой
16.313.01,овальная,комбинированный,коричневый,Valentino,солнцезащитные,135,46,15,12158,летняя,мужской,средний
16.313.02,кошачий_глаз,титан,черный,Lacoste,солнцезащитные,145,52,18,11323,летняя,унисекс,молодой
16.313.03,круглая,титан,золотой,Tom Ford,солнцезащитные,150,54,19,15564,летняя,женский,средний
16.315.01,овальная,титан,черный,Oakley,солнцезащитные,150,52,19,23165,летняя,женский,средний
16.315.02,кошачий_глаз,комбинированный,черный,Lacoste,солнцезащитные,130,54,15,17772,летняя,мужской,пожилой
16.315.03,круглая,пластик,белый,Gucci,оптика,145,48,18,33000,всесезонная,унисекс,средний
16.318.01,круглая,комбинированный,черный,Lacoste,оптика,130,54,16,22054,всесезонная,женский,пожилой
16.320.01,овальная,пластик,белый,Lacoste,оптика,140,50,19,23446,всесезонная,женский,молодой
16.320.02,прямоугольная,комбинированный,серебряный,Tom Ford,солнцезащитные,150,50,18,35092,летняя,женский,пожилой
16.320.03,квадратная,комбинированный,синий,Oakley,солнцезащитные,130,54,14,16765,летняя,унисекс,пожилой
16.321.02,квадратная,металл,серый,Oakley,оптика,130,54,19,10572,всесезонная,унисекс,молодой
16.322.01,прямоугольная,комбинированный,золотой,Ray-Ban,оптика,140,54,19,7922,всесезонная,женский,средний
16.323.01,кошачий_глаз,пластик,золотой,Oakley,солнцезащитные,140,54,18,3038,летняя,унисекс,пожилой
16.323.02,круглая,пластик,белый,Ray-Ban,оптика,140,52,19,17306,всесезонная,женский,средний
16.323.03,прямоугольная,пластик,серый,Lacoste,солнцезащитные,150,54,15,23529,летняя,женский,пожилой
16.324.02,квадратная,металл,черный,Lacoste,солнцезащитные,130,46,15,21174,летняя,мужской,средний
16.324.03,прямоугольная,металл,белый,Valentino,солнцезащитные,130,52,20,33108,летняя,мужской,молодой
16.331.02,кошачий_глаз,титан,белый,Tom Ford,оптика,140,46,15,34092,всесезонная,унисекс,молодой
16.332.02,кошачий_глаз,комбинированный,черный,Lacoste,солнцезащитные,135,46,15,16246,летняя,унисекс,молодой
16.334.02,квадратная,пластик,белый,Polaroid,солнцезащитные,140,50,16,8480,летняя,женский,средний
16.334.03,кошачий_глаз,титан,серебряный,Oakley,солнцезащитные,130,46,17,22328,летняя,мужской,средний
16.335.01,круглая,комбинированный,серый,Valentino,солнцезащитные,140,48,15,30180,летняя,мужской,пожилой
16.335.03,овальная,комбинированный,золотой,Prada,солнцезащитные,130,54,18,44144,летняя,мужской,молодой
16.336.02,прямоугольная,титан,синий,Valentino,оптика,140,50,17,26064,всесезонная,унисекс,пожилой
16.338.01,круглая,комбинированный,белый,Lacoste,оптика,135,52,20,20006,всесезонная,унисекс,средний
16.338.02,квадратная,пластик,черный,Lacoste,оптика,150,46,15,4634,всесезонная,мужской,средний
16.342.01,прямоугольная,титан,черный,Valentino,солнцезащитные,140,54,17,44326,летняя,мужской,средний
16.342.03,круглая,пластик,коричневый,Prada,солнцезащитные,140,48,18,18832,летняя,женский,молодой
16.343.02,круглая,комбинированный,серебряный,Gucci,солнцезащитные,145,48,20,45878,летняя,женский,молодой
16.343.03,прямоугольная,комбинированный,синий,Oakley,солнцезащитные,135,50,20,20430,летняя,женский,молодой
16.344.02,круглая,металл,коричневый,Gucci,солнцезащитные,140,52,20,22972,летняя,женский,средний
16.344.03,квадратная,титан,белый,Lacoste,оптика,135,52,19,13568,всесезонная,мужской,молодой
16.345.01,овальная,пластик,золотой,Gucci,оптика,150,50,20,39492,всесезонная,женский,средний
16.345.03,прямоугольная,пластик,белый,Oakley,оптика,150,46,18,18930,всесезонная,унисекс,молодой
16.346.01,квадратная,комбинированный,серебряный,Oakley,оптика,135,46,14,14859,всесезонная,женский,средний
16.346.02,круглая,титан,золотой,Lacoste,солнцезащитные,150,50,19,3318,летняя,унисекс,молодой
16.346.03,квадратная,пластик,серый,Lacoste,солнцезащитные,150,46,16,4602,летняя,унисекс,молодой
16.360.01,квадратная,металл,золотой,Polaroid,солнцезащитные,145,52,17,13271,летняя,мужской,средний
16.360.02,прямоугольная,титан,черный,Lacoste,оптика,130,52,15,24363,всесезонная,унисекс,молодой
16.365.01,круглая,титан,коричневый,Lacoste,оптика,140,48,17,9476,всесезонная,унисекс,молодой
16.367.01,кошачий_глаз,пластик,золотой,Lacoste,оптика,150,46,20,17651,всесезонная,мужской,молодой
16.367.02,прямоугольная,титан,синий,Gucci,солнцезащитные,150,50,20,15756,летняя,унисекс,средний
16.367.03,кошачий_глаз,титан,серебряный,Prada,солнцезащитные,135,54,18,13954,летняя,унисекс,молодой
16.380.02,овальная,пластик,черный,Polaroid,солнцезащитные,145,54,16,3111,летняя,женский,средний
16.380.03,квадратная,металл,серый,Oakley,солнцезащитные,145,52,20,12748,летняя,унисекс,средний
16.483.01,квадратная,пластик,черный,Tom Ford,солнцезащитные,140,50,20,14562,летняя,мужской,средний
16.510.01,прямоугольная,пластик,золотой,Lacoste,солнцезащитные,140,52,18,24404,летняя,унисекс,молодой
16.510.02,кошачий_глаз,титан,синий,Valentino,оптика,135,48,14,26934,всесезонная,мужской,средний
16.510.03,квадратная,металл,золотой,Tom Ford,солнцезащитные,135,52,19,15044,летняя,женский,средний
16.511.02,круглая,титан,золотой,Tom Ford,оптика,135,52,20,19668,всесезонная,мужской,молодой
16.511.03,круглая,комбинированный,золотой,Lacoste,солнцезащитные,130,52,15,16257,летняя,женский,молодой
16.523.02,круглая,металл,синий,Ray-Ban,оптика,130,54,17,8381,всесезонная,мужской,пожилой
16.525.03,круглая,комбинированный,серебряный,Lacoste,оптика,145,54,14,7132,всесезонная,женский,пожилой
16.527.01,прямоугольная,комбинированный,серебряный,Valentino,оптика,135,50,14,24108,всесезонная,унисекс,пожилой
16.527.02,круглая,комбинированный,синий,Polaroid,оптика,130,50,20,12901,всесезонная,унисекс,средний
16.527.03,кошачий_глаз,пластик,коричневый,Valentino,оптика,145,50,17,38624,всесезонная,мужской,средний
16.531.01,кошачий_глаз,комбинированный,белый,Lacoste,солнцезащитные,145,54,17,13590,летняя,унисекс,молодой
16.531.02,квадратная,металл,золотой,Polaroid,оптика,145,50,15,21581,всесезонная,мужской,молодой
16.533.01,кошачий_глаз,титан,синий,Lacoste,солнцезащитные,130,50,16,19709,летняя,мужской,пожилой
16.533.02,кошачий_глаз,комбинированный,коричневый,Ray-Ban,оптика,140,54,16,14336,всесезонная,мужской,средний
16.533.03,овальная,пластик,синий,Oakley,оптика,135,46,20,14480,всесезонная,женский,пожилой
16.534.01,кошачий_глаз,пластик,синий,Lacoste,солнцезащитные,135,46,17,16869,летняя,мужской,средний
16.534.02,овальная,пластик,черный,Lacoste,солнцезащитные,150,54,17,8367,летняя,женский,средний
16.535.02,квадратная,металл,коричневый,Polaroid,солнцезащитные,140,48,20,8049,летняя,унисекс,пожилой
16.535.03,прямоугольная,пластик,серый,Ray-Ban,солнцезащитные,130,48,16,3472,летняя,мужской,молодой
16.539.02,кошачий_глаз,титан,серебряный,Tom Ford,оптика,135,54,20,18034,всесезонная,женский,средний
16.543.01,прямоугольная,комбинированный,серебряный,Polaroid,оптика,145,50,15,20211,всесезонная,женский,средний
16.562.02,овальная,титан,золотой,Ray-Ban,оптика,130,50,16,5841,всесезонная,женский,средний
16.562.03,квадратная,металл,белый,Polaroid,оптика,135,50,14,7352,всесезонная,унисекс,средний
16.563.01,круглая,пластик,белый,Gucci,солнцезащитные,130,52,18,21608,летняя,женский,пожилой
16.563.02,прямоугольная,металл,черный,Oakley,оптика,145,48,14,19761,всесезонная,женский,молодой
16.566.03,квадратная,комбинированный,синий,Tom Ford,солнцезащитные,150,50,17,29590,летняя,унисекс,пожилой
16.571.01,прямоугольная,комбинированный,черный,Oakley,оптика,135,48,18,21260,всесезонная,мужской,пожилой
16.571.02,прямоугольная,комбинированный,черный,Valentino,оптика,145,48,16,39346,всесезонная,женский,молодой
16.580.03,круглая,пластик,серебряный,Gucci,оптика,150,54,17,23516,всесезонная,мужской,средний
16.582.01,прямоугольная,пластик,серебряный,Ray-Ban,оптика,150,54,16,17281,всесезонная,унисекс,пожилой
16.582.02,круглая,комбинированный,золотой,Gucci,солнцезащитные,150,54,18,37764,летняя,мужской,молодой
16.620.01,прямоугольная,металл,черный,Ray-Ban,оптика,150,50,17,17801,всесезонная,унисекс,молодой
16.620.02,квадратная,титан,черный,Oakley,оптика,150,48,20,4971,всесезонная,унисекс,молодой
16.620.03,прямоугольная,металл,черный,Ray-Ban,солнцезащитные,130,46,14,7908,летняя,мужской,средний
16.621.03,круглая,металл,золотой,Lacoste,оптика,150,50,18,22589,всесезонная,унисекс,пожилой
16.622.01,овальная,металл,белый,Lacoste,солнцезащитные,145,50,20,11783,летняя,женский,пожилой
16.622.02,круглая,пластик,белый,Tom Ford,оптика,140,48,19,35980,всесезонная,женский,молодой
16.622.03,кошачий_глаз,металл,черный,Oakley,солнцезащитные,145,52,17,22478,летняя,женский,молодой
16.631.01,прямоугольная,титан,коричневый,Ray-Ban,солнцезащитные,145,46,18,18136,летняя,женский,молодой
16.650.01,овальная,комбинированный,черный,Oakley,солнцезащитные,145,50,15,18634,летняя,мужской,средний
16.650.02,квадратная,титан,коричневый,Ray-Ban,оптика,150,52,19,13384,всесезонная,унисекс,молодой
16.650.03,прямоугольная,комбинированный,золотой,Prada,оптика,140,52,17,31144,всесезонная,унисекс,средний
16.690.01,кошачий_глаз,комбинированный,золотой,Tom Ford,оптика,145,54,17,38240,всесезонная,мужской,пожилой
16.690.02,кошачий_глаз,металл,серебряный,Tom Ford,солнцезащитные,135,48,19,28700,летняя,мужской,средний
160-F-5,круглая,комбинированный,синий,Valentino,солнцезащитные,150,46,19,32258,летняя,мужской,молодой
1602-086,квадратная,пластик,синий,Tom Ford,оптика,130,50,17,34818,всесезонная,унисекс,пожилой
1602-807,кошачий_глаз,пластик,золотой,Oakley,солнцезащитные,135,54,19,17968,летняя,унисекс,средний
1605-100,квадратная,пластик,коричневый,Tom Ford,солнцезащитные,150,46,16,6512,летняя,унисекс,молодой
16058-1,круглая,титан,серый,Polaroid,солнцезащитные,130,54,15,17877,летняя,женский,пожилой
16064-5,квадратная,комбинированный,черный,Prada,солнцезащитные,135,46,17,11888,летняя,мужской,молодой
16064-7,квадратная,металл,золотой,Ray-Ban,солнцезащитные,145,46,19,5568,летняя,мужской,средний
16065-9,овальная,титан,черный,Polaroid,оптика,130,46,18,12815,всесезонная,женский,пожилой
16068-001,прямоугольная,комбинированный,белый,Ray-Ban,солнцезащитные,140,50,15,22946,летняя,женский,молодой
16068-002,овальная,комбинированный,серый,Ray-Ban,оптика,145,52,19,4769,всесезонная,унисекс,молодой
1606OK-001,кошачий_глаз,комбинированный,золотой,Oakley,солнцезащитные,150,48,15,22420,летняя,унисекс,пожилой
1607-187,прямоугольная,комбинированный,белый,Tom Ford,оптика,150,54,14,26092,всесезонная,мужской,средний
1608-187,квадратная,пластик,синий,Polaroid,солнцезащитные,135,50,14,20321,летняя,женский,пожилой
16083-003,кошачий_глаз,титан,белый,Oakley,оптика,135,54,20,17810,всесезонная,мужской,средний
16085-002,овальная,металл,серебряный,Oakley,солнцезащитные,150,52,17,5335,летняя,унисекс,молодой
16086-001,прямоугольная,титан,серебряный,Prada,солнцезащитные,135,54,16,12552,летняя,мужской,пожилой
16086-002,прямоугольная,пластик,серебряный,Valentino,оптика,135,52,18,43892,всесезонная,унисекс,средний
16086-003,овальная,комбинированный,черный,Prada,солнцезащитные,145,50,18,46776,летняя,унисекс,молодой
1611-043,круглая,пластик,синий,Valentino,оптика,130,52,16,11856,всесезонная,унисекс,молодой
1611-100,квадратная,металл,золотой,Valentino,солнцезащитные,150,54,14,22778,летняя,женский,пожилой
1612-100,кошачий_глаз,металл,золотой,Lacoste,солнцезащитные,140,54,14,10943,летняя,унисекс,пожилой
1613-100,круглая,металл,коричневый,Prada,оптика,135,46,17,41064,всесезонная,мужской,пожилой
1613-146,круглая,комбинированный,черный,Polaroid,оптика,130,48,15,17016,всесезонная,женский,пожилой
1614-085,квадратная,пластик,коричневый,Polaroid,оптика,135,48,14,16482,всесезонная,женский,пожилой
1615-100,кошачий_глаз,пластик,белый,Tom Ford,оптика,135,54,18,28740,всесезонная,унисекс,средний
1615-379,круглая,титан,синий,Oakley,оптика,140,50,15,5555,всесезонная,унисекс,молодой
1615-91,прямоугольная,комбинированный,серебряный,Tom Ford,солнцезащитные,140,50,17,9840,летняя,унисекс,средний
1616-100,круглая,титан,серебряный,Lacoste,солнцезащитные,140,50,19,5241,летняя,унисекс,средний
1616-146,овальная,металл,белый,Prada,солнцезащитные,150,48,16,12816,летняя,унисекс,средний
1617-146,овальная,титан,черный,Ray-Ban,солнцезащитные,145,48,16,9966,летняя,мужской,средний
1618-043,овальная,пластик,серый,Oakley,солнцезащитные,130,50,16,11644,летняя,женский,средний
1618-146,квадратная,пластик,белый,Ray-Ban,оптика,150,50,20,3209,всесезонная,унисекс,молодой
1619-043,прямоугольная,титан,коричневый,Lacoste,оптика,135,46,18,7363,всесезонная,мужской,средний
1619-100,круглая,титан,белый,Lacoste,оптика,140,54,17,22728,всесезонная,унисекс,молодой
1620-043,кошачий_глаз,металл,коричневый,Polaroid,оптика,140,54,15,18149,всесезонная,унисекс,пожилой
1620-379,кошачий_глаз,металл,серый,Polaroid,солнцезащитные,135,46,17,15178,летняя,мужской,пожилой
1621-043,прямоугольная,пластик,черный,Polaroid,солнцезащитные,135,50,20,24009,летняя,мужской,средний
1621-100,круглая,металл,золотой,Prada,оптика,145,46,15,14872,всесезонная,женский,средний
1621-379,овальная,титан,коричневый,Tom Ford,солнцезащитные,140,54,19,11906,летняя,женский,пожилой
1622-100,прямоугольная,пластик,серый,Tom Ford,оптика,150,50,18,26676,всесезонная,мужской,средний
1622-355,круглая,пластик,черный,Ray-Ban,солнцезащитные,140,50,16,19568,летняя,мужской,средний
1623-088,квадратная,металл,белый,Gucci,оптика,135,52,15,28660,всесезонная,мужской,молодой
1623-187,кошачий_глаз,металл,белый,Gucci,оптика,130,46,14,16500,всесезонная,мужской,молодой
1623-282,овальная,титан,черный,Polaroid,солнцезащитные,145,48,20,18494,летняя,унисекс,средний
1624-006,круглая,металл,синий,Valentino,солнцезащитные,140,52,19,38746,летняя,женский,молодой
1624-489,кошачий_глаз,титан,черный,Tom Ford,солнцезащитные,135,46,15,25946,летняя,унисекс,молодой
1625-043,квадратная,титан,синий,Prada,солнцезащитные,145,54,19,37154,летняя,мужской,пожилой
1625-100,овальная,комбинированный,черный,Valentino,оптика,150,46,20,45008,всесезонная,женский,пожилой
1625-146,квадратная,пластик,черный,Lacoste,оптика,150,52,17,22961,всесезонная,мужской,молодой
1626-043,кошачий_глаз,пластик,серый,Polaroid,оптика,130,54,18,21047,всесезонная,женский,молодой
1626-087,кошачий_глаз,металл,белый,Gucci,солнцезащитные,140,52,14,41308,летняя,унисекс,пожилой
1626-146,овальная,титан,черный,Valentino,солнцезащитные,135,54,19,42452,летняя,мужской,средний
1626-379,квадратная,пластик,коричневый,Valentino,оптика,130,48,14,43888,всесезонная,мужской,пожилой
1629-085,прямоугольная,металл,черный,Lacoste,оптика,130,46,17,21799,всесезонная,женский,молодой
163-BROEN,кошачий_глаз,комбинированный,золотой,Ray-Ban,оптика,145,54,14,12560,всесезонная,мужской,средний
163-BROWN,квадратная,металл,золотой,Ray-Ban,оптика,150,46,20,15303,всесезонная,унисекс,молодой
163-GOLD,квадратная,металл,синий,Tom Ford,оптика,150,54,19,37108,всесезонная,женский,средний
1630-092,прямоугольная,металл,золотой,Oakley,солнцезащитные,130,54,20,9659,летняя,мужской,пожилой
1630-146,квадратная,металл,белый,Ray-Ban,оптика,135,48,14,14723,всесезонная,мужской,средний
1633-003,кошачий_глаз,комбинированный,золотой,Valentino,солнцезащитные,140,46,20,41600,летняя,женский,пожилой
1633-006,овальная,титан,золотой,Lacoste,солнцезащитные,145,52,17,23353,летняя,мужской,средний
1633-088,овальная,металл,серый,Oakley,оптика,135,48,18,14885,всесезонная,женский,средний
1633-187,круглая,комбинированный,черный,Prada,солнцезащитные,140,48,16,46686,летняя,унисекс,молодой
1633-379,овальная,пластик,синий,Prada,солнцезащитные,145,48,16,48590,летняя,женский,молодой
1633-J5G,круглая,комбинированный,коричневый,Valentino,оптика,150,54,16,22654,всесезонная,унисекс,молодой
1634-166,круглая,металл,синий,Polaroid,солнцезащитные,150,48,19,14726,летняя,унисекс,средний
1635-363,кошачий_глаз,металл,синий,Tom Ford,оптика,130,52,20,13330,всесезонная,мужской,средний
1635-366,овальная,титан,черный,Gucci,солнцезащитные,135,50,20,12924,летняя,женский,молодой
1635-381,овальная,металл,черный,Polaroid,солнцезащитные,140,48,14,18318,летняя,унисекс,молодой
1635T-02A,круглая,комбинированный,серый,Ray-Ban,оптика,130,50,19,3968,всесезонная,женский,средний
1635T-04A,прямоугольная,пластик,серый,Lacoste,солнцезащитные,135,46,15,11734,летняя,мужской,пожилой
1635T-09A,прямоугольная,комбинированный,черный,Ray-Ban,оптика,145,48,14,21939,всесезонная,женский,молодой
1639-066,кошачий_глаз,металл,серебряный,Lacoste,оптика,140,54,17,4242,всесезонная,женский,молодой
1640-363,прямоугольная,комбинированный,коричневый,Valentino,оптика,130,54,20,41194,всесезонная,унисекс,средний
1641-001,круглая,титан,черный,Gucci,солнцезащитные,145,46,14,10892,летняя,женский,средний
1641-166,прямоугольная,металл,синий,Prada,оптика,150,52,20,28674,всесезонная,женский,молодой
1643-366,кошачий_глаз,металл,серый,Oakley,оптика,130,50,15,3047,всесезонная,мужской,пожилой
1643-543,круглая,металл,серый,Prada,солнцезащитные,140,54,17,44372,летняя,унисекс,пожилой
1644-774,прямоугольная,пластик,черный,Ray-Ban,солнцезащитные,140,50,15,20533,летняя,женский,молодой
1645-292,квадратная,металл,серебряный,Polaroid,солнцезащитные,150,46,18,20084,летняя,унисекс,средний
1646-6AK,круглая,пластик,серый,Valentino,оптика,135,54,17,21296,всесезонная,женский,средний
1646-807,прямоугольная,титан,белый,Lacoste,оптика,150,48,17,12967,всесезонная,мужской,пожилой
1646T-04A,круглая,титан,черный,Gucci,оптика,145,54,20,12736,всесезонная,мужской,средний
1647-543,прямоугольная,металл,белый,Lacoste,солнцезащитные,140,52,17,23901,летняя,мужской,молодой
165041-BIRDIE,овальная,металл,синий,Oakley,оптика,140,54,16,12457,всесезонная,унисекс,средний
1652-027,круглая,пластик,черный,Oakley,оптика,140,52,17,5502,всесезонная,унисекс,молодой
1652-KB7,кошачий_глаз,комбинированный,белый,Prada,солнцезащитные,130,50,19,34792,летняя,женский,молодой
1652-PJP,круглая,комбинированный,коричневый,Lacoste,оптика,135,48,17,7789,всесезонная,унисекс,средний
1655-305,круглая,металл,серебряный,Valentino,оптика,150,48,16,27956,всесезонная,мужской,средний
1656-066,прямоугольная,пластик,черный,Oakley,солнцезащитные,145,46,18,16879,летняя,мужской,пожилой
1658-027,кошачий_глаз,комбинированный,белый,Prada,солнцезащитные,140,54,19,24654,летняя,женский,средний
1658-068,овальная,пластик,серебряный,Valentino,оптика,130,50,18,24990,всесезонная,унисекс,пожилой
166-F-2,кошачий_глаз,комбинированный,синий,Oakley,оптика,145,46,19,23529,всесезонная,женский,пожилой
166-F-7,кошачий_глаз,титан,синий,Prada,солнцезащитные,150,48,17,23908,летняя,унисекс,пожилой
1660-340,квадратная,титан,серебряный,Polaroid,солнцезащитные,130,54,15,11878,летняя,унисекс,средний
1661-316,кошачий_глаз,титан,синий,Ray-Ban,оптика,150,52,17,20068,всесезонная,женский,пожилой
1663-008,прямоугольная,титан,коричневый,Polaroid,оптика,135,54,18,6061,всесезонная,женский,молодой
1663-088,прямоугольная,комбинированный,золотой,Polaroid,оптика,130,54,16,12175,всесезонная,унисекс,молодой
1664-083,круглая,комбинированный,серебряный,Lacoste,солнцезащитные,130,54,16,5073,летняя,унисекс,средний
1665-061,кошачий_глаз,комбинированный,серебряный,Valentino,оптика,130,50,16,23482,всесезонная,мужской,средний
1665-087,квадратная,комбинированный,коричневый,Oakley,солнцезащитные,130,50,14,10108,летняя,унисекс,пожилой
1665-100,кошачий_глаз,металл,серый,Gucci,оптика,140,48,18,47620,всесезонная,унисекс,молодой
1665-379,прямоугольная,титан,золотой,Gucci,солнцезащитные,140,50,18,15724,летняя,мужской,пожилой
1666-043,кошачий_глаз,титан,серый,Polaroid,солнцезащитные,135,54,20,12386,летняя,мужской,средний
1666-087,прямоугольная,металл,серый,Valentino,солнцезащитные,140,52,17,16352,летняя,мужской,молодой
1667-006,квадратная,титан,коричневый,Prada,солнцезащитные,145,50,16,30352,летняя,унисекс,средний
1667-083,кошачий_глаз,титан,коричневый,Oakley,солнцезащитные,130,52,18,21288,летняя,унисекс,молодой
1668-061,круглая,металл,золотой,Ray-Ban,солнцезащитные,140,52,15,6061,летняя,мужской,пожилой
1668-100,квадратная,металл,коричневый,Oakley,оптика,140,48,16,14332,всесезонная,женский,пожилой
167-0492,квадратная,металл,синий,Polaroid,солнцезащитные,150,46,14,7318,летняя,мужской,средний
167-BROWN,кошачий_глаз,пластик,черный,Ray-Ban,солнцезащитные,150,54,15,23359,летняя,мужской,молодой
1670-282,прямоугольная,металл,синий,Tom Ford,солнцезащитные,150,46,17,49326,летняя,унисекс,средний
1671-006,круглая,комбинированный,золотой,Ray-Ban,оптика,135,50,16,11172,всесезонная,мужской,пожилой
1671-163,овальная,металл,коричневый,Polaroid,солнцезащитные,145,54,16,16023,летняя,женский,молодой
1671-379,кошачий_глаз,пластик,синий,Tom Ford,солнцезащитные,130,54,17,16300,летняя,мужской,средний
1672-100,кошачий_глаз,металл,белый,Prada,солнцезащитные,150,50,20,23902,летняя,унисекс,пожилой
1673-061,квадратная,титан,коричневый,Oakley,оптика,140,50,19,3238,всесезонная,унисекс,пожилой
1673-146,прямоугольная,металл,черный,Ray-Ban,солнцезащитные,135,52,14,10145,летняя,унисекс,средний
1673-379,круглая,титан,серый,Ray-Ban,оптика,140,46,16,17919,всесезонная,мужской,молодой
1674-100,овальная,пластик,серый,Oakley,солнцезащитные,135,50,16,6089,летняя,унисекс,средний
1675-146,круглая,комбинированный,синий,Oakley,солнцезащитные,150,48,19,20549,летняя,женский,пожилой
1675-282,прямоугольная,комбинированный,белый,Polaroid,оптика,145,46,18,5416,всесезонная,женский,молодой
1675-379,квадратная,комбинированный,серый,Ray-Ban,солнцезащитные,150,50,15,15648,летняя,мужской,молодой
1675/F-R81,овальная,комбинированный,синий,Valentino,солнцезащитные,135,46,16,29956,летняя,мужской,пожилой
1676-363,кошачий_глаз,комбинированный,серый,Lacoste,солнцезащитные,150,46,15,20314,летняя,женский,молодой
1676-366,прямоугольная,металл,синий,Valentino,солнцезащитные,130,46,17,16938,летняя,унисекс,пожилой
1677-366,квадратная,металл,золотой,Polaroid,оптика,135,54,15,6299,всесезонная,женский,молодой
1677-381,кошачий_глаз,металл,серебряный,Prada,солнцезащитные,145,52,16,14520,летняя,женский,пожилой
1677-543,овальная,комбинированный,черный,Lacoste,оптика,140,50,18,13977,всесезонная,мужской,средний
1679-018,круглая,пластик,белый,Prada,солнцезащитные,150,54,15,23378,летняя,мужской,пожилой
1679-1414,прямоугольная,металл,серебряный,Ray-Ban,оптика,130,46,16,21070,всесезонная,унисекс,средний
1679-146,прямоугольная,пластик,коричневый,Prada,оптика,150,46,19,32210,всесезонная,женский,средний
1681-011,кошачий_глаз,комбинированный,коричневый,Lacoste,оптика,130,54,16,11032,всесезонная,унисекс,пожилой
1683-345,квадратная,металл,черный,Prada,солнцезащитные,150,54,15,30178,летняя,мужской,пожилой
1684-079,овальная,пластик,серый,Tom Ford,оптика,150,54,15,34728,всесезонная,унисекс,пожилой
1686-079,овальная,титан,синий,Gucci,солнцезащитные,150,52,14,25016,летняя,мужской,пожилой
1686MT-06A,квадратная,пластик,золотой,Oakley,солнцезащитные,145,46,20,21655,летняя,мужской,средний
1687-050,прямоугольная,комбинированный,белый,Valentino,солнцезащитные,145,54,16,37846,летняя,мужской,молодой
1687-339,прямоугольная,комбинированный,золотой,Tom Ford,оптика,140,48,16,11206,всесезонная,унисекс,молодой
1687-469,квадратная,комбинированный,серый,Oakley,солнцезащитные,130,52,20,22529,летняя,унисекс,молодой
1687MT-02A,кошачий_глаз,комбинированный,белый,Gucci,оптика,145,46,16,34428,всесезонная,унисекс,пожилой
1690-08A,овальная,комбинированный,коричневый,Gucci,солнцезащитные,140,50,14,31092,летняя,унисекс,средний
1690-469,кошачий_глаз,металл,белый,Polaroid,солнцезащитные,140,50,17,22575,летняя,женский,молодой
1691-07A,овальная,пластик,серый,Polaroid,оптика,130,46,14,5078,всесезонная,женский,средний
1691-469,кошачий_глаз,металл,золотой,Ray-Ban,солнцезащитные,145,46,20,6370,летняя,мужской,средний
1692T-08A,квадратная,комбинированный,золотой,Ray-Ban,солнцезащитные,130,48,14,15385,летняя,мужской,пожилой
1694-016,круглая,титан,коричневый,Gucci,солнцезащитные,140,46,16,20908,летняя,женский,средний
1695-035,прямоугольная,комбинированный,белый,Lacoste,солнцезащитные,145,48,14,11933,летняя,унисекс,пожилой
1696-020,кошачий_глаз,комбинированный,синий,Valentino,солнцезащитные,135,46,17,36760,летняя,унисекс,молодой
1696-400,квадратная,пластик,коричневый,Tom Ford,оптика,145,46,17,35138,всесезонная,женский,средний
1698-111,круглая,комбинированный,серый,Valentino,солнцезащитные,145,50,16,32234,летняя,мужской,средний
1699MT-06A,кошачий_глаз,пластик,серебряный,Polaroid,оптика,150,48,19,15078,всесезонная,унисекс,средний
1699MT-09A,овальная,титан,черный,Tom Ford,оптика,130,52,15,34764,всесезонная,унисекс,средний
17-212 20,прямоугольная,пластик,серебряный,Prada,солнцезащитные,145,46,20,47834,летняя,женский,молодой
17-223 08,квадратная,комбинированный,серебряный,Ray-Ban,солнцезащитные,135,52,18,13987,летняя,женский,пожилой
17-225 17,кошачий_глаз,титан,золотой,Ray-Ban,оптика,130,50,20,16381,всесезонная,мужской,пожилой
170-GUN,прямоугольная,пластик,черный,Gucci,солнцезащитные,150,54,15,37314,летняя,мужской,средний
1700-277,овальная,пластик,серебряный,Lacoste,оптика,130,46,14,22646,всесезонная,мужской,молодой
1701-203,кошачий_глаз,металл,коричневый,Tom Ford,солнцезащитные,130,54,14,14630,летняя,унисекс,молодой
1703M-C2,овальная,титан,синий,Lacoste,солнцезащитные,140,46,20,3929,летняя,мужской,пожилой
1705-200,квадратная,комбинированный,золотой,Valentino,солнцезащитные,145,50,15,25312,летняя,мужской,пожилой
1705-203,овальная,металл,золотой,Oakley,солнцезащитные,130,48,16,4037,летняя,мужской,молодой
17052-002,круглая,комбинированный,золотой,Tom Ford,солнцезащитные,145,48,15,10368,летняя,мужской,средний
17063-8,квадратная,пластик,черный,Tom Ford,солнцезащитные,150,50,17,38404,летняя,мужской,молодой
17064-002,квадратная,пластик,серый,Polaroid,солнцезащитные,145,54,19,13792,летняя,унисекс,средний
17066-001,прямоугольная,пластик,серый,Prada,солнцезащитные,140,52,15,11338,летняя,мужской,средний
1707-1,кошачий_глаз,металл,коричневый,Gucci,оптика,130,46,20,31746,всесезонная,унисекс,молодой
1707-750,прямоугольная,пластик,синий,Tom Ford,оптика,130,52,20,13112,всесезонная,унисекс,молодой
17072-001,кошачий_глаз,титан,синий,Oakley,солнцезащитные,130,46,15,11583,летняя,мужской,средний
17072-003,кошачий_глаз,комбинированный,серый,Oakley,солнцезащитные,140,48,16,16337,летняя,унисекс,пожилой
17073-001,квадратная,пластик,белый,Ray-Ban,оптика,150,52,14,9932,всесезонная,мужской,молодой
17073-002,овальная,комбинированный,золотой,Lacoste,солнцезащитные,150,54,14,19206,летняя,женский,молодой
17074-001,круглая,титан,серебряный,Valentino,солнцезащитные,135,48,15,19174,летняя,унисекс,средний
17074-002,прямоугольная,пластик,серый,Ray-Ban,солнцезащитные,135,52,19,21054,летняя,унисекс,средний
17078-003,овальная,пластик,серебряный,Polaroid,солнцезащитные,145,46,20,22194,летняя,мужской,средний
17080-002,кошачий_глаз,титан,белый,Polaroid,солнцезащитные,130,54,18,20580,летняя,унисекс,молодой
17086-001,прямоугольная,пластик,серебряный,Valentino,солнцезащитные,130,54,15,29938,летняя,женский,пожилой
17088-002,кошачий_глаз,металл,черный,Prada,солнцезащитные,130,54,15,11732,летняя,унисекс,средний
17088-003,круглая,металл,золотой,Gucci,солнцезащитные,130,52,15,41678,летняя,унисекс,пожилой
1708M-C4,овальная,пластик,синий,Lacoste,оптика,130,46,19,5985,всесезонная,унисекс,средний
1709-345,прямоугольная,комбинированный,серебряный,Valentino,оптика,135,48,15,49310,всесезонная,женский,пожилой
17091-001,кошачий_глаз,комбинированный,серый,Oakley,оптика,150,54,14,7675,всесезонная,мужской,пожилой
17092-001,круглая,титан,белый,Oakley,солнцезащитные,130,46,20,14133,летняя,унисекс,молодой
17094-002,круглая,пластик,белый,Lacoste,оптика,140,48,19,8413,всесезонная,мужской,пожилой
17095-002,овальная,пластик,черный,Gucci,солнцезащитные,150,54,20,49230,летняя,мужской,средний
17096-001,круглая,металл,белый,Valentino,оптика,140,54,16,25638,всесезонная,женский,молодой
17096-002,кошачий_глаз,комбинированный,серый,Polaroid,солнцезащитные,150,54,17,18287,летняя,мужской,средний
171-F-14,квадратная,титан,белый,Oakley,солнцезащитные,150,54,18,8704,летняя,женский,средний
1710-400,прямоугольная,пластик,коричневый,Gucci,солнцезащитные,140,50,14,42356,летняя,мужской,пожилой
171021,квадратная,металл,золотой,Polaroid,солнцезащитные,135,46,16,19197,летняя,унисекс,молодой
17105-001,прямоугольная,пластик,синий,Lacoste,оптика,130,48,20,21032,всесезонная,унисекс,пожилой
17108-001,овальная,комбинированный,коричневый,Oakley,солнцезащитные,150,52,15,21077,летняя,унисекс,молодой
17108-002,круглая,пластик,белый,Gucci,оптика,135,50,17,24966,всесезонная,женский,пожилой
1711-053,прямоугольная,металл,белый,Valentino,солнцезащитные,135,48,15,37520,летняя,женский,пожилой
1711-079,овальная,пластик,золотой,Ray-Ban,оптика,135,52,19,14447,всесезонная,женский,средний
17110-001,квадратная,комбинированный,белый,Valentino,солнцезащитные,135,46,14,11178,летняя,женский,средний
17118-001,кошачий_глаз,комбинированный,коричневый,Lacoste,солнцезащитные,130,48,18,23936,летняя,унисекс,пожилой
1712M-C3,квадратная,пластик,серый,Polaroid,солнцезащитные,145,50,20,3111,летняя,мужской,средний
1712M-C4,прямоугольная,комбинированный,коричневый,Ray-Ban,солнцезащитные,135,52,14,6598,летняя,мужской,пожилой
1713-018,квадратная,титан,синий,Tom Ford,оптика,140,50,16,6450,всесезонная,унисекс,молодой
1713-146,прямоугольная,пластик,черный,Ray-Ban,солнцезащитные,135,50,20,10517,летняя,унисекс,средний
1715-018,кошачий_глаз,пластик,серебряный,Ray-Ban,солнцезащитные,140,54,18,16947,летняя,женский,средний
1716-011,кошачий_глаз,пластик,серебряный,Polaroid,солнцезащитные,140,46,19,23115,летняя,мужской,средний
1716-018,круглая,пластик,белый,Tom Ford,оптика,130,54,14,38260,всесезонная,унисекс,пожилой
1716-414,кошачий_глаз,пластик,черный,Tom Ford,солнцезащитные,130,46,18,49090,летняя,унисекс,средний
1716M-C3,круглая,металл,серый,Ray-Ban,солнцезащитные,145,54,18,7829,летняя,женский,молодой
1717-012,круглая,титан,серый,Gucci,солнцезащитные,135,46,20,12778,летняя,женский,молодой
1717-146,квадратная,пластик,черный,Tom Ford,солнцезащитные,140,46,15,13518,летняя,женский,средний
1718-016,овальная,комбинированный,черный,Valentino,солнцезащитные,140,48,19,8628,летняя,унисекс,молодой
1718-043,круглая,металл,черный,Prada,оптика,150,54,15,47934,всесезонная,женский,молодой
1718-414,кошачий_глаз,пластик,серый,Valentino,оптика,130,46,14,39802,всесезонная,мужской,пожилой
1719-011,квадратная,титан,золотой,Prada,оптика,135,48,18,18994,всесезонная,унисекс,пожилой
1719-146,квадратная,пластик,золотой,Ray-Ban,оптика,150,48,16,6742,всесезонная,мужской,пожилой
1719-414,прямоугольная,пластик,белый,Polaroid,солнцезащитные,145,52,18,10596,летняя,женский,средний
1720-016,кошачий_глаз,комбинированный,серебряный,Tom Ford,солнцезащитные,135,52,15,45262,летняя,унисекс,молодой
1720-414,круглая,комбинированный,черный,Gucci,солнцезащитные,130,48,19,12670,летняя,женский,пожилой
1721-011,круглая,титан,белый,Gucci,оптика,135,50,17,22962,всесезонная,женский,пожилой
1721-146,круглая,комбинированный,серебряный,Ray-Ban,оптика,135,48,20,7539,всесезонная,унисекс,пожилой
1721-414,кошачий_глаз,титан,серый,Tom Ford,солнцезащитные,130,48,14,20614,летняя,мужской,пожилой
1722-016,прямоугольная,титан,золотой,Valentino,оптика,130,48,17,16262,всесезонная,женский,средний
1722-043,прямоугольная,комбинированный,черный,Gucci,оптика,145,54,15,28602,всесезонная,мужской,молодой
1722-414,круглая,металл,серебряный,Gucci,оптика,140,50,18,43448,всесезонная,мужской,молодой
1723M-C2,кошачий_глаз,титан,серебряный,Polaroid,оптика,135,50,17,7782,всесезонная,унисекс,пожилой
1724-011,кошачий_глаз,титан,белый,Polaroid,солнцезащитные,135,46,15,9409,летняя,мужской,молодой
1724-016,кошачий_глаз,металл,коричневый,Polaroid,оптика,130,54,16,21055,всесезонная,мужской,средний
1724-414,овальная,пластик,белый,Oakley,солнцезащитные,150,50,14,22116,летняя,мужской,средний
1725-018,кошачий_глаз,пластик,коричневый,Tom Ford,солнцезащитные,135,48,18,23902,летняя,унисекс,пожилой
1725-043,круглая,комбинированный,коричневый,Tom Ford,оптика,140,52,14,44552,всесезонная,унисекс,пожилой
1725-3,кошачий_глаз,комбинированный,черный,Oakley,оптика,135,48,17,15130,всесезонная,женский,средний
1725-414,овальная,металл,синий,Tom Ford,солнцезащитные,145,46,20,35018,летняя,мужской,молодой
1726-414,прямоугольная,титан,белый,Polaroid,оптика,135,50,19,19024,всесезонная,унисекс,пожилой
1727-050,квадратная,титан,коричневый,Oakley,солнцезащитные,140,50,14,19450,летняя,унисекс,средний
1727-436,квадратная,металл,синий,Valentino,оптика,130,52,14,24556,всесезонная,женский,средний
1727-469,овальная,пластик,синий,Tom Ford,солнцезащитные,130,50,17,9112,летняя,мужской,средний
1727-507,овальная,титан,коричневый,Valentino,оптика,145,48,17,11954,всесезонная,унисекс,пожилой
1728-436,квадратная,комбинированный,серый,Ray-Ban,оптика,135,50,14,4942,всесезонная,мужской,пожилой
1728-690,круглая,металл,черный,Prada,солнцезащитные,145,50,15,17154,летняя,унисекс,пожилой
1728M-09A,прямоугольная,металл,золотой,Oakley,солнцезащитные,135,54,20,14800,летняя,мужской,молодой
173-308,кошачий_глаз,пластик,синий,Valentino,оптика,135,48,14,43076,всесезонная,мужской,средний
1730-020,квадратная,металл,коричневый,Valentino,солнцезащитные,135,50,17,25172,летняя,женский,пожилой
1731-203,круглая,титан,серебряный,Prada,оптика,130,52,15,23284,всесезонная,женский,пожилой
1731-803,кошачий_глаз,титан,золотой,Gucci,солнцезащитные,150,50,17,33244,летняя,мужской,молодой
1733-122,кошачий_глаз,пластик,золотой,Oakley,оптика,140,46,15,14093,всесезонная,унисекс,средний
1733-283,овальная,комбинированный,серый,Ray-Ban,оптика,140,50,20,14535,всесезонная,унисекс,пожилой
1735-09B,прямоугольная,пластик,золотой,Prada,солнцезащитные,150,48,17,16498,летняя,мужской,средний
1735-6,прямоугольная,пластик,черный,Valentino,солнцезащитные,130,50,16,37360,летняя,унисекс,средний
173S-H58,прямоугольная,пластик,синий,Prada,солнцезащитные,130,46,17,10730,летняя,мужской,средний
174-F-5,кошачий_глаз,комбинированный,белый,Prada,оптика,140,54,19,6262,всесезонная,женский,молодой
1741T-05B,квадратная,комбинированный,серебряный,Gucci,солнцезащитные,150,50,19,19692,летняя,мужской,пожилой
1741T-09A,кошачий_глаз,комбинированный,серый,Prada,оптика,135,54,17,27790,всесезонная,женский,молодой
1742-10,кошачий_глаз,титан,золотой,Tom Ford,солнцезащитные,130,46,16,13520,летняя,мужской,средний
1743-07A,круглая,титан,золотой,Lacoste,солнцезащитные,130,50,19,17982,летняя,женский,пожилой
1743-09A,прямоугольная,титан,серебряный,Lacoste,солнцезащитные,135,50,15,15247,летняя,женский,молодой
1745-09A,овальная,титан,белый,Polaroid,оптика,145,52,19,20230,всесезонная,мужской,пожилой
1745-9,прямоугольная,титан,серебряный,Gucci,солнцезащитные,135,46,18,36874,летняя,женский,молодой
1747-001,овальная,комбинированный,серый,Polaroid,солнцезащитные,130,54,17,24305,летняя,мужской,средний
175-GOLD,прямоугольная,пластик,белый,Valentino,солнцезащитные,130,54,18,20708,летняя,женский,средний
175-MARRONE,квадратная,пластик,золотой,Lacoste,оптика,135,48,17,22202,всесезонная,женский,средний
175-PINK,овальная,металл,белый,Prada,оптика,140,48,18,24690,всесезонная,женский,средний
1750T-05A,кошачий_глаз,титан,синий,Valentino,оптика,135,46,14,37470,всесезонная,женский,средний
1751T-05A,круглая,пластик,серый,Oakley,оптика,130,54,20,5381,всесезонная,женский,пожилой
1751T-09A,кошачий_глаз,титан,черный,Ray-Ban,оптика,140,50,19,7074,всесезонная,унисекс,пожилой
1752-001,квадратная,комбинированный,коричневый,Lacoste,солнцезащитные,140,52,19,11654,летняя,женский,молодой
1752-004,овальная,комбинированный,золотой,Prada,оптика,135,50,15,33338,всесезонная,мужской,молодой
1753-002,прямоугольная,титан,серебряный,Polaroid,солнцезащитные,150,46,14,21732,летняя,женский,средний
1753-706,квадратная,пластик,белый,Oakley,оптика,150,52,16,19546,всесезонная,унисекс,пожилой
1754M-02B,овальная,пластик,синий,Tom Ford,солнцезащитные,150,54,18,8434,летняя,женский,пожилой
1755-004,прямоугольная,титан,серебряный,Lacoste,солнцезащитные,145,50,15,20833,летняя,мужской,средний
1755-266,овальная,пластик,белый,Oakley,оптика,135,52,14,8376,всесезонная,унисекс,средний
1756M-06B,квадратная,комбинированный,серебряный,Lacoste,оптика,130,48,14,8244,всесезонная,женский,средний
1756M-09A,кошачий_глаз,титан,синий,Lacoste,солнцезащитные,150,54,14,8828,летняя,мужской,средний
1757M-06B,круглая,металл,черный,Ray-Ban,оптика,145,50,14,8482,всесезонная,мужской,пожилой
1760-002,круглая,пластик,коричневый,Oakley,оптика,130,46,20,19791,всесезонная,женский,молодой
1761-07A,овальная,металл,белый,Gucci,оптика,145,46,17,46616,всесезонная,женский,средний
1762-07A,кошачий_глаз,пластик,золотой,Tom Ford,оптика,145,48,15,47782,всесезонная,мужской,пожилой
1766-050,прямоугольная,пластик,черный,Gucci,оптика,135,54,18,33358,всесезонная,унисекс,средний
1766-079,овальная,пластик,серый,Ray-Ban,солнцезащитные,130,48,17,5503,летняя,мужской,пожилой
1766-436,прямоугольная,металл,золотой,Valentino,оптика,150,52,18,48588,всесезонная,унисекс,средний
1766T-05A,прямоугольная,комбинированный,золотой,Prada,солнцезащитные,130,52,14,24884,летняя,женский,средний
1766T-07A,овальная,металл,серый,Gucci,оптика,130,50,17,15810,всесезонная,унисекс,пожилой
1766T-09A,овальная,комбинированный,серебряный,Valentino,оптика,135,54,16,9134,всесезонная,женский,пожилой
1766T-12A,овальная,пластик,черный,Polaroid,оптика,150,50,14,17038,всесезонная,женский,молодой
1769MT-09A,прямоугольная,комбинированный,серый,Prada,солнцезащитные,140,54,20,19946,летняя,женский,средний
177-F-2,кошачий_глаз,металл,серебряный,Prada,солнцезащитные,135,48,16,24924,летняя,унисекс,молодой
177-F-6,квадратная,пластик,коричневый,Tom Ford,солнцезащитные,140,54,18,39176,летняя,женский,пожилой
177-GOLD,овальная,титан,серый,Prada,солнцезащитные,145,52,20,22206,летняя,унисекс,молодой
17702-1,квадратная,пластик,золотой,Oakley,солнцезащитные,135,54,14,23752,летняя,мужской,пожилой
1773-1,круглая,титан,черный,Tom Ford,оптика,140,50,15,29366,всесезонная,мужской,пожилой
1774MT-12A,овальная,пластик,серебряный,Ray-Ban,оптика,150,54,17,11924,всесезонная,мужской,пожилой
177629,овальная,титан,белый,Gucci,солнцезащитные,140,46,19,49518,летняя,унисекс,средний
1777-750,прямоугольная,металл,серый,Lacoste,оптика,130,54,19,10935,всесезонная,женский,средний
1781-05A,овальная,пластик,черный,Polaroid,оптика,135,54,15,17388,всесезонная,мужской,молодой
1781-06A,прямоугольная,титан,синий,Lacoste,солнцезащитные,135,46,20,11484,летняя,мужской,средний
1782-06A,овальная,титан,черный,Lacoste,оптика,145,46,15,3882,всесезонная,женский,пожилой
1782-09A,квадратная,металл,коричневый,Prada,оптика,150,48,19,21124,всесезонная,женский,пожилой
1783-09A,прямоугольная,металл,серый,Valentino,солнцезащитные,140,50,17,42748,летняя,женский,молодой
1783-09B,квадратная,комбинированный,серебряный,Polaroid,оптика,130,54,14,15704,всесезонная,мужской,пожилой
1784-09A,прямоугольная,титан,черный,Gucci,оптика,135,52,20,15422,всесезонная,унисекс,средний
1788M-09A,круглая,титан,серый,Polaroid,оптика,140,48,20,3580,всесезонная,мужской,молодой
1789M-01A,квадратная,металл,серый,Valentino,оптика,135,50,18,11546,всесезонная,унисекс,средний
1789M-06A,овальная,комбинированный,синий,Gucci,оптика,130,54,18,32892,всесезонная,унисекс,молодой
1791-09A,прямоугольная,металл,синий,Oakley,солнцезащитные,140,52,18,9066,летняя,мужской,средний
1793-01A,прямоугольная,титан,коричневый,Valentino,оптика,135,50,16,10622,всесезонная,унисекс,средний
1793-01B,квадратная,пластик,синий,Tom Ford,оптика,150,46,17,26210,всесезонная,унисекс,средний
1793-09A,круглая,металл,серебряный,Polaroid,оптика,130,48,20,12326,всесезонная,женский,пожилой
1798-03A,круглая,пластик,белый,Prada,солнцезащитные,150,54,18,23548,летняя,унисекс,пожилой
1798-05A,кошачий_глаз,пластик,синий,Ray-Ban,солнцезащитные,130,50,17,11089,летняя,женский,средний
1799M-06A,круглая,пластик,белый,Polaroid,оптика,130,46,19,16138,всесезонная,женский,молодой
180-0349,круглая,металл,черный,Oakley,оптика,130,48,18,14369,всесезонная,мужской,молодой
180-F-9,овальная,комбинированный,золотой,Prada,солнцезащитные,150,52,14,6144,летняя,унисекс,молодой
18008-6,квадратная,металл,серебряный,Lacoste,солнцезащитные,130,46,20,23615,летняя,унисекс,средний
1800T-09A,кошачий_глаз,пластик,черный,Oakley,оптика,130,48,20,22982,всесезонная,мужской,средний
18017-1,прямоугольная,комбинированный,серебряный,Ray-Ban,солнцезащитные,140,48,16,23946,летняя,женский,пожилой
18017-3,кошачий_глаз,титан,синий,Gucci,солнцезащитные,135,54,15,42542,летняя,женский,пожилой
1801T-05A,овальная,титан,серый,Ray-Ban,солнцезащитные,135,52,19,12864,летняя,женский,пожилой
1801T-07A,прямоугольная,пластик,серебряный,Oakley,оптика,150,52,18,7779,всесезонная,женский,средний
1803MT-02A,квадратная,пластик,синий,Polaroid,оптика,145,50,16,21011,всесезонная,женский,молодой
1803MT-09B,круглая,титан,золотой,Ray-Ban,оптика,135,50,17,18244,всесезонная,мужской,пожилой
1805M-06A,круглая,комбинированный,серый,Valentino,оптика,150,52,16,12916,всесезонная,женский,средний
1814-09A,овальная,металл,коричневый,Gucci,солнцезащитные,135,54,16,41114,летняя,женский,средний
181770,овальная,металл,синий,Gucci,солнцезащитные,145,52,20,42062,летняя,мужской,молодой
1827M-09A,кошачий_глаз,титан,коричневый,Lacoste,оптика,130,46,19,13148,всесезонная,мужской,молодой
1832-02A,прямоугольная,комбинированный,коричневый,Valentino,солнцезащитные,145,48,19,22298,летняя,мужской,молодой
1834-02E,овальная,комбинированный,серебряный,Gucci,оптика,135,46,20,27652,всесезонная,унисекс,молодой
1834-09B,прямоугольная,пластик,синий,Tom Ford,оптика,130,50,20,28672,всесезонная,унисекс,средний
1840T-05A,квадратная,комбинированный,золотой,Lacoste,солнцезащитные,150,48,16,18378,летняя,женский,средний
1841T-T01,квадратная,комбинированный,черный,Valentino,оптика,135,54,18,47828,всесезонная,унисекс,пожилой
1842M-01A,круглая,комбинированный,серебряный,Oakley,оптика,130,54,20,9891,всесезонная,женский,пожилой
1844T-07A,квадратная,пластик,белый,Ray-Ban,солнцезащитные,145,50,20,10466,летняя,женский,молодой
1848T-A02,круглая,пластик,золотой,Prada,солнцезащитные,140,50,16,42192,летняя,унисекс,молодой
185-NERO,кошачий_глаз,металл,синий,Oakley,солнцезащитные,130,52,19,20133,летняя,мужской,пожилой
186-BROWN,прямоугольная,пластик,золотой,Valentino,оптика,140,50,18,46602,всесезонная,женский,молодой
187511,овальная,титан,коричневый,Lacoste,солнцезащитные,130,52,16,8969,летняя,мужской,пожилой
187S-SBN,квадратная,комбинированный,серебряный,Oakley,оптика,130,54,17,5451,всесезонная,унисекс,молодой
1886-6,квадратная,комбинированный,серый,Prada,оптика,135,48,14,34020,всесезонная,женский,средний
1888-3,кошачий_глаз,металл,синий,Tom Ford,солнцезащитные,140,54,15,20900,летняя,мужской,пожилой
189-GOLD,прямоугольная,пластик,серый,Prada,оптика,150,52,20,23406,всесезонная,мужской,молодой
19-520,круглая,металл,серый,Tom Ford,оптика,135,46,17,28918,всесезонная,мужской,пожилой
19-580,кошачий_глаз,титан,золотой,Valentino,оптика,140,52,17,28320,всесезонная,мужской,средний
190523,овальная,пластик,золотой,Tom Ford,солнцезащитные,130,50,20,8864,летняя,унисекс,пожилой
19078-1,овальная,металл,белый,Prada,оптика,130,52,19,37896,всесезонная,женский,молодой
19091-1,квадратная,титан,синий,Lacoste,солнцезащитные,140,50,15,9144,летняя,женский,молодой
19091-3,квадратная,металл,серебряный,Ray-Ban,солнцезащитные,135,48,16,8234,летняя,мужской,пожилой
19103-2,квадратная,титан,синий,Polaroid,оптика,140,48,14,15870,всесезонная,мужской,пожилой
19104-1,овальная,металл,белый,Valentino,солнцезащитные,135,54,16,33784,летняя,унисекс,средний
19107-1,круглая,комбинированный,серебряный,Oakley,оптика,150,50,19,12745,всесезонная,мужской,пожилой
19118-1,круглая,пластик,синий,Lacoste,оптика,140,52,16,20992,всесезонная,мужской,средний
19119-1,прямоугольная,пластик,серебряный,Polaroid,солнцезащитные,135,54,17,6708,летняя,унисекс,пожилой
19120-1,кошачий_глаз,титан,коричневый,Oakley,солнцезащитные,135,50,15,15944,летняя,женский,пожилой
19123-3,овальная,пластик,коричневый,Gucci,оптика,130,52,19,49932,всесезонная,мужской,пожилой
19126-4,овальная,комбинированный,черный,Tom Ford,солнцезащитные,145,48,17,35478,летняя,мужской,средний
193-GREY,прямоугольная,титан,синий,Lacoste,солнцезащитные,135,50,16,22772,летняя,женский,пожилой
193-NERO,кошачий_глаз,комбинированный,белый,Valentino,оптика,140,46,16,10502,всесезонная,женский,средний
193-SEA,овальная,титан,синий,Lacoste,солнцезащитные,140,52,18,7600,летняя,унисекс,средний
1935-1,кошачий_глаз,комбинированный,коричневый,Tom Ford,оптика,135,54,15,43076,всесезонная,унисекс,пожилой
195073,квадратная,пластик,черный,Ray-Ban,оптика,140,54,20,11740,всесезонная,мужской,молодой
195710,квадратная,пластик,черный,Prada,оптика,140,50,17,43264,всесезонная,унисекс,пожилой
196-LG,прямоугольная,титан,серебряный,Gucci,солнцезащитные,145,52,18,20916,летняя,женский,молодой
1966-4,прямоугольная,пластик,серый,Gucci,солнцезащитные,150,50,15,35186,летняя,женский,пожилой
197530,прямоугольная,металл,золотой,Oakley,солнцезащитные,150,54,18,11527,летняя,унисекс,молодой
2003-426,овальная,пластик,синий,Valentino,оптика,130,46,19,39066,всесезонная,унисекс,молодой
200310,кошачий_глаз,титан,золотой,Oakley,солнцезащитные,150,50,19,16654,летняя,женский,средний
2004-1,овальная,пластик,коричневый,Lacoste,солнцезащитные,130,48,16,5763,летняя,унисекс,пожилой
2005-BLACK,прямоугольная,пластик,серый,Valentino,оптика,150,52,20,11424,всесезонная,мужской,средний
20061K-VB10,овальная,титан,белый,Oakley,оптика,140,46,18,16156,всесезонная,женский,средний
2007-1,прямоугольная,металл,золотой,Lacoste,оптика,135,54,14,15078,всесезонная,мужской,средний
2008-205,круглая,металл,синий,Lacoste,оптика,150,48,16,18317,всесезонная,женский,молодой
20095K-ND10,кошачий_глаз,комбинированный,коричневый,Polaroid,оптика,130,50,16,14822,всесезонная,мужской,средний
201-BLACK,кошачий_глаз,пластик,белый,Valentino,солнцезащитные,150,52,18,20658,летняя,женский,средний
201-NERO,овальная,металл,серый,Valentino,солнцезащитные,130,54,14,27862,летняя,женский,молодой
2010-3,кошачий_глаз,пластик,золотой,Polaroid,солнцезащитные,135,50,16,5599,летняя,женский,молодой
2011-D GUN,овальная,пластик,золотой,Gucci,оптика,135,54,20,47778,всесезонная,женский,пожилой
20110K-PP09,квадратная,пластик,синий,Gucci,оптика,140,46,16,30590,всесезонная,унисекс,молодой
20111K-ND10,круглая,титан,белый,Prada,оптика,145,48,17,35776,всесезонная,женский,пожилой
20118K-DV07,кошачий_глаз,пластик,коричневый,Tom Ford,оптика,150,52,16,44118,всесезонная,мужской,молодой
20118K-PP09,кошачий_глаз,комбинированный,серебряный,Polaroid,оптика,145,50,16,24107,всесезонная,женский,молодой
2012-01,квадратная,комбинированный,серебряный,Gucci,оптика,130,48,14,45518,всесезонная,женский,молодой
20124K-PP01,кошачий_глаз,комбинированный,коричневый,Gucci,солнцезащитные,135,50,18,33480,летняя,мужской,пожилой
20124K-VD03,овальная,титан,черный,Tom Ford,солнцезащитные,135,54,14,15774,летняя,унисекс,средний
20127K-BD12,квадратная,титан,серебряный,Valentino,солнцезащитные,135,48,14,14278,летняя,мужской,средний
2013-402,квадратная,титан,черный,Ray-Ban,солнцезащитные,130,52,17,12122,летняя,женский,средний
20130K-RD09,квадратная,металл,серый,Ray-Ban,оптика,135,48,18,15543,всесезонная,мужской,средний
2015-BROWN,круглая,металл,коричневый,Prada,солнцезащитные,145,46,16,22588,летняя,мужской,средний
2015-GOLD,круглая,металл,золотой,Polaroid,оптика,140,54,15,6205,всесезонная,унисекс,пожилой
2015-GUN,прямоугольная,пластик,серый,Lacoste,оптика,150,46,18,4543,всесезонная,мужской,пожилой
20156K-PV07,квадратная,комбинированный,черный,Ray-Ban,оптика,140,48,19,7536,всесезонная,унисекс,средний
201610,прямоугольная,титан,серебряный,Ray-Ban,солнцезащитные,140,48,17,11187,летняя,женский,средний
201627,прямоугольная,металл,синий,Polaroid,оптика,150,52,16,9306,всесезонная,женский,средний
20168K-ND08,квадратная,металл,серый,Tom Ford,оптика,150,46,14,6378,всесезонная,мужской,пожилой
201819,кошачий_глаз,пластик,золотой,Tom Ford,оптика,150,48,19,44168,всесезонная,унисекс,средний
2021-BR,круглая,комбинированный,коричневый,Tom Ford,оптика,135,54,18,13026,всесезонная,унисекс,средний
2023002-1,квадратная,пластик,синий,Tom Ford,оптика,145,54,18,15022,всесезонная,мужской,пожилой
2023002-5,прямоугольная,пластик,черный,Lacoste,солнцезащитные,130,50,17,3526,летняя,женский,пожилой
2023003-1,овальная,металл,золотой,Valentino,солнцезащитные,140,48,15,14082,летняя,мужской,молодой
2023003-2,круглая,титан,серебряный,Lacoste,оптика,135,48,17,7585,всесезонная,женский,пожилой
2023003-5,круглая,пластик,черный,Valentino,оптика,140,48,19,38148,всесезонная,мужской,пожилой
2023004-1,прямоугольная,комбинированный,белый,Prada,оптика,140,50,19,30182,всесезонная,унисекс,пожилой
2023004-3,кошачий_глаз,титан,синий,Lacoste,оптика,135,48,17,10300,всесезонная,мужской,пожилой
2023004-5,кошачий_глаз,металл,черный,Gucci,солнцезащитные,130,52,14,47162,летняя,унисекс,средний
2023008-1,овальная,металл,серебряный,Prada,солнцезащитные,140,54,15,23290,летняя,мужской,средний
2023008-2,овальная,пластик,синий,Tom Ford,оптика,150,54,15,14864,всесезонная,мужской,молодой
2023008-5,прямоугольная,пластик,черный,Tom Ford,оптика,135,48,16,23976,всесезонная,мужской,средний
2023009-1,кошачий_глаз,металл,черный,Valentino,оптика,135,46,20,49326,всесезонная,унисекс,средний
2023009-2,круглая,пластик,коричневый,Tom Ford,оптика,135,46,14,6190,всесезонная,женский,молодой
2023010-1,прямоугольная,комбинированный,синий,Valentino,солнцезащитные,150,50,20,39030,летняя,унисекс,молодой
2023010-2,прямоугольная,комбинированный,синий,Tom Ford,солнцезащитные,145,54,15,13328,летняя,женский,молодой
2023013-2,квадратная,металл,коричневый,Polaroid,оптика,140,52,19,18534,всесезонная,женский,пожилой
2023013-4,кошачий_глаз,пластик,коричневый,Prada,оптика,145,54,19,39048,всесезонная,женский,средний
2023016-1,квадратная,титан,белый,Lacoste,оптика,130,50,17,18405,всесезонная,женский,средний
2023016-2,квадратная,металл,серый,Prada,оптика,135,46,17,12472,всесезонная,мужской,молодой
2023023-1,овальная,металл,черный,Gucci,солнцезащитные,140,46,18,17386,летняя,унисекс,пожилой
2023023-3,прямоугольная,металл,серый,Prada,солнцезащитные,130,48,20,41820,летняя,унисекс,молодой
2023023-5,квадратная,комбинированный,золотой,Oakley,оптика,135,54,14,18218,всесезонная,мужской,пожилой
202303-5,прямоугольная,пластик,коричневый,Tom Ford,оптика,140,50,20,24462,всесезонная,мужской,молодой
202305-1,круглая,комбинированный,золотой,Ray-Ban,оптика,145,52,14,23239,всесезонная,женский,средний
202310-1,прямоугольная,пластик,белый,Ray-Ban,оптика,130,54,14,6133,всесезонная,женский,средний
202310-4,прямоугольная,металл,золотой,Polaroid,солнцезащитные,140,48,16,3118,летняя,унисекс,средний
202310-6,прямоугольная,комбинированный,серебряный,Prada,солнцезащитные,135,46,19,22928,летняя,женский,молодой
202610,овальная,комбинированный,синий,Polaroid,солнцезащитные,140,46,16,7290,летняя,мужской,молодой
2029-1,овальная,пластик,серебряный,Tom Ford,оптика,130,54,19,19354,всесезонная,унисекс,молодой
2029-2,овальная,титан,коричневый,Lacoste,солнцезащитные,150,54,18,16520,летняя,мужской,средний
2029-5,круглая,металл,синий,Ray-Ban,оптика,140,52,20,11655,всесезонная,женский,молодой
203-BROWN,овальная,комбинированный,черный,Gucci,солнцезащитные,140,54,17,33702,летняя,унисекс,средний
203-VIOLET,квадратная,титан,черный,Ray-Ban,солнцезащитные,130,54,17,5167,летняя,женский,пожилой
203190,круглая,титан,синий,Valentino,солнцезащитные,145,50,17,42508,летняя,унисекс,молодой
2032-1,прямоугольная,металл,серый,Polaroid,солнцезащитные,145,48,15,12083,летняя,мужской,молодой
2038-BLACK,прямоугольная,титан,золотой,Tom Ford,оптика,150,52,14,27194,всесезонная,унисекс,пожилой
2038-D GUN,квадратная,титан,коричневый,Tom Ford,солнцезащитные,150,52,19,38094,летняя,мужской,пожилой
204-NERO,кошачий_глаз,комбинированный,белый,Lacoste,оптика,145,46,18,21545,всесезонная,женский,молодой
2043-NERO,кошачий_глаз,комбинированный,синий,Polaroid,оптика,145,54,18,8483,всесезонная,мужской,средний
2050-BLACK,прямоугольная,титан,серый,Oakley,солнцезащитные,150,46,15,23957,летняя,мужской,средний
2051-2,овальная,пластик,белый,Oakley,солнцезащитные,145,54,18,15748,летняя,унисекс,пожилой
2051-3,квадратная,титан,синий,Lacoste,оптика,145,46,14,13815,всесезонная,женский,средний
2051-6,прямоугольная,титан,коричневый,Valentino,оптика,130,52,20,34056,всесезонная,женский,пожилой
2053-BORDO,кошачий_глаз,комбинированный,серый,Polaroid,солнцезащитные,145,48,17,18749,летняя,унисекс,пожилой
2053-NERO,кошачий_глаз,пластик,синий,Tom Ford,солнцезащитные,140,54,14,31992,летняя,унисекс,средний
206-BLACK,квадратная,металл,коричневый,Ray-Ban,оптика,135,52,15,18040,всесезонная,мужской,молодой
2060-BLACK,квадратная,комбинированный,коричневый,Polaroid,солнцезащитные,150,50,17,11204,летняя,женский,пожилой
2061-606,овальная,металл,синий,Gucci,солнцезащитные,130,46,14,25262,летняя,унисекс,пожилой
2062-401,кошачий_глаз,комбинированный,коричневый,Oakley,оптика,140,48,17,24157,всесезонная,мужской,средний
2062-BLACK,прямоугольная,пластик,серебряный,Tom Ford,солнцезащитные,150,52,17,47980,летняя,мужской,пожилой
2062-NERO,овальная,пластик,черный,Oakley,оптика,130,54,14,22290,всесезонная,женский,пожилой
206430,прямоугольная,титан,черный,Ray-Ban,оптика,140,46,16,15667,всесезонная,женский,пожилой
2065-4,кошачий_глаз,комбинированный,черный,Gucci,оптика,135,48,15,13642,всесезонная,мужской,молодой
2066-2,прямоугольная,титан,белый,Valentino,оптика,140,54,14,48426,всесезонная,женский,молодой
2068-BROWN,прямоугольная,пластик,синий,Prada,оптика,130,50,19,32036,всесезонная,женский,пожилой
2068-NERO,квадратная,пластик,серебряный,Gucci,оптика,140,50,18,22836,всесезонная,женский,пожилой
206870,прямоугольная,комбинированный,синий,Gucci,солнцезащитные,145,50,17,13436,летняя,женский,пожилой
207-BROWN,круглая,титан,серый,Prada,солнцезащитные,140,48,14,36406,летняя,мужской,молодой
2077-2,кошачий_глаз,металл,золотой,Prada,солнцезащитные,135,48,18,40572,летняя,женский,средний
2077-GOLD,прямоугольная,титан,синий,Gucci,оптика,150,52,19,19248,всесезонная,унисекс,средний
2077-PURPLE,круглая,титан,белый,Lacoste,солнцезащитные,130,54,14,14299,летняя,унисекс,молодой
2084-BLACK,прямоугольная,титан,коричневый,Tom Ford,солнцезащитные,145,48,17,21278,летняя,мужской,пожилой
2089-BEIGE,круглая,титан,синий,Lacoste,солнцезащитные,140,48,19,24991,летняя,женский,молодой
2089-BLACK,прямоугольная,титан,серебряный,Lacoste,солнцезащитные,140,54,14,7442,летняя,унисекс,средний
2093-8,кошачий_глаз,пластик,золотой,Polaroid,оптика,145,46,19,6458,всесезонная,унисекс,средний
2095-3,круглая,пластик,серебряный,Valentino,солнцезащитные,145,54,18,24134,летняя,мужской,средний
2095T-004,кошачий_глаз,металл,белый,Gucci,оптика,140,52,15,23146,всесезонная,мужской,средний
2095T-122,круглая,комбинированный,синий,Lacoste,солнцезащитные,130,46,19,22873,летняя,мужской,средний
2096-BLACK,кошачий_глаз,пластик,серебряный,Prada,солнцезащитные,140,48,19,21500,летняя,унисекс,средний
2096-PURPLE,квадратная,пластик,черный,Polaroid,солнцезащитные,140,46,18,19747,летняя,мужской,пожилой
2096-SEA,кошачий_глаз,пластик,черный,Valentino,солнцезащитные,135,46,18,38700,летняя,мужской,пожилой
2098-01,квадратная,металл,синий,Gucci,солнцезащитные,150,54,19,11888,летняя,женский,пожилой
2098T-004,кошачий_глаз,титан,белый,Tom Ford,солнцезащитные,150,48,16,37546,летняя,женский,пожилой
2098T-122,овальная,пластик,черный,Prada,оптика,140,46,20,27126,всесезонная,унисекс,пожилой
210-BLACK,круглая,титан,серый,Lacoste,солнцезащитные,150,52,14,5681,летняя,женский,пожилой
2100-03,квадратная,пластик,синий,Ray-Ban,оптика,150,48,20,4768,всесезонная,женский,пожилой
2101-BLUE,прямоугольная,пластик,серый,Lacoste,оптика,150,46,14,20789,всесезонная,унисекс,средний
2106-1,прямоугольная,комбинированный,коричневый,Tom Ford,солнцезащитные,145,48,20,30152,летняя,унисекс,пожилой
2106-2,кошачий_глаз,металл,черный,Prada,оптика,150,50,16,43190,всесезонная,женский,молодой
2106-344,прямоугольная,комбинированный,черный,Polaroid,солнцезащитные,150,48,18,10818,летняя,мужской,средний
2107-1,круглая,титан,серебряный,Lacoste,оптика,145,46,20,5313,всесезонная,женский,пожилой
2107-3,прямоугольная,титан,коричневый,Tom Ford,солнцезащитные,150,50,20,30854,летняя,унисекс,пожилой
2109-1,прямоугольная,комбинированный,золотой,Lacoste,солнцезащитные,135,50,15,18412,летняя,женский,молодой
211-BORDO,кошачий_глаз,металл,серебряный,Lacoste,солнцезащитные,140,48,19,20423,летняя,унисекс,молодой
211-BROWN,прямоугольная,металл,белый,Lacoste,оптика,130,50,20,11452,всесезонная,унисекс,средний
2110-01,квадратная,металл,серебряный,Lacoste,оптика,135,48,16,19972,всесезонная,унисекс,пожилой
2110-703,кошачий_глаз,пластик,золотой,Gucci,солнцезащитные,145,54,15,7734,летняя,унисекс,молодой
2111-344,овальная,титан,коричневый,Gucci,солнцезащитные,140,48,17,30378,летняя,унисекс,средний
2111-505,квадратная,титан,коричневый,Prada,оптика,130,52,15,47154,всесезонная,унисекс,пожилой
2111-BLACK,круглая,комбинированный,серебряный,Valentino,оптика,140,50,16,49122,всесезонная,женский,средний
2111-BLUE,квадратная,металл,коричневый,Polaroid,солнцезащитные,130,46,14,23925,летняя,женский,средний
2112-01,овальная,пластик,синий,Ray-Ban,солнцезащитные,145,52,18,16888,летняя,мужской,молодой
2112-02,квадратная,титан,золотой,Lacoste,оптика,130,46,14,12690,всесезонная,женский,молодой
2112-03,кошачий_глаз,титан,белый,Polaroid,солнцезащитные,135,48,15,16219,летняя,женский,молодой
2113-368,овальная,пластик,черный,Prada,солнцезащитные,145,46,17,36940,летняя,унисекс,молодой
2114-BROWN,овальная,металл,золотой,Oakley,оптика,130,52,15,21327,всесезонная,женский,пожилой
2114-NERO,прямоугольная,комбинированный,коричневый,Valentino,оптика,130,52,14,22650,всесезонная,мужской,пожилой
2114-WHITE,квадратная,комбинированный,черный,Valentino,оптика,135,46,16,40664,всесезонная,женский,пожилой
2117-01,круглая,пластик,серый,Ray-Ban,оптика,145,50,15,22623,всесезонная,мужской,молодой
2117-BORDO,круглая,комбинированный,серый,Lacoste,солнцезащитные,135,46,15,8831,летняя,мужской,средний
2117-BROWN,квадратная,титан,синий,Valentino,оптика,135,46,19,21190,всесезонная,унисекс,пожилой
2117-NERO,квадратная,титан,серый,Ray-Ban,солнцезащитные,130,48,20,13040,летняя,мужской,молодой
2119-01,кошачий_глаз,комбинированный,белый,Prada,солнцезащитные,150,46,14,34624,летняя,мужской,пожилой
2119-03,прямоугольная,титан,серый,Valentino,оптика,130,46,17,22004,всесезонная,женский,пожилой
2119-344,овальная,металл,серый,Gucci,солнцезащитные,150,52,19,32004,летняя,женский,молодой
212-BLACK,кошачий_глаз,металл,белый,Gucci,оптика,135,52,18,7390,всесезонная,унисекс,средний
212-BROWN,овальная,пластик,серый,Tom Ford,солнцезащитные,140,46,15,30920,летняя,унисекс,средний
212-SEA,прямоугольная,металл,белый,Lacoste,солнцезащитные,135,50,19,5806,летняя,унисекс,средний
2121-01,кошачий_глаз,комбинированный,коричневый,Lacoste,оптика,140,50,20,3201,всесезонная,унисекс,средний
2121-NERO,круглая,пластик,серый,Valentino,оптика,130,48,19,49106,всесезонная,женский,пожилой
2121-PURPLE,овальная,титан,золотой,Ray-Ban,солнцезащитные,145,52,15,21657,летняя,мужской,молодой
2122-009,кошачий_глаз,металл,серебряный,Prada,оптика,130,46,16,31034,всесезонная,унисекс,молодой
2122-085,прямоугольная,пластик,золотой,Ray-Ban,солнцезащитные,150,46,15,24965,летняя,мужской,пожилой
2122-187,прямоугольная,пластик,серый,Prada,оптика,135,46,15,43522,всесезонная,мужской,молодой
2123-02,круглая,металл,черный,Lacoste,солнцезащитные,135,54,17,6054,летняя,женский,пожилой
2124-02,кошачий_глаз,титан,белый,Lacoste,солнцезащитные,135,46,14,12144,летняя,унисекс,молодой
2126-03,круглая,пластик,золотой,Polaroid,солнцезащитные,135,46,15,12481,летняя,унисекс,средний
2127-958,квадратная,титан,белый,Ray-Ban,солнцезащитные,130,48,14,3524,летняя,унисекс,молодой
2128-02,круглая,комбинированный,черный,Valentino,солнцезащитные,145,48,20,30078,летняя,унисекс,пожилой
2129-6,квадратная,титан,золотой,Polaroid,оптика,150,54,20,12096,всесезонная,женский,молодой
213-BLACK,овальная,комбинированный,коричневый,Lacoste,оптика,135,46,18,9200,всесезонная,мужской,молодой
213-NERO,квадратная,пластик,черный,Oakley,оптика,130,46,17,16578,всесезонная,унисекс,молодой
2130-006,круглая,металл,синий,Ray-Ban,солнцезащитные,145,54,15,12223,летняя,унисекс,молодой
2130-02,овальная,металл,белый,Ray-Ban,оптика,140,46,17,16767,всесезонная,женский,средний
2130-03,прямоугольная,пластик,коричневый,Lacoste,оптика,145,46,17,6346,всесезонная,женский,пожилой
2131-03,прямоугольная,металл,синий,Tom Ford,солнцезащитные,135,54,19,26394,летняя,мужской,пожилой
2133-03,квадратная,металл,коричневый,Gucci,оптика,135,48,19,29864,всесезонная,унисекс,молодой
2134-01,круглая,металл,золотой,Prada,оптика,145,50,18,8880,всесезонная,женский,молодой
2136-03,кошачий_глаз,металл,золотой,Lacoste,оптика,135,54,20,15331,всесезонная,мужской,молодой
2141-CORAL,круглая,титан,серый,Ray-Ban,солнцезащитные,130,50,19,6629,летняя,женский,средний
2141-GREEN,кошачий_глаз,комбинированный,серый,Lacoste,солнцезащитные,150,48,14,19494,летняя,унисекс,молодой
2151-GUN,овальная,пластик,белый,Oakley,солнцезащитные,130,46,18,16691,летняя,мужской,молодой
2151-NERO,прямоугольная,металл,серебряный,Oakley,оптика,135,52,14,18062,всесезонная,мужской,пожилой
2152-BLUE,овальная,пластик,черный,Prada,солнцезащитные,150,46,15,41586,летняя,унисекс,пожилой
2152-GREY,круглая,титан,серый,Gucci,солнцезащитные,135,48,19,11120,летняя,унисекс,средний
2154-BLACK,кошачий_глаз,титан,белый,Valentino,оптика,135,54,14,43790,всесезонная,унисекс,пожилой
2154-BLUE,квадратная,пластик,коричневый,Polaroid,солнцезащитные,130,54,19,14255,летняя,мужской,молодой
2160-GREY,круглая,пластик,серый,Prada,солнцезащитные,130,48,17,29560,летняя,мужской,средний
2163-BROWN,кошачий_глаз,титан,золотой,Polaroid,оптика,150,50,15,24218,всесезонная,женский,пожилой
2163-NERO,кошачий_глаз,титан,золотой,Oakley,солнцезащитные,130,54,16,6127,летняя,женский,молодой
2165-NERO,прямоугольная,титан,золотой,Lacoste,солнцезащитные,140,48,14,18067,летняя,унисекс,пожилой
2166-BLACK,прямоугольная,металл,золотой,Ray-Ban,солнцезащитные,135,54,14,19879,летняя,унисекс,пожилой
2173-BROWN,овальная,металл,золотой,Gucci,оптика,130,50,14,8466,всесезонная,женский,молодой
2173-SEA,овальная,пластик,коричневый,Lacoste,солнцезащитные,140,46,18,13350,летняя,унисекс,молодой
2174-CRYSTAL,квадратная,комбинированный,коричневый,Oakley,оптика,135,46,17,6244,всесезонная,унисекс,средний
2174-NERO,овальная,пластик,серый,Valentino,солнцезащитные,145,50,14,31618,летняя,мужской,средний
218-BROWN,квадратная,пластик,белый,Gucci,оптика,135,54,16,23812,всесезонная,унисекс,пожилой
218-CRYSTAL,кошачий_глаз,комбинированный,серый,Oakley,оптика,130,50,19,12541,всесезонная,женский,молодой
218-GOLD,круглая,комбинированный,серый,Valentino,оптика,135,50,19,11038,всесезонная,унисекс,молодой
218-PINK,круглая,титан,черный,Prada,оптика,135,48,16,44628,всесезонная,женский,средний
2180-BLACK,овальная,комбинированный,серебряный,Oakley,оптика,145,46,20,12586,всесезонная,женский,средний
2183-BEIGE,прямоугольная,металл,черный,Tom Ford,солнцезащитные,135,52,15,28798,летняя,мужской,пожилой
2183-BROWN,овальная,металл,синий,Oakley,солнцезащитные,130,50,14,4437,летняя,унисекс,пожилой
2187-GREY,прямоугольная,пластик,белый,Gucci,солнцезащитные,135,50,15,47476,летняя,женский,средний
219-BEIGE,кошачий_глаз,пластик,синий,Polaroid,оптика,135,54,20,10509,всесезонная,мужской,средний
219-BROWN,кошачий_глаз,комбинированный,серебряный,Oakley,солнцезащитные,130,52,16,13083,летняя,мужской,пожилой
2195-BLACK,прямоугольная,комбинированный,черный,Gucci,солнцезащитные,140,50,19,19598,летняя,женский,пожилой
22-194 06,овальная,комбинированный,коричневый,Gucci,солнцезащитные,130,48,14,39094,летняя,мужской,средний
2200-BLACK,прямоугольная,пластик,серебряный,Oakley,оптика,150,52,19,8130,всесезонная,унисекс,средний
2200-BORDO,квадратная,комбинированный,коричневый,Valentino,оптика,130,50,15,48176,всесезонная,унисекс,средний
2200-GOLD,круглая,пластик,синий,Tom Ford,солнцезащитные,130,50,20,20814,летняя,женский,пожилой
2200-SEA,круглая,комбинированный,черный,Tom Ford,оптика,135,46,17,6670,всесезонная,мужской,пожилой
2202-2,овальная,титан,серый,Tom Ford,оптика,135,50,14,48168,всесезонная,женский,молодой
2202-BLACK,овальная,пластик,синий,Valentino,оптика,145,52,20,46656,всесезонная,женский,средний
2202-BLUE,кошачий_глаз,пластик,серебряный,Tom Ford,оптика,145,52,14,38406,всесезонная,женский,средний
2202-CRYSTAL,квадратная,комбинированный,белый,Valentino,оптика,140,46,15,49114,всесезонная,мужской,средний
2203-BLACK,прямоугольная,пластик,золотой,Polaroid,оптика,150,54,17,22578,всесезонная,женский,средний
2203-GOLD,кошачий_глаз,комбинированный,синий,Gucci,солнцезащитные,140,46,18,37656,летняя,унисекс,молодой
2204-MARRONE,прямоугольная,пластик,серебряный,Prada,оптика,150,52,18,40148,всесезонная,унисекс,молодой
2204-NERO,овальная,пластик,черный,Prada,оптика,130,52,15,7274,всесезонная,женский,средний
2204-RED,квадратная,титан,синий,Valentino,оптика,145,48,16,28732,всесезонная,мужской,молодой
22050A-2,прямоугольная,пластик,серый,Tom Ford,оптика,130,48,16,29448,всесезонная,мужской,средний
22050A-4,прямоугольная,титан,коричневый,Tom Ford,солнцезащитные,145,52,15,29776,летняя,унисекс,молодой
2206-Q-124,прямоугольная,пластик,серый,Tom Ford,солнцезащитные,135,52,15,11146,летняя,мужской,молодой
2208-2,квадратная,комбинированный,золотой,Polaroid,оптика,130,50,17,13130,всесезонная,женский,средний
2208-BROWN,овальная,комбинированный,коричневый,Polaroid,оптика,130,54,18,11673,всесезонная,унисекс,пожилой
221-BLACK,кошачий_глаз,металл,серебряный,Tom Ford,солнцезащитные,150,48,15,14668,летняя,унисекс,средний
221-GREY,круглая,пластик,белый,Tom Ford,солнцезащитные,145,48,17,16038,летняя,мужской,молодой
2212-NERO,круглая,комбинированный,черный,Polaroid,солнцезащитные,145,46,15,10728,летняя,унисекс,молодой
2212-WHITE,прямоугольная,комбинированный,коричневый,Ray-Ban,солнцезащитные,150,54,17,18582,летняя,женский,средний
2215-BLACK,овальная,титан,коричневый,Polaroid,солнцезащитные,150,54,18,7652,летняя,женский,молодой
2221-CORAL,квадратная,комбинированный,серебряный,Prada,солнцезащитные,140,52,17,35804,летняя,мужской,средний
2221-GOLD,кошачий_глаз,металл,белый,Gucci,оптика,130,54,17,16128,всесезонная,женский,молодой
2221-NERO,овальная,титан,серебряный,Prada,солнцезащитные,150,50,15,38822,летняя,мужской,средний
2224-BLACK,прямоугольная,металл,коричневый,Oakley,солнцезащитные,150,54,20,23337,летняя,женский,пожилой
2229-BLUE,круглая,пластик,белый,Ray-Ban,оптика,145,48,17,4745,всесезонная,женский,средний
2229-BROWN,круглая,пластик,коричневый,Lacoste,оптика,150,54,17,7481,всесезонная,женский,пожилой
2229-NERO,овальная,титан,серый,Ray-Ban,оптика,135,52,15,6841,всесезонная,мужской,молодой
2231-001,кошачий_глаз,титан,коричневый,Lacoste,солнцезащитные,150,52,19,3553,летняя,мужской,средний
2234-1,квадратная,металл,синий,Gucci,солнцезащитные,130,54,14,11706,летняя,женский,молодой
2234-3,кошачий_глаз,пластик,серебряный,Lacoste,солнцезащитные,140,46,20,22029,летняя,женский,средний
2234-4,овальная,металл,серый,Oakley,солнцезащитные,130,54,20,5473,летняя,унисекс,молодой
224-GOLD,круглая,пластик,серебряный,Lacoste,оптика,150,48,20,19926,всесезонная,унисекс,пожилой
2241-3,квадратная,комбинированный,коричневый,Valentino,солнцезащитные,130,48,20,45910,летняя,женский,средний
2241-BORDO,квадратная,металл,черный,Gucci,солнцезащитные,130,54,18,29230,летняя,унисекс,средний
2241-NERO,круглая,титан,коричневый,Valentino,оптика,130,50,15,30638,всесезонная,мужской,средний
2241-ORANGE,овальная,титан,серебряный,Oakley,оптика,135,52,17,5282,всесезонная,женский,средний
2245-GOLD,круглая,пластик,белый,Ray-Ban,солнцезащитные,145,48,16,6974,летняя,женский,молодой
2245-NERO,овальная,комбинированный,серый,Ray-Ban,оптика,140,52,20,7966,всесезонная,мужской,средний
2247-5,круглая,металл,черный,Oakley,солнцезащитные,130,50,18,4880,летняя,женский,молодой
2247-BLACK,прямоугольная,металл,черный,Valentino,оптика,135,48,15,47750,всесезонная,мужской,молодой
2247-GREY,овальная,пластик,коричневый,Gucci,оптика,145,50,17,8306,всесезонная,унисекс,пожилой
2249-BLACK,кошачий_глаз,комбинированный,серый,Valentino,солнцезащитные,130,50,18,32966,летняя,мужской,молодой
2249-BROWN,кошачий_глаз,металл,серебряный,Valentino,солнцезащитные,150,54,18,8420,летняя,мужской,молодой
2251-NERO,круглая,комбинированный,синий,Polaroid,солнцезащитные,140,48,17,24371,летняя,унисекс,пожилой
2252-1,овальная,пластик,золотой,Polaroid,оптика,140,52,18,20178,всесезонная,унисекс,средний
2255-NERO,квадратная,металл,серебряный,Lacoste,солнцезащитные,135,50,16,21416,летняя,унисекс,средний
226-001,прямоугольная,металл,золотой,Prada,оптика,150,52,18,33206,всесезонная,женский,молодой
226-336,прямоугольная,металл,черный,Gucci,оптика,140,52,20,8526,всесезонная,женский,средний
2260-BLACK,овальная,металл,серебряный,Polaroid,оптика,150,48,19,21313,всесезонная,унисекс,пожилой
2260-D GUN,квадратная,пластик,серый,Valentino,оптика,150,48,14,48642,всесезонная,женский,пожилой
2260-GUN,круглая,титан,коричневый,Lacoste,солнцезащитные,130,46,16,15679,летняя,мужской,средний
2264-BLACK,круглая,металл,белый,Valentino,оптика,145,52,20,7316,всесезонная,унисекс,пожилой
2264-BROWN,кошачий_глаз,комбинированный,белый,Polaroid,оптика,130,52,17,6205,всесезонная,унисекс,пожилой
2267-2,квадратная,комбинированный,белый,Valentino,солнцезащитные,150,50,19,9348,летняя,мужской,средний
2269-BLUE,кошачий_глаз,металл,черный,Tom Ford,солнцезащитные,135,54,14,17768,летняя,мужской,пожилой
227-P277,прямоугольная,пластик,черный,Tom Ford,оптика,130,52,19,39222,всесезонная,унисекс,средний
227-P278,прямоугольная,металл,золотой,Oakley,солнцезащитные,150,54,16,19453,летняя,мужской,средний
227-P595,круглая,комбинированный,серебряный,Gucci,оптика,130,54,16,23534,всесезонная,женский,средний
2270-BEIGE,квадратная,титан,серый,Gucci,оптика,130,50,16,48920,всесезонная,женский,пожилой
2270-BROWN,прямоугольная,металл,синий,Lacoste,солнцезащитные,135,54,15,17663,летняя,унисекс,пожилой
2270-NERO,прямоугольная,металл,коричневый,Oakley,солнцезащитные,140,52,15,19212,летняя,унисекс,пожилой
2273-2,квадратная,комбинированный,серебряный,Tom Ford,солнцезащитные,150,46,14,30678,летняя,женский,средний
2273-56F,круглая,пластик,серый,Gucci,оптика,135,52,16,29450,всесезонная,мужской,средний
2273-BLACK,квадратная,пластик,синий,Lacoste,солнцезащитные,145,46,17,5051,летняя,унисекс,средний
2276-BLACK,кошачий_глаз,комбинированный,белый,Ray-Ban,солнцезащитные,135,46,18,22355,летняя,женский,молодой
2276-BROWN,прямоугольная,комбинированный,черный,Tom Ford,оптика,140,54,18,29722,всесезонная,унисекс,средний
2276-VIOLET,кошачий_глаз,пластик,черный,Prada,солнцезащитные,145,46,18,44304,летняя,унисекс,молодой
2280-GUN,прямоугольная,комбинированный,черный,Prada,оптика,135,50,19,35740,всесезонная,женский,пожилой
2280-SILVER,круглая,пластик,белый,Polaroid,солнцезащитные,130,50,18,18833,летняя,унисекс,средний
2284-BEIGE,овальная,комбинированный,коричневый,Valentino,солнцезащитные,150,52,16,34424,летняя,женский,пожилой
2284-NERO,кошачий_глаз,пластик,черный,Oakley,оптика,135,48,16,9913,всесезонная,унисекс,молодой
2287-001,круглая,комбинированный,серебряный,Tom Ford,солнцезащитные,145,52,18,29618,летняя,женский,средний
2287-209,квадратная,пластик,синий,Prada,оптика,140,48,18,22596,всесезонная,унисекс,пожилой
2287-645,овальная,комбинированный,коричневый,Ray-Ban,оптика,135,48,18,20788,всесезонная,женский,пожилой
2288-145,овальная,металл,коричневый,Ray-Ban,оптика,150,54,15,17911,всесезонная,унисекс,молодой
2288-682,прямоугольная,титан,белый,Lacoste,солнцезащитные,130,50,17,5930,летняя,женский,средний
2289-145,овальная,титан,коричневый,Lacoste,оптика,150,46,15,4861,всесезонная,унисекс,молодой
229-GUN,прямоугольная,металл,черный,Gucci,солнцезащитные,145,48,18,37686,летняя,мужской,пожилой
229-NERO,прямоугольная,комбинированный,коричневый,Lacoste,оптика,135,46,20,4855,всесезонная,мужской,молодой
229-SILVER,круглая,комбинированный,черный,Ray-Ban,солнцезащитные,135,46,19,13108,летняя,женский,пожилой
2291-2,прямоугольная,пластик,золотой,Ray-Ban,оптика,135,48,15,21071,всесезонная,унисекс,средний
2293-01,квадратная,пластик,золотой,Lacoste,солнцезащитные,130,48,19,15731,летняя,унисекс,средний
2296-GOLD,овальная,титан,черный,Gucci,оптика,150,52,16,33074,всесезонная,мужской,молодой
2298-1,кошачий_глаз,пластик,синий,Polaroid,солнцезащитные,130,50,18,14929,летняя,женский,молодой
2298-3,круглая,пластик,черный,Polaroid,солнцезащитные,145,54,16,11126,летняя,мужской,средний
2299-2,прямоугольная,комбинированный,черный,Ray-Ban,солнцезащитные,135,50,19,16770,летняя,унисекс,средний
23044-2,квадратная,металл,серебряный,Oakley,оптика,145,52,19,10860,всесезонная,женский,пожилой
23044-3,прямоугольная,пластик,серебряный,Tom Ford,солнцезащитные,145,52,16,16586,летняя,унисекс,пожилой
2305-2,квадратная,пластик,черный,Tom Ford,оптика,150,48,15,8082,всесезонная,мужской,пожилой
23052-12,кошачий_глаз,пластик,черный,Gucci,оптика,140,52,14,7890,всесезонная,унисекс,пожилой
23052-6,прямоугольная,пластик,коричневый,Oakley,оптика,145,46,19,14248,всесезонная,унисекс,молодой
23055-2,квадратная,титан,черный,Polaroid,оптика,130,54,20,11874,всесезонная,мужской,молодой
23056-1,кошачий_глаз,комбинированный,белый,Ray-Ban,оптика,135,52,19,24708,всесезонная,унисекс,пожилой
23056-12,круглая,пластик,белый,Ray-Ban,оптика,130,54,17,17931,всесезонная,женский,пожилой
23058-54,прямоугольная,комбинированный,серый,Ray-Ban,солнцезащитные,130,48,20,24555,летняя,унисекс,молодой
23064-2,круглая,титан,белый,Prada,оптика,145,50,16,9104,всесезонная,женский,пожилой
23069-7,прямоугольная,пластик,синий,Polaroid,солнцезащитные,140,54,17,6837,летняя,унисекс,пожилой
23071-3,круглая,титан,коричневый,Lacoste,солнцезащитные,135,50,17,21459,летняя,унисекс,пожилой
23073-7,овальная,комбинированный,белый,Oakley,оптика,135,52,16,17770,всесезонная,мужской,пожилой
23074-2,круглая,пластик,серый,Polaroid,солнцезащитные,135,52,16,20171,летняя,унисекс,пожилой
2308-BLACK,квадратная,титан,синий,Tom Ford,оптика,130,46,15,25698,всесезонная,женский,пожилой
2308-GOLD,круглая,комбинированный,белый,Gucci,оптика,140,52,18,39934,всесезонная,мужской,молодой
231-LILAC,прямоугольная,комбинированный,белый,Ray-Ban,оптика,130,52,15,19211,всесезонная,унисекс,молодой
231-PINK,овальная,комбинированный,коричневый,Tom Ford,солнцезащитные,130,48,18,26002,летняя,унисекс,молодой
2311-01,прямоугольная,титан,серый,Prada,оптика,150,52,19,49782,всесезонная,мужской,пожилой
2311-02,прямоугольная,металл,черный,Prada,солнцезащитные,140,48,14,27106,летняя,унисекс,средний
2311-03,круглая,комбинированный,синий,Ray-Ban,солнцезащитные,145,54,20,19310,летняя,мужской,молодой
2311-56F,прямоугольная,пластик,серебряный,Oakley,солнцезащитные,135,46,20,11989,летняя,женский,средний
2312-BLACK,квадратная,комбинированный,черный,Oakley,оптика,135,54,20,16551,всесезонная,женский,пожилой
2312-NERO,квадратная,комбинированный,коричневый,Valentino,оптика,145,48,16,6782,всесезонная,женский,пожилой
2313-4,квадратная,пластик,белый,Tom Ford,солнцезащитные,140,50,19,30564,летняя,мужской,молодой
2314-561,квадратная,пластик,белый,Tom Ford,солнцезащитные,130,46,15,41402,летняя,унисекс,средний
2314-602,овальная,титан,коричневый,Gucci,оптика,135,54,19,20448,всесезонная,женский,молодой
2316-NERO,прямоугольная,комбинированный,черный,Prada,солнцезащитные,130,54,16,37130,летняя,женский,молодой
2321-598,прямоугольная,титан,серый,Gucci,оптика,150,50,18,25524,всесезонная,женский,молодой
2324-BLACK,овальная,комбинированный,белый,Gucci,солнцезащитные,140,46,14,46060,летняя,унисекс,молодой
2324-RED,квадратная,металл,черный,Prada,солнцезащитные,145,52,16,21180,летняя,мужской,средний
2331-002,прямоугольная,металл,белый,Tom Ford,солнцезащитные,140,52,14,33736,летняя,унисекс,молодой
2332-900,прямоугольная,комбинированный,коричневый,Lacoste,оптика,130,46,14,23802,всесезонная,мужской,пожилой
2340-2,квадратная,пластик,синий,Gucci,солнцезащитные,135,50,18,12786,летняя,унисекс,средний
2348-BEIGE,овальная,металл,синий,Gucci,оптика,145,54,19,6006,всесезонная,мужской,молодой
2348-VIOLET,прямоугольная,титан,золотой,Prada,оптика,150,54,14,22752,всесезонная,унисекс,молодой
2358-2,кошачий_глаз,пластик,белый,Lacoste,оптика,135,46,17,14482,всесезонная,унисекс,молодой
236-MARRONE,овальная,комбинированный,белый,Prada,солнцезащитные,135,48,16,49132,летняя,мужской,пожилой
2365-2,круглая,пластик,белый,Tom Ford,солнцезащитные,145,50,14,7652,летняя,мужской,средний
237-GOLD,овальная,титан,синий,Lacoste,оптика,135,48,15,15491,всесезонная,мужской,пожилой
2379-01,прямоугольная,комбинированный,белый,Ray-Ban,оптика,145,46,18,20578,всесезонная,унисекс,молодой
2379-02,овальная,комбинированный,коричневый,Prada,оптика,130,48,15,9366,всесезонная,мужской,пожилой
2379-03,квадратная,титан,белый,Prada,солнцезащитные,130,54,19,28506,летняя,женский,молодой
238-BROWN,овальная,металл,белый,Polaroid,оптика,145,48,15,7533,всесезонная,мужской,молодой
238-GREY,прямоугольная,пластик,золотой,Tom Ford,оптика,140,46,15,9348,всесезонная,унисекс,пожилой
238-GUN,квадратная,титан,серый,Oakley,солнцезащитные,145,48,20,7210,летняя,унисекс,средний
2381-186B,кошачий_глаз,металл,коричневый,Ray-Ban,оптика,130,52,15,5782,всесезонная,мужской,молодой
2382-187,прямоугольная,металл,серебряный,Ray-Ban,солнцезащитные,140,46,18,24788,летняя,женский,молодой
2385-12,круглая,пластик,белый,Valentino,оптика,140,54,16,37516,всесезонная,унисекс,средний
239-BEIGE,круглая,титан,серебряный,Gucci,оптика,130,50,18,20178,всесезонная,женский,средний
239-BROWN,овальная,комбинированный,белый,Prada,солнцезащитные,150,54,15,35156,летняя,унисекс,молодой
2390-02,кошачий_глаз,металл,коричневый,Gucci,оптика,130,48,17,26286,всесезонная,женский,средний
2391-186,круглая,комбинированный,белый,Gucci,солнцезащитные,140,52,16,22616,летняя,унисекс,молодой
242-BLACK,овальная,пластик,серый,Ray-Ban,солнцезащитные,135,52,19,15321,летняя,женский,пожилой
242-GOLD,круглая,комбинированный,белый,Lacoste,оптика,145,54,14,12872,всесезонная,мужской,пожилой
242-GUN,прямоугольная,титан,серебряный,Ray-Ban,оптика,135,48,19,14851,всесезонная,женский,пожилой
24222-002,прямоугольная,пластик,черный,Tom Ford,солнцезащитные,135,46,16,44988,летняя,женский,молодой
24228-001,кошачий_глаз,титан,золотой,Ray-Ban,солнцезащитные,130,50,16,22848,летняя,мужской,средний
24239-002,круглая,пластик,серебряный,Ray-Ban,оптика,150,52,14,13684,всесезонная,женский,молодой
24244-001,прямоугольная,титан,серый,Gucci,оптика,130,54,17,42970,всесезонная,мужской,средний
24244-002,прямоугольная,титан,белый,Ray-Ban,солнцезащитные,145,52,15,8524,летняя,унисекс,пожилой
24244-003,овальная,комбинированный,коричневый,Tom Ford,солнцезащитные,145,46,14,48106,летняя,унисекс,пожилой
2426-01,прямоугольная,металл,белый,Polaroid,солнцезащитные,140,48,18,14310,летняя,женский,средний
244-PURPLE,кошачий_глаз,титан,коричневый,Lacoste,солнцезащитные,130,46,16,9669,летняя,женский,молодой
24423-71,квадратная,металл,белый,Tom Ford,солнцезащитные,130,46,16,28110,летняя,женский,молодой
24436-1,квадратная,пластик,серебряный,Lacoste,оптика,135,48,20,3393,всесезонная,женский,пожилой
24436-3,прямоугольная,комбинированный,синий,Prada,солнцезащитные,140,48,16,25492,летняя,унисекс,молодой
2444B-01,овальная,титан,серебряный,Lacoste,солнцезащитные,140,46,16,10398,летняя,женский,средний
2444А-01,круглая,комбинированный,золотой,Oakley,оптика,135,54,20,10641,всесезонная,мужской,пожилой
2444А-02,овальная,титан,синий,Gucci,солнцезащитные,135,46,20,17558,летняя,мужской,молодой
24462-1,овальная,комбинированный,серебряный,Polaroid,солнцезащитные,135,48,14,3711,летняя,женский,средний
24462-3,кошачий_глаз,титан,синий,Polaroid,оптика,150,52,17,6420,всесезонная,унисекс,пожилой
24464-1,овальная,пластик,белый,Tom Ford,солнцезащитные,150,50,19,46882,летняя,унисекс,пожилой
2447-01,круглая,титан,черный,Lacoste,солнцезащитные,135,48,17,10798,летняя,унисекс,средний
2447-03,овальная,пластик,белый,Prada,оптика,140,46,14,33566,всесезонная,мужской,пожилой
24471-1,прямоугольная,металл,коричневый,Valentino,оптика,135,50,15,33054,всесезонная,женский,средний
24471-2,прямоугольная,пластик,белый,Polaroid,оптика,145,48,14,19838,всесезонная,женский,пожилой
24482-1,квадратная,металл,серебряный,Tom Ford,оптика,135,52,18,35084,всесезонная,мужской,пожилой
24482-2,прямоугольная,комбинированный,синий,Gucci,оптика,140,54,19,9650,всесезонная,унисекс,пожилой
24482-3,круглая,комбинированный,белый,Prada,оптика,145,52,17,24392,всесезонная,мужской,пожилой
24487-2,круглая,титан,серебряный,Prada,оптика,140,52,16,48302,всесезонная,женский,молодой
24488-3,овальная,комбинированный,коричневый,Lacoste,оптика,135,52,17,12485,всесезонная,мужской,средний
24490-699,кошачий_глаз,титан,белый,Tom Ford,оптика,135,54,15,19722,всесезонная,унисекс,молодой
24493-1,прямоугольная,пластик,синий,Lacoste,оптика,150,46,17,21210,всесезонная,мужской,пожилой
24495-3,овальная,пластик,коричневый,Ray-Ban,солнцезащитные,130,52,17,7849,летняя,унисекс,средний
24498-12,круглая,титан,серый,Valentino,оптика,130,50,14,41152,всесезонная,женский,пожилой
24499-1,круглая,комбинированный,коричневый,Lacoste,солнцезащитные,145,52,20,3253,летняя,унисекс,средний
24499-12,прямоугольная,пластик,коричневый,Gucci,солнцезащитные,130,48,18,17966,летняя,женский,молодой
245-NERO,круглая,комбинированный,золотой,Lacoste,оптика,130,52,16,23007,всесезонная,женский,пожилой
245-RED,овальная,титан,коричневый,Oakley,оптика,140,54,15,9417,всесезонная,женский,средний
24500-1,овальная,комбинированный,серебряный,Lacoste,оптика,145,50,18,17997,всесезонная,женский,молодой
24500-12,прямоугольная,пластик,черный,Oakley,солнцезащитные,145,46,17,13487,летняя,женский,средний
24507-2,квадратная,пластик,синий,Gucci,оптика,150,52,14,17032,всесезонная,мужской,молодой
2450A-03,квадратная,комбинированный,золотой,Tom Ford,солнцезащитные,140,46,18,45028,летняя,мужской,средний
24510-1,квадратная,пластик,черный,Polaroid,солнцезащитные,140,54,18,22795,летняя,женский,молодой
24537-1,прямоугольная,металл,коричневый,Ray-Ban,оптика,130,48,18,21212,всесезонная,мужской,молодой
24551-461,кошачий_глаз,титан,черный,Oakley,солнцезащитные,145,46,17,7435,летняя,женский,молодой
24551-704,овальная,титан,серый,Prada,оптика,130,48,15,41912,всесезонная,женский,пожилой
24551-706,кошачий_глаз,комбинированный,белый,Valentino,солнцезащитные,150,48,17,25088,летняя,женский,молодой
24568-383,прямоугольная,комбинированный,золотой,Polaroid,солнцезащитные,145,50,16,22870,летняя,мужской,средний
24568-509,овальная,титан,серый,Ray-Ban,солнцезащитные,135,50,14,16481,летняя,унисекс,молодой
2458-B,круглая,комбинированный,синий,Oakley,солнцезащитные,140,50,18,11766,летняя,женский,средний
24604-8,круглая,комбинированный,золотой,Gucci,солнцезащитные,140,50,17,6870,летняя,унисекс,пожилой
24608-1.4,кошачий_глаз,металл,золотой,Tom Ford,оптика,130,48,18,26464,всесезонная,женский,молодой
2463-01,овальная,пластик,золотой,Prada,солнцезащитные,145,50,18,11322,летняя,унисекс,молодой
24659-8.3,овальная,комбинированный,золотой,Oakley,оптика,140,48,20,16309,всесезонная,унисекс,молодой
24660-3,прямоугольная,комбинированный,коричневый,Prada,солнцезащитные,130,48,18,33292,летняя,мужской,пожилой
24697-8,квадратная,титан,белый,Oakley,солнцезащитные,135,50,16,20821,летняя,женский,пожилой
2470-02,овальная,комбинированный,синий,Prada,оптика,150,54,15,43568,всесезонная,унисекс,пожилой
24732-8.10,квадратная,титан,коричневый,Prada,оптика,135,50,15,24402,всесезонная,мужской,пожилой
2474-3,овальная,комбинированный,черный,Lacoste,солнцезащитные,135,46,16,5267,летняя,унисекс,молодой
24753-8,кошачий_глаз,пластик,синий,Prada,оптика,150,48,17,32182,всесезонная,мужской,молодой
2478-02,кошачий_глаз,титан,белый,Valentino,оптика,130,54,17,46674,всесезонная,унисекс,средний
24803-8,квадратная,титан,белый,Gucci,оптика,130,54,19,10648,всесезонная,унисекс,молодой
24810-1.6,овальная,комбинированный,серый,Lacoste,солнцезащитные,135,48,20,6590,летняя,мужской,средний
24820-1,прямоугольная,титан,черный,Ray-Ban,оптика,135,54,16,16366,всесезонная,мужской,пожилой
24820-8,круглая,металл,серый,Prada,солнцезащитные,150,50,14,42732,летняя,унисекс,молодой
24820-8.1,прямоугольная,комбинированный,белый,Tom Ford,оптика,135,48,14,35720,всесезонная,мужской,молодой
24821-8,круглая,комбинированный,белый,Gucci,солнцезащитные,140,54,17,48970,летняя,унисекс,молодой
24823-2,круглая,пластик,коричневый,Lacoste,солнцезащитные,135,50,18,14006,летняя,унисекс,молодой
24827-4.1,круглая,комбинированный,черный,Valentino,солнцезащитные,145,52,17,39172,летняя,мужской,пожилой
24827-4.2,овальная,комбинированный,синий,Lacoste,солнцезащитные,130,52,16,3828,летняя,унисекс,пожилой
24827-4.3,овальная,титан,синий,Valentino,оптика,150,46,15,19570,всесезонная,женский,молодой
2484-01,прямоугольная,пластик,синий,Tom Ford,солнцезащитные,145,52,19,26336,летняя,мужской,пожилой
24845-3,круглая,пластик,белый,Prada,солнцезащитные,135,48,15,11838,летняя,женский,пожилой
24858-1.5,круглая,металл,коричневый,Ray-Ban,оптика,150,46,15,9495,всесезонная,женский,молодой
24858-1.8,прямоугольная,титан,белый,Lacoste,солнцезащитные,150,50,16,18193,летняя,мужской,средний
24868-C3,кошачий_глаз,комбинированный,коричневый,Oakley,оптика,145,52,20,12824,всесезонная,мужской,молодой
24869-1.6,прямоугольная,комбинированный,серый,Lacoste,солнцезащитные,140,54,15,20425,летняя,женский,пожилой
24869-1.8,круглая,титан,коричневый,Prada,оптика,130,46,16,12280,всесезонная,мужской,средний
24881-1.4,кошачий_глаз,титан,золотой,Ray-Ban,солнцезащитные,150,46,16,17870,летняя,мужской,молодой
24887-1.4,кошачий_глаз,комбинированный,черный,Oakley,оптика,135,52,18,19037,всесезонная,мужской,молодой
2489-01,квадратная,пластик,синий,Ray-Ban,солнцезащитные,135,52,15,18586,летняя,женский,пожилой
2489-02,круглая,металл,серый,Polaroid,оптика,130,54,19,19383,всесезонная,мужской,молодой
2494-01,круглая,металл,черный,Oakley,оптика,145,48,18,11412,всесезонная,мужской,молодой
25.120.01,овальная,пластик,золотой,Valentino,солнцезащитные,135,48,14,24944,летняя,женский,средний
25.120.02,прямоугольная,титан,синий,Polaroid,солнцезащитные,130,48,15,20585,летняя,унисекс,молодой
25.120.03,прямоугольная,пластик,синий,Prada,оптика,130,50,17,14742,всесезонная,женский,пожилой
25.121.02,овальная,металл,коричневый,Valentino,солнцезащитные,130,48,14,49638,летняя,унисекс,средний
25.121.03,овальная,пластик,серый,Gucci,солнцезащитные,135,46,18,41810,летняя,мужской,пожилой
25.122.01,круглая,титан,золотой,Ray-Ban,оптика,150,50,15,4867,всесезонная,унисекс,пожилой
25.122.02,овальная,титан,серебряный,Gucci,оптика,150,52,17,26426,всесезонная,мужской,средний
25.124.01,квадратная,пластик,синий,Valentino,солнцезащитные,135,46,18,49236,летняя,женский,средний
25.124.02,круглая,пластик,серый,Lacoste,оптика,140,52,17,19272,всесезонная,мужской,пожилой
25.175.02,квадратная,титан,белый,Oakley,солнцезащитные,145,46,20,13519,летняя,мужской,пожилой
25.328.01,кошачий_глаз,комбинированный,серебряный,Lacoste,солнцезащитные,145,46,20,6616,летняя,мужской,пожилой
25.328.03,кошачий_глаз,металл,коричневый,Valentino,солнцезащитные,135,52,16,43168,летняя,женский,молодой
25.420.01,прямоугольная,комбинированный,синий,Gucci,солнцезащитные,140,54,19,30998,летняя,унисекс,пожилой
25.420.02,кошачий_глаз,титан,белый,Lacoste,солнцезащитные,150,50,14,10749,летняя,унисекс,пожилой
25.420.03,прямоугольная,металл,серебряный,Polaroid,солнцезащитные,140,46,20,13957,летняя,мужской,средний
25.421.01,овальная,пластик,золотой,Gucci,солнцезащитные,130,46,14,26112,летняя,мужской,средний
25.421.02,прямоугольная,комбинированный,синий,Tom Ford,солнцезащитные,130,48,20,24550,летняя,унисекс,пожилой
25.422.01,квадратная,пластик,белый,Polaroid,солнцезащитные,135,46,20,10167,летняя,унисекс,средний
25.422.02,прямоугольная,титан,черный,Tom Ford,солнцезащитные,135,54,18,29638,летняя,женский,средний
25.422.03,овальная,металл,серый,Valentino,оптика,130,46,15,23928,всесезонная,мужской,средний
25.423.03,круглая,комбинированный,синий,Valentino,солнцезащитные,145,48,20,16406,летняя,женский,пожилой
25.424.03,квадратная,титан,черный,Prada,солнцезащитные,140,52,14,45778,летняя,женский,молодой
25.428.02,квадратная,комбинированный,черный,Tom Ford,солнцезащитные,130,54,17,40254,летняя,женский,средний
25.428.03,круглая,титан,черный,Tom Ford,оптика,150,54,14,23176,всесезонная,женский,пожилой
25.431.01,круглая,комбинированный,коричневый,Polaroid,оптика,135,54,15,15719,всесезонная,женский,пожилой
25.431.02,овальная,титан,черный,Polaroid,солнцезащитные,130,48,18,12895,летняя,мужской,пожилой
25.432.02,прямоугольная,металл,серый,Ray-Ban,солнцезащитные,130,48,17,5734,летняя,унисекс,молодой
25.432.03,овальная,комбинированный,белый,Gucci,оптика,145,48,19,27734,всесезонная,мужской,средний
25.433.02,круглая,комбинированный,белый,Tom Ford,солнцезащитные,130,54,20,26922,летняя,мужской,молодой
25.436.02,кошачий_глаз,металл,черный,Oakley,оптика,145,54,15,4493,всесезонная,женский,молодой
25.438.03,круглая,титан,серебряный,Gucci,оптика,145,48,20,37670,всесезонная,унисекс,молодой
25.439.03,круглая,пластик,белый,Gucci,солнцезащитные,130,52,14,37864,летняя,женский,молодой
25.442.01,овальная,металл,серый,Lacoste,оптика,140,46,16,24515,всесезонная,женский,молодой
25.442.02,овальная,металл,коричневый,Valentino,оптика,140,48,17,7184,всесезонная,мужской,молодой
25.442.03,кошачий_глаз,металл,коричневый,Oakley,солнцезащитные,140,46,17,4737,летняя,мужской,пожилой
25.443.02,кошачий_глаз,пластик,серебряный,Valentino,солнцезащитные,130,54,18,28558,летняя,унисекс,средний
25.480.03,круглая,пластик,золотой,Ray-Ban,оптика,135,50,19,8505,всесезонная,женский,пожилой
25.481.02,кошачий_глаз,металл,белый,Tom Ford,оптика,135,52,14,6922,всесезонная,унисекс,пожилой
25.481.03,кошачий_глаз,комбинированный,черный,Oakley,солнцезащитные,135,46,14,16722,летняя,мужской,молодой
25.523.02,прямоугольная,титан,коричневый,Oakley,солнцезащитные,135,48,16,23133,летняя,унисекс,средний
25.523.03,круглая,комбинированный,черный,Gucci,оптика,150,52,14,47600,всесезонная,женский,пожилой
25.523.04,квадратная,пластик,серебряный,Gucci,оптика,130,54,14,34454,всесезонная,женский,средний
25.525.01,овальная,металл,серый,Prada,оптика,135,46,16,13106,всесезонная,женский,молодой
25.525.02,прямоугольная,титан,золотой,Tom Ford,солнцезащитные,130,54,17,34124,летняя,женский,средний
25.525.03,прямоугольная,пластик,белый,Gucci,солнцезащитные,140,46,18,39754,летняя,унисекс,средний
25.527.01,кошачий_глаз,комбинированный,серый,Ray-Ban,оптика,140,54,14,8254,всесезонная,женский,средний
25.527.03,квадратная,комбинированный,коричневый,Lacoste,солнцезащитные,135,52,17,11838,летняя,унисекс,молодой
25.528.02,круглая,пластик,золотой,Lacoste,оптика,130,52,15,24514,всесезонная,мужской,пожилой
25.560.01,кошачий_глаз,титан,коричневый,Lacoste,оптика,130,54,16,11380,всесезонная,женский,молодой
25.560.02,квадратная,пластик,серебряный,Lacoste,оптика,145,52,17,3473,всесезонная,мужской,молодой
25.562.01,квадратная,металл,золотой,Valentino,солнцезащитные,145,46,17,19268,летняя,женский,молодой
25.562.03,кошачий_глаз,металл,серый,Oakley,солнцезащитные,130,54,14,21422,летняя,унисекс,средний
25.622.01,прямоугольная,титан,белый,Polaroid,оптика,145,50,19,17674,всесезонная,мужской,пожилой
25.622.02,кошачий_глаз,металл,серебряный,Oakley,оптика,130,54,16,9938,всесезонная,мужской,пожилой
25.622.03,квадратная,комбинированный,белый,Polaroid,солнцезащитные,150,54,14,13640,летняя,унисекс,молодой
25.623.01,овальная,металл,золотой,Valentino,оптика,145,50,17,8034,всесезонная,женский,молодой
25.623.02,кошачий_глаз,титан,коричневый,Oakley,солнцезащитные,140,46,16,16901,летняя,женский,молодой
25.627.01,круглая,комбинированный,серый,Valentino,оптика,135,48,19,7630,всесезонная,унисекс,средний
25.627.02,круглая,титан,коричневый,Valentino,солнцезащитные,135,54,14,29118,летняя,мужской,средний
25.662.01,квадратная,титан,коричневый,Ray-Ban,солнцезащитные,150,50,18,7221,летняя,унисекс,молодой
25.662.03,прямоугольная,металл,коричневый,Gucci,оптика,130,46,16,27622,всесезонная,женский,средний
25.721.01,квадратная,комбинированный,коричневый,Prada,оптика,145,46,20,27728,всесезонная,мужской,молодой
25.721.02,кошачий_глаз,пластик,коричневый,Tom Ford,солнцезащитные,140,46,19,49254,летняя,женский,пожилой
25.721.03,круглая,металл,белый,Polaroid,солнцезащитные,135,48,16,6147,летняя,женский,пожилой
25.722.01,квадратная,титан,черный,Tom Ford,солнцезащитные,130,52,15,6518,летняя,мужской,пожилой
25.722.02,квадратная,пластик,коричневый,Polaroid,солнцезащитные,145,48,20,8283,летняя,унисекс,средний
25.722.03,овальная,комбинированный,золотой,Prada,оптика,135,54,18,32006,всесезонная,женский,пожилой
25.730.03,кошачий_глаз,комбинированный,черный,Polaroid,солнцезащитные,135,46,15,11267,летняя,мужской,средний
25.780.03,круглая,металл,черный,Prada,оптика,145,54,16,18922,всесезонная,женский,средний
25.820.02,квадратная,титан,серый,Oakley,солнцезащитные,135,52,19,13078,летняя,унисекс,средний
25.850.01,прямоугольная,титан,серый,Oakley,оптика,145,48,14,22720,всесезонная,унисекс,средний
25030-426,круглая,пластик,золотой,Oakley,оптика,135,50,19,15444,всесезонная,женский,средний
25062-001,кошачий_глаз,комбинированный,серебряный,Prada,солнцезащитные,130,48,18,11442,летняя,женский,средний
25072-001,кошачий_глаз,металл,золотой,Polaroid,оптика,150,52,17,9741,всесезонная,женский,средний
25072-033,овальная,титан,синий,Prada,солнцезащитные,130,50,14,37974,летняя,женский,молодой
2509-186,квадратная,комбинированный,белый,Prada,оптика,130,54,15,6976,всесезонная,мужской,средний
2509-2,овальная,металл,черный,Valentino,оптика,145,54,16,26516,всесезонная,женский,молодой
251-BLACK,прямоугольная,комбинированный,серый,Polaroid,солнцезащитные,130,46,18,5570,летняя,унисекс,молодой
251-NERO,квадратная,титан,белый,Valentino,солнцезащитные,145,52,14,19016,летняя,женский,молодой
2510-1-20,прямоугольная,металл,белый,Lacoste,оптика,140,48,18,6827,всесезонная,унисекс,пожилой
25103-034,квадратная,титан,золотой,Ray-Ban,солнцезащитные,145,46,14,10072,летняя,мужской,пожилой
2512-1,овальная,комбинированный,серый,Polaroid,солнцезащитные,130,50,18,16257,летняя,унисекс,пожилой
25145-003,квадратная,титан,белый,Gucci,солнцезащитные,135,50,20,34740,летняя,женский,молодой
25158-001,квадратная,комбинированный,серый,Lacoste,солнцезащитные,150,52,14,4018,летняя,унисекс,пожилой
25158-002,овальная,комбинированный,серый,Gucci,оптика,135,48,17,26510,всесезонная,женский,пожилой
25159-002,кошачий_глаз,комбинированный,белый,Gucci,оптика,145,54,20,47656,всесезонная,женский,пожилой
25163-001,квадратная,титан,белый,Ray-Ban,оптика,150,54,19,9038,всесезонная,женский,средний
25163-002,овальная,металл,серебряный,Oakley,оптика,145,46,18,8194,всесезонная,мужской,пожилой
25178-003,овальная,титан,черный,Ray-Ban,оптика,140,48,16,9325,всесезонная,унисекс,средний
25182-002,овальная,титан,синий,Polaroid,оптика,150,48,19,14914,всесезонная,мужской,пожилой
25184-001,прямоугольная,титан,черный,Oakley,оптика,135,46,16,15603,всесезонная,мужской,средний
25184-002,кошачий_глаз,пластик,белый,Ray-Ban,оптика,130,48,19,23407,всесезонная,унисекс,молодой
25185-001,овальная,пластик,золотой,Valentino,солнцезащитные,145,52,17,10814,летняя,мужской,пожилой
25191-003,прямоугольная,титан,серебряный,Polaroid,оптика,140,54,18,16366,всесезонная,унисекс,средний
25195-002,круглая,комбинированный,белый,Prada,оптика,145,54,19,43728,всесезонная,женский,пожилой
25205-4,квадратная,металл,коричневый,Ray-Ban,оптика,145,52,16,10552,всесезонная,мужской,молодой
2521-01,овальная,металл,белый,Tom Ford,оптика,140,54,14,32688,всесезонная,женский,средний
2521-02,квадратная,пластик,золотой,Ray-Ban,оптика,145,50,16,14870,всесезонная,женский,пожилой
2523-01,кошачий_глаз,титан,серебряный,Polaroid,оптика,145,54,17,5367,всесезонная,унисекс,молодой
2526-2,кошачий_глаз,металл,черный,Gucci,солнцезащитные,140,46,18,38584,летняя,унисекс,пожилой
2532-02,кошачий_глаз,титан,белый,Lacoste,солнцезащитные,145,54,15,4059,летняя,женский,пожилой
2533-2,кошачий_глаз,комбинированный,синий,Valentino,оптика,135,50,19,43856,всесезонная,мужской,средний
2533-5,овальная,пластик,синий,Ray-Ban,солнцезащитные,130,54,14,19154,летняя,мужской,пожилой
2537-02,прямоугольная,металл,синий,Lacoste,солнцезащитные,135,54,17,14227,летняя,женский,средний
2539-01,овальная,комбинированный,коричневый,Tom Ford,солнцезащитные,130,54,20,27568,летняя,женский,средний
25398-3,овальная,пластик,коричневый,Ray-Ban,солнцезащитные,145,54,18,14495,летняя,женский,молодой
254-BEIGE,прямоугольная,пластик,коричневый,Polaroid,оптика,140,54,18,9440,всесезонная,унисекс,средний
254-BLACK,кошачий_глаз,титан,черный,Oakley,солнцезащитные,130,46,16,10582,летняя,мужской,молодой
254-BROWN,кошачий_глаз,металл,серебряный,Oakley,солнцезащитные,150,48,17,24653,летняя,женский,пожилой
2544-02,кошачий_глаз,титан,серый,Polaroid,солнцезащитные,145,46,14,21403,летняя,унисекс,средний
2546-01,прямоугольная,пластик,белый,Oakley,солнцезащитные,145,46,20,4237,летняя,мужской,пожилой
2547-02,овальная,титан,синий,Gucci,солнцезащитные,130,50,18,31622,летняя,женский,молодой
255-741,прямоугольная,комбинированный,серебряный,Ray-Ban,оптика,145,48,14,4915,всесезонная,женский,пожилой
255-BLUE,кошачий_глаз,металл,синий,Prada,солнцезащитные,150,50,17,44618,летняя,мужской,пожилой
255-GREY,прямоугольная,комбинированный,белый,Ray-Ban,солнцезащитные,150,50,14,7891,летняя,женский,пожилой
255-NERO,овальная,титан,черный,Gucci,оптика,150,52,14,35846,всесезонная,унисекс,средний
25523-1,квадратная,комбинированный,серебряный,Valentino,солнцезащитные,130,52,18,44306,летняя,мужской,пожилой
25564-2,квадратная,титан,серебряный,Prada,оптика,150,50,16,12198,всесезонная,женский,средний
25568-1,прямоугольная,металл,серебряный,Lacoste,оптика,145,52,20,19952,всесезонная,женский,пожилой
25570-4,квадратная,титан,серебряный,Polaroid,солнцезащитные,135,52,16,4795,летняя,женский,молодой
25570-5,квадратная,пластик,синий,Lacoste,оптика,135,50,20,9145,всесезонная,унисекс,пожилой
2569-1,прямоугольная,титан,синий,Prada,солнцезащитные,130,50,16,12160,летняя,мужской,пожилой
2569-2,кошачий_глаз,пластик,золотой,Valentino,оптика,130,50,18,38298,всесезонная,мужской,пожилой
257-GOLD,квадратная,комбинированный,серебряный,Gucci,оптика,150,54,16,10910,всесезонная,мужской,пожилой
257-SILVER,кошачий_глаз,комбинированный,серебряный,Tom Ford,солнцезащитные,150,50,16,23538,летняя,унисекс,пожилой
259-BROWN,круглая,комбинированный,белый,Prada,оптика,135,52,14,37060,всесезонная,мужской,молодой
259-NERO,квадратная,комбинированный,золотой,Prada,солнцезащитные,150,50,20,36850,летняя,женский,средний
26-145 22,квадратная,металл,серебряный,Ray-Ban,оптика,130,54,19,15541,всесезонная,мужской,пожилой
26-154 20P,овальная,титан,серый,Ray-Ban,оптика,130,48,19,24702,всесезонная,унисекс,пожилой
26-163 20P,квадратная,пластик,белый,Valentino,солнцезащитные,135,48,18,22600,летняя,мужской,пожилой
26-174 07P,квадратная,комбинированный,серебряный,Lacoste,солнцезащитные,135,52,17,16361,летняя,женский,средний
26-174 17P,овальная,пластик,серебряный,Polaroid,оптика,140,54,19,17155,всесезонная,женский,молодой
26-179 17,овальная,комбинированный,коричневый,Gucci,оптика,145,48,17,27422,всесезонная,женский,молодой
26-179 19,квадратная,пластик,черный,Tom Ford,оптика,140,46,20,49716,всесезонная,унисекс,пожилой
26.092.03,круглая,пластик,серебряный,Valentino,оптика,150,46,16,34900,всесезонная,женский,пожилой
26.096.02,кошачий_глаз,металл,серый,Gucci,солнцезащитные,145,50,14,37480,летняя,унисекс,средний
26.150.02,кошачий_глаз,пластик,коричневый,Polaroid,оптика,140,52,16,20382,всесезонная,женский,пожилой
26.191.02,квадратная,металл,серебряный,Oakley,оптика,145,46,14,19588,всесезонная,женский,молодой
26.191.03,квадратная,комбинированный,белый,Polaroid,оптика,130,46,17,8578,всесезонная,мужской,средний
"26.318,01",квадратная,комбинированный,синий,Ray-Ban,оптика,145,48,20,10595,всесезонная,мужской,молодой
26.319.01,прямоугольная,титан,черный,Prada,оптика,140,48,15,11388,всесезонная,женский,средний
26.319.03,кошачий_глаз,комбинированный,серебряный,Oakley,солнцезащитные,140,48,14,15131,летняя,женский,молодой
26.321.01,прямоугольная,пластик,серый,Tom Ford,солнцезащитные,130,52,17,14222,летняя,мужской,средний
26.321.02,прямоугольная,комбинированный,синий,Tom Ford,солнцезащитные,130,52,16,37370,летняя,унисекс,пожилой
26.321.03,овальная,титан,синий,Tom Ford,оптика,145,48,17,39062,всесезонная,унисекс,молодой
26.325.01,квадратная,металл,черный,Ray-Ban,солнцезащитные,150,52,19,8727,летняя,мужской,молодой
26.325.02,кошачий_глаз,титан,золотой,Valentino,оптика,140,54,18,8026,всесезонная,мужской,молодой
26.325.03,прямоугольная,пластик,серый,Polaroid,оптика,145,46,18,21161,всесезонная,мужской,пожилой
26.327.01,кошачий_глаз,металл,золотой,Tom Ford,оптика,135,50,19,9184,всесезонная,унисекс,молодой
26.327.02,квадратная,титан,серый,Valentino,солнцезащитные,140,54,18,49606,летняя,женский,молодой
26.327.03,прямоугольная,титан,серебряный,Oakley,солнцезащитные,150,52,16,18941,летняя,унисекс,пожилой
26.364.01,круглая,пластик,золотой,Prada,оптика,145,52,17,38866,всесезонная,женский,пожилой
26.364.03,кошачий_глаз,пластик,черный,Tom Ford,оптика,145,46,14,9316,всесезонная,мужской,молодой
26.480.03,овальная,металл,коричневый,Valentino,оптика,130,52,15,11630,всесезонная,унисекс,пожилой
26.520.02,овальная,пластик,золотой,Oakley,оптика,130,52,16,15490,всесезонная,унисекс,пожилой
26.521.01,кошачий_глаз,титан,серый,Prada,оптика,135,54,15,25186,всесезонная,женский,молодой
26.521.02,кошачий_глаз,металл,белый,Tom Ford,оптика,150,52,20,42118,всесезонная,мужской,средний
26.521.03,прямоугольная,пластик,золотой,Lacoste,солнцезащитные,140,54,17,4265,летняя,женский,пожилой
26.526.01,квадратная,металл,синий,Gucci,солнцезащитные,145,54,14,46172,летняя,женский,молодой
26.532.01,круглая,комбинированный,золотой,Gucci,оптика,145,52,16,32204,всесезонная,мужской,средний
26.532.02,прямоугольная,металл,черный,Oakley,оптика,130,46,20,18303,всесезонная,мужской,пожилой
26.532.03,прямоугольная,комбинированный,серый,Gucci,солнцезащитные,150,48,14,29088,летняя,унисекс,средний
26.626.06,квадратная,комбинированный,синий,Gucci,оптика,140,54,17,35266,всесезонная,унисекс,средний
26.628.02,овальная,титан,коричневый,Prada,солнцезащитные,135,46,15,29966,летняя,женский,средний
26.628.03,кошачий_глаз,комбинированный,белый,Gucci,солнцезащитные,140,46,15,49368,летняя,унисекс,средний
26.820.02,овальная,титан,коричневый,Oakley,солнцезащитные,135,46,20,14360,летняя,унисекс,молодой
2605-01,прямоугольная,металл,золотой,Tom Ford,солнцезащитные,130,50,20,43604,летняя,женский,молодой
2605-02,овальная,металл,серебряный,Valentino,солнцезащитные,145,54,20,19772,летняя,мужской,молодой
261-BLUE,кошачий_глаз,металл,белый,Gucci,оптика,150,50,15,26632,всесезонная,женский,пожилой
261-GREY,овальная,пластик,золотой,Polaroid,солнцезащитные,140,52,17,21979,летняя,унисекс,молодой
261-NERO,кошачий_глаз,комбинированный,синий,Prada,солнцезащитные,140,52,14,34118,летняя,женский,средний
2626-02,кошачий_глаз,пластик,синий,Ray-Ban,оптика,135,52,14,3502,всесезонная,унисекс,молодой
26506-001,квадратная,титан,серый,Gucci,солнцезащитные,140,50,15,11740,летняя,унисекс,пожилой
26506-002,прямоугольная,комбинированный,синий,Valentino,оптика,135,48,20,14542,всесезонная,женский,средний
26523-1,квадратная,титан,серый,Lacoste,оптика,130,46,20,3440,всесезонная,мужской,средний
267-BLUE,круглая,комбинированный,серебряный,Valentino,оптика,140,52,15,19898,всесезонная,женский,средний
267-BROWN,квадратная,пластик,серый,Oakley,оптика,135,48,17,11009,всесезонная,мужской,молодой
267-GOLD,квадратная,комбинированный,коричневый,Prada,солнцезащитные,150,54,16,46098,летняя,женский,пожилой
267-NERO,овальная,титан,золотой,Polaroid,оптика,150,54,20,18933,всесезонная,унисекс,пожилой
26701-1,круглая,титан,белый,Prada,солнцезащитные,135,46,16,49706,летняя,женский,молодой
26702-1,овальная,пластик,серый,Valentino,солнцезащитные,150,46,15,21930,летняя,унисекс,пожилой
26702-2,овальная,металл,синий,Gucci,солнцезащитные,140,54,18,10084,летняя,женский,молодой
268-BROWN,кошачий_глаз,комбинированный,серый,Prada,солнцезащитные,150,52,17,16212,летняя,женский,пожилой
2685-02,овальная,комбинированный,серый,Lacoste,оптика,145,54,19,13462,всесезонная,мужской,пожилой
2689-01,прямоугольная,титан,синий,Lacoste,оптика,140,48,14,11556,всесезонная,женский,средний
2691-03,прямоугольная,металл,черный,Oakley,солнцезащитные,135,50,20,3981,летняя,унисекс,пожилой
27-ROSE,квадратная,комбинированный,коричневый,Gucci,солнцезащитные,140,46,16,16104,летняя,мужской,средний
2703-99,кошачий_глаз,титан,черный,Polaroid,оптика,140,52,18,23151,всесезонная,унисекс,молодой
2725-020,кошачий_глаз,комбинированный,коричневый,Valentino,солнцезащитные,150,50,16,48344,летняя,мужской,молодой
2785A,квадратная,пластик,коричневый,Polaroid,солнцезащитные,130,52,16,10556,летняя,мужской,средний
2785B,прямоугольная,титан,коричневый,Gucci,солнцезащитные,140,54,14,17130,летняя,мужской,средний
2785C,квадратная,титан,золотой,Lacoste,солнцезащитные,150,46,16,17739,летняя,унисекс,пожилой
2787A,овальная,металл,белый,Polaroid,солнцезащитные,145,46,15,22177,летняя,унисекс,средний
2787C,прямоугольная,пластик,синий,Ray-Ban,солнцезащитные,150,50,14,9120,летняя,мужской,молодой
2787D,круглая,пластик,серый,Polaroid,солнцезащитные,130,54,18,9880,летняя,женский,средний
2789B,квадратная,комбинированный,черный,Gucci,оптика,150,52,16,40492,всесезонная,мужской,молодой
2789D,овальная,титан,серебряный,Prada,оптика,145,48,20,19998,всесезонная,женский,пожилой
2795A,овальная,пластик,коричневый,Gucci,оптика,140,46,17,20228,всесезонная,унисекс,средний
2795B,квадратная,титан,серебряный,Ray-Ban,солнцезащитные,135,52,15,11759,летняя,женский,средний
280-PINK,прямоугольная,титан,белый,Polaroid,солнцезащитные,140,48,16,12729,летняя,мужской,средний
28004-1,круглая,титан,синий,Oakley,оптика,140,50,18,4654,всесезонная,мужской,средний
28008-5,прямоугольная,пластик,серый,Polaroid,солнцезащитные,130,52,16,8060,летняя,мужской,средний
2850-A,круглая,титан,черный,Ray-Ban,оптика,130,52,16,21888,всесезонная,мужской,пожилой
286-C2,квадратная,пластик,черный,Oakley,оптика,135,46,14,21952,всесезонная,женский,средний
286-D GUN,кошачий_глаз,титан,коричневый,Polaroid,оптика,130,46,18,16592,всесезонная,мужской,пожилой
2860B,овальная,титан,коричневый,Lacoste,солнцезащитные,150,54,16,4279,летняя,женский,молодой
2878A,кошачий_глаз,титан,серебряный,Polaroid,солнцезащитные,150,52,17,15530,летняя,унисекс,пожилой
2878B,прямоугольная,металл,серый,Gucci,оптика,150,50,16,7618,всесезонная,мужской,пожилой
290-BLACK,кошачий_глаз,титан,коричневый,Polaroid,солнцезащитные,135,46,15,15499,летняя,унисекс,пожилой
290-BROWN,круглая,комбинированный,черный,Tom Ford,оптика,145,50,17,43284,всесезонная,женский,пожилой
290-SEA,круглая,пластик,коричневый,Prada,оптика,135,50,20,32434,всесезонная,унисекс,пожилой
2903-028,круглая,титан,коричневый,Polaroid,солнцезащитные,135,54,19,16073,летняя,мужской,молодой
2904-6050,круглая,пластик,синий,Valentino,солнцезащитные,130,48,20,34714,летняя,женский,молодой
291-GOLD,прямоугольная,пластик,серый,Ray-Ban,солнцезащитные,145,52,16,24086,летняя,женский,средний
29226-9,квадратная,металл,белый,Polaroid,оптика,140,46,20,9716,всесезонная,унисекс,пожилой
29230-9,круглая,пластик,коричневый,Oakley,солнцезащитные,130,50,19,9822,летняя,мужской,молодой
2931-27384,овальная,пластик,серебряный,Valentino,оптика,140,50,20,25812,всесезонная,мужской,пожилой
2931-C27115,кошачий_глаз,комбинированный,серый,Gucci,оптика,135,46,20,31434,всесезонная,мужской,пожилой
294-BROWN,кошачий_глаз,комбинированный,серебряный,Gucci,оптика,145,48,16,29864,всесезонная,женский,пожилой
2941-001,круглая,комбинированный,золотой,Oakley,оптика,140,48,16,18237,всесезонная,мужской,средний
2948-074,прямоугольная,пластик,золотой,Ray-Ban,оптика,140,46,17,20968,всесезонная,унисекс,пожилой
2948-083,круглая,пластик,синий,Oakley,солнцезащитные,150,54,20,11769,летняя,мужской,средний
2948-N-001,круглая,пластик,белый,Gucci,солнцезащитные,150,50,16,41612,летняя,унисекс,молодой
295-GREY,кошачий_глаз,металл,коричневый,Oakley,солнцезащитные,140,52,18,20125,летняя,женский,пожилой
295-SILVER,овальная,комбинированный,черный,Lacoste,солнцезащитные,140,52,19,11619,летняя,мужской,средний
2952-059,круглая,комбинированный,серебряный,Ray-Ban,солнцезащитные,145,52,14,13687,летняя,женский,молодой
2952-092,квадратная,титан,белый,Valentino,оптика,150,48,18,10120,всесезонная,женский,пожилой
2953-005,кошачий_глаз,титан,серый,Polaroid,солнцезащитные,130,48,15,17891,летняя,унисекс,молодой
2953-059,прямоугольная,титан,золотой,Prada,оптика,150,54,20,11330,всесезонная,унисекс,пожилой
2953-25641,квадратная,пластик,золотой,Ray-Ban,оптика,150,48,19,5559,всесезонная,мужской,пожилой
2953-358,круглая,комбинированный,серебряный,Polaroid,солнцезащитные,145,46,19,6055,летняя,мужской,пожилой
2954-059,кошачий_глаз,комбинированный,черный,Ray-Ban,оптика,145,48,20,6347,всесезонная,унисекс,пожилой
2959-001,кошачий_глаз,комбинированный,золотой,Oakley,солнцезащитные,145,54,15,21855,летняя,женский,молодой
2959-072,кошачий_глаз,металл,серый,Tom Ford,оптика,140,52,17,49090,всесезонная,унисекс,молодой
2959-087,кошачий_глаз,металл,коричневый,Oakley,оптика,150,54,20,24451,всесезонная,женский,пожилой
296-BROWN,круглая,металл,золотой,Valentino,солнцезащитные,130,54,14,49994,летняя,унисекс,средний
296-C2,прямоугольная,пластик,синий,Prada,оптика,150,52,17,45734,всесезонная,мужской,пожилой
296-C3,прямоугольная,комбинированный,синий,Valentino,оптика,135,50,14,39526,всесезонная,унисекс,средний
296-NERO,прямоугольная,металл,серебряный,Tom Ford,оптика,145,50,16,27906,всесезонная,мужской,средний
296-VIOLET,кошачий_глаз,металл,золотой,Oakley,солнцезащитные,150,48,19,16913,летняя,унисекс,молодой
2960-005,квадратная,пластик,черный,Prada,оптика,135,54,18,46324,всесезонная,унисекс,пожилой
2960-081,прямоугольная,пластик,коричневый,Tom Ford,солнцезащитные,145,46,17,14342,летняя,унисекс,средний
2962/D-032,кошачий_глаз,пластик,коричневый,Oakley,солнцезащитные,145,52,17,23001,летняя,унисекс,пожилой
2967-057,овальная,комбинированный,белый,Prada,оптика,150,48,15,12324,всесезонная,женский,средний
2967-087,прямоугольная,комбинированный,коричневый,Polaroid,оптика,135,54,14,17693,всесезонная,мужской,средний
2969-005,квадратная,титан,белый,Polaroid,оптика,140,48,16,3456,всесезонная,унисекс,молодой
2969-092,квадратная,комбинированный,золотой,Polaroid,солнцезащитные,140,54,15,15202,летняя,женский,молодой
297-C2,квадратная,титан,серый,Tom Ford,солнцезащитные,130,52,15,35794,летняя,унисекс,молодой
297-C3,кошачий_глаз,комбинированный,золотой,Valentino,солнцезащитные,150,48,20,34668,летняя,унисекс,молодой
2974-020,прямоугольная,комбинированный,серый,Prada,оптика,150,50,18,28114,всесезонная,мужской,пожилой
2974-028,овальная,комбинированный,серый,Oakley,оптика,130,52,17,19096,всесезонная,унисекс,молодой
2974-032,прямоугольная,пластик,синий,Valentino,оптика,145,54,16,11568,всесезонная,женский,пожилой
2974-071,овальная,комбинированный,белый,Ray-Ban,солнцезащитные,130,48,17,6532,летняя,женский,средний
2974-074,кошачий_глаз,пластик,черный,Valentino,оптика,140,54,20,9880,всесезонная,унисекс,средний
2975-074,кошачий_глаз,комбинированный,белый,Lacoste,солнцезащитные,140,50,18,13645,летняя,мужской,средний
298-C1,прямоугольная,комбинированный,серебряный,Prada,солнцезащитные,145,52,19,38988,летняя,унисекс,молодой
298-C2,прямоугольная,комбинированный,серый,Lacoste,солнцезащитные,150,48,16,5082,летняя,унисекс,молодой
2982-024,квадратная,пластик,серебряный,Tom Ford,оптика,140,46,15,33358,всесезонная,женский,средний
2982-098,прямоугольная,титан,серебряный,Tom Ford,солнцезащитные,135,50,14,17440,летняя,мужской,пожилой
29828-GD,круглая,титан,белый,Valentino,солнцезащитные,145,54,17,27472,летняя,унисекс,пожилой
2987-041,овальная,титан,серый,Lacoste,оптика,130,48,16,14108,всесезонная,унисекс,средний
299-1,прямоугольная,титан,синий,Oakley,оптика,145,54,18,18993,всесезонная,женский,пожилой
299-C1,квадратная,титан,белый,Gucci,оптика,150,48,20,20510,всесезонная,унисекс,молодой
299-C2,квадратная,комбинированный,коричневый,Lacoste,оптика,130,52,20,18776,всесезонная,женский,молодой
299-C3,квадратная,титан,черный,Tom Ford,оптика,145,48,16,18102,всесезонная,женский,пожилой
29931-1,овальная,металл,коричневый,Gucci,оптика,150,54,14,9766,всесезонная,мужской,пожилой
29934-1,овальная,комбинированный,черный,Prada,солнцезащитные,145,46,14,20278,летняя,унисекс,пожилой
"3000844-REPLAY 3,0",кошачий_глаз,металл,коричневый,Prada,оптика,135,50,20,35626,всесезонная,унисекс,молодой
"3001046-REPLAY 3,0",овальная,комбинированный,белый,Lacoste,оптика,130,46,19,11336,всесезонная,женский,средний
30064 L-BB 09,круглая,комбинированный,синий,Gucci,солнцезащитные,130,52,20,30332,летняя,унисекс,средний
3008-595,кошачий_глаз,пластик,серебряный,Prada,оптика,130,50,14,42816,всесезонная,унисекс,средний
"3011348-ARCADE 3,0",кошачий_глаз,пластик,коричневый,Prada,солнцезащитные,145,48,16,39582,летняя,мужской,средний
3017-6,кошачий_глаз,пластик,синий,Oakley,солнцезащитные,130,54,15,18238,летняя,женский,пожилой
30173 L-GO11,кошачий_глаз,металл,черный,Polaroid,оптика,130,52,19,24294,всесезонная,мужской,пожилой
3019-2,кошачий_глаз,металл,белый,Lacoste,оптика,130,46,19,17309,всесезонная,унисекс,пожилой
3019-5,кошачий_глаз,комбинированный,белый,Tom Ford,оптика,145,50,15,45390,всесезонная,мужской,молодой
30206 L-BG02,кошачий_глаз,металл,серебряный,Polaroid,оптика,130,48,17,13563,всесезонная,унисекс,средний
30266L-BG03,кошачий_глаз,комбинированный,белый,Ray-Ban,оптика,150,46,15,8412,всесезонная,мужской,пожилой
30271L-BG05,прямоугольная,металл,коричневый,Tom Ford,оптика,150,50,17,7008,всесезонная,унисекс,пожилой
30271L-NG04,овальная,комбинированный,золотой,Gucci,солнцезащитные,135,48,14,26990,летняя,женский,молодой
3028-400,прямоугольная,пластик,черный,Polaroid,оптика,145,46,15,9221,всесезонная,женский,средний
3028-401,квадратная,титан,черный,Prada,оптика,135,46,17,40630,всесезонная,мужской,пожилой
3028-402,круглая,титан,серый,Lacoste,солнцезащитные,150,48,15,10992,летняя,женский,молодой
30287L-VN06,овальная,пластик,синий,Gucci,солнцезащитные,130,50,16,26576,летняя,мужской,средний
30293L-DP12,кошачий_глаз,металл,коричневый,Ray-Ban,солнцезащитные,140,54,16,17559,летняя,женский,средний
303-C4,кошачий_глаз,металл,золотой,Prada,солнцезащитные,150,46,17,8730,летняя,мужской,пожилой
30300L-BO01,прямоугольная,пластик,белый,Ray-Ban,оптика,140,46,14,20460,всесезонная,мужской,пожилой
3030250-FANGAME,квадратная,металл,черный,Ray-Ban,солнцезащитные,140,52,15,8922,летняя,женский,пожилой
30303L-BV10,круглая,металл,серебряный,Lacoste,оптика,145,46,19,7484,всесезонная,мужской,средний
30303L-NG12,овальная,комбинированный,золотой,Tom Ford,солнцезащитные,140,48,14,30398,летняя,мужской,пожилой
30303L-NR11,круглая,металл,синий,Gucci,солнцезащитные,145,46,14,34420,летняя,женский,молодой
3031-921,круглая,титан,белый,Prada,солнцезащитные,135,50,20,15868,летняя,унисекс,средний
"3031552-FANGAME 3,0",овальная,пластик,серебряный,Gucci,оптика,130,54,20,11016,всесезонная,женский,средний
3032-512,квадратная,металл,серебряный,Prada,оптика,130,48,20,43574,всесезонная,женский,средний
30329L-GB11,квадратная,комбинированный,серебряный,Prada,оптика,135,52,17,30156,всесезонная,унисекс,средний
30333L-MG10,кошачий_глаз,титан,золотой,Ray-Ban,оптика,140,48,14,12412,всесезонная,мужской,молодой
30342L-GB19,кошачий_глаз,пластик,синий,Ray-Ban,солнцезащитные,135,54,19,14361,летняя,унисекс,пожилой
3037-090,круглая,титан,черный,Prada,солнцезащитные,135,54,20,42508,летняя,унисекс,средний
304-C01,квадратная,титан,коричневый,Valentino,оптика,135,46,19,26046,всесезонная,женский,пожилой
304-C02,кошачий_глаз,пластик,серый,Polaroid,оптика,130,52,16,6331,всесезонная,унисекс,молодой
304-GOLD,кошачий_глаз,комбинированный,серый,Tom Ford,солнцезащитные,130,54,16,26008,летняя,унисекс,средний
3041-423,овальная,пластик,серый,Polaroid,солнцезащитные,130,50,18,19446,летняя,унисекс,средний
305-C1,овальная,комбинированный,серый,Ray-Ban,солнцезащитные,140,48,18,7167,летняя,мужской,пожилой
306-C03,прямоугольная,комбинированный,белый,Valentino,оптика,140,48,16,7058,всесезонная,мужской,пожилой
307-C1,кошачий_глаз,титан,серый,Ray-Ban,оптика,140,50,17,17908,всесезонная,унисекс,средний
3078-605,круглая,титан,серебряный,Gucci,оптика,130,50,15,36018,всесезонная,унисекс,средний
308-BLACK,кошачий_глаз,металл,белый,Lacoste,оптика,150,52,14,24493,всесезонная,мужской,средний
3085-02,круглая,титан,белый,Ray-Ban,солнцезащитные,135,46,17,3794,летняя,мужской,молодой
3085I-AS-TOT,овальная,комбинированный,золотой,Oakley,оптика,150,52,15,7999,всесезонная,унисекс,средний
3091-01,кошачий_глаз,титан,синий,Tom Ford,оптика,130,54,15,45632,всесезонная,унисекс,пожилой
3091-02,прямоугольная,металл,серебряный,Lacoste,оптика,130,54,16,24278,всесезонная,женский,пожилой
3093-03,овальная,металл,серебряный,Prada,оптика,135,46,18,8414,всесезонная,мужской,средний
3095-03,прямоугольная,металл,золотой,Polaroid,солнцезащитные,130,50,16,16673,летняя,унисекс,пожилой
30MontaigneMiniO-B3I-5500,прямоугольная,пластик,серебряный,Tom Ford,оптика,145,46,20,20600,всесезонная,унисекс,пожилой
30MontaigneMiniO-BI-1000,квадратная,комбинированный,серебряный,Ray-Ban,оптика,135,48,14,24620,всесезонная,унисекс,средний
31002-1,кошачий_глаз,пластик,синий,Polaroid,солнцезащитные,140,46,16,16335,летняя,мужской,средний
3101-2,овальная,пластик,синий,Prada,оптика,150,52,19,19278,всесезонная,мужской,пожилой
3103-714,круглая,металл,золотой,Prada,солнцезащитные,150,54,20,41300,летняя,мужской,молодой
3110-3,квадратная,титан,коричневый,Ray-Ban,солнцезащитные,135,50,19,20144,летняя,мужской,средний
3110-5,квадратная,металл,коричневый,Oakley,оптика,135,52,14,24390,всесезонная,мужской,молодой
3111-1,квадратная,титан,коричневый,Lacoste,оптика,135,52,16,5063,всесезонная,унисекс,пожилой
3111-3,прямоугольная,металл,коричневый,Prada,солнцезащитные,150,46,20,37480,летняя,мужской,средний
3111-5,кошачий_глаз,титан,синий,Gucci,оптика,135,50,19,16804,всесезонная,мужской,пожилой
31167-4,прямоугольная,пластик,черный,Oakley,солнцезащитные,145,54,19,15228,летняя,унисекс,средний
31264-2,прямоугольная,титан,серебряный,Lacoste,солнцезащитные,145,54,20,10116,летняя,унисекс,пожилой
31319-1,круглая,титан,серебряный,Polaroid,солнцезащитные,145,50,19,5553,летняя,унисекс,молодой
31319-4,овальная,титан,коричневый,Valentino,солнцезащитные,145,50,20,33728,летняя,женский,молодой
3146-1,кошачий_глаз,титан,серый,Gucci,солнцезащитные,150,46,17,46618,летняя,женский,молодой
3146-GREY,кошачий_глаз,металл,синий,Lacoste,оптика,145,54,20,6440,всесезонная,мужской,пожилой
315-00S,квадратная,металл,золотой,Polaroid,солнцезащитные,130,48,19,7978,летняя,женский,молодой
315-3,прямоугольная,пластик,серый,Gucci,солнцезащитные,150,54,15,8150,летняя,мужской,молодой
315-C1,овальная,пластик,белый,Polaroid,оптика,135,54,15,13638,всесезонная,унисекс,пожилой
315-C2,кошачий_глаз,металл,синий,Lacoste,солнцезащитные,135,48,20,11534,летняя,мужской,пожилой
315-GUN,квадратная,металл,коричневый,Polaroid,оптика,140,46,19,13722,всесезонная,мужской,молодой
315-NERO,овальная,комбинированный,синий,Ray-Ban,солнцезащитные,145,46,15,6079,летняя,женский,средний
315-SILVER,овальная,металл,серый,Valentino,солнцезащитные,150,50,16,26644,летняя,унисекс,молодой
31517-4791,квадратная,металл,коричневый,Polaroid,солнцезащитные,130,50,19,13203,летняя,женский,молодой
316-C2,квадратная,пластик,синий,Valentino,солнцезащитные,130,54,17,36838,летняя,унисекс,молодой
3160-49/20,круглая,металл,синий,Tom Ford,солнцезащитные,150,48,16,47400,летняя,унисекс,пожилой
3160-49/20-2,кошачий_глаз,пластик,черный,Oakley,оптика,145,46,14,10025,всесезонная,женский,средний
3160-49/60-9,круглая,металл,коричневый,Oakley,солнцезащитные,145,54,20,19010,летняя,мужской,пожилой
"3160950-QUEST 3,0",овальная,металл,коричневый,Oakley,оптика,140,50,20,24875,всесезонная,унисекс,пожилой
3162 A-49,овальная,комбинированный,белый,Lacoste,оптика,150,46,18,9775,всесезонная,унисекс,молодой
3163-2,кошачий_глаз,пластик,белый,Valentino,оптика,150,50,20,42746,всесезонная,унисекс,пожилой
3163-3,овальная,металл,белый,Gucci,солнцезащитные,145,48,15,30912,летняя,унисекс,средний
3163-4,кошачий_глаз,комбинированный,белый,Lacoste,солнцезащитные,135,46,18,22396,летняя,унисекс,пожилой
3164 A-50,овальная,металл,синий,Valentino,солнцезащитные,135,52,16,42144,летняя,мужской,средний
3164 C-50,квадратная,комбинированный,серый,Prada,оптика,135,48,20,11630,всесезонная,женский,средний
3164 D-50,квадратная,пластик,синий,Prada,солнцезащитные,135,50,15,13068,летняя,унисекс,пожилой
3164-1,овальная,титан,белый,Lacoste,оптика,150,46,17,18117,всесезонная,женский,пожилой
3164-2,кошачий_глаз,металл,золотой,Tom Ford,солнцезащитные,140,46,16,28650,летняя,унисекс,средний
3165-2,круглая,пластик,синий,Gucci,оптика,150,52,16,47030,всесезонная,мужской,пожилой
3165-52/10-3,овальная,металл,серый,Prada,солнцезащитные,140,46,18,40680,летняя,мужской,молодой
3165-52/20,прямоугольная,титан,золотой,Prada,солнцезащитные,130,46,15,14130,летняя,унисекс,пожилой
3165-52/60-9,прямоугольная,металл,синий,Prada,солнцезащитные,150,54,16,8022,летняя,женский,пожилой
3166-1,овальная,пластик,коричневый,Gucci,оптика,140,52,19,17170,всесезонная,мужской,молодой
3166-2,круглая,титан,белый,Oakley,солнцезащитные,140,52,19,24093,летняя,унисекс,пожилой
3167-1,прямоугольная,металл,золотой,Tom Ford,солнцезащитные,150,52,17,30452,летняя,унисекс,молодой
3167-3,овальная,комбинированный,черный,Valentino,солнцезащитные,130,54,15,32398,летняя,женский,пожилой
3169-4,квадратная,титан,серебряный,Gucci,оптика,140,54,20,27782,всесезонная,женский,средний
317-C2,прямоугольная,металл,белый,Lacoste,солнцезащитные,140,50,15,11469,летняя,унисекс,молодой
317-C3,прямоугольная,пластик,серый,Polaroid,солнцезащитные,145,48,16,12131,летняя,унисекс,пожилой
3170-1,овальная,титан,белый,Prada,оптика,150,54,17,20944,всесезонная,женский,средний
3170-2,прямоугольная,пластик,серебряный,Ray-Ban,оптика,130,52,17,22294,всесезонная,унисекс,средний
3170-3,квадратная,металл,золотой,Polaroid,солнцезащитные,130,50,16,10291,летняя,унисекс,молодой
3170852-FANBOY,квадратная,комбинированный,серый,Gucci,оптика,140,52,20,19610,всесезонная,мужской,средний
3174-2,кошачий_глаз,комбинированный,серый,Ray-Ban,солнцезащитные,130,50,20,3044,летняя,женский,средний
3175-3,кошачий_глаз,металл,белый,Prada,оптика,135,50,19,36110,всесезонная,унисекс,пожилой
3176-1,квадратная,комбинированный,серый,Tom Ford,оптика,135,46,16,49132,всесезонная,женский,молодой
3176-3,квадратная,пластик,синий,Valentino,оптика,140,52,14,23306,всесезонная,мужской,молодой
3177-1,круглая,металл,черный,Prada,оптика,130,50,14,47294,всесезонная,мужской,средний
3178-2,прямоугольная,титан,черный,Tom Ford,оптика,150,48,19,48682,всесезонная,мужской,молодой
3178-3,квадратная,металл,серый,Valentino,оптика,145,54,20,8768,всесезонная,мужской,пожилой
318-114,кошачий_глаз,пластик,синий,Gucci,оптика,140,46,18,13334,всесезонная,унисекс,молодой
3180-54/10,круглая,комбинированный,золотой,Prada,солнцезащитные,135,54,18,21390,летняя,женский,молодой
3180-54/20-2,овальная,титан,серебряный,Oakley,оптика,140,52,15,18169,всесезонная,унисекс,средний
3180-54/40-6,кошачий_глаз,комбинированный,черный,Ray-Ban,солнцезащитные,130,54,18,6868,летняя,унисекс,пожилой
3180-56/10,круглая,пластик,серебряный,Lacoste,солнцезащитные,150,48,20,16390,летняя,унисекс,средний
3180-56/40-6,овальная,комбинированный,белый,Ray-Ban,солнцезащитные,130,50,14,11077,летняя,женский,молодой
3183M-DG060,овальная,комбинированный,белый,Valentino,солнцезащитные,145,48,14,43354,летняя,мужской,средний
319-00s,прямоугольная,металл,коричневый,Oakley,солнцезащитные,135,50,16,6384,летняя,женский,пожилой
3195-53/40-6,прямоугольная,металл,золотой,Tom Ford,солнцезащитные,140,50,15,43946,летняя,женский,пожилой
3195-53/81-3,кошачий_глаз,комбинированный,золотой,Ray-Ban,солнцезащитные,150,54,20,18831,летняя,унисекс,молодой
3195-55/40-6,кошачий_глаз,комбинированный,синий,Tom Ford,оптика,130,48,18,14048,всесезонная,мужской,средний
3195-55/81-3,прямоугольная,металл,серебряный,Gucci,оптика,150,52,14,47584,всесезонная,женский,средний
3203-1,прямоугольная,пластик,белый,Ray-Ban,солнцезащитные,135,48,14,14170,летняя,унисекс,средний
3203-2,овальная,металл,серый,Gucci,оптика,140,54,17,14734,всесезонная,унисекс,пожилой
3203-4,овальная,металл,синий,Polaroid,солнцезащитные,150,46,18,9377,летняя,унисекс,средний
32036-4,овальная,металл,синий,Valentino,оптика,135,54,14,39904,всесезонная,унисекс,средний
32036-7,овальная,пластик,коричневый,Valentino,солнцезащитные,140,48,19,36740,летняя,женский,пожилой
32039-3,круглая,титан,белый,Ray-Ban,солнцезащитные,140,46,15,19716,летняя,женский,молодой
3205-2,квадратная,титан,синий,Polaroid,оптика,150,50,15,14718,всесезонная,мужской,средний
32054-8.3,овальная,комбинированный,серый,Gucci,солнцезащитные,145,50,20,38820,летняя,унисекс,молодой
32056-8,прямоугольная,титан,серый,Lacoste,оптика,140,50,18,22282,всесезонная,мужской,пожилой
3206-1,овальная,титан,белый,Lacoste,оптика,135,52,16,3683,всесезонная,женский,молодой
3206-2,прямоугольная,титан,золотой,Valentino,оптика,130,50,14,17818,всесезонная,женский,пожилой
32063-3,овальная,пластик,белый,Lacoste,оптика,140,52,19,11894,всесезонная,женский,пожилой
32063-8,круглая,пластик,коричневый,Gucci,солнцезащитные,135,54,18,9566,летняя,унисекс,молодой
32064-5,квадратная,металл,золотой,Lacoste,оптика,145,52,17,10060,всесезонная,женский,молодой
32064-8,овальная,титан,серебряный,Polaroid,оптика,150,48,15,17245,всесезонная,мужской,молодой
3207-2,круглая,комбинированный,серебряный,Lacoste,оптика,130,50,15,21038,всесезонная,женский,средний
3207-3,кошачий_глаз,пластик,коричневый,Ray-Ban,оптика,135,52,20,19902,всесезонная,женский,пожилой
3207-4,кошачий_глаз,металл,белый,Polaroid,оптика,130,48,16,24198,всесезонная,женский,молодой
32071-8,квадратная,металл,серебряный,Tom Ford,оптика,145,54,17,44324,всесезонная,женский,пожилой
3208-1,прямоугольная,титан,синий,Tom Ford,оптика,130,54,19,45810,всесезонная,унисекс,пожилой
3209-2,овальная,титан,синий,Lacoste,солнцезащитные,150,46,17,11715,летняя,мужской,пожилой
3209-3,круглая,титан,синий,Lacoste,оптика,130,52,17,8950,всесезонная,мужской,средний
3211-1,прямоугольная,титан,серый,Lacoste,оптика,140,46,20,22958,всесезонная,унисекс,пожилой
3211-2,квадратная,титан,коричневый,Prada,оптика,135,52,16,20858,всесезонная,женский,молодой
3211-3,квадратная,пластик,коричневый,Tom Ford,оптика,130,54,20,14390,всесезонная,унисекс,пожилой
3212-1,круглая,металл,серый,Prada,оптика,135,46,18,17132,всесезонная,женский,пожилой
3212-3,квадратная,металл,коричневый,Ray-Ban,оптика,135,48,17,11070,всесезонная,мужской,молодой
3213-1,круглая,металл,синий,Lacoste,оптика,130,48,16,22399,всесезонная,унисекс,средний
3213-2,кошачий_глаз,пластик,черный,Tom Ford,солнцезащитные,150,48,14,32086,летняя,женский,пожилой
3214-1,кошачий_глаз,титан,коричневый,Ray-Ban,оптика,140,54,15,12221,всесезонная,женский,пожилой
3214-3,круглая,пластик,белый,Ray-Ban,солнцезащитные,145,50,20,17890,летняя,мужской,пожилой
322-BLACK,круглая,металл,белый,Ray-Ban,оптика,135,54,20,15735,всесезонная,мужской,молодой
322-BORDO,круглая,титан,золотой,Lacoste,солнцезащитные,140,52,17,24637,летняя,мужской,молодой
322-C1,прямоугольная,комбинированный,черный,Valentino,оптика,140,54,16,41148,всесезонная,унисекс,средний
32284-1,прямоугольная,титан,коричневый,Tom Ford,солнцезащитные,145,52,17,34186,летняя,унисекс,молодой
322S-01KA,круглая,пластик,черный,Polaroid,солнцезащитные,135,52,18,16060,летняя,мужской,молодой
3233-B-GB1,квадратная,титан,коричневый,Valentino,солнцезащитные,150,52,17,47988,летняя,мужской,пожилой
32330-1,кошачий_глаз,пластик,золотой,Tom Ford,оптика,135,54,17,14794,всесезонная,мужской,пожилой
32334-3,квадратная,металл,коричневый,Tom Ford,солнцезащитные,135,52,20,8788,летняя,женский,молодой
32339-3,овальная,металл,белый,Polaroid,оптика,145,48,17,12081,всесезонная,женский,средний
32342-5,кошачий_глаз,комбинированный,белый,Ray-Ban,оптика,140,48,17,14030,всесезонная,женский,молодой
32348-5,прямоугольная,комбинированный,белый,Oakley,солнцезащитные,130,48,17,6949,летняя,унисекс,пожилой
3235-50/300,квадратная,пластик,серебряный,Tom Ford,солнцезащитные,130,50,17,8532,летняя,женский,средний
32359-2,квадратная,титан,белый,Tom Ford,солнцезащитные,135,54,18,6970,летняя,женский,молодой
32368-3,кошачий_глаз,металл,белый,Tom Ford,солнцезащитные,150,46,17,42852,летняя,женский,средний
32368-5,прямоугольная,пластик,серебряный,Gucci,солнцезащитные,130,50,16,49002,летняя,унисекс,средний
3237-04,круглая,титан,золотой,Valentino,оптика,145,52,17,43512,всесезонная,мужской,молодой
32370-1,прямоугольная,пластик,синий,Tom Ford,солнцезащитные,150,50,14,34394,летняя,мужской,пожилой
32377-1,квадратная,пластик,золотой,Ray-Ban,оптика,145,48,14,4360,всесезонная,женский,средний
32389-67,круглая,пластик,синий,Gucci,оптика,135,54,19,43502,всесезонная,женский,средний
3239-02,кошачий_глаз,титан,золотой,Gucci,оптика,135,46,15,22314,всесезонная,унисекс,молодой
3239-1,овальная,пластик,синий,Prada,оптика,130,50,20,16486,всесезонная,унисекс,молодой
324-C2,круглая,пластик,серебряный,Oakley,солнцезащитные,140,54,15,11227,летняя,мужской,средний
3244A-01,прямоугольная,титан,белый,Oakley,оптика,150,50,18,24198,всесезонная,унисекс,средний
326-C3,круглая,пластик,серый,Gucci,оптика,140,50,16,28350,всесезонная,унисекс,средний
32621-BK,круглая,титан,белый,Gucci,солнцезащитные,135,54,18,45890,летняя,унисекс,пожилой
3266-02,круглая,металл,синий,Ray-Ban,солнцезащитные,135,52,15,10224,летняя,унисекс,пожилой
3267-1,квадратная,металл,серый,Lacoste,солнцезащитные,145,52,14,10083,летняя,женский,молодой
328-03,кошачий_глаз,комбинированный,серебряный,Prada,солнцезащитные,130,52,15,49286,летняя,мужской,средний
32824-1,кошачий_глаз,пластик,серебряный,Lacoste,оптика,140,48,14,7211,всесезонная,унисекс,средний
3285-02,овальная,пластик,черный,Prada,солнцезащитные,130,54,14,17886,летняя,унисекс,молодой
3287-01,круглая,комбинированный,золотой,Lacoste,оптика,135,48,14,6398,всесезонная,женский,молодой
330-BLACK,кошачий_глаз,комбинированный,коричневый,Prada,оптика,145,46,14,25632,всесезонная,женский,средний
330-GREY,овальная,титан,серебряный,Valentino,оптика,140,54,18,35396,всесезонная,мужской,средний
3300-50/40-8,квадратная,титан,черный,Valentino,солнцезащитные,130,54,17,19442,летняя,женский,средний
330120,круглая,титан,серый,Lacoste,солнцезащитные,135,46,17,12534,летняя,мужской,средний
330180,прямоугольная,комбинированный,серый,Polaroid,оптика,140,52,14,11208,всесезонная,унисекс,молодой
3303-31092,квадратная,комбинированный,белый,Polaroid,оптика,140,54,14,22786,всесезонная,женский,средний
33032-570,прямоугольная,металл,серый,Polaroid,солнцезащитные,135,54,18,24331,летняя,мужской,молодой
33032-600,кошачий_глаз,комбинированный,синий,Valentino,солнцезащитные,140,54,18,11924,летняя,женский,средний
330320,кошачий_глаз,комбинированный,белый,Prada,оптика,130,46,16,22456,всесезонная,унисекс,молодой
3304-54/40-8,круглая,пластик,черный,Ray-Ban,оптика,140,54,20,11527,всесезонная,унисекс,молодой
3310-BROWN,кошачий_глаз,титан,белый,Oakley,оптика,145,50,19,24823,всесезонная,женский,средний
3310-GREY,прямоугольная,металл,белый,Lacoste,оптика,130,46,16,8599,всесезонная,мужской,молодой
33115-3100,круглая,металл,золотой,Tom Ford,оптика,145,48,20,44960,всесезонная,унисекс,молодой
33117-3100,прямоугольная,металл,коричневый,Prada,солнцезащитные,130,48,17,22616,летняя,женский,средний
33117-6100,прямоугольная,металл,коричневый,Ray-Ban,солнцезащитные,145,54,19,18658,летняя,мужской,молодой
33119-3100,квадратная,комбинированный,белый,Prada,оптика,150,54,18,8238,всесезонная,унисекс,пожилой
33119-5100,квадратная,комбинированный,коричневый,Prada,оптика,150,54,18,46394,всесезонная,мужской,пожилой
33123-3100,овальная,металл,синий,Valentino,оптика,145,48,19,23208,всесезонная,женский,средний
33123-6100,кошачий_глаз,комбинированный,коричневый,Valentino,оптика,145,48,18,35260,всесезонная,унисекс,средний
331312,круглая,титан,золотой,Lacoste,солнцезащитные,140,52,17,4612,летняя,мужской,молодой
33144-1,кошачий_глаз,пластик,серебряный,Polaroid,солнцезащитные,140,46,19,8425,летняя,унисекс,молодой
33150-1,круглая,металл,черный,Oakley,оптика,150,46,16,16532,всесезонная,женский,молодой
33169-4,круглая,титан,синий,Gucci,оптика,130,52,17,32446,всесезонная,женский,молодой
33169-6,круглая,титан,белый,Tom Ford,солнцезащитные,140,48,19,37414,летняя,женский,пожилой
3320-1,прямоугольная,пластик,серый,Tom Ford,оптика,150,48,19,10052,всесезонная,мужской,молодой
333-BEIGE,кошачий_глаз,титан,черный,Gucci,солнцезащитные,145,48,20,33148,летняя,унисекс,средний
333-BLACK,кошачий_глаз,металл,черный,Oakley,солнцезащитные,140,50,17,22560,летняя,унисекс,средний
333-BROWN,кошачий_глаз,комбинированный,золотой,Oakley,оптика,150,46,20,22918,всесезонная,унисекс,молодой
334-086,овальная,металл,коричневый,Oakley,солнцезащитные,140,54,15,3209,летняя,унисекс,средний
33413-3,кошачий_глаз,титан,серебряный,Lacoste,оптика,130,52,14,19229,всесезонная,мужской,молодой
33420-1,квадратная,титан,коричневый,Prada,солнцезащитные,145,48,18,42362,летняя,мужской,молодой
33437-1,круглая,титан,синий,Tom Ford,оптика,145,46,19,16750,всесезонная,унисекс,молодой
3357-23808,круглая,титан,серебряный,Valentino,оптика,140,46,16,14102,всесезонная,женский,средний
3357-358,овальная,металл,белый,Tom Ford,оптика,130,50,15,30244,всесезонная,унисекс,средний
3362-1,круглая,металл,белый,Polaroid,оптика,135,52,20,20909,всесезонная,женский,молодой
3362-2,кошачий_глаз,титан,синий,Oakley,солнцезащитные,145,46,20,9833,летняя,мужской,молодой
337-563,квадратная,титан,синий,Lacoste,солнцезащитные,140,54,15,12203,летняя,женский,средний
33719-3100,квадратная,титан,черный,Ray-Ban,оптика,145,48,17,17775,всесезонная,мужской,молодой
3372-007,кошачий_глаз,металл,синий,Oakley,солнцезащитные,130,50,19,19579,летняя,женский,пожилой
3372-009,прямоугольная,пластик,синий,Lacoste,оптика,145,54,15,10076,всесезонная,унисекс,пожилой
338-BKU,кошачий_глаз,комбинированный,серебряный,Valentino,оптика,145,46,19,43638,всесезонная,мужской,пожилой
340-NAVY,круглая,титан,серебряный,Gucci,солнцезащитные,145,46,20,49750,летняя,унисекс,средний
340-NERO,прямоугольная,титан,синий,Ray-Ban,солнцезащитные,130,46,19,16951,летняя,унисекс,средний
340/G-06J,кошачий_глаз,металл,синий,Prada,солнцезащитные,130,48,19,7752,летняя,женский,средний
3402-1,прямоугольная,комбинированный,серый,Tom Ford,солнцезащитные,140,50,18,35580,летняя,унисекс,молодой
3408-Q-622,квадратная,металл,коричневый,Valentino,солнцезащитные,140,52,15,8110,летняя,женский,средний
3410-2,прямоугольная,металл,золотой,Tom Ford,солнцезащитные,140,52,15,23370,летняя,унисекс,молодой
3417-1,кошачий_глаз,металл,серебряный,Ray-Ban,оптика,135,50,15,24215,всесезонная,женский,средний
3417-26253,прямоугольная,металл,серый,Oakley,солнцезащитные,150,50,18,10050,летняя,унисекс,пожилой
3417-622/SB,круглая,пластик,коричневый,Oakley,оптика,150,46,16,7866,всесезонная,женский,средний
3424-3,круглая,металл,серый,Ray-Ban,оптика,135,52,15,13283,всесезонная,женский,молодой
34350-1,прямоугольная,металл,золотой,Polaroid,оптика,145,48,20,20355,всесезонная,унисекс,молодой
34365-10,круглая,комбинированный,синий,Oakley,солнцезащитные,145,50,14,6417,летняя,унисекс,молодой
3464-2,прямоугольная,пластик,золотой,Tom Ford,солнцезащитные,140,54,15,10314,летняя,мужской,молодой
347/G-807,прямоугольная,металл,синий,Polaroid,оптика,130,54,19,3572,всесезонная,мужской,средний
347450,круглая,металл,черный,Ray-Ban,солнцезащитные,135,48,14,17439,летняя,мужской,средний
348-BROWN,кошачий_глаз,комбинированный,белый,Ray-Ban,солнцезащитные,130,52,16,22436,летняя,женский,пожилой
348-GOLD,круглая,комбинированный,золотой,Lacoste,солнцезащитные,145,48,18,15381,летняя,женский,пожилой
35.091.03,кошачий_глаз,металл,золотой,Prada,солнцезащитные,140,48,14,49278,летняя,мужской,средний
35.222.01,овальная,металл,серебряный,Gucci,солнцезащитные,145,46,18,25574,летняя,мужской,средний
35.223.02,прямоугольная,металл,серебряный,Polaroid,оптика,140,54,20,14490,всесезонная,унисекс,молодой
35.223.03,круглая,титан,серебряный,Polaroid,солнцезащитные,140,52,14,19788,летняя,унисекс,средний
35.224.01,квадратная,комбинированный,черный,Gucci,солнцезащитные,135,50,14,33788,летняя,унисекс,пожилой
35.224.02,кошачий_глаз,титан,синий,Oakley,солнцезащитные,130,50,14,20705,летняя,унисекс,средний
35.260.02,круглая,металл,золотой,Lacoste,солнцезащитные,145,50,19,8006,летняя,унисекс,молодой
35.261.01,кошачий_глаз,металл,золотой,Tom Ford,оптика,145,48,14,8290,всесезонная,женский,средний
35.262.01,квадратная,титан,серый,Tom Ford,солнцезащитные,130,54,18,37352,летняя,мужской,молодой
35.262.02,квадратная,металл,черный,Tom Ford,солнцезащитные,130,54,14,35966,летняя,мужской,пожилой
35.262.03,овальная,титан,черный,Polaroid,солнцезащитные,130,48,16,20766,летняя,унисекс,молодой
35.265.02,прямоугольная,титан,синий,Gucci,солнцезащитные,150,54,18,44796,летняя,мужской,средний
35.421.01,овальная,металл,серый,Polaroid,солнцезащитные,140,52,16,4290,летняя,унисекс,средний
35.421.03,круглая,пластик,серый,Valentino,солнцезащитные,135,52,18,38680,летняя,женский,пожилой
35.423.02,круглая,комбинированный,серебряный,Ray-Ban,солнцезащитные,130,52,15,15904,летняя,женский,пожилой
35.423.03,кошачий_глаз,титан,золотой,Ray-Ban,оптика,140,54,17,22188,всесезонная,мужской,пожилой
35.426.02,квадратная,комбинированный,белый,Oakley,оптика,140,52,15,14038,всесезонная,унисекс,молодой
35.429.03,прямоугольная,комбинированный,серый,Oakley,солнцезащитные,150,50,14,24459,летняя,унисекс,пожилой
35.435.01,кошачий_глаз,комбинированный,серый,Ray-Ban,солнцезащитные,135,52,17,16638,летняя,унисекс,средний
35.435.02,прямоугольная,пластик,синий,Prada,солнцезащитные,140,46,14,17634,летняя,мужской,средний
35.435.03,прямоугольная,комбинированный,серый,Polaroid,оптика,140,46,20,24896,всесезонная,унисекс,молодой
35.437.01,прямоугольная,металл,серый,Lacoste,солнцезащитные,145,50,15,15596,летняя,мужской,молодой
35.437.02,круглая,титан,синий,Gucci,солнцезащитные,150,46,20,17776,летняя,женский,молодой
35.437.03,круглая,металл,белый,Oakley,солнцезащитные,135,48,14,3227,летняя,женский,средний
35.438.04,кошачий_глаз,пластик,золотой,Polaroid,солнцезащитные,145,48,18,13795,летняя,мужской,молодой
35.441.01,овальная,титан,белый,Lacoste,солнцезащитные,140,52,16,13872,летняя,женский,средний
35.441.02,кошачий_глаз,металл,серый,Prada,оптика,150,52,16,28158,всесезонная,унисекс,средний
35.441.03,овальная,комбинированный,золотой,Gucci,оптика,140,50,15,39382,всесезонная,женский,пожилой
35.466.01,круглая,металл,серебряный,Oakley,оптика,140,46,16,17420,всесезонная,унисекс,молодой
35.466.02,овальная,титан,синий,Gucci,оптика,135,54,17,10918,всесезонная,унисекс,средний
35.466.03,квадратная,комбинированный,серый,Oakley,солнцезащитные,140,52,20,23378,летняя,мужской,средний
35.482.01,круглая,титан,золотой,Tom Ford,оптика,150,46,14,45926,всесезонная,женский,молодой
35.482.02,квадратная,пластик,белый,Oakley,солнцезащитные,140,52,15,3520,летняя,мужской,средний
35.482.03,круглая,пластик,золотой,Tom Ford,солнцезащитные,135,54,19,36100,летняя,унисекс,молодой
35.485.02,кошачий_глаз,комбинированный,коричневый,Gucci,солнцезащитные,135,46,17,11874,летняя,мужской,средний
35.486.01,квадратная,титан,черный,Oakley,солнцезащитные,135,46,16,15116,летняя,женский,средний
35.486.02,прямоугольная,титан,коричневый,Polaroid,оптика,145,54,16,19837,всесезонная,мужской,молодой
35.487.02,овальная,титан,серебряный,Prada,солнцезащитные,140,50,18,37344,летняя,мужской,пожилой
35.525.01,овальная,металл,серебряный,Oakley,солнцезащитные,150,52,14,10047,летняя,женский,молодой
35.531.02,овальная,комбинированный,серый,Valentino,солнцезащитные,150,48,16,25890,летняя,мужской,молодой
35.531.03,кошачий_глаз,титан,белый,Polaroid,солнцезащитные,130,52,16,21340,летняя,унисекс,молодой
35.535.02,овальная,пластик,коричневый,Lacoste,солнцезащитные,140,46,16,3140,летняя,унисекс,молодой
35.535.03,квадратная,титан,серый,Tom Ford,солнцезащитные,150,50,17,27550,летняя,женский,молодой
35.536.01,прямоугольная,металл,коричневый,Oakley,солнцезащитные,135,50,15,3900,летняя,мужской,пожилой
35.536.02,круглая,металл,коричневый,Tom Ford,оптика,130,52,16,39362,всесезонная,мужской,средний
35.536.03,прямоугольная,металл,синий,Tom Ford,оптика,150,46,20,26936,всесезонная,женский,молодой
35.550.02,круглая,металл,серебряный,Tom Ford,оптика,150,46,20,44942,всесезонная,мужской,молодой
35.550.03,овальная,металл,коричневый,Valentino,оптика,145,52,18,11066,всесезонная,женский,средний
35.560.02,прямоугольная,пластик,синий,Oakley,солнцезащитные,135,48,17,9422,летняя,мужской,молодой
35.560.03,прямоугольная,комбинированный,синий,Gucci,оптика,150,54,15,26942,всесезонная,мужской,пожилой
35.721.01,кошачий_глаз,пластик,белый,Valentino,оптика,145,48,17,17268,всесезонная,женский,средний
35.721.02,круглая,металл,белый,Ray-Ban,солнцезащитные,145,46,14,17853,летняя,женский,пожилой
35.722.01,квадратная,комбинированный,белый,Prada,солнцезащитные,140,54,19,15050,летняя,женский,молодой
35.722.03,прямоугольная,пластик,синий,Tom Ford,оптика,145,50,18,8234,всесезонная,женский,молодой
35.723.01,круглая,комбинированный,серебряный,Lacoste,солнцезащитные,130,50,15,15268,летняя,женский,средний
35.723.03,овальная,комбинированный,черный,Polaroid,солнцезащитные,150,52,16,24264,летняя,мужской,молодой
35.724.03,кошачий_глаз,титан,белый,Oakley,оптика,130,50,17,13182,всесезонная,женский,молодой
35.725.01,овальная,пластик,золотой,Polaroid,оптика,150,54,16,21560,всесезонная,унисекс,молодой
35.725.02,квадратная,титан,коричневый,Oakley,оптика,130,54,14,23869,всесезонная,унисекс,молодой
35.725.03,кошачий_глаз,комбинированный,синий,Polaroid,оптика,150,46,18,13165,всесезонная,унисекс,средний
35.726.01,кошачий_глаз,пластик,серебряный,Polaroid,солнцезащитные,130,52,18,24267,летняя,унисекс,средний
35.726.02,овальная,комбинированный,серый,Oakley,солнцезащитные,145,52,19,12586,летняя,мужской,пожилой
35.727.02,кошачий_глаз,пластик,черный,Oakley,оптика,150,50,15,4356,всесезонная,женский,средний
35.727.03,кошачий_глаз,пластик,серый,Oakley,оптика,140,46,20,19536,всесезонная,женский,средний
35.729.01,овальная,металл,черный,Prada,оптика,135,46,20,8656,всесезонная,женский,пожилой
35.729.02,квадратная,металл,серебряный,Valentino,оптика,135,52,14,9770,всесезонная,женский,пожилой
35.729.03,круглая,титан,серебряный,Ray-Ban,солнцезащитные,145,46,16,13379,летняя,женский,средний
35.763.02,овальная,титан,коричневый,Oakley,оптика,135,48,14,17852,всесезонная,женский,молодой
35.763.03,квадратная,комбинированный,коричневый,Polaroid,солнцезащитные,150,52,15,3878,летняя,женский,молодой
35.766.01,круглая,пластик,серый,Tom Ford,оптика,135,52,19,20742,всесезонная,женский,молодой
35.766.02,кошачий_глаз,пластик,белый,Tom Ford,солнцезащитные,150,54,16,19156,летняя,женский,пожилой
35.766.03,квадратная,пластик,коричневый,Tom Ford,солнцезащитные,135,46,20,36240,летняя,женский,средний
35.767.01,кошачий_глаз,комбинированный,серый,Prada,оптика,135,50,20,16826,всесезонная,унисекс,молодой
35.767.03,квадратная,титан,серый,Valentino,оптика,145,54,18,46172,всесезонная,женский,молодой
35.769.01,круглая,комбинированный,коричневый,Polaroid,солнцезащитные,145,50,15,18319,летняя,мужской,пожилой
35.781.01,круглая,металл,золотой,Prada,солнцезащитные,145,48,18,30224,летняя,унисекс,молодой
35.781.02,кошачий_глаз,комбинированный,серый,Gucci,оптика,145,46,16,21106,всесезонная,мужской,пожилой
35.781.03,прямоугольная,титан,серебряный,Ray-Ban,солнцезащитные,130,50,19,17728,летняя,мужской,пожилой
35.850.02,кошачий_глаз,пластик,белый,Lacoste,оптика,135,54,17,10663,всесезонная,женский,пожилой
35.850.03,квадратная,титан,белый,Prada,оптика,145,54,14,7244,всесезонная,унисекс,средний
35.851.01,квадратная,комбинированный,серебряный,Gucci,оптика,150,48,20,11388,всесезонная,мужской,средний
35.851.03,овальная,комбинированный,синий,Prada,солнцезащитные,150,52,20,7824,летняя,унисекс,молодой
35.852.01,квадратная,металл,коричневый,Tom Ford,солнцезащитные,130,48,15,27326,летняя,унисекс,средний
35.852.03,прямоугольная,комбинированный,золотой,Ray-Ban,оптика,145,46,15,3260,всесезонная,мужской,молодой
35018-16,квадратная,пластик,золотой,Tom Ford,солнцезащитные,140,48,20,20852,летняя,мужской,пожилой
35018-20,круглая,титан,белый,Valentino,оптика,145,48,15,43576,всесезонная,женский,пожилой
35059-6000,квадратная,пластик,серебряный,Polaroid,оптика,130,46,18,19660,всесезонная,унисекс,пожилой
35064-6100,прямоугольная,пластик,серый,Ray-Ban,оптика,140,46,19,10601,всесезонная,мужской,молодой
350S-096Z,квадратная,пластик,черный,Ray-Ban,солнцезащитные,130,46,16,18428,летняя,женский,пожилой
350S-700,круглая,титан,серый,Valentino,солнцезащитные,150,54,16,13934,летняя,мужской,молодой
351-003,прямоугольная,пластик,коричневый,Gucci,солнцезащитные,135,46,20,10066,летняя,женский,молодой
35215-3,овальная,пластик,золотой,Polaroid,солнцезащитные,150,50,16,11292,летняя,мужской,средний
35243-1,квадратная,титан,коричневый,Ray-Ban,солнцезащитные,135,50,14,4903,летняя,унисекс,пожилой
3566-358,кошачий_глаз,металл,коричневый,Prada,солнцезащитные,140,48,15,18910,летняя,женский,молодой
3566-4321,квадратная,металл,серый,Ray-Ban,солнцезащитные,145,48,20,3143,летняя,унисекс,пожилой
357-DDB,квадратная,комбинированный,черный,Ray-Ban,солнцезащитные,145,54,18,16715,летняя,мужской,пожилой
35815-0009,прямоугольная,пластик,черный,Polaroid,солнцезащитные,130,46,15,10917,летняя,женский,пожилой
35902-4,кошачий_глаз,металл,черный,Ray-Ban,оптика,130,52,17,7716,всесезонная,женский,пожилой
36.313.01,прямоугольная,титан,серый,Valentino,оптика,135,46,19,21736,всесезонная,женский,средний
36.313.02,овальная,пластик,серебряный,Tom Ford,солнцезащитные,145,46,17,41580,летняя,женский,молодой
36.313.03,прямоугольная,пластик,синий,Polaroid,солнцезащитные,130,46,18,17882,летняя,мужской,молодой
36.314.02,овальная,титан,серебряный,Tom Ford,оптика,150,46,17,34844,всесезонная,унисекс,пожилой
36.314.03,кошачий_глаз,металл,синий,Polaroid,солнцезащитные,150,54,14,16772,летняя,женский,молодой
36.316.03,овальная,металл,серый,Oakley,солнцезащитные,145,46,19,6989,летняя,женский,пожилой
36.317.01,прямоугольная,пластик,золотой,Ray-Ban,солнцезащитные,130,48,19,12958,летняя,унисекс,молодой
36.317.02,квадратная,титан,черный,Oakley,солнцезащитные,145,48,19,11462,летняя,мужской,пожилой
36.317.03,квадратная,пластик,черный,Ray-Ban,оптика,140,54,14,12968,всесезонная,мужской,средний
36.320.01,квадратная,пластик,синий,Gucci,оптика,150,46,18,32672,всесезонная,женский,пожилой
36.320.02,квадратная,металл,серебряный,Prada,оптика,145,48,19,10512,всесезонная,женский,пожилой
36.321.02,квадратная,пластик,черный,Valentino,солнцезащитные,140,54,17,46470,летняя,мужской,молодой
36.322.01,кошачий_глаз,металл,белый,Polaroid,оптика,145,52,14,15940,всесезонная,мужской,молодой
36.324.01,прямоугольная,пластик,серый,Tom Ford,оптика,130,50,17,11682,всесезонная,женский,молодой
36.324.02,овальная,пластик,коричневый,Ray-Ban,солнцезащитные,130,50,17,14030,летняя,унисекс,средний
36.324.03,прямоугольная,металл,коричневый,Tom Ford,оптика,135,48,19,17812,всесезонная,женский,молодой
36.325.02,кошачий_глаз,титан,золотой,Prada,оптика,135,46,14,43704,всесезонная,унисекс,молодой
36.334.02,овальная,комбинированный,черный,Valentino,солнцезащитные,135,52,17,49078,летняя,унисекс,пожилой
36.334.03,прямоугольная,титан,серый,Polaroid,солнцезащитные,145,48,17,5212,летняя,мужской,молодой
36.335.02,кошачий_глаз,титан,белый,Oakley,солнцезащитные,150,50,20,6903,летняя,унисекс,молодой
36.335.03,прямоугольная,титан,черный,Gucci,солнцезащитные,140,48,15,21718,летняя,унисекс,средний
36.339.01,прямоугольная,пластик,золотой,Lacoste,оптика,145,50,14,23859,всесезонная,мужской,молодой
36.339.02,кошачий_глаз,комбинированный,серебряный,Ray-Ban,оптика,150,54,17,20509,всесезонная,унисекс,средний
36.339.03,кошачий_глаз,титан,серый,Tom Ford,оптика,145,46,19,20342,всесезонная,унисекс,пожилой
36.380.01,кошачий_глаз,металл,серый,Tom Ford,солнцезащитные,145,48,19,16818,летняя,женский,молодой
36.380.02,круглая,пластик,серебряный,Oakley,оптика,145,54,14,23023,всесезонная,унисекс,средний
36.524.01,прямоугольная,металл,серый,Polaroid,солнцезащитные,150,50,19,21899,летняя,женский,молодой
36.524.03,прямоугольная,металл,коричневый,Oakley,оптика,140,52,20,6726,всесезонная,унисекс,пожилой
36.525.01,прямоугольная,металл,черный,Gucci,оптика,140,50,20,34878,всесезонная,женский,пожилой
36.527.01,круглая,комбинированный,синий,Prada,оптика,130,52,20,40142,всесезонная,женский,молодой
36.528.02,квадратная,металл,черный,Ray-Ban,солнцезащитные,145,54,20,5491,летняя,мужской,пожилой
36.529.02,круглая,титан,черный,Prada,оптика,140,52,14,31364,всесезонная,женский,молодой
36.537.01,квадратная,комбинированный,черный,Polaroid,оптика,145,48,14,16850,всесезонная,женский,пожилой
36.537.02,кошачий_глаз,титан,синий,Oakley,оптика,130,46,16,4132,всесезонная,унисекс,средний
36.581.01,овальная,комбинированный,черный,Oakley,солнцезащитные,145,50,14,14510,летняя,унисекс,пожилой
36.581.03,кошачий_глаз,металл,серебряный,Prada,оптика,140,54,19,47244,всесезонная,женский,пожилой
36.582.01,прямоугольная,металл,синий,Polaroid,солнцезащитные,150,52,14,18281,летняя,мужской,средний
36.583.01,квадратная,титан,черный,Oakley,солнцезащитные,150,50,19,15519,летняя,женский,средний
36026-10,круглая,пластик,коричневый,Tom Ford,солнцезащитные,135,54,14,29424,летняя,мужской,средний
360410,круглая,комбинированный,синий,Ray-Ban,солнцезащитные,150,50,19,20843,летняя,мужской,молодой
360510,квадратная,комбинированный,синий,Valentino,оптика,150,48,16,26910,всесезонная,мужской,молодой
361750,квадратная,металл,серый,Oakley,солнцезащитные,140,52,16,17717,летняя,унисекс,средний
361830,прямоугольная,металл,серый,Tom Ford,оптика,150,52,16,34698,всесезонная,женский,пожилой
361840,квадратная,комбинированный,синий,Polaroid,оптика,135,50,20,19087,всесезонная,унисекс,пожилой
3619-72,круглая,пластик,белый,Oakley,солнцезащитные,150,52,20,24099,летняя,мужской,пожилой
3619-90,круглая,металл,черный,Lacoste,солнцезащитные,145,50,15,6516,летняя,женский,пожилой
361911,прямоугольная,титан,золотой,Lacoste,солнцезащитные,150,52,16,20842,летняя,унисекс,молодой
361912,квадратная,металл,белый,Polaroid,оптика,135,48,14,13707,всесезонная,унисекс,пожилой
361950,квадратная,пластик,коричневый,Tom Ford,оптика,140,46,16,24700,всесезонная,мужской,молодой
36244-193,прямоугольная,пластик,серебряный,Gucci,оптика,140,54,14,29638,всесезонная,мужской,молодой
36254-10,квадратная,металл,белый,Valentino,солнцезащитные,150,50,20,23276,летняя,мужской,молодой
36254-186,круглая,титан,золотой,Ray-Ban,оптика,140,48,14,17859,всесезонная,женский,средний
3626-4,овальная,пластик,золотой,Ray-Ban,солнцезащитные,140,52,19,22816,летняя,мужской,молодой
36267-231,квадратная,металл,серебряный,Valentino,оптика,145,46,20,23306,всесезонная,унисекс,молодой
36267-250,кошачий_глаз,титан,серый,Valentino,солнцезащитные,140,46,17,21020,летняя,мужской,средний
36278-273,овальная,пластик,серебряный,Valentino,оптика,145,50,18,46480,всесезонная,мужской,пожилой
36307-292,круглая,титан,синий,Valentino,оптика,145,50,15,19008,всесезонная,женский,средний
36344-274,квадратная,комбинированный,серебряный,Gucci,солнцезащитные,130,46,19,44580,летняя,женский,пожилой
36345-232,квадратная,пластик,черный,Valentino,оптика,145,48,14,8142,всесезонная,женский,пожилой
36345-401,прямоугольная,титан,коричневый,Valentino,оптика,150,50,20,35350,всесезонная,унисекс,пожилой
36345-402,овальная,комбинированный,черный,Oakley,оптика,150,54,15,14448,всесезонная,женский,средний
36346-273,квадратная,пластик,белый,Tom Ford,оптика,145,46,19,33234,всесезонная,женский,средний
36346-403,кошачий_глаз,комбинированный,черный,Oakley,солнцезащитные,140,46,17,18488,летняя,женский,пожилой
36346-404,кошачий_глаз,комбинированный,белый,Prada,солнцезащитные,130,50,19,9054,летняя,унисекс,средний
3636-830,круглая,титан,синий,Prada,солнцезащитные,140,54,15,47268,летняя,унисекс,пожилой
36376-528,квадратная,пластик,коричневый,Prada,оптика,150,48,17,10784,всесезонная,женский,пожилой
36378-232,квадратная,титан,серебряный,Polaroid,оптика,140,52,18,6768,всесезонная,унисекс,молодой
36379-186,круглая,комбинированный,черный,Valentino,оптика,145,54,17,14772,всесезонная,мужской,молодой
36379-246,кошачий_глаз,пластик,серебряный,Prada,солнцезащитные,150,54,16,37652,летняя,мужской,молодой
36393-549,кошачий_глаз,комбинированный,белый,Gucci,оптика,145,48,15,33072,всесезонная,женский,пожилой
36393-550,прямоугольная,металл,белый,Gucci,оптика,130,46,16,30318,всесезонная,мужской,молодой
36393-551,кошачий_глаз,пластик,белый,Tom Ford,оптика,130,52,18,29582,всесезонная,женский,пожилой
36397-560,квадратная,металл,черный,Valentino,оптика,140,52,14,46018,всесезонная,женский,средний
36397-561,кошачий_глаз,титан,серебряный,Gucci,оптика,135,48,14,28980,всесезонная,мужской,молодой
36401-404,кошачий_глаз,титан,золотой,Ray-Ban,оптика,150,54,17,15076,всесезонная,унисекс,пожилой
36401-437,квадратная,металл,синий,Ray-Ban,солнцезащитные,135,50,15,11096,летняя,женский,молодой
36409-588,прямоугольная,металл,черный,Gucci,солнцезащитные,140,54,19,15150,летняя,мужской,молодой
36418-301,овальная,комбинированный,коричневый,Tom Ford,солнцезащитные,150,54,20,49868,летняя,женский,молодой
36418-609,кошачий_глаз,пластик,белый,Ray-Ban,оптика,135,46,15,8583,всесезонная,мужской,молодой
36427-186,кошачий_глаз,титан,золотой,Polaroid,солнцезащитные,140,54,14,15253,летняя,унисекс,молодой
36429-637,квадратная,металл,серебряный,Polaroid,оптика,150,52,15,9276,всесезонная,женский,пожилой
36429-638,кошачий_глаз,комбинированный,золотой,Gucci,солнцезащитные,145,54,16,31978,летняя,мужской,средний
36429-639,квадратная,титан,черный,Lacoste,оптика,145,48,18,19200,всесезонная,женский,пожилой
36432-645,кошачий_глаз,титан,коричневый,Tom Ford,оптика,150,46,14,48994,всесезонная,мужской,молодой
36433-637,прямоугольная,титан,серебряный,Ray-Ban,оптика,130,50,19,4883,всесезонная,унисекс,молодой
36433-638,кошачий_глаз,комбинированный,коричневый,Oakley,солнцезащитные,145,48,17,19767,летняя,мужской,средний
36441-301,прямоугольная,комбинированный,коричневый,Oakley,оптика,130,46,16,7467,всесезонная,мужской,пожилой
36442-273,круглая,металл,серебряный,Ray-Ban,оптика,140,50,20,11258,всесезонная,мужской,средний
36442-696,квадратная,титан,черный,Lacoste,оптика,150,46,18,7505,всесезонная,женский,молодой
36460-474,прямоугольная,пластик,серебряный,Lacoste,оптика,150,54,20,5154,всесезонная,унисекс,средний
36460-725,круглая,титан,черный,Oakley,оптика,145,54,18,22778,всесезонная,унисекс,пожилой
36460-726,овальная,металл,синий,Prada,оптика,150,54,15,38116,всесезонная,женский,молодой
36466-696,прямоугольная,титан,черный,Polaroid,солнцезащитные,140,48,15,17265,летняя,женский,средний
36468-18,прямоугольная,металл,синий,Oakley,оптика,145,46,16,11282,всесезонная,мужской,пожилой
36468-301,квадратная,металл,белый,Valentino,солнцезащитные,130,46,18,11278,летняя,женский,средний
36469-741,круглая,металл,серый,Lacoste,солнцезащитные,135,48,14,21605,летняя,женский,средний
3647-002,квадратная,пластик,синий,Prada,оптика,140,46,20,26000,всесезонная,женский,средний
3647-020,кошачий_глаз,металл,белый,Gucci,оптика,145,50,18,40898,всесезонная,мужской,пожилой
36483-301,овальная,комбинированный,золотой,Gucci,оптика,130,50,19,42456,всесезонная,унисекс,пожилой
3658 B,круглая,пластик,синий,Tom Ford,оптика,130,50,17,19482,всесезонная,женский,средний
36617-274,кошачий_глаз,пластик,золотой,Gucci,оптика,140,50,16,19916,всесезонная,женский,молодой
36618-291,овальная,металл,коричневый,Valentino,оптика,140,50,14,6274,всесезонная,унисекс,пожилой
36618-292,кошачий_глаз,комбинированный,серебряный,Polaroid,оптика,150,52,17,22806,всесезонная,мужской,молодой
36645-411,кошачий_глаз,пластик,белый,Lacoste,оптика,145,48,16,17816,всесезонная,мужской,пожилой
36648-274,прямоугольная,комбинированный,серебряный,Prada,оптика,140,50,15,14752,всесезонная,женский,молодой
367080,квадратная,металл,белый,Oakley,солнцезащитные,140,48,19,21652,летняя,мужской,средний
367110,квадратная,металл,белый,Oakley,оптика,145,46,17,14179,всесезонная,мужской,средний
37081-2,квадратная,металл,черный,Ray-Ban,оптика,145,50,19,6390,всесезонная,унисекс,молодой
37098-6,овальная,титан,белый,Polaroid,оптика,145,48,19,6746,всесезонная,унисекс,пожилой
37138-1,круглая,комбинированный,серый,Lacoste,солнцезащитные,130,52,14,9147,летняя,унисекс,пожилой
372-PINK,кошачий_глаз,титан,белый,Ray-Ban,оптика,150,54,20,7069,всесезонная,унисекс,средний
372-SILVER,кошачий_глаз,металл,золотой,Lacoste,солнцезащитные,140,54,15,22326,летняя,женский,пожилой
37245-1,прямоугольная,пластик,коричневый,Prada,оптика,140,50,20,30198,всесезонная,женский,молодой
37286-1,кошачий_глаз,пластик,синий,Oakley,оптика,135,50,14,24062,всесезонная,мужской,средний
37317-7,прямоугольная,пластик,синий,Lacoste,солнцезащитные,150,52,15,21114,летняя,унисекс,пожилой
37335-3,кошачий_глаз,комбинированный,золотой,Polaroid,оптика,135,52,15,5536,всесезонная,унисекс,пожилой
37415-3,кошачий_глаз,комбинированный,черный,Prada,оптика,130,52,14,27118,всесезонная,мужской,пожилой
37494-2,круглая,пластик,серебряный,Tom Ford,солнцезащитные,130,50,16,14626,летняя,мужской,средний
37494-8,прямоугольная,комбинированный,синий,Prada,солнцезащитные,135,50,14,45836,летняя,мужской,молодой
37526-3,овальная,металл,коричневый,Lacoste,солнцезащитные,130,52,14,4568,летняя,женский,средний
37528-2,кошачий_глаз,комбинированный,золотой,Tom Ford,солнцезащитные,145,46,16,19474,летняя,женский,средний
37528-4,квадратная,комбинированный,черный,Oakley,оптика,150,46,18,17958,всесезонная,женский,молодой
37567-3,кошачий_глаз,комбинированный,синий,Lacoste,солнцезащитные,135,46,19,8867,летняя,женский,средний
37567-4,круглая,металл,серебряный,Valentino,оптика,145,52,19,16244,всесезонная,женский,средний
37579-1,прямоугольная,пластик,золотой,Oakley,солнцезащитные,145,52,16,14156,летняя,женский,пожилой
376-193,кошачий_глаз,металл,золотой,Ray-Ban,солнцезащитные,150,50,15,4746,летняя,женский,пожилой
37605-1,овальная,титан,серебряный,Lacoste,оптика,135,52,17,5626,всесезонная,женский,молодой
37618-1,овальная,пластик,золотой,Gucci,оптика,150,48,17,37812,всесезонная,унисекс,средний
37689-4,овальная,комбинированный,черный,Polaroid,солнцезащитные,135,50,15,10790,летняя,мужской,средний
37689-5,круглая,металл,черный,Tom Ford,оптика,145,54,20,8134,всесезонная,женский,пожилой
37691-1,квадратная,пластик,белый,Polaroid,солнцезащитные,145,46,15,24516,летняя,унисекс,средний
37774-1,квадратная,титан,серый,Oakley,солнцезащитные,130,48,20,5922,летняя,мужской,пожилой
37774-4,кошачий_глаз,металл,коричневый,Ray-Ban,солнцезащитные,140,54,18,12559,летняя,женский,молодой
378-04,круглая,комбинированный,черный,Lacoste,оптика,145,50,20,21570,всесезонная,мужской,средний
378/G-086,кошачий_глаз,пластик,серебряный,Tom Ford,оптика,145,46,16,10556,всесезонная,унисекс,пожилой
37801-1,овальная,комбинированный,черный,Polaroid,оптика,150,54,15,24912,всесезонная,женский,молодой
37801-2,круглая,комбинированный,коричневый,Oakley,оптика,145,50,16,4609,всесезонная,унисекс,средний
37801-5,кошачий_глаз,пластик,серебряный,Lacoste,оптика,150,52,20,17063,всесезонная,унисекс,пожилой
37808-2,круглая,пластик,коричневый,Polaroid,солнцезащитные,140,54,16,22363,летняя,унисекс,средний
37830-1,кошачий_глаз,пластик,серый,Prada,солнцезащитные,140,52,18,27920,летняя,женский,средний
37830-2,прямоугольная,металл,серый,Gucci,оптика,150,54,20,8174,всесезонная,женский,пожилой
37844-1,кошачий_глаз,пластик,белый,Valentino,оптика,150,54,15,39492,всесезонная,женский,пожилой
37844-3,кошачий_глаз,титан,коричневый,Valentino,оптика,135,50,20,32748,всесезонная,унисекс,молодой
37844-4,квадратная,комбинированный,серебряный,Tom Ford,солнцезащитные,140,48,17,46128,летняя,унисекс,молодой
37869-5,овальная,пластик,серый,Oakley,солнцезащитные,130,48,17,4615,летняя,мужской,молодой
37882-3,кошачий_глаз,пластик,серый,Oakley,солнцезащитные,145,52,18,14222,летняя,унисекс,средний
37882-6,кошачий_глаз,пластик,черный,Oakley,солнцезащитные,150,50,20,7625,летняя,унисекс,пожилой
379-193,прямоугольная,металл,серебряный,Oakley,оптика,135,54,20,12558,всесезонная,женский,пожилой
379-255m,квадратная,пластик,белый,Polaroid,солнцезащитные,130,52,15,19044,летняя,унисекс,средний
37901-3,квадратная,металл,золотой,Lacoste,оптика,145,54,20,3260,всесезонная,унисекс,пожилой
37905-2,прямоугольная,титан,синий,Ray-Ban,солнцезащитные,135,46,18,22204,летняя,унисекс,молодой
38-606,овальная,титан,серебряный,Lacoste,солнцезащитные,135,46,14,18638,летняя,мужской,молодой
3804B-001,круглая,комбинированный,серебряный,Tom Ford,солнцезащитные,145,52,19,8004,летняя,женский,пожилой
3804B-004,круглая,пластик,серебряный,Tom Ford,солнцезащитные,150,52,15,30714,летняя,унисекс,пожилой
38137-1,круглая,титан,коричневый,Polaroid,оптика,145,48,17,14769,всесезонная,мужской,молодой
38137-2,квадратная,титан,золотой,Gucci,оптика,145,50,14,30608,всесезонная,женский,пожилой
38143-1,прямоугольная,пластик,черный,Tom Ford,солнцезащитные,145,54,14,7428,летняя,унисекс,пожилой
38143-2,кошачий_глаз,комбинированный,золотой,Gucci,оптика,150,52,20,48830,всесезонная,унисекс,пожилой
38148-010,кошачий_глаз,комбинированный,серебряный,Tom Ford,оптика,150,54,19,30904,всесезонная,женский,молодой
38149-1,прямоугольная,пластик,серебряный,Prada,оптика,150,46,14,8402,всесезонная,женский,молодой
385-01,квадратная,комбинированный,коричневый,Gucci,оптика,130,50,14,23328,всесезонная,женский,средний
3864-38995A,кошачий_глаз,пластик,коричневый,Tom Ford,оптика,150,46,20,10894,всесезонная,унисекс,молодой
3864-C 2,овальная,металл,черный,Ray-Ban,оптика,140,46,15,24321,всесезонная,мужской,молодой
388-01,овальная,титан,коричневый,Oakley,оптика,135,46,20,18438,всесезонная,мужской,средний
389-751,круглая,титан,серебряный,Ray-Ban,оптика,130,50,15,21581,всесезонная,женский,молодой
3908-2,овальная,комбинированный,белый,Lacoste,оптика,150,50,20,9679,всесезонная,женский,средний
391-01,овальная,комбинированный,серебряный,Ray-Ban,оптика,130,54,17,22543,всесезонная,унисекс,средний
392-01,квадратная,металл,серебряный,Valentino,оптика,145,46,15,49564,всесезонная,мужской,средний
3924-1,кошачий_глаз,металл,коричневый,Ray-Ban,оптика,140,50,18,15818,всесезонная,мужской,средний
3932-B3124,круглая,металл,белый,Polaroid,оптика,150,48,19,11775,всесезонная,унисекс,пожилой
395-02,кошачий_глаз,комбинированный,черный,Lacoste,солнцезащитные,135,46,14,9657,летняя,унисекс,молодой
3962 C,кошачий_глаз,пластик,серебряный,Oakley,оптика,135,52,17,5205,всесезонная,мужской,пожилой
3976-B05,квадратная,титан,серебряный,Polaroid,солнцезащитные,150,52,19,15901,летняя,мужской,молодой
398-01,круглая,титан,черный,Prada,оптика,145,54,18,38442,всесезонная,женский,средний
398-02,прямоугольная,пластик,коричневый,Valentino,оптика,150,54,16,43650,всесезонная,унисекс,средний
398-0492,кошачий_глаз,титан,золотой,Ray-Ban,оптика,135,52,14,10391,всесезонная,мужской,молодой
398-301,квадратная,пластик,серебряный,Prada,солнцезащитные,140,48,15,23842,летняя,женский,молодой
40-595,квадратная,металл,синий,Tom Ford,оптика,145,50,15,13696,всесезонная,унисекс,молодой
4005-550,кошачий_глаз,комбинированный,белый,Oakley,солнцезащитные,130,50,18,16208,летняя,мужской,средний
4005-968,прямоугольная,пластик,серебряный,Polaroid,солнцезащитные,145,46,17,16021,летняя,женский,средний
4008-287,кошачий_глаз,титан,золотой,Lacoste,оптика,150,46,18,18739,всесезонная,мужской,пожилой
4008-400,кошачий_глаз,комбинированный,коричневый,Tom Ford,солнцезащитные,150,50,15,27362,летняя,унисекс,пожилой
401-03,круглая,металл,черный,Tom Ford,солнцезащитные,150,46,15,15236,летняя,женский,пожилой
4013-01,прямоугольная,титан,серебряный,Tom Ford,оптика,150,54,15,39170,всесезонная,женский,средний
4013-03,круглая,пластик,золотой,Tom Ford,оптика,140,52,19,8660,всесезонная,женский,средний
4014-402,кошачий_глаз,комбинированный,серебряный,Valentino,солнцезащитные,130,48,16,7720,летняя,женский,пожилой
40142N-BO02,овальная,металл,синий,Prada,оптика,130,50,20,24690,всесезонная,мужской,средний
4016-01,кошачий_глаз,комбинированный,серый,Oakley,оптика,145,48,15,6730,всесезонная,женский,молодой
4016-02,квадратная,металл,золотой,Tom Ford,оптика,135,52,15,13452,всесезонная,женский,молодой
4017-920,прямоугольная,металл,серебряный,Prada,оптика,145,54,20,10560,всесезонная,унисекс,молодой
40177N-BG10,квадратная,комбинированный,черный,Tom Ford,оптика,130,52,19,18924,всесезонная,женский,молодой
402-01,овальная,пластик,черный,Polaroid,оптика,135,48,15,24470,всесезонная,унисекс,пожилой
402-02,овальная,комбинированный,золотой,Tom Ford,солнцезащитные,145,52,16,7566,летняя,унисекс,молодой
4020-01,кошачий_глаз,металл,синий,Valentino,солнцезащитные,150,50,16,47890,летняя,унисекс,средний
4020-920,кошачий_глаз,титан,черный,Oakley,солнцезащитные,140,46,18,3645,летняя,мужской,средний
40207N-PN05,кошачий_глаз,металл,серый,Gucci,солнцезащитные,145,54,17,17260,летняя,унисекс,пожилой
40207N-PP04,круглая,пластик,белый,Oakley,оптика,145,48,14,7661,всесезонная,женский,средний
40209N-PD10,прямоугольная,титан,золотой,Lacoste,оптика,140,54,15,16805,всесезонная,унисекс,молодой
40209N-PP12,квадратная,титан,синий,Valentino,солнцезащитные,140,52,19,22308,летняя,унисекс,пожилой
40209N-VD11,прямоугольная,металл,черный,Polaroid,солнцезащитные,150,50,20,20484,летняя,унисекс,молодой
4021-03,квадратная,пластик,золотой,Tom Ford,оптика,150,48,16,47942,всесезонная,женский,средний
40210N-ND02,круглая,комбинированный,серый,Polaroid,солнцезащитные,145,52,17,7984,летняя,унисекс,молодой
40214N-GR02,квадратная,пластик,серебряный,Lacoste,солнцезащитные,150,52,16,19846,летняя,мужской,пожилой
40214N-ND01,кошачий_глаз,металл,золотой,Lacoste,солнцезащитные,150,50,15,22995,летняя,мужской,пожилой
40216N-VD09,прямоугольная,титан,серый,Lacoste,солнцезащитные,135,54,18,19819,летняя,женский,молодой
40220N-TB07,кошачий_глаз,пластик,синий,Tom Ford,оптика,145,54,19,17626,всесезонная,мужской,молодой
4027-02,круглая,металл,золотой,Gucci,солнцезащитные,145,50,17,23150,летняя,женский,молодой
4030-01,кошачий_глаз,титан,коричневый,Gucci,солнцезащитные,145,54,16,44610,летняя,мужской,молодой
404-01,кошачий_глаз,пластик,серый,Ray-Ban,солнцезащитные,145,46,20,13730,летняя,унисекс,средний
404-02,кошачий_глаз,комбинированный,серебряный,Prada,солнцезащитные,140,48,20,45992,летняя,женский,средний
4040240-CUB 3.0,прямоугольная,титан,серебряный,Ray-Ban,солнцезащитные,140,54,19,14019,летняя,женский,средний
4041-2,квадратная,металл,синий,Tom Ford,оптика,140,46,16,20428,всесезонная,мужской,средний
4058-BROWN,овальная,титан,белый,Gucci,оптика,150,46,14,9660,всесезонная,женский,средний
4058-GREY,круглая,металл,золотой,Valentino,солнцезащитные,135,50,15,41120,летняя,женский,пожилой
4068-T04,круглая,пластик,серый,Prada,оптика,140,46,15,41812,всесезонная,женский,средний
407-2,овальная,комбинированный,белый,Polaroid,солнцезащитные,140,50,17,11237,летняя,женский,средний
407-GREY,кошачий_глаз,пластик,золотой,Valentino,оптика,130,54,18,13022,всесезонная,унисекс,молодой
407-NERO,прямоугольная,комбинированный,серый,Valentino,солнцезащитные,150,46,18,6226,летняя,унисекс,пожилой
4074-001,прямоугольная,металл,коричневый,Ray-Ban,солнцезащитные,135,48,19,5648,летняя,женский,пожилой
4078-001,прямоугольная,пластик,золотой,Valentino,оптика,140,50,20,20232,всесезонная,женский,средний
4078-02,прямоугольная,титан,золотой,Gucci,оптика,140,46,19,40888,всесезонная,унисекс,молодой
409-02,квадратная,пластик,коричневый,Valentino,солнцезащитные,150,46,20,32728,летняя,унисекс,молодой
410-01,овальная,металл,коричневый,Valentino,солнцезащитные,150,54,16,38904,летняя,мужской,средний
410-03,круглая,пластик,серый,Valentino,оптика,140,50,16,35814,всесезонная,унисекс,средний
4105-11,прямоугольная,металл,белый,Ray-Ban,оптика,135,52,14,22010,всесезонная,женский,пожилой
41114-4,квадратная,пластик,синий,Gucci,оптика,130,46,17,24764,всесезонная,женский,пожилой
41118-1,овальная,комбинированный,золотой,Tom Ford,солнцезащитные,140,48,19,21084,летняя,мужской,пожилой
41182-3,прямоугольная,металл,серебряный,Prada,оптика,140,48,17,46764,всесезонная,унисекс,пожилой
41186-2,круглая,титан,коричневый,Valentino,оптика,145,50,15,46090,всесезонная,унисекс,пожилой
4132-DK/D.GREY,круглая,комбинированный,золотой,Prada,солнцезащитные,130,50,14,28114,летняя,унисекс,молодой
4132-GREY,квадратная,титан,серебряный,Ray-Ban,оптика,145,50,14,4701,всесезонная,мужской,средний
4139-A01,прямоугольная,металл,синий,Ray-Ban,солнцезащитные,135,54,15,12096,летняя,унисекс,молодой
415-01,овальная,комбинированный,золотой,Oakley,солнцезащитные,140,52,14,12344,летняя,женский,средний
415-0323,круглая,титан,черный,Gucci,солнцезащитные,140,50,20,45400,летняя,мужской,молодой
416-GUN,овальная,металл,серый,Valentino,солнцезащитные,145,52,14,9234,летняя,унисекс,пожилой
422-01,кошачий_глаз,металл,коричневый,Gucci,оптика,145,48,16,47654,всесезонная,женский,средний
4230-374,кошачий_глаз,титан,синий,Gucci,оптика,130,46,17,29134,всесезонная,женский,пожилой
42316-3,прямоугольная,металл,золотой,Polaroid,оптика,150,46,14,13546,всесезонная,женский,пожилой
42330F-3,овальная,металл,синий,Prada,оптика,135,50,14,42458,всесезонная,мужской,молодой
42333F-2,круглая,комбинированный,серый,Gucci,оптика,145,54,17,17956,всесезонная,мужской,средний
42333F-4,круглая,титан,черный,Oakley,солнцезащитные,150,46,15,5498,летняя,унисекс,пожилой
42379-5,круглая,комбинированный,коричневый,Valentino,солнцезащитные,145,46,16,42962,летняя,унисекс,молодой
42406-3,круглая,титан,коричневый,Valentino,солнцезащитные,130,48,18,38322,летняя,женский,молодой
42407-4,прямоугольная,титан,серый,Valentino,солнцезащитные,130,52,16,26348,летняя,женский,пожилой
42414-3,круглая,титан,белый,Valentino,солнцезащитные,140,50,16,15966,летняя,унисекс,молодой
42427-3,овальная,пластик,синий,Prada,оптика,130,52,16,26640,всесезонная,мужской,молодой
42428-1,овальная,комбинированный,черный,Lacoste,солнцезащитные,140,48,18,15902,летняя,женский,молодой
4244-009,овальная,пластик,белый,Tom Ford,солнцезащитные,140,52,19,11858,летняя,женский,молодой
42441-10,квадратная,титан,белый,Oakley,солнцезащитные,150,46,14,17066,летняя,унисекс,пожилой
42441-5,квадратная,пластик,серебряный,Valentino,оптика,135,46,16,30044,всесезонная,унисекс,пожилой
42443-1,квадратная,пластик,серый,Valentino,солнцезащитные,135,54,19,23646,летняя,мужской,средний
42445-1,овальная,титан,черный,Ray-Ban,оптика,150,46,14,23195,всесезонная,женский,пожилой
42457-2,круглая,титан,серый,Oakley,солнцезащитные,145,54,14,4530,летняя,женский,средний
42460-2,квадратная,титан,серый,Tom Ford,солнцезащитные,135,52,19,28408,летняя,мужской,пожилой
426-BROWN,прямоугольная,комбинированный,серый,Gucci,солнцезащитные,150,52,17,39816,летняя,унисекс,молодой
426-GUN,кошачий_глаз,титан,черный,Lacoste,солнцезащитные,140,52,18,12773,летняя,унисекс,средний
426-NERO,круглая,металл,золотой,Gucci,солнцезащитные,130,52,17,48724,летняя,мужской,молодой
4274-005,кошачий_глаз,пластик,белый,Oakley,солнцезащитные,130,54,19,23665,летняя,унисекс,средний
4278-25673,кошачий_глаз,титан,золотой,Gucci,оптика,140,54,18,39280,всесезонная,мужской,пожилой
428-1,кошачий_глаз,комбинированный,белый,Prada,солнцезащитные,145,50,20,29584,летняя,унисекс,молодой
428-BLACK,круглая,металл,золотой,Polaroid,оптика,135,46,20,5063,всесезонная,женский,средний
42817-2,овальная,металл,золотой,Ray-Ban,оптика,145,50,20,5280,всесезонная,унисекс,пожилой
42836-3,круглая,пластик,синий,Lacoste,оптика,130,52,16,24621,всесезонная,унисекс,молодой
42851-4,круглая,пластик,золотой,Prada,оптика,140,46,19,17382,всесезонная,унисекс,средний
42853-4,прямоугольная,титан,черный,Valentino,солнцезащитные,140,52,15,22894,летняя,унисекс,молодой
42858-3,круглая,пластик,золотой,Valentino,оптика,150,50,17,17120,всесезонная,мужской,пожилой
42858-4,круглая,металл,синий,Oakley,оптика,140,50,17,9117,всесезонная,женский,молодой
42860-4,кошачий_глаз,титан,белый,Tom Ford,солнцезащитные,140,46,16,42820,летняя,унисекс,средний
42867-1,квадратная,титан,черный,Tom Ford,солнцезащитные,130,48,18,23866,летняя,женский,молодой
42867-2,кошачий_глаз,пластик,синий,Tom Ford,солнцезащитные,130,46,20,19794,летняя,женский,средний
42867-4,круглая,пластик,серый,Ray-Ban,оптика,145,52,19,17879,всесезонная,унисекс,молодой
42869-1,квадратная,титан,белый,Tom Ford,оптика,130,50,19,9794,всесезонная,мужской,молодой
42869-2,кошачий_глаз,комбинированный,золотой,Gucci,солнцезащитные,150,46,20,25060,летняя,унисекс,пожилой
42869-3,кошачий_глаз,металл,серый,Prada,оптика,150,50,20,35820,всесезонная,мужской,молодой
42871-1,прямоугольная,комбинированный,черный,Gucci,оптика,140,50,17,16474,всесезонная,женский,средний
42871-2,прямоугольная,металл,серебряный,Polaroid,солнцезащитные,130,50,16,22563,летняя,женский,средний
42871-3,прямоугольная,пластик,серебряный,Valentino,оптика,140,46,18,42004,всесезонная,женский,пожилой
42873-1,кошачий_глаз,пластик,золотой,Polaroid,оптика,130,50,15,21464,всесезонная,унисекс,молодой
42874-001,овальная,титан,серый,Polaroid,солнцезащитные,140,50,14,17607,летняя,женский,молодой
42882-1,квадратная,металл,черный,Polaroid,оптика,145,50,20,13486,всесезонная,женский,молодой
42882-2,кошачий_глаз,комбинированный,синий,Tom Ford,солнцезащитные,150,50,15,25770,летняя,унисекс,пожилой
4289-009,круглая,металл,синий,Prada,оптика,135,52,18,17058,всесезонная,мужской,молодой
4289-658,прямоугольная,комбинированный,коричневый,Oakley,солнцезащитные,145,48,18,24123,летняя,женский,молодой
42891-1,овальная,металл,черный,Valentino,солнцезащитные,140,54,17,37080,летняя,женский,средний
42891-4,прямоугольная,титан,золотой,Polaroid,солнцезащитные,150,54,14,20614,летняя,мужской,пожилой
429-0301,квадратная,пластик,черный,Prada,оптика,130,52,15,29762,всесезонная,унисекс,молодой
429-0H60,кошачий_глаз,металл,серебряный,Oakley,солнцезащитные,130,46,16,18089,летняя,женский,пожилой
42901-1,квадратная,комбинированный,серебряный,Lacoste,оптика,140,52,19,5958,всесезонная,унисекс,пожилой
42902-1,овальная,пластик,коричневый,Ray-Ban,оптика,150,52,19,13281,всесезонная,женский,пожилой
42906-3,квадратная,комбинированный,золотой,Polaroid,оптика,150,52,14,19868,всесезонная,женский,пожилой
4291-004,прямоугольная,титан,коричневый,Prada,оптика,130,48,20,27932,всесезонная,унисекс,пожилой
42910-1,кошачий_глаз,титан,черный,Gucci,оптика,130,50,15,26472,всесезонная,женский,пожилой
42911-2,овальная,металл,золотой,Lacoste,оптика,145,54,19,19951,всесезонная,мужской,молодой
42912-2,круглая,комбинированный,синий,Lacoste,солнцезащитные,140,54,18,24187,летняя,женский,пожилой
42913-2,овальная,пластик,золотой,Ray-Ban,солнцезащитные,135,48,19,15673,летняя,женский,средний
42918-1,круглая,пластик,белый,Lacoste,солнцезащитные,130,50,16,10937,летняя,мужской,средний
4293-001,кошачий_глаз,металл,коричневый,Polaroid,солнцезащитные,140,52,15,9174,летняя,унисекс,молодой
4293-111,кошачий_глаз,титан,черный,Prada,оптика,135,48,20,29412,всесезонная,унисекс,молодой
4293-203,овальная,металл,синий,Gucci,оптика,150,54,16,23764,всесезонная,унисекс,пожилой
4296-001,круглая,металл,коричневый,Gucci,оптика,145,52,18,19688,всесезонная,женский,пожилой
4296-108,квадратная,титан,черный,Lacoste,солнцезащитные,145,52,15,17154,летняя,мужской,молодой
4298-001,кошачий_глаз,пластик,серый,Gucci,солнцезащитные,145,48,19,21272,летняя,унисекс,молодой
4298-003,кошачий_глаз,комбинированный,серебряный,Prada,оптика,130,48,17,36870,всесезонная,унисекс,пожилой
43-044 02T,кошачий_глаз,металл,серый,Lacoste,оптика,140,54,19,7350,всесезонная,мужской,пожилой
43-052 07Р,овальная,металл,синий,Prada,солнцезащитные,145,48,16,49142,летняя,унисекс,молодой
43-052 17Р,прямоугольная,комбинированный,серый,Oakley,солнцезащитные,140,50,14,19668,летняя,унисекс,пожилой
43-070 19Р,овальная,комбинированный,золотой,Oakley,солнцезащитные,140,50,18,22643,летняя,женский,молодой
43-070 21Р,круглая,пластик,черный,Lacoste,солнцезащитные,135,46,15,23449,летняя,мужской,пожилой
43-078 13,квадратная,комбинированный,синий,Polaroid,солнцезащитные,140,50,14,6897,летняя,женский,пожилой
43-078 19,прямоугольная,комбинированный,черный,Valentino,солнцезащитные,145,52,14,20100,летняя,унисекс,пожилой
43-080 07,прямоугольная,комбинированный,серебряный,Polaroid,солнцезащитные,145,50,17,20759,летняя,унисекс,пожилой
43-080 19,круглая,комбинированный,черный,Lacoste,солнцезащитные,150,52,17,22689,летняя,унисекс,молодой
43-081 07,кошачий_глаз,пластик,золотой,Ray-Ban,солнцезащитные,145,46,18,5236,летняя,унисекс,средний
43-081 19,круглая,комбинированный,коричневый,Gucci,оптика,130,50,14,23328,всесезонная,мужской,молодой
43-081 35,овальная,металл,золотой,Lacoste,солнцезащитные,150,52,20,18436,летняя,мужской,пожилой
43-083 33,квадратная,титан,коричневый,Oakley,солнцезащитные,150,50,16,22098,летняя,унисекс,средний
43-094 25,квадратная,пластик,синий,Oakley,солнцезащитные,130,52,19,17676,летняя,женский,средний
43-095 19,квадратная,металл,черный,Oakley,оптика,135,48,18,20804,всесезонная,унисекс,средний
43-104 18P,круглая,пластик,синий,Prada,солнцезащитные,150,46,20,38884,летняя,мужской,пожилой
43-104 20P,кошачий_глаз,титан,синий,Polaroid,солнцезащитные,150,52,14,14277,летняя,женский,пожилой
43-118 17,кошачий_глаз,комбинированный,коричневый,Oakley,оптика,140,46,18,4247,всесезонная,унисекс,молодой
43-118 51,круглая,пластик,черный,Valentino,оптика,145,54,20,16702,всесезонная,мужской,пожилой
43-119 13,квадратная,пластик,коричневый,Oakley,оптика,130,52,15,3576,всесезонная,женский,пожилой
43-119 33,квадратная,металл,серебряный,Oakley,оптика,145,48,17,15022,всесезонная,женский,средний
43-119 51,кошачий_глаз,комбинированный,черный,Tom Ford,солнцезащитные,140,52,15,12290,летняя,унисекс,средний
43-121 17P,прямоугольная,комбинированный,черный,Polaroid,солнцезащитные,130,48,17,5252,летняя,женский,пожилой
4302-108,прямоугольная,титан,серебряный,Tom Ford,солнцезащитные,150,52,19,29452,летняя,мужской,средний
4302-111,круглая,пластик,черный,Polaroid,оптика,135,54,15,6864,всесезонная,мужской,средний
4304-005,кошачий_глаз,металл,белый,Valentino,солнцезащитные,140,54,14,45030,летняя,унисекс,молодой
4304-13,прямоугольная,пластик,синий,Prada,солнцезащитные,150,50,17,25710,летняя,женский,средний
431-BLACK,круглая,титан,серебряный,Tom Ford,солнцезащитные,140,52,14,29648,летняя,женский,молодой
431-GUN,кошачий_глаз,металл,золотой,Polaroid,солнцезащитные,135,48,16,16952,летняя,мужской,молодой
431-MARRONE,квадратная,пластик,белый,Prada,солнцезащитные,135,48,18,33654,летняя,мужской,пожилой
431-NERO,квадратная,металл,синий,Valentino,оптика,140,48,17,48100,всесезонная,мужской,средний
4310-004,кошачий_глаз,комбинированный,серебряный,Tom Ford,оптика,140,54,17,26310,всесезонная,женский,средний
4311-606,овальная,металл,серый,Gucci,оптика,140,46,14,14936,всесезонная,мужской,пожилой
4312-002,овальная,комбинированный,белый,Polaroid,оптика,135,50,17,19294,всесезонная,женский,пожилой
4313-001,круглая,пластик,золотой,Polaroid,солнцезащитные,150,52,14,19937,летняя,унисекс,пожилой
4315-12,прямоугольная,пластик,коричневый,Valentino,оптика,150,46,16,32672,всесезонная,унисекс,пожилой
4315-13,квадратная,титан,серебряный,Polaroid,оптика,140,48,20,15256,всесезонная,мужской,молодой
432-BROWN,прямоугольная,комбинированный,серебряный,Oakley,оптика,150,50,16,21239,всесезонная,женский,молодой
433V-0594,овальная,металл,золотой,Valentino,оптика,150,50,19,20806,всесезонная,унисекс,пожилой
434V-0594,овальная,пластик,золотой,Oakley,оптика,140,50,15,15889,всесезонная,женский,пожилой
434V-A39Y,квадратная,комбинированный,коричневый,Polaroid,солнцезащитные,145,54,16,22733,летняя,мужской,средний
4350-002,кошачий_глаз,пластик,серый,Polaroid,оптика,150,50,16,23229,всесезонная,женский,пожилой
4350-941,кошачий_глаз,пластик,белый,Polaroid,солнцезащитные,135,50,16,6045,летняя,унисекс,пожилой
4384-BROWN,круглая,металл,синий,Valentino,оптика,150,46,19,48598,всесезонная,мужской,средний
4387-4321A,кошачий_глаз,металл,черный,Polaroid,оптика,135,50,15,20034,всесезонная,мужской,пожилой
44021-3,кошачий_глаз,металл,белый,Gucci,солнцезащитные,130,46,16,13364,летняя,унисекс,средний
44021-5,квадратная,пластик,синий,Valentino,солнцезащитные,130,54,18,29494,летняя,женский,средний
44023-2,овальная,пластик,серый,Polaroid,оптика,130,46,17,14308,всесезонная,унисекс,молодой
44025-3,квадратная,металл,белый,Prada,солнцезащитные,140,50,16,46432,летняя,унисекс,средний
4408-11,овальная,металл,синий,Prada,оптика,130,46,16,41422,всесезонная,женский,пожилой
4409-11,кошачий_глаз,титан,белый,Ray-Ban,оптика,130,46,15,12347,всесезонная,унисекс,средний
4409-13,овальная,металл,белый,Polaroid,оптика,140,48,19,20265,всесезонная,унисекс,пожилой
4410-12,круглая,титан,золотой,Lacoste,оптика,140,48,17,12802,всесезонная,мужской,пожилой
4413-13,овальная,титан,черный,Lacoste,оптика,135,54,18,10735,всесезонная,мужской,молодой
4415-13,круглая,комбинированный,коричневый,Lacoste,оптика,135,48,19,15142,всесезонная,женский,молодой
4416-11,овальная,титан,серый,Prada,солнцезащитные,130,52,19,34154,летняя,мужской,пожилой
4416-12,прямоугольная,титан,белый,Lacoste,солнцезащитные,150,54,19,24064,летняя,мужской,средний
443-BROWN,квадратная,комбинированный,серебряный,Ray-Ban,оптика,140,52,20,14998,всесезонная,унисекс,средний
443-PINK,круглая,титан,черный,Ray-Ban,солнцезащитные,130,50,15,15433,летняя,мужской,средний
449-0301,кошачий_глаз,металл,золотой,Tom Ford,солнцезащитные,140,52,16,16322,летняя,женский,средний
45.421.02,квадратная,комбинированный,золотой,Tom Ford,оптика,150,54,15,42556,всесезонная,мужской,средний
45.424.03,кошачий_глаз,титан,серый,Gucci,оптика,150,48,17,14268,всесезонная,унисекс,молодой
45.429.01,овальная,комбинированный,черный,Polaroid,солнцезащитные,140,50,18,23693,летняя,женский,пожилой
45.429.02,квадратная,комбинированный,белый,Tom Ford,солнцезащитные,130,46,18,49090,летняя,унисекс,молодой
45.522.01,круглая,пластик,золотой,Oakley,солнцезащитные,150,54,19,14678,летняя,женский,пожилой
45.522.03,кошачий_глаз,металл,коричневый,Polaroid,оптика,135,50,15,24118,всесезонная,женский,молодой
45.528.01,прямоугольная,титан,черный,Ray-Ban,оптика,135,50,20,4425,всесезонная,мужской,средний
45.528.02,прямоугольная,пластик,черный,Ray-Ban,солнцезащитные,135,50,19,24068,летняя,мужской,молодой
45.533.03,квадратная,комбинированный,золотой,Ray-Ban,оптика,135,46,15,24105,всесезонная,женский,пожилой
45.535.01,прямоугольная,пластик,белый,Valentino,солнцезащитные,145,52,18,21020,летняя,женский,средний
45.537.01,квадратная,титан,золотой,Lacoste,солнцезащитные,150,48,17,7450,летняя,женский,молодой
45.537.02,кошачий_глаз,металл,коричневый,Oakley,оптика,135,52,17,23356,всесезонная,женский,пожилой
45.537.03,кошачий_глаз,титан,коричневый,Oakley,оптика,140,52,16,13650,всесезонная,унисекс,молодой
45.538.01,прямоугольная,металл,черный,Prada,оптика,140,48,15,22466,всесезонная,мужской,молодой
45.538.02,овальная,пластик,черный,Lacoste,оптика,145,50,19,20323,всесезонная,женский,средний
45.566.02,прямоугольная,пластик,серебряный,Oakley,оптика,130,48,14,11422,всесезонная,женский,молодой
45.566.03,круглая,титан,черный,Polaroid,солнцезащитные,150,54,17,5903,летняя,унисекс,пожилой
45.583.02,овальная,комбинированный,белый,Valentino,солнцезащитные,130,50,18,12416,летняя,женский,пожилой
45.583.03,квадратная,пластик,серебряный,Valentino,солнцезащитные,130,48,15,7980,летняя,унисекс,средний
45.626.02,кошачий_глаз,титан,черный,Polaroid,солнцезащитные,130,50,20,22186,летняя,мужской,пожилой
45.626.03,овальная,металл,белый,Tom Ford,оптика,140,46,14,31548,всесезонная,мужской,средний
45.781.01,овальная,пластик,черный,Prada,оптика,130,50,16,33280,всесезонная,унисекс,пожилой
45.781.03,квадратная,титан,белый,Tom Ford,оптика,135,46,20,26946,всесезонная,женский,средний
451-0301,квадратная,комбинированный,золотой,Gucci,оптика,145,46,20,13358,всесезонная,унисекс,средний
451-0F47,квадратная,металл,золотой,Prada,оптика,130,50,19,16324,всесезонная,мужской,пожилой
451-0K99,кошачий_глаз,пластик,серебряный,Ray-Ban,солнцезащитные,135,48,14,11704,летняя,мужской,средний
4521-41953,круглая,титан,золотой,Valentino,солнцезащитные,130,46,16,38082,летняя,женский,молодой
4608-BROWN,овальная,титан,золотой,Ray-Ban,оптика,135,54,19,11707,всесезонная,мужской,пожилой
4608-G/TD,круглая,металл,синий,Valentino,оптика,135,46,17,30122,всесезонная,унисекс,молодой
4608-GREY,прямоугольная,пластик,серый,Valentino,оптика,150,54,15,38432,всесезонная,мужской,средний
4610-BROWN,квадратная,комбинированный,белый,Polaroid,оптика,135,50,20,6114,всесезонная,унисекс,молодой
463-BLUE,круглая,пластик,черный,Valentino,солнцезащитные,145,48,20,6238,летняя,женский,средний
463-BROWN,квадратная,титан,коричневый,Tom Ford,солнцезащитные,130,46,16,12066,летняя,женский,пожилой
463-NERO,овальная,металл,коричневый,Ray-Ban,солнцезащитные,135,50,17,18196,летняя,мужской,средний
4630-46412,прямоугольная,титан,серый,Ray-Ban,оптика,145,52,15,19126,всесезонная,женский,молодой
4710 LISA H-02,прямоугольная,титан,золотой,Oakley,оптика,140,46,18,13721,всесезонная,мужской,молодой
4713 MARGIT K-5,квадратная,металл,серый,Oakley,оптика,145,46,19,6553,всесезонная,унисекс,пожилой
4734-j,круглая,пластик,белый,Oakley,оптика,145,52,20,11749,всесезонная,унисекс,молодой
4746-f,квадратная,титан,серебряный,Tom Ford,оптика,130,52,18,24946,всесезонная,женский,средний
4775-03,кошачий_глаз,комбинированный,серый,Valentino,оптика,130,52,17,20570,всесезонная,унисекс,средний
4788-06,овальная,титан,серый,Lacoste,солнцезащитные,130,54,19,17346,летняя,женский,пожилой
4789-06,круглая,пластик,золотой,Ray-Ban,солнцезащитные,145,50,15,20119,летняя,женский,пожилой
486-BROWN,круглая,пластик,серебряный,Lacoste,солнцезащитные,140,50,15,7188,летняя,унисекс,средний
486-D GUN,кошачий_глаз,титан,белый,Oakley,солнцезащитные,150,54,18,23511,летняя,женский,молодой
486-GUN,прямоугольная,пластик,черный,Prada,солнцезащитные,140,52,20,9128,летняя,женский,средний
489-GOLD,прямоугольная,пластик,коричневый,Polaroid,солнцезащитные,140,52,20,6134,летняя,женский,пожилой
489-GUN,прямоугольная,комбинированный,черный,Ray-Ban,солнцезащитные,150,50,18,6343,летняя,женский,молодой
492-7,кошачий_глаз,пластик,синий,Prada,оптика,150,48,18,38928,всесезонная,унисекс,средний
493-9LM,квадратная,пластик,золотой,Lacoste,солнцезащитные,140,46,15,6157,летняя,женский,пожилой
494-NERO,круглая,пластик,серебряный,Prada,солнцезащитные,140,48,16,34980,летняя,женский,пожилой
496-GOLD,квадратная,титан,коричневый,Tom Ford,солнцезащитные,130,52,16,45008,летняя,унисекс,средний
496-GUN,овальная,металл,серебряный,Prada,солнцезащитные,140,54,15,39940,летняя,унисекс,пожилой
496-NERO,квадратная,металл,коричневый,Oakley,оптика,150,48,14,13274,всесезонная,унисекс,молодой
496A-2,круглая,титан,коричневый,Polaroid,оптика,150,46,19,8247,всесезонная,унисекс,пожилой
496A-4,круглая,комбинированный,черный,Prada,оптика,130,54,19,40288,всесезонная,женский,средний
497-BLACK,квадратная,металл,серебряный,Valentino,солнцезащитные,140,48,19,29730,летняя,мужской,пожилой
497-BROWN,квадратная,металл,серебряный,Polaroid,солнцезащитные,150,52,17,8237,летняя,мужской,средний
497-RED,квадратная,металл,серый,Oakley,солнцезащитные,135,48,18,11845,летняя,мужской,молодой
498-NERO,круглая,комбинированный,белый,Oakley,солнцезащитные,140,46,20,20702,летняя,мужской,молодой
499-VB234,круглая,металл,синий,Gucci,оптика,140,46,18,13822,всесезонная,мужской,молодой
500-5,квадратная,пластик,черный,Ray-Ban,солнцезащитные,140,46,18,8470,летняя,женский,средний
50003I-001,овальная,пластик,коричневый,Valentino,солнцезащитные,130,52,20,26298,летняя,женский,средний
50009U-019,кошачий_глаз,комбинированный,коричневый,Prada,солнцезащитные,130,54,14,23248,летняя,женский,средний
5001-001,кошачий_глаз,титан,серый,Gucci,солнцезащитные,145,54,15,30194,летняя,женский,пожилой
5001-068,круглая,пластик,белый,Polaroid,солнцезащитные,145,50,17,5702,летняя,унисекс,пожилой
50010I-001,прямоугольная,пластик,коричневый,Gucci,оптика,135,46,15,30498,всесезонная,мужской,средний
50010I-052,кошачий_глаз,титан,золотой,Lacoste,солнцезащитные,130,54,15,14794,летняя,женский,пожилой
5002-037,прямоугольная,металл,серебряный,Ray-Ban,оптика,150,54,17,16057,всесезонная,мужской,пожилой
50023U-030,круглая,комбинированный,золотой,Polaroid,солнцезащитные,130,48,18,24682,летняя,женский,пожилой
50026U-030,овальная,металл,золотой,Tom Ford,оптика,130,52,20,18528,всесезонная,женский,молодой
5004-002,квадратная,комбинированный,золотой,Oakley,оптика,150,54,18,20173,всесезонная,унисекс,молодой
50048I-090,овальная,металл,белый,Oakley,солнцезащитные,140,50,17,21753,летняя,мужской,средний
5006-28B,кошачий_глаз,пластик,черный,Oakley,солнцезащитные,130,46,18,15220,летняя,унисекс,пожилой
5006-32B,квадратная,комбинированный,серый,Ray-Ban,солнцезащитные,150,52,16,12917,летняя,унисекс,молодой
50064 M-DM11,кошачий_глаз,пластик,серебряный,Valentino,солнцезащитные,150,50,20,29226,летняя,мужской,молодой
50069M--DN01,круглая,пластик,серый,Valentino,солнцезащитные,135,46,19,26212,летняя,унисекс,пожилой
5007-047,овальная,пластик,черный,Prada,оптика,130,46,14,46268,всесезонная,унисекс,средний
50080M-BG11,овальная,комбинированный,черный,Lacoste,оптика,130,52,19,21895,всесезонная,унисекс,молодой
50080M-NG10,прямоугольная,титан,синий,Oakley,солнцезащитные,130,50,14,22118,летняя,мужской,средний
50085M-DD02,круглая,пластик,серебряный,Gucci,оптика,150,54,16,42870,всесезонная,женский,пожилой
50090S-DD05,кошачий_глаз,титан,коричневый,Oakley,солнцезащитные,135,48,19,4280,летняя,женский,пожилой
50091S- DD08,квадратная,комбинированный,черный,Tom Ford,солнцезащитные,130,52,14,19458,летняя,женский,молодой
50093S- DD15,кошачий_глаз,пластик,серебряный,Tom Ford,солнцезащитные,145,52,15,12846,летняя,унисекс,пожилой
50096M- PN07,прямоугольная,титан,коричневый,Polaroid,солнцезащитные,135,46,16,8435,летняя,мужской,пожилой
50097M--PP12,круглая,пластик,черный,Lacoste,солнцезащитные,145,54,15,12042,летняя,женский,пожилой
50098M- GR03,прямоугольная,пластик,белый,Oakley,оптика,140,48,19,17102,всесезонная,женский,пожилой
501-2,прямоугольная,комбинированный,серебряный,Oakley,солнцезащитные,130,52,15,10508,летняя,мужской,пожилой
501-4,кошачий_глаз,пластик,серый,Oakley,оптика,130,46,20,14488,всесезонная,мужской,молодой
501-5,квадратная,металл,золотой,Tom Ford,солнцезащитные,135,46,17,19260,летняя,унисекс,средний
501-BLACK,овальная,металл,серый,Ray-Ban,оптика,140,48,14,14767,всесезонная,мужской,молодой
501-BROWN,квадратная,пластик,белый,Tom Ford,солнцезащитные,135,52,17,17042,летняя,мужской,молодой
501-PURPLE,квадратная,титан,коричневый,Lacoste,солнцезащитные,140,48,20,12304,летняя,унисекс,средний
50105-1,кошачий_глаз,титан,серый,Gucci,оптика,150,52,15,19304,всесезонная,женский,средний
50107M- BG04,прямоугольная,титан,белый,Oakley,солнцезащитные,145,48,15,6062,летняя,унисекс,молодой
50107M- GR05,кошачий_глаз,титан,синий,Oakley,солнцезащитные,130,52,20,10546,летняя,женский,средний
50107M- ND06,квадратная,металл,коричневый,Polaroid,оптика,130,48,19,18103,всесезонная,мужской,средний
50109-1,круглая,металл,золотой,Lacoste,солнцезащитные,150,54,15,10526,летняя,женский,пожилой
50109M- MN11,круглая,комбинированный,серебряный,Ray-Ban,оптика,150,52,17,22550,всесезонная,унисекс,пожилой
50109M- NG10,кошачий_глаз,комбинированный,серебряный,Ray-Ban,оптика,130,52,16,3963,всесезонная,унисекс,средний
50111I-090,овальная,металл,золотой,Polaroid,солнцезащитные,130,50,14,20566,летняя,женский,средний
50112-1,овальная,комбинированный,серый,Ray-Ban,оптика,145,52,15,21556,всесезонная,женский,средний
50112-2,овальная,металл,белый,Gucci,оптика,145,46,19,33542,всесезонная,женский,пожилой
50117-002,кошачий_глаз,металл,синий,Tom Ford,солнцезащитные,130,48,14,6054,летняя,мужской,молодой
50119-005,квадратная,титан,синий,Tom Ford,оптика,135,48,18,25304,всесезонная,унисекс,молодой
50119-055,прямоугольная,металл,серый,Oakley,солнцезащитные,150,50,15,18519,летняя,унисекс,средний
50121-005,овальная,титан,золотой,Tom Ford,солнцезащитные,140,46,17,44688,летняя,женский,молодой
50121-021,квадратная,пластик,синий,Valentino,солнцезащитные,135,46,18,17970,летняя,женский,молодой
50121-059,кошачий_глаз,пластик,серый,Valentino,оптика,150,48,19,49450,всесезонная,мужской,средний
50121-092,овальная,титан,черный,Polaroid,солнцезащитные,135,48,19,17820,летняя,унисекс,молодой
50124-005,прямоугольная,металл,коричневый,Polaroid,солнцезащитные,135,52,19,11795,летняя,унисекс,пожилой
50124-028,овальная,металл,синий,Valentino,солнцезащитные,135,54,20,36692,летняя,мужской,пожилой
50124-074,квадратная,комбинированный,коричневый,Oakley,солнцезащитные,145,54,19,20910,летняя,мужской,пожилой
50124I-001,прямоугольная,титан,золотой,Ray-Ban,солнцезащитные,145,52,15,19175,летняя,женский,пожилой
50129M- GB11,прямоугольная,металл,серебряный,Prada,оптика,140,48,17,25480,всесезонная,мужской,пожилой
50129M- GG10,кошачий_глаз,металл,золотой,Lacoste,солнцезащитные,135,52,19,21983,летняя,мужской,молодой
50131M- MD06,круглая,комбинированный,коричневый,Gucci,солнцезащитные,130,48,15,25128,летняя,мужской,молодой
50136-005,кошачий_глаз,титан,серый,Tom Ford,солнцезащитные,145,52,18,36842,летняя,женский,пожилой
5014-001,овальная,комбинированный,синий,Prada,оптика,135,52,18,47414,всесезонная,женский,пожилой
50140-074,овальная,пластик,серый,Oakley,солнцезащитные,140,54,16,4248,летняя,унисекс,молодой
50141M- GB11,круглая,комбинированный,золотой,Tom Ford,солнцезащитные,150,50,18,32776,летняя,женский,пожилой
50141M- MN12,прямоугольная,пластик,золотой,Oakley,оптика,145,50,14,12688,всесезонная,женский,пожилой
50146M- GG01,кошачий_глаз,комбинированный,серый,Valentino,солнцезащитные,135,54,15,29052,летняя,мужской,молодой
50146M- GG02,квадратная,титан,серый,Polaroid,солнцезащитные,140,52,20,11152,летняя,унисекс,средний
50156-D-010,квадратная,металл,серебряный,Polaroid,оптика,150,50,17,8884,всесезонная,мужской,пожилой
5017-075,круглая,пластик,золотой,Ray-Ban,солнцезащитные,145,52,20,20588,летняя,унисекс,средний
5018-001,овальная,металл,черный,Oakley,солнцезащитные,135,52,18,24983,летняя,мужской,пожилой
50197-090,прямоугольная,титан,коричневый,Valentino,оптика,140,52,14,21262,всесезонная,женский,пожилой
5023Y-260,кошачий_глаз,металл,белый,Valentino,оптика,150,50,20,27700,всесезонная,мужской,молодой
5024-4,кошачий_глаз,пластик,серый,Ray-Ban,оптика,130,46,15,16582,всесезонная,женский,молодой
5024-6,кошачий_глаз,пластик,серый,Gucci,оптика,145,46,15,46064,всесезонная,унисекс,средний
5029-001,прямоугольная,комбинированный,серый,Prada,оптика,150,48,19,14584,всесезонная,унисекс,средний
5029-092,овальная,титан,белый,Tom Ford,оптика,145,48,20,28980,всесезонная,унисекс,пожилой
5029-2,овальная,металл,золотой,Polaroid,оптика,130,46,16,22847,всесезонная,женский,пожилой
5029-4,квадратная,пластик,золотой,Lacoste,оптика,145,46,16,20718,всесезонная,мужской,пожилой
503-0301,кошачий_глаз,комбинированный,белый,Gucci,оптика,150,46,14,34378,всесезонная,унисекс,молодой
503-0SNB,прямоугольная,комбинированный,серебряный,Oakley,оптика,150,52,19,5307,всесезонная,мужской,пожилой
503-1,прямоугольная,комбинированный,коричневый,Lacoste,солнцезащитные,135,54,17,8566,летняя,женский,пожилой
5030-066,овальная,комбинированный,черный,Valentino,солнцезащитные,145,48,20,24328,летняя,женский,средний
5031-090,квадратная,пластик,синий,Ray-Ban,солнцезащитные,150,54,16,11855,летняя,женский,пожилой
5032-001,круглая,пластик,синий,Ray-Ban,оптика,135,52,18,22570,всесезонная,мужской,средний
5032-310,круглая,металл,коричневый,Prada,солнцезащитные,150,48,17,31334,летняя,женский,средний
5033-028,прямоугольная,металл,золотой,Gucci,оптика,135,52,18,11166,всесезонная,мужской,пожилой
5033-034,квадратная,комбинированный,золотой,Polaroid,оптика,145,46,19,9726,всесезонная,унисекс,молодой
5034-016,квадратная,комбинированный,коричневый,Ray-Ban,солнцезащитные,145,50,14,6556,летняя,женский,молодой
5034-32A,кошачий_глаз,титан,черный,Tom Ford,оптика,150,50,15,45708,всесезонная,женский,молодой
5034-462,прямоугольная,пластик,серый,Valentino,солнцезащитные,150,54,19,41240,летняя,унисекс,средний
5036-66A,кошачий_глаз,титан,черный,Gucci,оптика,150,52,17,29850,всесезонная,мужской,пожилой
5037-02,прямоугольная,металл,синий,Valentino,солнцезащитные,150,52,14,26222,летняя,унисекс,средний
5038-3,круглая,титан,золотой,Tom Ford,оптика,135,52,20,11542,всесезонная,женский,пожилой
504-BROWN,овальная,комбинированный,серый,Tom Ford,оптика,150,54,16,31430,всесезонная,женский,молодой
5044-01,круглая,титан,серый,Ray-Ban,солнцезащитные,135,50,16,22560,летняя,женский,пожилой
5045-004,кошачий_глаз,комбинированный,коричневый,Prada,оптика,135,50,14,7904,всесезонная,унисекс,пожилой
5045-01,кошачий_глаз,титан,золотой,Valentino,оптика,130,50,18,27996,всесезонная,унисекс,средний
5045-02,кошачий_глаз,титан,серый,Lacoste,солнцезащитные,145,46,17,3805,летняя,унисекс,молодой
5045-066,овальная,пластик,серебряный,Prada,солнцезащитные,145,50,20,27476,летняя,унисекс,пожилой
5046-3,овальная,титан,серебряный,Gucci,оптика,140,50,19,41540,всесезонная,женский,молодой
5047-3,квадратная,титан,синий,Lacoste,солнцезащитные,140,54,19,24517,летняя,унисекс,молодой
5048-01,квадратная,титан,серебряный,Ray-Ban,оптика,130,50,20,12781,всесезонная,унисекс,средний
5048-1,овальная,металл,синий,Ray-Ban,солнцезащитные,145,46,15,11421,летняя,женский,пожилой
5049-01,кошачий_глаз,пластик,коричневый,Ray-Ban,солнцезащитные,150,54,16,20686,летняя,мужской,молодой
5049-03,кошачий_глаз,металл,серый,Valentino,солнцезащитные,145,50,16,6714,летняя,мужской,средний
505-03,круглая,титан,серебряный,Valentino,оптика,150,50,17,25154,всесезонная,мужской,средний
505-1,круглая,титан,синий,Ray-Ban,оптика,130,48,17,8869,всесезонная,мужской,средний
505-2,прямоугольная,комбинированный,серый,Lacoste,оптика,150,48,15,8141,всесезонная,мужской,средний
505-5,овальная,металл,золотой,Prada,оптика,130,46,17,7968,всесезонная,мужской,средний
505-6,овальная,комбинированный,коричневый,Tom Ford,солнцезащитные,145,54,19,34166,летняя,мужской,средний
505-7,квадратная,пластик,серебряный,Tom Ford,солнцезащитные,140,50,15,6752,летняя,унисекс,средний
5050-059,квадратная,металл,серебряный,Valentino,солнцезащитные,130,54,16,40870,летняя,унисекс,молодой
5051-052,кошачий_глаз,пластик,коричневый,Lacoste,оптика,135,46,19,9659,всесезонная,мужской,пожилой
5053-066,круглая,комбинированный,синий,Ray-Ban,солнцезащитные,140,52,17,15508,летняя,унисекс,средний
5054-001,кошачий_глаз,комбинированный,серый,Prada,солнцезащитные,135,50,14,43972,летняя,унисекс,молодой
5054-01,кошачий_глаз,металл,черный,Oakley,оптика,145,48,15,3017,всесезонная,мужской,пожилой
5055-069,квадратная,металл,синий,Gucci,оптика,150,48,16,19180,всесезонная,женский,средний
5056-016,прямоугольная,металл,золотой,Gucci,солнцезащитные,145,54,17,40434,летняя,женский,средний
5056-032,прямоугольная,пластик,золотой,Lacoste,оптика,145,48,14,10166,всесезонная,унисекс,средний
5057-03,овальная,комбинированный,черный,Gucci,солнцезащитные,140,46,18,47344,летняя,унисекс,средний
5057-032,прямоугольная,металл,черный,Polaroid,солнцезащитные,145,50,16,4944,летняя,унисекс,средний
5057-28A,кошачий_глаз,титан,синий,Ray-Ban,оптика,145,52,14,15085,всесезонная,женский,молодой
5059-001,овальная,титан,черный,Lacoste,солнцезащитные,135,52,19,7127,летняя,унисекс,пожилой
5059-054,овальная,пластик,синий,Gucci,солнцезащитные,135,52,18,15394,летняя,унисекс,средний
5059-066,квадратная,металл,белый,Oakley,оптика,130,50,16,7521,всесезонная,женский,пожилой
506-1,кошачий_глаз,комбинированный,золотой,Valentino,оптика,145,48,18,20996,всесезонная,унисекс,молодой
5063-028,овальная,пластик,черный,Polaroid,оптика,150,52,16,18143,всесезонная,мужской,средний
5063-032,круглая,титан,черный,Prada,солнцезащитные,150,48,14,14376,летняя,унисекс,средний
5064-03,прямоугольная,комбинированный,белый,Polaroid,солнцезащитные,150,48,14,22865,летняя,женский,пожилой
5068-033,прямоугольная,металл,серый,Prada,солнцезащитные,135,52,18,30868,летняя,унисекс,пожилой
5068-04,квадратная,титан,коричневый,Prada,солнцезащитные,130,46,19,31994,летняя,мужской,пожилой
5069-01,прямоугольная,пластик,серебряный,Gucci,оптика,135,52,15,21092,всесезонная,унисекс,молодой
5069-052,прямоугольная,комбинированный,синий,Valentino,оптика,135,54,17,35146,всесезонная,мужской,средний
507-7,кошачий_глаз,металл,синий,Polaroid,солнцезащитные,140,54,14,21656,летняя,унисекс,пожилой
5073-02,кошачий_глаз,металл,синий,Lacoste,оптика,150,54,17,19315,всесезонная,женский,молодой
5077-56A,прямоугольная,пластик,серебряный,Prada,оптика,140,46,20,18374,всесезонная,унисекс,пожилой
5082-01,квадратная,титан,синий,Prada,солнцезащитные,145,48,16,43952,летняя,женский,средний
5083-01,кошачий_глаз,пластик,серый,Lacoste,солнцезащитные,150,52,17,7436,летняя,мужской,средний
5085-004,круглая,пластик,коричневый,Lacoste,солнцезащитные,145,48,18,22716,летняя,женский,пожилой
5085-066,овальная,титан,серый,Tom Ford,солнцезащитные,145,54,20,30090,летняя,мужской,пожилой
5087-03,прямоугольная,металл,серый,Tom Ford,солнцезащитные,150,54,17,39252,летняя,женский,пожилой
5093-005,прямоугольная,комбинированный,золотой,Prada,оптика,150,52,19,29228,всесезонная,мужской,средний
5094-050,овальная,титан,серый,Valentino,оптика,150,52,20,19644,всесезонная,мужской,средний
5094-068,прямоугольная,комбинированный,синий,Oakley,оптика,150,50,19,23487,всесезонная,мужской,пожилой
5095-001,кошачий_глаз,титан,черный,Valentino,солнцезащитные,130,50,15,32392,летняя,мужской,молодой
5095-066,прямоугольная,титан,серый,Polaroid,оптика,150,50,18,9562,всесезонная,унисекс,молодой
5097-033,кошачий_глаз,пластик,белый,Prada,оптика,135,50,16,37294,всесезонная,женский,пожилой
5099-01,круглая,титан,серебряный,Valentino,солнцезащитные,130,50,20,30540,летняя,женский,молодой
5099-03,прямоугольная,комбинированный,серый,Oakley,оптика,140,50,19,16642,всесезонная,унисекс,молодой
510-6,овальная,комбинированный,серебряный,Oakley,оптика,140,48,16,13004,всесезонная,женский,средний
5100-028,круглая,комбинированный,синий,Prada,оптика,135,50,18,7456,всесезонная,унисекс,средний
5100-032,прямоугольная,металл,синий,Polaroid,оптика,145,50,15,13301,всесезонная,женский,пожилой
5100-033,овальная,металл,серый,Gucci,солнцезащитные,150,54,20,21960,летняя,мужской,пожилой
5101-028,прямоугольная,комбинированный,золотой,Lacoste,оптика,140,48,16,15738,всесезонная,унисекс,средний
5103-03,кошачий_глаз,титан,серый,Ray-Ban,солнцезащитные,130,50,15,6708,летняя,мужской,пожилой
5104-02,кошачий_глаз,комбинированный,золотой,Gucci,солнцезащитные,145,46,17,17176,летняя,мужской,средний
5106-01,круглая,пластик,коричневый,Oakley,солнцезащитные,135,50,20,16023,летняя,мужской,средний
5109-001,овальная,пластик,черный,Oakley,солнцезащитные,135,50,20,4150,летняя,унисекс,средний
5109-056,овальная,титан,белый,Polaroid,оптика,130,48,15,13957,всесезонная,женский,молодой
5109/B-001,прямоугольная,комбинированный,серый,Valentino,солнцезащитные,130,46,16,16342,летняя,мужской,средний
5110-014,квадратная,комбинированный,золотой,Polaroid,солнцезащитные,130,46,20,9723,летняя,мужской,молодой
5110-028,кошачий_глаз,пластик,синий,Tom Ford,оптика,135,54,19,21712,всесезонная,унисекс,пожилой
5110-032,кошачий_глаз,пластик,серебряный,Lacoste,оптика,150,54,17,18266,всесезонная,мужской,молодой
5113-03,прямоугольная,титан,коричневый,Gucci,солнцезащитные,130,52,19,22372,летняя,женский,пожилой
5113-05,овальная,металл,синий,Ray-Ban,оптика,130,48,20,14739,всесезонная,мужской,средний
5114-001,кошачий_глаз,пластик,коричневый,Polaroid,оптика,145,48,16,18778,всесезонная,женский,средний
5115-03,круглая,комбинированный,серый,Polaroid,оптика,135,52,14,8494,всесезонная,женский,пожилой
5116-02,овальная,металл,белый,Prada,солнцезащитные,130,52,15,25014,летняя,мужской,средний
5119-028,круглая,комбинированный,белый,Lacoste,оптика,145,48,16,18833,всесезонная,женский,молодой
5119-032,прямоугольная,титан,белый,Oakley,солнцезащитные,135,54,18,15845,летняя,женский,молодой
5119-074,прямоугольная,металл,коричневый,Lacoste,солнцезащитные,130,48,15,14420,летняя,женский,молодой
512-BLACK,прямоугольная,титан,золотой,Lacoste,солнцезащитные,145,48,20,11719,летняя,унисекс,молодой
512-BROWN,круглая,комбинированный,белый,Polaroid,оптика,140,48,20,12404,всесезонная,женский,пожилой
512-GUN,прямоугольная,комбинированный,коричневый,Prada,оптика,145,52,14,47306,всесезонная,унисекс,средний
5123-01,круглая,пластик,белый,Gucci,оптика,145,48,18,13508,всесезонная,мужской,пожилой
5123-02,прямоугольная,титан,золотой,Oakley,оптика,150,50,20,23430,всесезонная,мужской,пожилой
5123-D-032,квадратная,комбинированный,золотой,Ray-Ban,оптика,135,52,20,11192,всесезонная,мужской,молодой
5125-001,круглая,металл,серебряный,Lacoste,оптика,145,54,18,19077,всесезонная,мужской,средний
5125-02,овальная,металл,золотой,Polaroid,солнцезащитные,150,54,19,8023,летняя,унисекс,средний
5126-075,овальная,металл,золотой,Tom Ford,солнцезащитные,145,54,17,29982,летняя,женский,пожилой
5127-001,квадратная,комбинированный,золотой,Polaroid,оптика,145,50,19,5997,всесезонная,женский,пожилой
5127-055,круглая,металл,серый,Tom Ford,солнцезащитные,135,54,14,30542,летняя,женский,средний
5127-090,прямоугольная,металл,черный,Tom Ford,солнцезащитные,150,54,17,44934,летняя,женский,средний
5128-01,прямоугольная,комбинированный,золотой,Prada,оптика,140,46,19,43860,всесезонная,унисекс,молодой
5128-02,овальная,комбинированный,черный,Lacoste,солнцезащитные,145,52,18,17830,летняя,унисекс,средний
5129-055,квадратная,комбинированный,золотой,Lacoste,оптика,145,46,16,13571,всесезонная,унисекс,пожилой
5132-055,кошачий_глаз,пластик,серебряный,Lacoste,оптика,145,52,15,17681,всесезонная,мужской,средний
5132-066,прямоугольная,пластик,серый,Ray-Ban,солнцезащитные,140,48,17,17756,летняя,мужской,пожилой
5133-01,кошачий_глаз,металл,коричневый,Tom Ford,оптика,150,50,17,37648,всесезонная,женский,средний
5133-02,овальная,пластик,синий,Lacoste,оптика,135,48,14,7835,всесезонная,унисекс,молодой
5133-068,квадратная,металл,черный,Polaroid,солнцезащитные,140,54,19,9069,летняя,унисекс,средний
5134-001,прямоугольная,комбинированный,серый,Tom Ford,оптика,145,48,17,48638,всесезонная,женский,пожилой
5134-01,кошачий_глаз,титан,синий,Lacoste,солнцезащитные,140,48,18,11447,летняя,женский,пожилой
5135-001,овальная,титан,белый,Tom Ford,оптика,135,48,14,7650,всесезонная,мужской,пожилой
5135-055,круглая,титан,серебряный,Gucci,солнцезащитные,150,54,20,27936,летняя,унисекс,средний
5135-092,круглая,пластик,черный,Lacoste,оптика,150,48,16,3459,всесезонная,унисекс,пожилой
5137-066,овальная,металл,коричневый,Valentino,солнцезащитные,140,54,19,43872,летняя,женский,пожилой
5137-068,прямоугольная,титан,черный,Polaroid,оптика,140,52,17,17729,всесезонная,мужской,средний
5137-5,овальная,титан,золотой,Ray-Ban,оптика,145,46,20,16841,всесезонная,женский,средний
514-GUN,кошачий_глаз,пластик,белый,Tom Ford,оптика,150,50,14,40736,всесезонная,женский,молодой
5157-5,кошачий_глаз,пластик,коричневый,Lacoste,оптика,140,46,16,15605,всесезонная,унисекс,средний
517-BROWN,квадратная,пластик,белый,Tom Ford,оптика,130,46,14,48886,всесезонная,унисекс,молодой
517-GREY,кошачий_глаз,металл,золотой,Prada,солнцезащитные,140,48,15,28474,летняя,женский,пожилой
5170-2,круглая,титан,коричневый,Tom Ford,оптика,140,52,19,18712,всесезонная,унисекс,молодой
5170-3,овальная,титан,золотой,Valentino,оптика,135,52,15,7756,всесезонная,женский,пожилой
518-BROWN,кошачий_глаз,комбинированный,черный,Polaroid,оптика,150,50,15,10578,всесезонная,унисекс,средний
5194-1,круглая,титан,синий,Lacoste,оптика,140,48,20,21093,всесезонная,мужской,молодой
52014-016,круглая,металл,синий,Tom Ford,солнцезащитные,140,54,17,33620,летняя,унисекс,пожилой
52014-038,кошачий_глаз,комбинированный,золотой,Ray-Ban,солнцезащитные,135,50,18,18002,летняя,унисекс,молодой
52014-436,овальная,пластик,серебряный,Oakley,солнцезащитные,145,46,20,10179,летняя,женский,молодой
52017-453,квадратная,титан,синий,Ray-Ban,оптика,145,50,14,22748,всесезонная,унисекс,молодой
52020-016,квадратная,комбинированный,серый,Polaroid,солнцезащитные,145,54,16,21824,летняя,женский,средний
52026-001,квадратная,комбинированный,белый,Prada,оптика,140,48,19,34564,всесезонная,женский,пожилой
52026-002,кошачий_глаз,комбинированный,коричневый,Lacoste,солнцезащитные,145,46,15,22684,летняя,мужской,пожилой
52027-003,прямоугольная,комбинированный,черный,Lacoste,оптика,145,54,20,6466,всесезонная,унисекс,пожилой
52027-004,кошачий_глаз,комбинированный,серый,Tom Ford,солнцезащитные,135,54,18,15910,летняя,унисекс,молодой
52028-002,овальная,титан,коричневый,Prada,оптика,135,50,19,36624,всесезонная,мужской,пожилой
52029-002,кошачий_глаз,комбинированный,серый,Prada,солнцезащитные,145,46,16,36954,летняя,унисекс,пожилой
52029-004,квадратная,комбинированный,серебряный,Lacoste,оптика,145,54,17,15250,всесезонная,женский,средний
52030-003,овальная,металл,белый,Tom Ford,оптика,130,50,14,44716,всесезонная,мужской,пожилой
52030-004,кошачий_глаз,металл,серый,Ray-Ban,оптика,145,48,18,11013,всесезонная,мужской,пожилой
52031-113,круглая,металл,золотой,Prada,оптика,145,48,20,14082,всесезонная,женский,средний
52031-277,кошачий_глаз,титан,золотой,Ray-Ban,оптика,135,50,14,4630,всесезонная,унисекс,пожилой
52031-436,круглая,комбинированный,белый,Valentino,солнцезащитные,135,48,17,43730,летняя,мужской,пожилой
52031-750,круглая,металл,коричневый,Ray-Ban,солнцезащитные,140,46,16,18527,летняя,унисекс,молодой
52032-016,квадратная,комбинированный,белый,Gucci,солнцезащитные,140,48,19,16508,летняя,женский,средний
52032-277,овальная,пластик,белый,Oakley,оптика,130,52,19,10035,всесезонная,унисекс,пожилой
52032-281,овальная,металл,черный,Prada,солнцезащитные,140,48,14,16082,летняя,женский,пожилой
52033-926,кошачий_глаз,пластик,серебряный,Oakley,оптика,145,54,20,16233,всесезонная,мужской,пожилой
52034-035,круглая,пластик,серый,Prada,солнцезащитные,135,52,17,17912,летняя,мужской,молодой
52034-266,кошачий_глаз,пластик,золотой,Lacoste,оптика,140,50,20,20265,всесезонная,женский,пожилой
52034-277,прямоугольная,комбинированный,серебряный,Polaroid,солнцезащитные,140,52,14,11892,летняя,женский,средний
52035-035,квадратная,пластик,коричневый,Oakley,солнцезащитные,135,54,16,24155,летняя,мужской,молодой
52035-541,квадратная,титан,серебряный,Gucci,солнцезащитные,130,50,19,21986,летняя,женский,молодой
52035-750,круглая,пластик,черный,Polaroid,солнцезащитные,130,54,20,19260,летняя,унисекс,пожилой
52037-001,кошачий_глаз,пластик,золотой,Polaroid,солнцезащитные,130,50,17,11114,летняя,унисекс,средний
52037-002,круглая,металл,коричневый,Gucci,солнцезащитные,135,52,16,37334,летняя,унисекс,молодой
52038-266,круглая,пластик,серебряный,Polaroid,солнцезащитные,145,52,17,3844,летняя,унисекс,молодой
52038-607,прямоугольная,комбинированный,серый,Polaroid,солнцезащитные,150,54,18,17100,летняя,женский,пожилой
52039-113,квадратная,металл,черный,Valentino,оптика,150,54,18,45280,всесезонная,мужской,средний
52042-445,круглая,металл,серебряный,Gucci,солнцезащитные,145,46,15,45458,летняя,женский,пожилой
52042-607,квадратная,пластик,черный,Ray-Ban,оптика,150,50,19,4268,всесезонная,женский,пожилой
52043-219,овальная,титан,серый,Lacoste,солнцезащитные,135,50,14,21165,летняя,мужской,молодой
52043-266,круглая,титан,золотой,Tom Ford,оптика,140,54,16,29510,всесезонная,женский,молодой
52043-607,квадратная,титан,коричневый,Tom Ford,оптика,140,52,15,43706,всесезонная,мужской,пожилой
52043-802,овальная,металл,серый,Ray-Ban,солнцезащитные,130,48,16,20025,летняя,женский,молодой
52044-266,овальная,металл,золотой,Ray-Ban,оптика,140,54,16,14612,всесезонная,унисекс,пожилой
52044-436,квадратная,металл,коричневый,Prada,солнцезащитные,135,50,20,7662,летняя,женский,молодой
52044-750,круглая,комбинированный,синий,Gucci,оптика,140,46,16,17388,всесезонная,унисекс,пожилой
52045-005,кошачий_глаз,пластик,белый,Prada,солнцезащитные,140,46,20,39964,летняя,женский,пожилой
52045-607,кошачий_глаз,металл,серый,Valentino,оптика,130,52,18,39228,всесезонная,женский,молодой
52046-269,квадратная,комбинированный,золотой,Lacoste,солнцезащитные,135,48,16,22841,летняя,унисекс,пожилой
52046-750,кошачий_глаз,комбинированный,серый,Oakley,оптика,150,46,18,17407,всесезонная,унисекс,средний
52047-489,овальная,металл,коричневый,Prada,оптика,150,50,16,48542,всесезонная,женский,пожилой
52048-035,квадратная,металл,золотой,Polaroid,оптика,130,52,16,5207,всесезонная,женский,пожилой
52048-079,овальная,комбинированный,коричневый,Valentino,оптика,130,54,18,33412,всесезонная,женский,молодой
52049-067,овальная,титан,синий,Oakley,оптика,135,54,14,12414,всесезонная,унисекс,молодой
52050-001,кошачий_глаз,металл,белый,Ray-Ban,оптика,145,54,20,17565,всесезонная,мужской,молодой
52050-283,прямоугольная,титан,серый,Gucci,солнцезащитные,150,48,15,8858,летняя,унисекс,средний
52050-367,прямоугольная,пластик,черный,Lacoste,солнцезащитные,135,46,20,14507,летняя,унисекс,пожилой
52051-003,круглая,титан,золотой,Tom Ford,солнцезащитные,135,52,15,13876,летняя,женский,средний
52051-367,круглая,металл,серый,Tom Ford,оптика,150,48,19,10784,всесезонная,женский,средний
52051-707,квадратная,пластик,белый,Ray-Ban,солнцезащитные,140,54,17,23845,летняя,унисекс,молодой
521-NERO,круглая,комбинированный,белый,Tom Ford,солнцезащитные,150,52,14,11162,летняя,женский,молодой
5213-2,прямоугольная,металл,черный,Polaroid,оптика,145,52,17,24037,всесезонная,мужской,пожилой
5222-028,овальная,пластик,белый,Ray-Ban,оптика,135,48,14,24425,всесезонная,женский,средний
5222-052,овальная,пластик,золотой,Gucci,солнцезащитные,140,46,19,36688,летняя,женский,пожилой
5224-052,кошачий_глаз,комбинированный,серый,Prada,оптика,135,48,15,32466,всесезонная,унисекс,средний
5225-51 c 332,круглая,титан,белый,Lacoste,оптика,130,46,18,23384,всесезонная,женский,пожилой
5229-001,кошачий_глаз,пластик,коричневый,Valentino,солнцезащитные,145,50,18,17660,летняя,женский,молодой
525-BLACK,прямоугольная,комбинированный,белый,Polaroid,солнцезащитные,140,52,16,17007,летняя,женский,молодой
5254-2,овальная,пластик,черный,Ray-Ban,солнцезащитные,130,54,18,16583,летняя,унисекс,пожилой
5254-3,квадратная,металл,синий,Prada,оптика,135,48,16,34104,всесезонная,унисекс,молодой
5254-5,квадратная,титан,коричневый,Polaroid,солнцезащитные,145,50,19,18473,летняя,унисекс,средний
5262-1,квадратная,металл,белый,Lacoste,солнцезащитные,150,48,15,8529,летняя,женский,средний
5262-2,круглая,пластик,серый,Prada,солнцезащитные,145,48,19,43016,летняя,унисекс,средний
5262-4,овальная,комбинированный,серый,Polaroid,солнцезащитные,130,48,20,24782,летняя,мужской,пожилой
5262-5,прямоугольная,титан,черный,Ray-Ban,оптика,150,48,19,14996,всесезонная,женский,средний
5263-2,овальная,пластик,серый,Oakley,оптика,130,48,19,16659,всесезонная,унисекс,молодой
5263-5,прямоугольная,пластик,коричневый,Valentino,оптика,145,54,15,30572,всесезонная,мужской,пожилой
52810,круглая,металл,синий,Lacoste,солнцезащитные,150,50,15,9751,летняя,унисекс,средний
52890,круглая,титан,серый,Gucci,оптика,130,46,14,31484,всесезонная,женский,пожилой
53.261.02,прямоугольная,пластик,белый,Ray-Ban,солнцезащитные,150,52,16,16232,летняя,женский,молодой
53.529 02,круглая,комбинированный,серебряный,Tom Ford,солнцезащитные,145,48,14,47596,летняя,унисекс,пожилой
531770,овальная,титан,золотой,Prada,солнцезащитные,145,54,18,21760,летняя,унисекс,пожилой
535-BROWN,кошачий_глаз,титан,серый,Tom Ford,солнцезащитные,145,48,14,34736,летняя,женский,средний
536-NERO,круглая,пластик,серый,Oakley,оптика,150,48,17,22164,всесезонная,женский,молодой
536-RED,квадратная,металл,золотой,Valentino,солнцезащитные,135,48,17,30096,летняя,женский,средний
540351,прямоугольная,металл,серебряный,Valentino,оптика,130,50,16,11422,всесезонная,унисекс,пожилой
540410,кошачий_глаз,пластик,черный,Gucci,оптика,145,48,20,28338,всесезонная,мужской,средний
541-BLUE,круглая,титан,коричневый,Oakley,солнцезащитные,145,46,14,15765,летняя,унисекс,средний
541S-0752,прямоугольная,пластик,золотой,Polaroid,солнцезащитные,150,50,20,7697,летняя,унисекс,пожилой
5423-60-6050,овальная,титан,синий,Prada,солнцезащитные,150,48,15,16396,летняя,унисекс,молодой
543-0700,квадратная,металл,коричневый,Oakley,оптика,150,48,19,18762,всесезонная,унисекс,средний
543-0722,прямоугольная,металл,коричневый,Ray-Ban,оптика,135,54,14,6235,всесезонная,мужской,средний
544-2,кошачий_глаз,металл,золотой,Prada,солнцезащитные,140,48,16,33836,летняя,мужской,пожилой
545280,квадратная,металл,серебряный,Valentino,оптика,130,48,18,13318,всесезонная,женский,молодой
5469-00-6050,круглая,пластик,коричневый,Valentino,оптика,145,46,19,42664,всесезонная,женский,средний
548-06WT,кошачий_глаз,пластик,синий,Prada,солнцезащитные,145,46,16,35694,летняя,мужской,молодой
549-BLACK,овальная,металл,белый,Oakley,оптика,150,50,15,15726,всесезонная,унисекс,пожилой
549-GUN,кошачий_глаз,комбинированный,черный,Prada,оптика,130,52,18,35166,всесезонная,женский,средний
549-MARRONE,овальная,металл,синий,Oakley,оптика,130,50,20,16268,всесезонная,унисекс,молодой
550-D GUN,кошачий_глаз,титан,черный,Polaroid,оптика,130,52,19,8615,всесезонная,женский,средний
550-GOLD,прямоугольная,титан,золотой,Gucci,солнцезащитные,130,52,18,29116,летняя,женский,средний
550-GUN,квадратная,комбинированный,синий,Valentino,оптика,135,48,17,26910,всесезонная,унисекс,средний
5500-GZ-9240,кошачий_глаз,пластик,черный,Gucci,оптика,150,48,16,17358,всесезонная,мужской,пожилой
5500-JB-7830,прямоугольная,титан,коричневый,Ray-Ban,солнцезащитные,135,48,16,24787,летняя,унисекс,средний
5500-JD-3830,круглая,комбинированный,синий,Lacoste,оптика,140,54,19,21968,всесезонная,мужской,пожилой
5502-BP-4540,квадратная,пластик,коричневый,Lacoste,солнцезащитные,150,46,17,15484,летняя,мужской,пожилой
5502-BS-6560,овальная,пластик,черный,Prada,оптика,140,54,15,40250,всесезонная,унисекс,молодой
5502-BT-8540,прямоугольная,комбинированный,синий,Tom Ford,оптика,130,52,14,40812,всесезонная,мужской,молодой
551-NERO,круглая,пластик,коричневый,Tom Ford,оптика,145,48,20,23666,всесезонная,женский,пожилой
5515-4540,овальная,титан,синий,Polaroid,солнцезащитные,135,46,20,14128,летняя,мужской,средний
5515-6040,квадратная,металл,синий,Prada,солнцезащитные,135,48,17,28728,летняя,мужской,средний
5515-70-3040,квадратная,металл,белый,Tom Ford,оптика,140,46,15,37768,всесезонная,мужской,средний
5515-70-4540,кошачий_глаз,металл,золотой,Oakley,оптика,150,46,18,10051,всесезонная,мужской,средний
5515-70-6040,прямоугольная,металл,золотой,Lacoste,солнцезащитные,135,52,16,6907,летняя,унисекс,молодой
5515-70-6560,круглая,пластик,серый,Valentino,оптика,130,54,14,35646,всесезонная,женский,пожилой
5515-70-7010,прямоугольная,металл,черный,Valentino,солнцезащитные,140,48,17,40014,летняя,мужской,молодой
5515-70-7110,прямоугольная,титан,серый,Oakley,оптика,140,52,16,17593,всесезонная,унисекс,пожилой
5515-CM-7010,кошачий_глаз,комбинированный,черный,Gucci,солнцезащитные,150,48,16,37200,летняя,женский,молодой
5515-CU-4540,кошачий_глаз,пластик,белый,Gucci,солнцезащитные,140,46,20,24714,летняя,унисекс,пожилой
5515-CU-9040,квадратная,титан,коричневый,Gucci,оптика,140,48,16,20776,всесезонная,унисекс,молодой
552-02,прямоугольная,титан,золотой,Prada,оптика,130,52,20,47002,всесезонная,женский,молодой
5529-GH-9010,прямоугольная,титан,коричневый,Tom Ford,оптика,140,48,20,26130,всесезонная,унисекс,молодой
5529-HC-6520,кошачий_глаз,металл,черный,Oakley,оптика,135,50,17,21475,всесезонная,унисекс,пожилой
5529-II-6760,квадратная,пластик,золотой,Valentino,оптика,140,54,14,43082,всесезонная,женский,молодой
5529-MP-7100,прямоугольная,пластик,коричневый,Tom Ford,оптика,135,52,14,9942,всесезонная,унисекс,пожилой
553-BROWN,прямоугольная,пластик,золотой,Gucci,оптика,150,50,19,19304,всесезонная,мужской,пожилой
5539-IZ-8080,кошачий_глаз,металл,черный,Polaroid,солнцезащитные,140,46,19,20331,летняя,женский,средний
554-02,кошачий_глаз,комбинированный,золотой,Gucci,солнцезащитные,150,52,15,38098,летняя,унисекс,пожилой
5540-410,овальная,титан,серый,Polaroid,оптика,150,50,18,19721,всесезонная,женский,пожилой
5540-70-3530,кошачий_глаз,комбинированный,серый,Lacoste,солнцезащитные,150,52,16,19729,летняя,женский,средний
5540-CT-3530,круглая,титан,серебряный,Prada,оптика,150,54,17,40988,всесезонная,женский,средний
5540-DN-6560,кошачий_глаз,титан,золотой,Ray-Ban,оптика,130,48,19,12399,всесезонная,унисекс,пожилой
5540-JL-6040,кошачий_глаз,комбинированный,серый,Gucci,оптика,145,46,14,36228,всесезонная,мужской,средний
5540-JN-7000,кошачий_глаз,металл,серый,Tom Ford,солнцезащитные,140,46,14,25620,летняя,мужской,средний
5541-CM-6760,кошачий_глаз,комбинированный,синий,Lacoste,оптика,150,46,19,8210,всесезонная,женский,средний
5541-DQ-8540,квадратная,комбинированный,золотой,Tom Ford,солнцезащитные,150,54,20,32492,летняя,мужской,молодой
5541-EP-7520,кошачий_глаз,титан,синий,Tom Ford,солнцезащитные,130,46,18,32518,летняя,женский,молодой
5541-IS-6560,квадратная,титан,черный,Polaroid,оптика,145,54,16,11095,всесезонная,мужской,средний
5550-FV-6560,овальная,металл,серый,Tom Ford,солнцезащитные,135,50,20,20138,летняя,мужской,средний
5551-FE-7520,овальная,комбинированный,серебряный,Valentino,солнцезащитные,130,46,16,40122,летняя,женский,молодой
5551-KE-3520,овальная,титан,золотой,Valentino,оптика,145,54,16,25604,всесезонная,унисекс,средний
5552-294,кошачий_глаз,металл,синий,Prada,солнцезащитные,145,54,19,34712,летняя,женский,средний
5553-18,квадратная,титан,серый,Oakley,солнцезащитные,140,54,16,22434,летняя,унисекс,средний
5555-KR-7110,прямоугольная,титан,синий,Lacoste,солнцезащитные,130,54,15,11493,летняя,женский,молодой
55563-GREY,прямоугольная,пластик,белый,Valentino,оптика,135,54,15,47448,всесезонная,мужской,пожилой
55661-206,овальная,металл,синий,Prada,оптика,145,50,18,45900,всесезонная,мужской,средний
55661-273,овальная,металл,серебряный,Ray-Ban,оптика,130,48,19,17837,всесезонная,мужской,средний
55661-314,овальная,пластик,коричневый,Ray-Ban,солнцезащитные,135,54,14,4474,летняя,мужской,средний
558-SEA,кошачий_глаз,металл,коричневый,Gucci,оптика,130,54,14,17928,всесезонная,женский,средний
5587-25,круглая,комбинированный,серебряный,Ray-Ban,солнцезащитные,130,48,19,21209,летняя,унисекс,молодой
5587-294,овальная,металл,синий,Oakley,оптика,130,52,19,23765,всесезонная,женский,молодой
559-SILVER,квадратная,комбинированный,серый,Oakley,оптика,150,48,19,17640,всесезонная,мужской,молодой
5590-001,квадратная,комбинированный,коричневый,Lacoste,солнцезащитные,140,52,16,3733,летняя,унисекс,молодой
5596-288,прямоугольная,пластик,серебряный,Tom Ford,солнцезащитные,145,54,15,18606,летняя,унисекс,молодой
5597-322,прямоугольная,металл,синий,Gucci,оптика,150,54,14,14792,всесезонная,мужской,пожилой
5598-черно-золотой,овальная,металл,коричневый,Gucci,оптика,150,48,19,31558,всесезонная,унисекс,средний
5599-BP-7000,овальная,пластик,серый,Tom Ford,оптика,140,54,18,25886,всесезонная,унисекс,средний
5599-NI-7530,овальная,пластик,коричневый,Valentino,оптика,140,54,17,22108,всесезонная,женский,молодой
5601-10,кошачий_глаз,титан,коричневый,Gucci,оптика,150,54,18,36194,всесезонная,мужской,средний
5601-80,прямоугольная,пластик,коричневый,Polaroid,оптика,130,46,19,8804,всесезонная,мужской,молодой
560124,овальная,пластик,золотой,Ray-Ban,солнцезащитные,140,48,17,22529,летняя,унисекс,пожилой
560520,квадратная,металл,золотой,Tom Ford,солнцезащитные,145,46,16,34364,летняя,мужской,пожилой
560610,круглая,комбинированный,синий,Ray-Ban,солнцезащитные,150,54,15,13038,летняя,мужской,молодой
560623,овальная,металл,черный,Oakley,оптика,150,46,15,23722,всесезонная,женский,молодой
560710,кошачий_глаз,комбинированный,синий,Oakley,оптика,130,48,20,19453,всесезонная,женский,пожилой
560718,квадратная,комбинированный,синий,Prada,солнцезащитные,140,48,14,44782,летняя,унисекс,пожилой
561310,круглая,пластик,синий,Oakley,оптика,130,54,15,21721,всесезонная,унисекс,средний
5615-10,овальная,пластик,коричневый,Oakley,оптика,140,46,16,9531,всесезонная,мужской,молодой
562-GUN,прямоугольная,титан,черный,Tom Ford,оптика,135,46,19,48640,всесезонная,женский,пожилой
5622-302,овальная,пластик,серебряный,Tom Ford,солнцезащитные,140,50,15,27156,летняя,унисекс,молодой
56221-202,круглая,металл,синий,Prada,оптика,145,54,20,11212,всесезонная,мужской,средний
56221-25,прямоугольная,титан,синий,Ray-Ban,оптика,150,48,17,17627,всесезонная,мужской,молодой
562210,овальная,металл,коричневый,Gucci,солнцезащитные,130,46,14,44790,летняя,женский,средний
5626-328,круглая,титан,серый,Tom Ford,оптика,135,52,20,8266,всесезонная,унисекс,молодой
56312-317,прямоугольная,пластик,серый,Lacoste,солнцезащитные,145,52,18,4109,летняя,унисекс,молодой
56331-25,кошачий_глаз,пластик,синий,Prada,оптика,145,54,17,38680,всесезонная,женский,средний
56331-294,кошачий_глаз,металл,синий,Lacoste,оптика,150,46,17,18775,всесезонная,женский,молодой
563322,овальная,металл,белый,Ray-Ban,солнцезащитные,140,48,16,10172,летняя,унисекс,пожилой
56422-302,квадратная,пластик,золотой,Lacoste,солнцезащитные,145,54,14,14146,летняя,мужской,средний
565-AZUR,овальная,пластик,коричневый,Gucci,оптика,130,48,18,15376,всесезонная,унисекс,средний
565-BLACK,прямоугольная,титан,коричневый,Polaroid,оптика,145,50,20,3907,всесезонная,унисекс,пожилой
565120,круглая,комбинированный,синий,Gucci,солнцезащитные,130,54,19,20852,летняя,женский,пожилой
565380,кошачий_глаз,титан,серебряный,Gucci,солнцезащитные,150,48,14,19652,летняя,унисекс,молодой
5654-246,прямоугольная,металл,черный,Gucci,солнцезащитные,135,48,17,36500,летняя,женский,пожилой
565455,кошачий_глаз,титан,серебряный,Tom Ford,оптика,130,48,17,42726,всесезонная,мужской,средний
565511,квадратная,металл,черный,Prada,солнцезащитные,145,50,17,34694,летняя,унисекс,средний
565598,овальная,металл,синий,Tom Ford,оптика,135,52,16,47472,всесезонная,женский,пожилой
565614,кошачий_глаз,металл,белый,Oakley,оптика,130,50,15,18995,всесезонная,женский,пожилой
565698,кошачий_глаз,титан,серый,Tom Ford,солнцезащитные,140,50,15,47208,летняя,мужской,пожилой
566130,круглая,металл,белый,Gucci,солнцезащитные,130,46,15,15736,летняя,женский,средний
566270,квадратная,титан,белый,Ray-Ban,солнцезащитные,130,48,19,20492,летняя,унисекс,средний
566710,кошачий_глаз,титан,серебряный,Polaroid,солнцезащитные,150,54,17,17088,летняя,женский,молодой
566714,кошачий_глаз,комбинированный,синий,Gucci,солнцезащитные,130,50,20,12954,летняя,мужской,средний
567-BLUE,кошачий_глаз,комбинированный,серый,Valentino,солнцезащитные,130,54,15,31878,летняя,мужской,пожилой
567-GUN,круглая,комбинированный,синий,Prada,оптика,130,48,20,49398,всесезонная,женский,пожилой
567410,кошачий_глаз,титан,серебряный,Gucci,солнцезащитные,140,54,16,21210,летняя,мужской,средний
571846-CREW,кошачий_глаз,металл,серый,Ray-Ban,солнцезащитные,140,46,20,19501,летняя,женский,средний
572-NERO,кошачий_глаз,комбинированный,серый,Oakley,оптика,145,52,17,23774,всесезонная,женский,пожилой
57644-CREW,овальная,пластик,синий,Valentino,солнцезащитные,150,46,16,30198,летняя,женский,молодой
57646-CREW,квадратная,металл,синий,Gucci,солнцезащитные,150,50,20,25514,летняя,унисекс,молодой
577-GOLD,квадратная,титан,коричневый,Lacoste,солнцезащитные,135,48,16,9464,летняя,женский,молодой
577-MARRONE,кошачий_глаз,титан,черный,Oakley,оптика,150,48,17,8124,всесезонная,мужской,средний
578-07T1,круглая,металл,коричневый,Lacoste,солнцезащитные,150,46,17,13700,летняя,унисекс,пожилой
578-3,кошачий_глаз,металл,коричневый,Ray-Ban,оптика,135,54,20,16394,всесезонная,унисекс,пожилой
578-4,круглая,металл,синий,Gucci,солнцезащитные,140,46,16,47630,летняя,женский,средний
578-NERO,кошачий_глаз,пластик,черный,Prada,солнцезащитные,150,46,14,36602,летняя,женский,средний
580-0U55,круглая,пластик,черный,Gucci,солнцезащитные,135,52,15,6748,летняя,мужской,средний
580-NERO,прямоугольная,комбинированный,серебряный,Lacoste,оптика,135,54,17,3278,всесезонная,мужской,молодой
581-01GQ,круглая,титан,серебряный,Gucci,солнцезащитные,150,52,14,8018,летняя,мужской,молодой
581-0Z35,прямоугольная,металл,черный,Tom Ford,солнцезащитные,130,50,14,45804,летняя,женский,средний
5815-B-001,прямоугольная,пластик,черный,Tom Ford,солнцезащитные,145,54,17,27552,летняя,унисекс,молодой
582-0776,круглая,титан,золотой,Oakley,солнцезащитные,130,46,19,16465,летняя,унисекс,пожилой
588-02AM,прямоугольная,металл,синий,Oakley,оптика,140,52,19,14195,всесезонная,унисекс,средний
588-0301,овальная,металл,белый,Prada,солнцезащитные,140,50,19,22996,летняя,мужской,пожилой
588-0K99,прямоугольная,комбинированный,серебряный,Ray-Ban,солнцезащитные,135,52,18,20839,летняя,женский,пожилой
589-0376,круглая,комбинированный,серебряный,Ray-Ban,оптика,135,48,14,22242,всесезонная,женский,пожилой
589S-0300,кошачий_глаз,металл,серый,Ray-Ban,оптика,150,52,17,6376,всесезонная,женский,молодой
589S-0A47,прямоугольная,комбинированный,золотой,Lacoste,солнцезащитные,135,50,15,13455,летняя,мужской,средний
590-BROWN,овальная,титан,белый,Tom Ford,солнцезащитные,135,52,14,23996,летняя,женский,молодой
590-NERO,круглая,комбинированный,серый,Gucci,оптика,130,52,18,9178,всесезонная,женский,пожилой
591-GOLD,квадратная,пластик,серый,Oakley,оптика,135,48,20,10214,всесезонная,женский,молодой
591-PINK,овальная,комбинированный,черный,Ray-Ban,солнцезащитные,135,52,17,7583,летняя,унисекс,пожилой
592-GREY,круглая,металл,золотой,Polaroid,оптика,150,46,14,8652,всесезонная,мужской,пожилой
592-NERO,квадратная,пластик,белый,Lacoste,оптика,135,54,16,18561,всесезонная,мужской,средний
594-2,кошачий_глаз,металл,синий,Lacoste,оптика,135,54,18,17978,всесезонная,женский,средний
594-30,квадратная,пластик,синий,Ray-Ban,оптика,135,50,20,16827,всесезонная,женский,молодой
595-BLUE,квадратная,пластик,черный,Polaroid,оптика,135,46,20,3107,всесезонная,мужской,средний
595-BROWN,кошачий_глаз,металл,серый,Valentino,оптика,140,48,19,32552,всесезонная,унисекс,средний
596-12,овальная,пластик,синий,Gucci,солнцезащитные,145,52,15,40722,летняя,унисекс,молодой
596-5,прямоугольная,пластик,коричневый,Valentino,оптика,150,48,19,6596,всесезонная,мужской,молодой
599-NERO,овальная,комбинированный,серый,Polaroid,оптика,135,52,18,18386,всесезонная,унисекс,средний
599-RED,овальная,металл,белый,Oakley,солнцезащитные,150,54,14,7185,летняя,мужской,средний
6000-E01,круглая,металл,коричневый,Gucci,солнцезащитные,145,50,16,7986,летняя,унисекс,молодой
6000-E03,круглая,металл,синий,Lacoste,солнцезащитные,135,52,16,15470,летняя,унисекс,средний
6000-H01,прямоугольная,комбинированный,синий,Lacoste,солнцезащитные,130,52,19,14118,летняя,унисекс,средний
6000-P01,прямоугольная,пластик,черный,Polaroid,оптика,150,46,16,23191,всесезонная,женский,молодой
6001-P03,прямоугольная,титан,коричневый,Polaroid,солнцезащитные,135,54,19,7439,летняя,унисекс,молодой
60012-03,квадратная,металл,серебряный,Polaroid,солнцезащитные,150,54,16,15240,летняя,унисекс,молодой
60020-02,прямоугольная,пластик,серый,Lacoste,солнцезащитные,140,46,18,19720,летняя,женский,пожилой
60021-03,прямоугольная,металл,белый,Prada,оптика,135,54,15,25398,всесезонная,женский,пожилой
60024-02,круглая,титан,серый,Polaroid,оптика,135,48,15,17748,всесезонная,унисекс,средний
60026-08,круглая,комбинированный,серый,Polaroid,оптика,145,48,16,4103,всесезонная,мужской,средний
6004-T02,кошачий_глаз,пластик,белый,Tom Ford,оптика,150,54,20,35064,всесезонная,женский,молодой
600646-BREAKOUT,круглая,металл,белый,Prada,оптика,150,48,18,36136,всесезонная,мужской,средний
60070-F010,овальная,титан,серый,Lacoste,оптика,140,50,20,18840,всесезонная,женский,средний
60081-01,прямоугольная,металл,белый,Gucci,солнцезащитные,140,50,16,48748,летняя,мужской,средний
60089-4,круглая,металл,серый,Gucci,солнцезащитные,135,52,20,10954,летняя,мужской,молодой
60091-1,круглая,комбинированный,белый,Valentino,оптика,135,54,14,19372,всесезонная,женский,молодой
60091-4,круглая,титан,золотой,Polaroid,оптика,150,54,16,9118,всесезонная,мужской,средний
60092-2,кошачий_глаз,титан,коричневый,Polaroid,оптика,150,46,14,4353,всесезонная,женский,пожилой
60095-4,круглая,титан,синий,Polaroid,оптика,145,46,20,17213,всесезонная,унисекс,пожилой
601-BROWN,круглая,титан,серый,Gucci,оптика,150,48,17,12746,всесезонная,женский,пожилой
6010-A02,круглая,металл,серебряный,Polaroid,оптика,140,54,18,6622,всесезонная,женский,пожилой
60103-01,овальная,титан,белый,Polaroid,солнцезащитные,130,50,16,18335,летняя,женский,пожилой
6010T-E01,прямоугольная,титан,синий,Tom Ford,солнцезащитные,140,48,19,19362,летняя,мужской,средний
6012-03,круглая,металл,золотой,Prada,солнцезащитные,145,52,20,8138,летняя,женский,молодой
6013-A01,прямоугольная,пластик,белый,Tom Ford,солнцезащитные,150,48,20,37610,летняя,мужской,средний
6017-01,прямоугольная,металл,серый,Oakley,оптика,130,48,15,24221,всесезонная,мужской,пожилой
6018-A02,квадратная,металл,серый,Oakley,оптика,140,52,19,12678,всесезонная,унисекс,пожилой
602-BLUE,прямоугольная,металл,черный,Lacoste,солнцезащитные,150,52,15,16389,летняя,женский,молодой
602-NERO,квадратная,металл,серый,Oakley,солнцезащитные,145,52,15,15200,летняя,мужской,молодой
6020-05,квадратная,пластик,серебряный,Lacoste,солнцезащитные,150,46,20,19588,летняя,мужской,молодой
6022-02,круглая,титан,синий,Oakley,солнцезащитные,130,46,16,7737,летняя,мужской,пожилой
6022-03,квадратная,комбинированный,черный,Tom Ford,солнцезащитные,140,46,14,18612,летняя,женский,средний
6025-черно-мятный,прямоугольная,титан,золотой,Lacoste,солнцезащитные,135,50,19,14164,летняя,мужской,пожилой
6026-01,кошачий_глаз,комбинированный,серый,Tom Ford,оптика,130,48,14,35202,всесезонная,унисекс,пожилой
6026-02,прямоугольная,металл,черный,Polaroid,солнцезащитные,135,52,17,9153,летняя,мужской,пожилой
6026-04,прямоугольная,металл,белый,Valentino,оптика,150,50,17,17262,всесезонная,унисекс,пожилой
6027-002,круглая,металл,белый,Ray-Ban,оптика,135,54,14,8273,всесезонная,мужской,молодой
6029-E02,круглая,титан,серебряный,Prada,солнцезащитные,150,54,18,30436,летняя,женский,молодой
603-BROWN,овальная,металл,коричневый,Ray-Ban,оптика,135,50,20,14595,всесезонная,женский,средний
6031-4,прямоугольная,титан,серебряный,Prada,солнцезащитные,145,50,19,46890,летняя,мужской,пожилой
6032-черно-оранжевый,прямоугольная,титан,коричневый,Tom Ford,солнцезащитные,130,50,14,25130,летняя,унисекс,молодой
6033-1,овальная,пластик,черный,Oakley,оптика,135,46,20,22369,всесезонная,мужской,молодой
6033-2,квадратная,комбинированный,коричневый,Valentino,оптика,140,54,20,31532,всесезонная,женский,пожилой
6035-1,круглая,комбинированный,белый,Valentino,солнцезащитные,130,48,20,28382,летняя,унисекс,пожилой
6035-2,прямоугольная,комбинированный,серый,Ray-Ban,оптика,145,54,15,22973,всесезонная,унисекс,средний
6038-2,прямоугольная,пластик,черный,Prada,оптика,140,50,16,47418,всесезонная,мужской,пожилой
604-BEIGE,овальная,металл,коричневый,Ray-Ban,солнцезащитные,145,46,20,5612,летняя,мужской,средний
604-BLACK,прямоугольная,пластик,золотой,Valentino,солнцезащитные,130,50,16,34530,летняя,унисекс,пожилой
604-BROWN,кошачий_глаз,титан,золотой,Ray-Ban,солнцезащитные,140,48,15,12776,летняя,женский,средний
604-NAVY,круглая,титан,белый,Prada,оптика,140,46,16,48624,всесезонная,женский,пожилой
6040-03,овальная,металл,синий,Valentino,оптика,140,46,18,36580,всесезонная,унисекс,пожилой
6040-1,прямоугольная,пластик,белый,Valentino,оптика,140,48,14,25540,всесезонная,мужской,молодой
6040-2,прямоугольная,металл,черный,Valentino,оптика,135,54,14,17518,всесезонная,унисекс,средний
6040-4,прямоугольная,пластик,коричневый,Gucci,солнцезащитные,135,54,14,33802,летняя,мужской,средний
6041-2,овальная,металл,синий,Tom Ford,оптика,140,50,18,24552,всесезонная,женский,средний
6042-01,кошачий_глаз,титан,черный,Polaroid,оптика,135,52,17,6683,всесезонная,мужской,молодой
6042-1,квадратная,пластик,синий,Ray-Ban,оптика,135,52,16,20766,всесезонная,женский,средний
6046-001,овальная,металл,серебряный,Tom Ford,оптика,150,48,18,10274,всесезонная,женский,молодой
6046-03,круглая,комбинированный,синий,Prada,оптика,145,50,14,11092,всесезонная,мужской,пожилой
6048-01,круглая,титан,серебряный,Valentino,оптика,145,46,19,46116,всесезонная,женский,молодой
6048-02,круглая,металл,золотой,Polaroid,оптика,145,54,15,11090,всесезонная,унисекс,молодой
6048-02А,прямоугольная,титан,серебряный,Lacoste,оптика,135,52,20,6464,всесезонная,мужской,молодой
6048-04A,круглая,пластик,белый,Lacoste,оптика,150,50,17,11898,всесезонная,женский,молодой
6049-04,овальная,титан,белый,Prada,оптика,130,46,16,12778,всесезонная,мужской,молодой
605-BLACK,круглая,пластик,белый,Ray-Ban,оптика,130,50,15,9146,всесезонная,унисекс,молодой
605-BROWN,квадратная,титан,серый,Ray-Ban,солнцезащитные,145,50,14,9345,летняя,женский,молодой
605-GREY,овальная,металл,черный,Gucci,оптика,150,52,17,12270,всесезонная,мужской,средний
605-NERO,кошачий_глаз,металл,белый,Oakley,солнцезащитные,150,50,14,10865,летняя,мужской,пожилой
6050-03,круглая,металл,белый,Ray-Ban,солнцезащитные,145,46,14,8208,летняя,мужской,пожилой
6052-A01,круглая,пластик,белый,Ray-Ban,солнцезащитные,135,52,17,5803,летняя,женский,пожилой
6052-A02,овальная,комбинированный,белый,Oakley,оптика,135,48,14,20467,всесезонная,унисекс,пожилой
6058-01,квадратная,пластик,белый,Prada,солнцезащитные,145,54,19,40314,летняя,мужской,молодой
606-GOLD,квадратная,титан,синий,Oakley,солнцезащитные,135,54,18,4403,летняя,мужской,пожилой
6064-02,круглая,комбинированный,серый,Ray-Ban,солнцезащитные,150,54,17,3973,летняя,унисекс,средний
6066-03,овальная,титан,серебряный,Ray-Ban,оптика,130,54,17,4321,всесезонная,женский,пожилой
6071-03,прямоугольная,комбинированный,золотой,Lacoste,оптика,135,52,15,3164,всесезонная,женский,средний
6073-02,круглая,комбинированный,синий,Oakley,оптика,145,46,18,8756,всесезонная,мужской,молодой
6074-01,круглая,титан,белый,Valentino,оптика,130,48,19,43746,всесезонная,унисекс,пожилой
608-BROWN,квадратная,титан,коричневый,Ray-Ban,оптика,145,52,18,14360,всесезонная,мужской,средний
609-CRYSTAL,квадратная,металл,белый,Polaroid,солнцезащитные,130,46,14,22398,летняя,женский,средний
609-NERO,овальная,титан,синий,Polaroid,солнцезащитные,150,50,20,7220,летняя,мужской,средний
61-130 17P,кошачий_глаз,титан,белый,Prada,солнцезащитные,140,54,15,37134,летняя,унисекс,средний
61-132 17P,кошачий_глаз,титан,белый,Ray-Ban,оптика,135,50,17,15359,всесезонная,женский,молодой
61-134 17P,круглая,комбинированный,серебряный,Lacoste,солнцезащитные,150,50,15,5715,летняя,унисекс,средний
61-147 17,кошачий_глаз,пластик,белый,Prada,оптика,130,48,17,29766,всесезонная,женский,средний
61-156 63P,овальная,пластик,золотой,Lacoste,солнцезащитные,130,46,18,15995,летняя,мужской,средний
61-170 07P,прямоугольная,титан,черный,Prada,оптика,130,54,18,42164,всесезонная,женский,пожилой
61-191 19,прямоугольная,титан,золотой,Ray-Ban,оптика,145,50,14,17462,всесезонная,мужской,молодой
611-2,квадратная,титан,белый,Prada,солнцезащитные,145,50,17,26516,летняя,мужской,молодой
611-BLACK,круглая,комбинированный,коричневый,Ray-Ban,солнцезащитные,135,54,19,23035,летняя,женский,пожилой
611-NERO,овальная,пластик,черный,Gucci,оптика,130,48,16,15540,всесезонная,унисекс,молодой
61305-002,прямоугольная,пластик,коричневый,Gucci,оптика,150,52,16,27604,всесезонная,женский,средний
614-4,кошачий_глаз,пластик,серебряный,Oakley,солнцезащитные,135,52,18,4337,летняя,унисекс,пожилой
615-GOLD,круглая,комбинированный,коричневый,Tom Ford,оптика,145,50,14,20174,всесезонная,унисекс,пожилой
615-GUN,овальная,пластик,белый,Oakley,оптика,145,54,19,15626,всесезонная,унисекс,средний
616-BLACK,квадратная,комбинированный,синий,Valentino,солнцезащитные,135,50,20,10560,летняя,мужской,средний
616-BLUE,прямоугольная,титан,золотой,Valentino,солнцезащитные,150,48,18,22704,летняя,женский,молодой
616-NERO,кошачий_глаз,титан,коричневый,Valentino,оптика,150,54,20,12790,всесезонная,унисекс,молодой
6167-5,кошачий_глаз,металл,белый,Polaroid,солнцезащитные,135,48,16,12595,летняя,мужской,пожилой
617-BROWN,прямоугольная,пластик,серебряный,Oakley,солнцезащитные,130,54,15,18471,летняя,женский,средний
617-GUN,овальная,титан,золотой,Valentino,оптика,145,52,14,6568,всесезонная,мужской,средний
6177-H01,кошачий_глаз,титан,белый,Gucci,солнцезащитные,145,52,14,47670,летняя,мужской,пожилой
6177-H02,квадратная,титан,серебряный,Prada,оптика,135,54,19,23322,всесезонная,женский,молодой
6202-H03,круглая,комбинированный,золотой,Tom Ford,оптика,145,46,14,22922,всесезонная,женский,средний
621-1,кошачий_глаз,пластик,коричневый,Gucci,солнцезащитные,150,54,19,38558,летняя,женский,пожилой
621-2,кошачий_глаз,титан,черный,Gucci,солнцезащитные,145,48,17,23990,летняя,унисекс,молодой
6212-H01,квадратная,титан,коричневый,Tom Ford,оптика,135,52,17,17592,всесезонная,женский,молодой
6220-A01,кошачий_глаз,титан,коричневый,Ray-Ban,солнцезащитные,145,54,15,18323,летняя,женский,пожилой
62241-2-1,овальная,металл,золотой,Ray-Ban,солнцезащитные,150,48,19,9992,летняя,унисекс,средний
6226-H01,кошачий_глаз,металл,коричневый,Lacoste,оптика,135,46,20,13114,всесезонная,мужской,пожилой
6226-H03,овальная,титан,белый,Lacoste,солнцезащитные,130,46,17,8224,летняя,мужской,пожилой
6233-E01,квадратная,комбинированный,коричневый,Valentino,солнцезащитные,130,54,17,23530,летняя,унисекс,средний
6234-A01,кошачий_глаз,титан,черный,Ray-Ban,оптика,145,52,20,9197,всесезонная,мужской,пожилой
62344-5,овальная,пластик,золотой,Ray-Ban,оптика,145,48,19,11715,всесезонная,унисекс,пожилой
6237T-A01,кошачий_глаз,пластик,черный,Ray-Ban,солнцезащитные,150,48,18,13619,летняя,унисекс,молодой
6238T-H01,круглая,пластик,серебряный,Valentino,оптика,135,50,17,7806,всесезонная,женский,молодой
62407-2,овальная,металл,золотой,Tom Ford,солнцезащитные,150,50,14,13666,летняя,мужской,молодой
62440-3,овальная,титан,коричневый,Tom Ford,оптика,150,46,20,36252,всесезонная,мужской,молодой
62446-1,овальная,комбинированный,серый,Ray-Ban,солнцезащитные,145,52,17,3764,летняя,унисекс,пожилой
62446-3,кошачий_глаз,металл,черный,Tom Ford,оптика,135,50,17,45548,всесезонная,мужской,пожилой
62453-3,круглая,титан,коричневый,Oakley,оптика,130,54,14,3538,всесезонная,женский,молодой
625-1,квадратная,металл,серебряный,Ray-Ban,оптика,135,46,16,3810,всесезонная,унисекс,средний
625-3,квадратная,пластик,белый,Tom Ford,оптика,150,54,14,41750,всесезонная,мужской,пожилой
625-BLACK,прямоугольная,титан,синий,Lacoste,оптика,140,52,19,4817,всесезонная,мужской,пожилой
625-BROWN,прямоугольная,комбинированный,синий,Ray-Ban,солнцезащитные,140,48,20,12737,летняя,унисекс,средний
625-RED,прямоугольная,комбинированный,коричневый,Prada,солнцезащитные,145,48,18,8190,летняя,мужской,средний
6250-H02,овальная,металл,белый,Tom Ford,оптика,130,46,18,26174,всесезонная,женский,молодой
62503-5,квадратная,титан,серебряный,Lacoste,оптика,130,52,19,19468,всесезонная,женский,молодой
6253-A01,квадратная,титан,коричневый,Ray-Ban,оптика,140,48,20,23070,всесезонная,унисекс,молодой
62535-012,прямоугольная,металл,черный,Tom Ford,солнцезащитные,140,52,15,21104,летняя,унисекс,средний
62573-012,овальная,пластик,белый,Polaroid,солнцезащитные,145,46,16,24330,летняя,унисекс,пожилой
62594-054,квадратная,титан,белый,Gucci,оптика,130,52,15,44430,всесезонная,женский,молодой
62595-012,кошачий_глаз,комбинированный,серебряный,Valentino,оптика,145,52,16,40818,всесезонная,женский,средний
6260-G21,прямоугольная,пластик,золотой,Tom Ford,солнцезащитные,135,46,17,14218,летняя,женский,молодой
62600-034,круглая,комбинированный,синий,Tom Ford,оптика,130,46,17,35478,всесезонная,унисекс,пожилой
62602-03G3,овальная,пластик,коричневый,Ray-Ban,солнцезащитные,135,52,16,8067,летняя,унисекс,средний
62602-03G4,прямоугольная,металл,черный,Prada,оптика,145,50,20,21218,всесезонная,женский,средний
62602-03G5,прямоугольная,титан,черный,Oakley,оптика,140,54,14,10210,всесезонная,унисекс,пожилой
62602-03G6,круглая,пластик,черный,Gucci,солнцезащитные,130,50,20,15286,летняя,женский,молодой
62613-010,круглая,титан,серебряный,Tom Ford,солнцезащитные,130,48,19,26866,летняя,унисекс,пожилой
62613-011,квадратная,металл,белый,Lacoste,оптика,140,52,16,23240,всесезонная,унисекс,средний
62614-012,овальная,титан,синий,Ray-Ban,оптика,135,48,15,9714,всесезонная,женский,средний
62622-003,кошачий_глаз,металл,серебряный,Lacoste,оптика,145,48,15,5366,всесезонная,унисекс,средний
62622-034,квадратная,титан,синий,Ray-Ban,солнцезащитные,135,50,18,20002,летняя,унисекс,молодой
6264-A01,овальная,металл,коричневый,Lacoste,оптика,130,54,18,11122,всесезонная,мужской,молодой
6265-T01,круглая,пластик,серый,Ray-Ban,оптика,145,50,20,18188,всесезонная,унисекс,средний
6269-A01,прямоугольная,комбинированный,белый,Prada,оптика,130,52,14,48444,всесезонная,унисекс,молодой
627-BROWN,квадратная,титан,белый,Ray-Ban,оптика,140,54,19,7396,всесезонная,женский,молодой
627-NERO,прямоугольная,металл,белый,Valentino,оптика,140,52,14,32988,всесезонная,мужской,молодой
6272-E04,овальная,титан,белый,Gucci,оптика,150,54,17,14136,всесезонная,мужской,молодой
6273-C03,прямоугольная,пластик,серый,Tom Ford,оптика,130,54,18,10924,всесезонная,мужской,молодой
6278-A01,квадратная,комбинированный,серебряный,Prada,оптика,140,46,15,48026,всесезонная,мужской,пожилой
628-2,прямоугольная,пластик,серебряный,Valentino,оптика,150,54,16,21208,всесезонная,унисекс,молодой
628-4,кошачий_глаз,пластик,серебряный,Gucci,солнцезащитные,140,48,18,19506,летняя,женский,пожилой
628-BLACK,круглая,комбинированный,черный,Lacoste,солнцезащитные,150,54,18,4882,летняя,женский,пожилой
628-MARRONE,овальная,комбинированный,серый,Gucci,солнцезащитные,145,48,19,32484,летняя,мужской,молодой
6286-A01,овальная,комбинированный,коричневый,Gucci,солнцезащитные,145,46,19,48984,летняя,унисекс,пожилой
6289-T01,кошачий_глаз,комбинированный,коричневый,Polaroid,оптика,145,46,14,16513,всесезонная,женский,средний
6290-52 c 300,круглая,титан,серый,Valentino,оптика,130,54,16,45890,всесезонная,женский,молодой
6299-A01,круглая,пластик,коричневый,Lacoste,оптика,135,54,16,18447,всесезонная,унисекс,молодой
630-2,кошачий_глаз,титан,коричневый,Lacoste,солнцезащитные,135,52,17,13140,летняя,мужской,молодой
630-3,прямоугольная,пластик,черный,Gucci,оптика,150,46,17,21612,всесезонная,унисекс,пожилой
6300-G21,прямоугольная,титан,белый,Lacoste,солнцезащитные,140,50,16,20066,летняя,женский,молодой
63009-голубой-серебро,круглая,пластик,синий,Oakley,оптика,145,52,18,5938,всесезонная,унисекс,средний
63009-черно-матовый,квадратная,металл,серебряный,Valentino,оптика,140,46,14,17772,всесезонная,унисекс,средний
63031-9.1,квадратная,комбинированный,серый,Lacoste,солнцезащитные,145,46,17,11810,летняя,унисекс,молодой
63053-1,овальная,титан,белый,Lacoste,солнцезащитные,130,48,15,7239,летняя,женский,средний
63053-3,прямоугольная,металл,коричневый,Tom Ford,оптика,150,46,16,39546,всесезонная,женский,средний
63056-3,квадратная,комбинированный,синий,Prada,оптика,150,48,19,30922,всесезонная,мужской,молодой
63057-3,прямоугольная,пластик,коричневый,Oakley,оптика,130,52,19,7627,всесезонная,унисекс,средний
63057-8,квадратная,титан,коричневый,Lacoste,оптика,150,54,20,6018,всесезонная,унисекс,молодой
63058-8.3D,овальная,пластик,белый,Prada,солнцезащитные,135,50,20,43280,летняя,мужской,молодой
63058-8.3L,кошачий_глаз,титан,черный,Oakley,оптика,150,52,16,10654,всесезонная,женский,молодой
63072-4.1,прямоугольная,титан,синий,Lacoste,солнцезащитные,145,50,15,24628,летняя,женский,пожилой
63096-003,овальная,пластик,синий,Oakley,оптика,130,48,19,23335,всесезонная,женский,средний
631-0700,кошачий_глаз,металл,серебряный,Tom Ford,оптика,135,54,17,23200,всесезонная,мужской,пожилой
631-NERO,круглая,титан,серый,Gucci,солнцезащитные,135,48,18,44636,летняя,унисекс,молодой
6331-A01,прямоугольная,металл,серый,Prada,солнцезащитные,150,48,19,27370,летняя,женский,пожилой
6341M-G21,прямоугольная,комбинированный,черный,Tom Ford,оптика,140,50,19,7194,всесезонная,унисекс,молодой
635-1,овальная,титан,серый,Gucci,солнцезащитные,130,50,20,14150,летняя,мужской,пожилой
635-BLACK,овальная,металл,черный,Lacoste,солнцезащитные,130,48,15,10191,летняя,мужской,молодой
635-NAVY,квадратная,титан,серый,Polaroid,оптика,135,52,19,3259,всесезонная,женский,средний
6354I-A01,прямоугольная,металл,золотой,Valentino,солнцезащитные,130,46,16,6456,летняя,мужской,пожилой
63562-6,квадратная,титан,серебряный,Tom Ford,солнцезащитные,140,48,16,16772,летняя,женский,молодой
63562-8,квадратная,титан,синий,Oakley,солнцезащитные,135,54,20,7217,летняя,мужской,пожилой
637-0302,прямоугольная,комбинированный,белый,Polaroid,оптика,135,54,15,15748,всесезонная,мужской,молодой
637-0361,овальная,металл,черный,Oakley,солнцезащитные,140,46,18,15341,летняя,мужской,молодой
6374-A02,круглая,титан,синий,Valentino,оптика,130,48,14,31630,всесезонная,женский,пожилой
638-GUN,прямоугольная,комбинированный,синий,Ray-Ban,оптика,135,50,19,5714,всесезонная,женский,пожилой
6389S-A01,круглая,комбинированный,золотой,Prada,солнцезащитные,135,46,16,28914,летняя,женский,средний
639-0H32,кошачий_глаз,титан,черный,Prada,солнцезащитные,145,50,18,25942,летняя,унисекс,пожилой
639-BLACK,овальная,титан,серый,Oakley,солнцезащитные,135,46,19,13952,летняя,унисекс,молодой
64-101 07,прямоугольная,титан,серый,Prada,оптика,140,48,18,19322,всесезонная,женский,молодой
6403M-C1,квадратная,комбинированный,коричневый,Oakley,солнцезащитные,145,52,15,9462,летняя,унисекс,пожилой
6403M-C2,овальная,металл,коричневый,Prada,оптика,130,54,17,46424,всесезонная,мужской,пожилой
6405M-C1,квадратная,пластик,синий,Ray-Ban,солнцезащитные,145,48,18,8749,летняя,мужской,средний
6408-A01,кошачий_глаз,титан,белый,Oakley,солнцезащитные,135,54,15,10516,летняя,мужской,пожилой
641-BLACK,овальная,титан,коричневый,Prada,оптика,140,46,19,23692,всесезонная,унисекс,пожилой
641-NAVY,овальная,комбинированный,золотой,Tom Ford,оптика,140,50,14,15512,всесезонная,женский,средний
641-NERO,круглая,титан,золотой,Valentino,солнцезащитные,140,50,20,30224,летняя,мужской,средний
6410-A01,квадратная,титан,белый,Ray-Ban,оптика,130,48,20,3979,всесезонная,женский,молодой
6412-1,овальная,титан,золотой,Ray-Ban,солнцезащитные,130,50,17,19154,летняя,мужской,средний
6412-4,квадратная,комбинированный,коричневый,Valentino,оптика,145,48,14,11690,всесезонная,женский,молодой
6412M-T01,кошачий_глаз,титан,серебряный,Valentino,солнцезащитные,130,52,20,28844,летняя,мужской,молодой
6417-A01,овальная,титан,белый,Prada,оптика,145,48,19,49254,всесезонная,женский,пожилой
642-NERO,кошачий_глаз,металл,черный,Oakley,солнцезащитные,150,52,17,21278,летняя,унисекс,молодой
6422M-A01,овальная,титан,коричневый,Polaroid,оптика,130,50,14,15412,всесезонная,женский,средний
6423-H01,овальная,пластик,серый,Lacoste,солнцезащитные,140,48,14,5747,летняя,женский,средний
6424-H01,прямоугольная,комбинированный,белый,Tom Ford,оптика,135,46,17,13442,всесезонная,мужской,молодой
6425-P01,квадратная,пластик,золотой,Tom Ford,солнцезащитные,130,48,15,18484,летняя,женский,молодой
6425-P03,квадратная,пластик,черный,Lacoste,оптика,130,48,19,15290,всесезонная,женский,пожилой
6428-A01,квадратная,пластик,белый,Lacoste,солнцезащитные,150,46,14,24699,летняя,женский,средний
642V-0P79,круглая,комбинированный,черный,Lacoste,солнцезащитные,140,52,17,6852,летняя,мужской,пожилой
6435M-E01,кошачий_глаз,пластик,золотой,Ray-Ban,оптика,130,52,14,8745,всесезонная,мужской,молодой
6435M-H01,круглая,пластик,коричневый,Ray-Ban,солнцезащитные,135,50,14,12072,летняя,унисекс,пожилой
6438A-01,квадратная,металл,серебряный,Gucci,оптика,130,46,14,47732,всесезонная,мужской,молодой
6441-H01,кошачий_глаз,комбинированный,черный,Oakley,солнцезащитные,150,46,14,22724,летняя,женский,молодой
6444-H02,овальная,титан,золотой,Lacoste,солнцезащитные,150,52,19,11735,летняя,женский,средний
6444-P01,квадратная,металл,синий,Prada,оптика,140,52,14,45346,всесезонная,унисекс,средний
6444-P04,кошачий_глаз,металл,синий,Oakley,солнцезащитные,130,52,20,14830,летняя,унисекс,молодой
645-1,квадратная,пластик,коричневый,Lacoste,оптика,140,48,18,9098,всесезонная,мужской,средний
6450-A01,квадратная,комбинированный,белый,Ray-Ban,солнцезащитные,140,50,17,4884,летняя,женский,пожилой
6454-A01,овальная,титан,золотой,Lacoste,солнцезащитные,150,48,17,12984,летняя,женский,средний
6455-01,кошачий_глаз,комбинированный,синий,Ray-Ban,солнцезащитные,150,48,15,14481,летняя,унисекс,пожилой
6457M-A01,овальная,титан,белый,Tom Ford,солнцезащитные,140,46,14,29408,летняя,мужской,средний
6458-A01,круглая,комбинированный,золотой,Prada,солнцезащитные,140,50,15,6296,летняя,мужской,пожилой
6466M-T01,кошачий_глаз,титан,синий,Ray-Ban,оптика,150,52,18,22019,всесезонная,мужской,средний
6467M-T01,кошачий_глаз,титан,золотой,Polaroid,солнцезащитные,145,54,19,15377,летняя,мужской,пожилой
6468-P01,прямоугольная,пластик,серебряный,Prada,солнцезащитные,145,48,14,41346,летняя,мужской,средний
6470-01,овальная,пластик,синий,Valentino,оптика,140,52,16,35662,всесезонная,женский,молодой
6476-A02,прямоугольная,титан,серый,Ray-Ban,оптика,150,50,18,14463,всесезонная,женский,молодой
648-BLACK,кошачий_глаз,титан,черный,Polaroid,оптика,140,54,15,3017,всесезонная,унисекс,средний
648-NERO,квадратная,пластик,синий,Oakley,оптика,140,54,18,10806,всесезонная,женский,молодой
6482-01,кошачий_глаз,металл,черный,Oakley,солнцезащитные,135,52,20,16878,летняя,женский,пожилой
6494-01,овальная,пластик,коричневый,Lacoste,солнцезащитные,140,50,14,22896,летняя,женский,молодой
6494-02,круглая,комбинированный,коричневый,Ray-Ban,оптика,135,48,16,18701,всесезонная,женский,средний
6496-02,квадратная,комбинированный,черный,Valentino,оптика,135,50,18,23390,всесезонная,унисекс,средний
6497-A02,овальная,титан,серый,Valentino,оптика,145,50,18,20124,всесезонная,женский,средний
6499-A01,кошачий_глаз,металл,синий,Ray-Ban,оптика,145,48,17,15809,всесезонная,мужской,молодой
65-001 02,овальная,комбинированный,серый,Lacoste,солнцезащитные,140,48,18,23428,летняя,унисекс,средний
65-044 13P,круглая,комбинированный,коричневый,Lacoste,солнцезащитные,135,54,20,11897,летняя,унисекс,средний
65-044 17P,прямоугольная,пластик,белый,Polaroid,оптика,145,52,15,20456,всесезонная,женский,молодой
65-049 13P,кошачий_глаз,титан,коричневый,Tom Ford,оптика,140,50,16,24654,всесезонная,мужской,пожилой
65-051 33P,круглая,пластик,белый,Gucci,оптика,130,48,17,40384,всесезонная,мужской,пожилой
65-053 19P,круглая,металл,серый,Valentino,солнцезащитные,150,50,16,23414,летняя,унисекс,пожилой
650-ANTIC,круглая,титан,синий,Prada,оптика,145,54,20,23154,всесезонная,унисекс,молодой
650-BLACK,квадратная,титан,серый,Polaroid,солнцезащитные,130,50,19,17413,летняя,унисекс,молодой
650-GREY,прямоугольная,титан,синий,Ray-Ban,оптика,140,50,15,4389,всесезонная,унисекс,средний
650-NAVY,квадратная,комбинированный,золотой,Valentino,солнцезащитные,140,46,16,30648,летняя,женский,молодой
6501-01,квадратная,комбинированный,золотой,Lacoste,солнцезащитные,145,46,19,18936,летняя,унисекс,пожилой
6503-A02,кошачий_глаз,металл,серый,Polaroid,оптика,140,54,20,12726,всесезонная,мужской,молодой
6503-E01,овальная,металл,серебряный,Gucci,солнцезащитные,145,54,16,18028,летняя,женский,средний
6503-G21,кошачий_глаз,пластик,серебряный,Prada,солнцезащитные,140,46,14,15320,летняя,мужской,средний
6504-T02,прямоугольная,металл,серый,Tom Ford,оптика,135,52,19,15752,всесезонная,унисекс,молодой
6509-H02,кошачий_глаз,пластик,черный,Lacoste,солнцезащитные,145,46,20,21352,летняя,женский,средний
651-4,круглая,пластик,серый,Lacoste,оптика,145,54,17,6110,всесезонная,унисекс,пожилой
6520-01,круглая,металл,черный,Prada,солнцезащитные,150,52,18,19736,летняя,унисекс,средний
6521-03,круглая,комбинированный,синий,Tom Ford,солнцезащитные,135,50,19,21808,летняя,женский,пожилой
6524-01,прямоугольная,металл,синий,Oakley,оптика,140,48,14,23222,всесезонная,женский,пожилой
6524-02,прямоугольная,комбинированный,золотой,Oakley,оптика,130,52,20,15772,всесезонная,унисекс,средний
6538-03,овальная,пластик,золотой,Gucci,оптика,140,54,15,18564,всесезонная,женский,средний
654-BLACK,прямоугольная,металл,золотой,Ray-Ban,оптика,145,46,20,13228,всесезонная,мужской,средний
654-BROWN,овальная,титан,черный,Gucci,солнцезащитные,145,46,18,25110,летняя,мужской,средний
6546-01,овальная,пластик,черный,Oakley,солнцезащитные,140,48,17,19413,летняя,унисекс,молодой
6546-02,круглая,титан,белый,Prada,солнцезащитные,135,46,19,47754,летняя,женский,средний
6546-03,круглая,титан,золотой,Ray-Ban,солнцезащитные,135,50,14,13658,летняя,женский,молодой
6548-02,кошачий_глаз,металл,золотой,Lacoste,оптика,150,54,20,13716,всесезонная,унисекс,средний
655-BROWN,кошачий_глаз,титан,черный,Prada,солнцезащитные,150,54,16,39346,летняя,унисекс,пожилой
6556-01,прямоугольная,комбинированный,белый,Valentino,оптика,135,48,16,46948,всесезонная,женский,молодой
6563-01,кошачий_глаз,металл,золотой,Tom Ford,оптика,130,48,14,33934,всесезонная,унисекс,пожилой
6563-03,прямоугольная,комбинированный,черный,Lacoste,оптика,135,50,16,6309,всесезонная,мужской,средний
6567-01,прямоугольная,комбинированный,коричневый,Ray-Ban,оптика,135,46,19,4116,всесезонная,женский,средний
665-BEIGE,овальная,титан,синий,Tom Ford,солнцезащитные,130,50,20,44106,летняя,мужской,средний
66512-762,овальная,металл,коричневый,Prada,оптика,130,46,16,35114,всесезонная,мужской,пожилой
6652-10,круглая,пластик,серебряный,Oakley,оптика,140,54,20,20917,всесезонная,женский,средний
6654-3,круглая,пластик,синий,Lacoste,оптика,130,50,16,17416,всесезонная,мужской,молодой
66913-003,квадратная,титан,коричневый,Oakley,солнцезащитные,135,48,14,13433,летняя,женский,пожилой
66914-003,кошачий_глаз,пластик,синий,Oakley,солнцезащитные,140,50,20,3072,летняя,мужской,пожилой
66917-762,квадратная,комбинированный,золотой,Oakley,оптика,130,46,14,13468,всесезонная,женский,молодой
66918-188,прямоугольная,титан,коричневый,Polaroid,солнцезащитные,130,54,17,3932,летняя,унисекс,молодой
66919-283,квадратная,пластик,черный,Valentino,оптика,135,50,17,22120,всесезонная,мужской,пожилой
66926-012,прямоугольная,комбинированный,серый,Lacoste,солнцезащитные,130,48,15,14927,летняя,мужской,средний
670-0700,прямоугольная,комбинированный,золотой,Tom Ford,солнцезащитные,130,52,19,49494,летняя,мужской,пожилой
671-8,овальная,металл,коричневый,Oakley,солнцезащитные,135,52,16,15512,летняя,женский,пожилой
671-NERO,овальная,металл,черный,Prada,солнцезащитные,145,54,18,31736,летняя,женский,молодой
680V-0752,кошачий_глаз,комбинированный,коричневый,Lacoste,оптика,130,50,19,16682,всесезонная,унисекс,пожилой
681-BROWN,овальная,пластик,коричневый,Valentino,оптика,145,54,14,32706,всесезонная,мужской,пожилой
6812-01,круглая,металл,черный,Lacoste,солнцезащитные,135,54,15,23567,летняя,женский,молодой
6822-01,квадратная,металл,черный,Prada,солнцезащитные,145,54,16,6982,летняя,мужской,средний
6822-02,кошачий_глаз,пластик,белый,Prada,солнцезащитные,135,50,14,48340,летняя,женский,средний
6824-02,круглая,титан,черный,Lacoste,оптика,140,50,16,23587,всесезонная,женский,пожилой
6825-01,овальная,пластик,серебряный,Lacoste,солнцезащитные,140,54,15,5237,летняя,мужской,пожилой
6830-01,прямоугольная,титан,золотой,Prada,солнцезащитные,130,48,15,49628,летняя,унисекс,пожилой
685-BROWN,круглая,титан,черный,Lacoste,оптика,135,54,20,21624,всесезонная,женский,молодой
685-NERO,кошачий_глаз,металл,черный,Lacoste,оптика,130,52,17,7201,всесезонная,мужской,средний
68518-2,кошачий_глаз,металл,серебряный,Prada,солнцезащитные,130,50,20,13256,летняя,мужской,пожилой
68523-50,прямоугольная,металл,синий,Prada,солнцезащитные,145,50,15,25846,летняя,мужской,молодой
68524-11,кошачий_глаз,титан,синий,Oakley,оптика,130,46,16,10987,всесезонная,мужской,пожилой
68526-10,круглая,комбинированный,коричневый,Prada,оптика,130,48,17,30094,всесезонная,женский,молодой
68526-210,кошачий_глаз,пластик,коричневый,Oakley,оптика,150,54,19,19832,всесезонная,мужской,молодой
68526-50,квадратная,комбинированный,коричневый,Oakley,оптика,130,52,20,15872,всесезонная,мужской,пожилой
68531-12,овальная,металл,серый,Prada,оптика,135,52,20,48256,всесезонная,унисекс,средний
68533-2,овальная,пластик,белый,Gucci,оптика,135,46,14,19480,всесезонная,женский,пожилой
68534-210,кошачий_глаз,металл,золотой,Lacoste,солнцезащитные,150,48,14,10815,летняя,мужской,средний
68534-50,квадратная,пластик,коричневый,Prada,оптика,135,52,15,49430,всесезонная,унисекс,пожилой
68535-50,кошачий_глаз,комбинированный,серый,Valentino,солнцезащитные,140,52,19,17268,летняя,унисекс,средний
68536-210,квадратная,комбинированный,серый,Ray-Ban,солнцезащитные,150,46,16,13248,летняя,женский,молодой
68536-50,овальная,пластик,серый,Tom Ford,солнцезащитные,135,48,18,27502,летняя,унисекс,молодой
6874-3,квадратная,комбинированный,белый,Prada,солнцезащитные,150,54,18,12570,летняя,женский,средний
691-BLACK,овальная,металл,золотой,Oakley,солнцезащитные,150,48,20,24863,летняя,женский,средний
691-NERO,квадратная,титан,коричневый,Valentino,солнцезащитные,150,48,14,19460,летняя,мужской,молодой
691-SEA,овальная,пластик,серый,Lacoste,оптика,140,50,19,18868,всесезонная,унисекс,средний
69269-118,овальная,титан,серый,Lacoste,солнцезащитные,150,54,20,16432,летняя,унисекс,пожилой
69269-223,кошачий_глаз,металл,белый,Tom Ford,оптика,150,54,14,43700,всесезонная,мужской,средний
69275-838,квадратная,металл,белый,Tom Ford,солнцезащитные,150,46,20,37014,летняя,женский,средний
69288-118,квадратная,комбинированный,серый,Prada,оптика,150,50,17,41468,всесезонная,женский,средний
69288-119,овальная,металл,коричневый,Lacoste,солнцезащитные,150,46,20,11132,летняя,унисекс,пожилой
69288-337,кошачий_глаз,титан,синий,Lacoste,оптика,140,54,16,7596,всесезонная,мужской,молодой
693-BLACK,прямоугольная,металл,серебряный,Polaroid,солнцезащитные,130,46,16,19915,летняя,унисекс,пожилой
693-NAVY,квадратная,металл,коричневый,Valentino,солнцезащитные,135,46,19,34060,летняя,унисекс,средний
7004-1,круглая,металл,черный,Oakley,оптика,140,46,20,6654,всесезонная,женский,молодой
7004-2,овальная,комбинированный,синий,Tom Ford,оптика,130,54,14,32370,всесезонная,унисекс,средний
7004-3,прямоугольная,комбинированный,коричневый,Tom Ford,солнцезащитные,150,50,19,11988,летняя,мужской,средний
7004-4,круглая,комбинированный,серый,Oakley,оптика,140,48,15,19709,всесезонная,женский,средний
7012-4,овальная,пластик,серебряный,Oakley,оптика,140,52,16,14628,всесезонная,мужской,молодой
7015-004,овальная,титан,черный,Tom Ford,оптика,130,50,15,46792,всесезонная,унисекс,молодой
7015-04,круглая,комбинированный,белый,Polaroid,оптика,145,50,19,13271,всесезонная,мужской,пожилой
7017-02,кошачий_глаз,титан,коричневый,Lacoste,оптика,140,52,17,7253,всесезонная,унисекс,средний
7017-03,овальная,комбинированный,черный,Lacoste,оптика,145,48,19,14151,всесезонная,мужской,молодой
7018-02,круглая,комбинированный,золотой,Valentino,оптика,150,46,20,15522,всесезонная,женский,средний
7018-2,кошачий_глаз,пластик,серебряный,Lacoste,оптика,145,52,17,14443,всесезонная,женский,молодой
7019-02,овальная,титан,коричневый,Lacoste,солнцезащитные,135,52,15,19481,летняя,женский,пожилой
7021T12-4S,круглая,комбинированный,серебряный,Gucci,солнцезащитные,145,50,18,17408,летняя,мужской,молодой
7022-5,круглая,комбинированный,белый,Polaroid,оптика,145,50,19,6827,всесезонная,мужской,средний
7025-03,кошачий_глаз,пластик,черный,Valentino,оптика,130,50,15,9608,всесезонная,унисекс,средний
7027-4,прямоугольная,металл,черный,Gucci,солнцезащитные,135,54,18,39052,летняя,унисекс,пожилой
7044A-02,овальная,титан,серебряный,Tom Ford,солнцезащитные,130,54,17,7118,летняя,женский,средний
7045-01,кошачий_глаз,металл,белый,Tom Ford,оптика,135,50,15,24824,всесезонная,мужской,средний
7046-001,кошачий_глаз,комбинированный,серебряный,Lacoste,солнцезащитные,130,54,18,5199,летняя,мужской,молодой
7056-01,прямоугольная,пластик,белый,Valentino,оптика,130,52,19,25200,всесезонная,унисекс,средний
7058-01,круглая,пластик,черный,Gucci,оптика,145,46,15,31854,всесезонная,женский,средний
7058-02,прямоугольная,титан,синий,Tom Ford,оптика,135,50,14,37906,всесезонная,унисекс,молодой
7058-3,кошачий_глаз,комбинированный,серебряный,Oakley,оптика,145,52,15,3498,всесезонная,унисекс,средний
7058-4,прямоугольная,комбинированный,серебряный,Gucci,оптика,130,46,18,27590,всесезонная,унисекс,молодой
7059-1,квадратная,металл,синий,Lacoste,оптика,145,52,15,16254,всесезонная,мужской,молодой
7059-2,кошачий_глаз,пластик,серый,Valentino,солнцезащитные,150,54,17,48464,летняя,мужской,молодой
7059-4,кошачий_глаз,титан,коричневый,Prada,солнцезащитные,135,46,18,39242,летняя,унисекс,пожилой
7060C-01,квадратная,титан,золотой,Gucci,оптика,150,50,17,14890,всесезонная,мужской,средний
7063-01,квадратная,пластик,черный,Tom Ford,солнцезащитные,130,48,17,45918,летняя,мужской,молодой
7063-02,овальная,комбинированный,золотой,Valentino,оптика,150,54,14,44608,всесезонная,мужской,молодой
7063-1,овальная,комбинированный,черный,Gucci,солнцезащитные,135,48,14,42722,летняя,унисекс,молодой
7063-2,прямоугольная,комбинированный,золотой,Tom Ford,солнцезащитные,135,50,17,27090,летняя,унисекс,пожилой
7064-02,прямоугольная,комбинированный,серый,Gucci,солнцезащитные,150,54,20,36226,летняя,унисекс,средний
7065-4,квадратная,металл,коричневый,Prada,оптика,135,50,16,14924,всесезонная,женский,пожилой
7067-01,овальная,металл,золотой,Tom Ford,оптика,150,52,15,42664,всесезонная,женский,средний
7068-1,круглая,пластик,черный,Valentino,солнцезащитные,145,50,15,47834,летняя,мужской,пожилой
7068-2,овальная,пластик,серебряный,Oakley,оптика,140,54,17,21703,всесезонная,унисекс,молодой
7068-4,кошачий_глаз,титан,белый,Lacoste,солнцезащитные,130,46,18,7211,летняя,женский,пожилой
7069-1,прямоугольная,металл,коричневый,Valentino,оптика,130,52,15,28070,всесезонная,унисекс,молодой
7069-3,овальная,металл,черный,Tom Ford,оптика,140,54,14,18412,всесезонная,женский,средний
7069-4,круглая,комбинированный,черный,Ray-Ban,оптика,135,46,19,9022,всесезонная,женский,средний
7070A-01,овальная,металл,черный,Valentino,солнцезащитные,135,46,18,47810,летняя,мужской,средний
7071-1,квадратная,пластик,синий,Gucci,солнцезащитные,150,48,14,36918,летняя,женский,пожилой
7071-2,круглая,титан,серебряный,Valentino,солнцезащитные,130,46,19,13982,летняя,мужской,молодой
7072-1,квадратная,титан,белый,Tom Ford,оптика,140,48,20,25630,всесезонная,мужской,пожилой
7072-3,прямоугольная,комбинированный,золотой,Prada,солнцезащитные,140,48,19,41624,летняя,мужской,средний
7072-5,кошачий_глаз,титан,белый,Lacoste,оптика,150,46,19,4637,всесезонная,унисекс,молодой
7078-001,круглая,титан,золотой,Oakley,оптика,145,54,15,14849,всесезонная,женский,пожилой
7083-02,прямоугольная,металл,золотой,Tom Ford,солнцезащитные,150,46,19,49414,летняя,женский,молодой
7085-01,круглая,металл,серый,Oakley,оптика,130,48,14,15245,всесезонная,мужской,молодой
7087-WR7,квадратная,пластик,черный,Gucci,солнцезащитные,150,46,17,6058,летняя,мужской,молодой
7091-002,прямоугольная,пластик,белый,Prada,оптика,130,54,19,45284,всесезонная,мужской,пожилой
7096-001,прямоугольная,пластик,серебряный,Valentino,солнцезащитные,130,50,15,27538,летняя,женский,пожилой
7096-002,круглая,комбинированный,коричневый,Prada,солнцезащитные,130,48,19,8790,летняя,унисекс,средний
7097-001,кошачий_глаз,металл,белый,Prada,оптика,140,46,17,48532,всесезонная,мужской,молодой
7097-002,квадратная,титан,черный,Gucci,оптика,145,52,17,8408,всесезонная,женский,пожилой
7097-003,квадратная,комбинированный,золотой,Polaroid,солнцезащитные,140,46,19,11223,летняя,унисекс,пожилой
7099-003,круглая,металл,белый,Prada,оптика,150,48,14,22596,всесезонная,унисекс,молодой
7103-001,овальная,металл,черный,Prada,оптика,140,46,14,47630,всесезонная,женский,пожилой
7103-002,круглая,металл,черный,Lacoste,солнцезащитные,140,54,17,5015,летняя,мужской,пожилой
71034-01,прямоугольная,комбинированный,коричневый,Ray-Ban,оптика,140,54,15,7763,всесезонная,унисекс,молодой
71042-02,круглая,пластик,белый,Prada,оптика,150,50,19,16170,всесезонная,женский,средний
7113-1,овальная,металл,коричневый,Tom Ford,оптика,135,50,17,28738,всесезонная,мужской,пожилой
7113-807,круглая,пластик,черный,Oakley,оптика,145,46,14,22514,всесезонная,женский,пожилой
7116-011,кошачий_глаз,комбинированный,золотой,Oakley,оптика,130,48,19,6814,всесезонная,унисекс,средний
7116-034,прямоугольная,металл,серый,Gucci,оптика,140,52,20,18682,всесезонная,унисекс,молодой
712-BROWN,круглая,пластик,коричневый,Ray-Ban,оптика,135,54,20,5407,всесезонная,унисекс,средний
712-GOLD,квадратная,титан,коричневый,Oakley,оптика,150,52,18,22667,всесезонная,женский,средний
712-NERO,квадратная,металл,синий,Ray-Ban,оптика,140,54,20,7025,всесезонная,женский,пожилой
7146-002,прямоугольная,пластик,золотой,Valentino,оптика,140,52,15,6454,всесезонная,женский,молодой
7146-411,кошачий_глаз,металл,серебряный,Gucci,оптика,145,48,20,22964,всесезонная,женский,средний
717-BROWN,кошачий_глаз,металл,синий,Lacoste,оптика,135,48,20,16187,всесезонная,мужской,пожилой
717-PINK,овальная,металл,серый,Lacoste,солнцезащитные,150,54,15,10943,летняя,унисекс,средний
7205-01,круглая,титан,синий,Oakley,солнцезащитные,150,48,20,21691,летняя,мужской,молодой
7205-02,прямоугольная,металл,серый,Ray-Ban,солнцезащитные,135,48,17,15712,летняя,мужской,молодой
7205/S-01,круглая,пластик,серый,Tom Ford,оптика,135,48,20,38074,всесезонная,женский,пожилой
7205/S-02,круглая,титан,белый,Lacoste,солнцезащитные,150,48,14,6855,летняя,мужской,средний
721-BROWN,круглая,комбинированный,коричневый,Lacoste,солнцезащитные,145,50,16,21883,летняя,мужской,молодой
721-NERO,круглая,титан,синий,Valentino,солнцезащитные,130,46,16,20114,летняя,унисекс,средний
7210-01,круглая,титан,коричневый,Lacoste,оптика,135,46,14,4123,всесезонная,унисекс,средний
7210-02,прямоугольная,металл,черный,Ray-Ban,оптика,145,52,16,6766,всесезонная,мужской,молодой
7212-01,кошачий_глаз,пластик,золотой,Gucci,солнцезащитные,145,54,20,21918,летняя,унисекс,пожилой
7217-01,квадратная,пластик,серый,Valentino,оптика,150,46,14,47478,всесезонная,унисекс,средний
7220/S-02,кошачий_глаз,комбинированный,белый,Tom Ford,солнцезащитные,140,50,16,6110,летняя,унисекс,пожилой
7231-01,овальная,пластик,коричневый,Lacoste,оптика,135,48,14,17742,всесезонная,женский,средний
7238-01,прямоугольная,комбинированный,черный,Gucci,солнцезащитные,135,48,17,24032,летняя,мужской,пожилой
7243-01,круглая,титан,золотой,Polaroid,солнцезащитные,145,54,20,20351,летняя,женский,пожилой
725-NAVY,прямоугольная,металл,синий,Oakley,солнцезащитные,130,54,17,23816,летняя,мужской,средний
725-NERO,круглая,пластик,синий,Valentino,солнцезащитные,135,46,14,26222,летняя,мужской,средний
7255-01,овальная,пластик,золотой,Prada,солнцезащитные,150,46,17,21954,летняя,женский,средний
72607-розовое сере-черный,овальная,комбинированный,синий,Prada,солнцезащитные,140,46,18,12784,летняя,женский,средний
72607-серебристо-черный,кошачий_глаз,комбинированный,синий,Prada,солнцезащитные,145,46,19,32890,летняя,унисекс,средний
727-3,овальная,комбинированный,серебряный,Tom Ford,солнцезащитные,145,52,15,18606,летняя,унисекс,средний
7286-001,овальная,комбинированный,синий,Gucci,солнцезащитные,150,46,16,37052,летняя,мужской,молодой
7286-411,прямоугольная,комбинированный,черный,Oakley,солнцезащитные,145,50,19,22375,летняя,унисекс,пожилой
729-BLACK,квадратная,титан,коричневый,Ray-Ban,оптика,135,50,15,22615,всесезонная,женский,средний
729-BROWN,кошачий_глаз,титан,белый,Lacoste,солнцезащитные,145,46,15,3975,летняя,женский,средний
738-NERO,овальная,металл,серебряный,Tom Ford,солнцезащитные,150,46,17,17564,летняя,унисекс,молодой
741-GOLD,круглая,пластик,серый,Tom Ford,солнцезащитные,130,48,15,19902,летняя,унисекс,пожилой
7429-04,прямоугольная,пластик,серый,Ray-Ban,оптика,130,52,19,24043,всесезонная,женский,средний
744-BLACK,прямоугольная,пластик,коричневый,Valentino,оптика,135,52,15,21210,всесезонная,унисекс,пожилой
744-GUN,овальная,комбинированный,синий,Lacoste,оптика,140,54,15,23334,всесезонная,мужской,пожилой
747-BLACK,круглая,титан,белый,Polaroid,оптика,145,52,16,15044,всесезонная,женский,молодой
747-BORDO,кошачий_глаз,пластик,серебряный,Ray-Ban,солнцезащитные,130,50,19,8004,летняя,женский,средний
747-SEA,овальная,комбинированный,белый,Tom Ford,оптика,140,48,20,40054,всесезонная,женский,молодой
7475M-02,кошачий_глаз,комбинированный,серый,Lacoste,солнцезащитные,135,46,20,8722,летняя,унисекс,средний
75.422.01,овальная,комбинированный,коричневый,Tom Ford,солнцезащитные,150,46,16,35234,летняя,мужской,молодой
75.585.03,кошачий_глаз,титан,черный,Gucci,оптика,140,54,16,25752,всесезонная,женский,молодой
7502-02,прямоугольная,металл,серебряный,Gucci,солнцезащитные,130,48,16,15476,летняя,женский,молодой
7505M-01,кошачий_глаз,комбинированный,золотой,Oakley,солнцезащитные,145,52,19,23063,летняя,женский,средний
7518-RG,круглая,комбинированный,черный,Valentino,оптика,150,46,18,42968,всесезонная,унисекс,молодой
753-BROWN,кошачий_глаз,титан,золотой,Prada,оптика,130,50,15,37634,всесезонная,женский,молодой
7546-03,прямоугольная,металл,серебряный,Oakley,оптика,150,46,18,24739,всесезонная,женский,средний
7546-06,квадратная,комбинированный,коричневый,Ray-Ban,оптика,150,52,19,19486,всесезонная,женский,молодой
7587-01,круглая,комбинированный,черный,Prada,солнцезащитные,135,48,18,49070,летняя,унисекс,молодой
7589-02,круглая,комбинированный,серый,Oakley,солнцезащитные,145,46,20,17575,летняя,унисекс,пожилой
758N-0700,круглая,комбинированный,синий,Polaroid,оптика,145,48,14,3099,всесезонная,мужской,средний
76.128.02,прямоугольная,комбинированный,серый,Oakley,солнцезащитные,130,52,16,14354,летняя,женский,средний
76.531.01,овальная,пластик,золотой,Prada,солнцезащитные,135,48,17,12478,летняя,унисекс,средний
76.563.03,круглая,комбинированный,коричневый,Tom Ford,оптика,140,50,14,10024,всесезонная,мужской,пожилой
760-20,овальная,комбинированный,черный,Gucci,солнцезащитные,150,48,20,41294,летняя,унисекс,молодой
7609-4,кошачий_глаз,пластик,золотой,Tom Ford,оптика,130,54,18,18856,всесезонная,женский,пожилой
7619-1,прямоугольная,комбинированный,золотой,Tom Ford,оптика,140,48,20,32112,всесезонная,мужской,молодой
7619-4,квадратная,комбинированный,коричневый,Oakley,солнцезащитные,150,50,18,23876,летняя,унисекс,пожилой
7665-01,круглая,комбинированный,черный,Polaroid,оптика,135,50,15,24401,всесезонная,женский,пожилой
7684-01,квадратная,пластик,золотой,Tom Ford,солнцезащитные,145,48,14,38014,летняя,мужской,молодой
7688-01,прямоугольная,металл,серый,Oakley,оптика,135,50,17,14827,всесезонная,мужской,молодой
7692-01,кошачий_глаз,комбинированный,серебряный,Valentino,солнцезащитные,145,50,19,47638,летняя,женский,молодой
7694-03,квадратная,титан,серебряный,Ray-Ban,оптика,145,48,20,8825,всесезонная,женский,пожилой
7697-01,овальная,металл,синий,Polaroid,солнцезащитные,150,54,18,11541,летняя,унисекс,молодой
7704-113,прямоугольная,пластик,серый,Ray-Ban,оптика,140,48,15,13964,всесезонная,женский,средний
7704-383,круглая,пластик,коричневый,Prada,солнцезащитные,130,52,17,37696,летняя,женский,молодой
7704-751,овальная,металл,серый,Oakley,оптика,130,54,17,13320,всесезонная,мужской,пожилой
7704-843,квадратная,титан,синий,Gucci,солнцезащитные,145,48,15,44898,летняя,мужской,средний
7707-1105,квадратная,комбинированный,белый,Tom Ford,солнцезащитные,140,52,17,16642,летняя,женский,пожилой
7707-1107,квадратная,комбинированный,серый,Prada,солнцезащитные,145,54,14,26172,летняя,женский,молодой
7707-1131,круглая,пластик,серебряный,Valentino,оптика,145,52,19,45018,всесезонная,мужской,пожилой
7707-1134,квадратная,титан,синий,Valentino,оптика,150,50,19,20728,всесезонная,мужской,молодой
7707-1138,кошачий_глаз,металл,золотой,Oakley,солнцезащитные,150,54,20,5154,летняя,женский,молодой
7707-212,круглая,пластик,серый,Tom Ford,солнцезащитные,130,50,15,42782,летняя,женский,молодой
7707-222,круглая,металл,черный,Ray-Ban,оптика,150,50,16,13487,всесезонная,унисекс,средний
7707-403,прямоугольная,комбинированный,золотой,Prada,оптика,145,54,19,26138,всесезонная,женский,пожилой
7707-446,круглая,титан,серый,Valentino,оптика,135,54,15,27164,всесезонная,мужской,молодой
7707-586,овальная,металл,белый,Lacoste,оптика,130,48,20,9332,всесезонная,унисекс,пожилой
7707-847,квадратная,металл,белый,Tom Ford,оптика,140,50,17,31000,всесезонная,унисекс,молодой
7708-1069,овальная,пластик,синий,Lacoste,оптика,150,48,19,23202,всесезонная,унисекс,молодой
7708-403,овальная,титан,золотой,Polaroid,солнцезащитные,150,52,17,20270,летняя,унисекс,пожилой
7708-422,кошачий_глаз,титан,серый,Polaroid,оптика,145,46,20,15712,всесезонная,унисекс,молодой
7708-532,кошачий_глаз,пластик,серый,Tom Ford,солнцезащитные,150,46,19,9562,летняя,мужской,пожилой
7708-698,овальная,пластик,золотой,Valentino,солнцезащитные,140,54,14,18090,летняя,унисекс,пожилой
7709-013,кошачий_глаз,металл,синий,Gucci,оптика,140,46,15,19140,всесезонная,унисекс,средний
7709-1158,круглая,металл,черный,Valentino,солнцезащитные,130,48,14,25762,летняя,унисекс,средний
7709-303,овальная,пластик,белый,Valentino,оптика,130,48,19,18342,всесезонная,мужской,средний
7709-541,прямоугольная,комбинированный,черный,Valentino,солнцезащитные,150,48,19,49452,летняя,унисекс,молодой
7709-543,кошачий_глаз,комбинированный,белый,Tom Ford,солнцезащитные,135,54,17,32510,летняя,унисекс,молодой
7709-566,круглая,комбинированный,коричневый,Oakley,оптика,135,52,20,19906,всесезонная,унисекс,пожилой
7709-620,круглая,пластик,коричневый,Tom Ford,оптика,130,52,17,38040,всесезонная,унисекс,пожилой
7709-645,круглая,комбинированный,белый,Oakley,оптика,145,50,14,5010,всесезонная,мужской,молодой
7709-756,круглая,титан,серый,Lacoste,оптика,145,52,15,12237,всесезонная,унисекс,пожилой
7709-841,овальная,пластик,золотой,Ray-Ban,оптика,135,46,14,23986,всесезонная,мужской,пожилой
7709-842,овальная,комбинированный,золотой,Oakley,солнцезащитные,135,46,19,4446,летняя,унисекс,средний
771-MARRONE,прямоугольная,пластик,белый,Valentino,оптика,145,52,20,48376,всесезонная,мужской,пожилой
7710-655,кошачий_глаз,металл,золотой,Valentino,солнцезащитные,130,48,16,34462,летняя,унисекс,пожилой
7714-113,кошачий_глаз,титан,белый,Gucci,солнцезащитные,135,48,14,33698,летняя,мужской,молодой
7714-334,кошачий_глаз,пластик,коричневый,Oakley,оптика,135,54,17,15793,всесезонная,унисекс,молодой
7714-422,овальная,металл,синий,Ray-Ban,солнцезащитные,145,46,19,19602,летняя,мужской,молодой
7715-383,кошачий_глаз,пластик,коричневый,Tom Ford,оптика,145,54,16,32794,всесезонная,женский,средний
7715-842,овальная,комбинированный,черный,Prada,оптика,135,52,20,35378,всесезонная,мужской,молодой
7716-1107,квадратная,титан,коричневый,Polaroid,оптика,130,54,16,10155,всесезонная,мужской,молодой
7716-1109,круглая,комбинированный,черный,Oakley,оптика,130,52,17,6051,всесезонная,женский,молодой
7716-1112,овальная,комбинированный,синий,Gucci,солнцезащитные,135,52,15,20752,летняя,женский,молодой
7716-222,кошачий_глаз,титан,синий,Oakley,солнцезащитные,150,54,20,6102,летняя,мужской,пожилой
7716-239,прямоугольная,титан,черный,Ray-Ban,солнцезащитные,150,54,17,16241,летняя,мужской,средний
7716-399,круглая,металл,белый,Polaroid,оптика,140,52,17,15556,всесезонная,унисекс,молодой
7716-531,круглая,пластик,черный,Gucci,оптика,140,52,17,40824,всесезонная,унисекс,молодой
7716-652,круглая,пластик,серый,Tom Ford,солнцезащитные,135,54,17,16152,летняя,мужской,средний
7716-713,прямоугольная,комбинированный,коричневый,Lacoste,оптика,145,52,14,18355,всесезонная,унисекс,пожилой
7716-843,прямоугольная,металл,коричневый,Gucci,оптика,145,48,17,34828,всесезонная,унисекс,молодой
7716-847,прямоугольная,пластик,синий,Ray-Ban,оптика,150,54,19,3434,всесезонная,унисекс,молодой
7716-892,круглая,комбинированный,коричневый,Prada,солнцезащитные,130,48,15,16334,летняя,женский,пожилой
773-NERO,овальная,комбинированный,черный,Valentino,солнцезащитные,150,46,16,38650,летняя,мужской,пожилой
7730-1106,круглая,комбинированный,серебряный,Lacoste,оптика,145,46,17,14532,всесезонная,унисекс,молодой
7730-531,круглая,пластик,золотой,Oakley,солнцезащитные,140,52,14,16740,летняя,женский,пожилой
7730-655,прямоугольная,металл,серый,Valentino,солнцезащитные,135,54,20,11566,летняя,унисекс,средний
7730-751,овальная,пластик,синий,Ray-Ban,солнцезащитные,135,54,17,13523,летняя,женский,средний
7732-558,прямоугольная,комбинированный,коричневый,Valentino,оптика,135,48,17,13104,всесезонная,женский,молодой
7741-728,овальная,титан,золотой,Gucci,оптика,145,46,14,46108,всесезонная,мужской,пожилой
7741-750,прямоугольная,комбинированный,синий,Valentino,солнцезащитные,145,46,20,12916,летняя,женский,молодой
7741-847,круглая,пластик,черный,Gucci,оптика,135,50,20,16014,всесезонная,женский,средний
7741-848,круглая,металл,синий,Oakley,оптика,135,52,17,12357,всесезонная,мужской,пожилой
776V-856,квадратная,пластик,золотой,Oakley,солнцезащитные,135,46,15,13150,летняя,унисекс,молодой
776V-B86,прямоугольная,комбинированный,черный,Lacoste,солнцезащитные,145,46,14,3555,летняя,унисекс,средний
779-10,овальная,металл,черный,Prada,оптика,130,48,19,34858,всесезонная,унисекс,средний
779-12,круглая,пластик,черный,Ray-Ban,оптика,145,46,17,21418,всесезонная,мужской,средний
779-SILVER,квадратная,пластик,золотой,Prada,оптика,135,52,17,22942,всесезонная,мужской,средний
780-BLACK,овальная,металл,серебряный,Lacoste,солнцезащитные,145,50,19,23398,летняя,унисекс,пожилой
780-NAVY,кошачий_глаз,комбинированный,серебряный,Gucci,оптика,135,48,16,7832,всесезонная,мужской,молодой
7826-03,круглая,комбинированный,золотой,Tom Ford,солнцезащитные,150,54,15,42576,летняя,унисекс,пожилой
7827-02,прямоугольная,металл,золотой,Gucci,солнцезащитные,140,48,14,42688,летняя,унисекс,пожилой
783-GOLD,овальная,пластик,белый,Polaroid,оптика,140,54,19,8883,всесезонная,унисекс,пожилой
783-PINK,квадратная,металл,серый,Prada,солнцезащитные,140,48,19,23656,летняя,женский,пожилой
7838-03,квадратная,пластик,серебряный,Valentino,солнцезащитные,145,46,16,28140,летняя,мужской,молодой
7849-01,прямоугольная,пластик,черный,Lacoste,солнцезащитные,145,54,17,10353,летняя,женский,молодой
7849-02,квадратная,титан,серебряный,Gucci,солнцезащитные,145,48,20,22358,летняя,унисекс,средний
7851-01,овальная,пластик,коричневый,Valentino,оптика,150,52,17,35456,всесезонная,женский,средний
7852-02,овальная,металл,коричневый,Valentino,оптика,130,46,16,28734,всесезонная,женский,средний
7856-01,прямоугольная,комбинированный,коричневый,Valentino,оптика,135,52,18,27784,всесезонная,мужской,молодой
7856-03,кошачий_глаз,комбинированный,золотой,Gucci,оптика,145,54,14,35806,всесезонная,женский,молодой
7860-01,прямоугольная,металл,серебряный,Prada,солнцезащитные,130,48,19,39202,летняя,унисекс,средний
7860-02,квадратная,комбинированный,черный,Valentino,солнцезащитные,140,48,16,41632,летняя,женский,средний
7860-03,кошачий_глаз,пластик,золотой,Valentino,солнцезащитные,130,50,17,39686,летняя,унисекс,средний
7865-03,овальная,титан,серебряный,Polaroid,солнцезащитные,145,52,14,8925,летняя,унисекс,пожилой
7867-03,кошачий_глаз,металл,серый,Lacoste,солнцезащитные,145,54,15,9564,летняя,женский,молодой
789-2,круглая,пластик,серебряный,Gucci,оптика,130,48,14,16602,всесезонная,унисекс,пожилой
790-2,овальная,пластик,синий,Prada,оптика,150,50,17,28648,всесезонная,унисекс,пожилой
790-3,прямоугольная,металл,черный,Polaroid,солнцезащитные,140,52,15,9073,летняя,унисекс,молодой
791-2,кошачий_глаз,комбинированный,серый,Prada,оптика,145,50,19,37674,всесезонная,женский,пожилой
791-4,прямоугольная,комбинированный,золотой,Ray-Ban,оптика,145,50,19,12361,всесезонная,мужской,средний
792-BLACK,прямоугольная,пластик,черный,Lacoste,оптика,140,46,19,18787,всесезонная,унисекс,пожилой
7963-22,кошачий_глаз,комбинированный,коричневый,Polaroid,солнцезащитные,135,46,19,12400,летняя,женский,молодой
798-1,квадратная,комбинированный,коричневый,Tom Ford,солнцезащитные,135,54,14,26994,летняя,унисекс,средний
798-2,круглая,титан,серебряный,Polaroid,оптика,145,54,14,13914,всесезонная,унисекс,средний
798-3,овальная,пластик,синий,Lacoste,солнцезащитные,150,48,18,15869,летняя,мужской,пожилой
798-4,овальная,пластик,белый,Prada,оптика,130,52,15,17460,всесезонная,мужской,молодой
798-GUN,кошачий_глаз,титан,синий,Lacoste,оптика,140,54,18,8255,всесезонная,женский,молодой
7A 104-06J,квадратная,титан,золотой,Valentino,оптика,145,52,17,26428,всесезонная,женский,средний
7A 105-9N2,овальная,пластик,синий,Ray-Ban,солнцезащитные,150,52,20,20257,летняя,женский,молодой
7A 114-003,овальная,пластик,коричневый,Oakley,солнцезащитные,130,50,19,6881,летняя,мужской,средний
7A 121-003,кошачий_глаз,пластик,белый,Ray-Ban,оптика,135,52,17,24392,всесезонная,мужской,средний
7A 583-789,кошачий_глаз,пластик,серый,Valentino,оптика,150,48,20,22244,всесезонная,мужской,средний
80023-4,кошачий_глаз,титан,коричневый,Valentino,солнцезащитные,130,50,19,41962,летняя,унисекс,молодой
8004 B-50,овальная,титан,серебряный,Oakley,солнцезащитные,145,50,20,15380,летняя,унисекс,средний
8004 D-50,прямоугольная,пластик,серебряный,Ray-Ban,солнцезащитные,145,48,17,15860,летняя,мужской,пожилой
8005-1,квадратная,комбинированный,коричневый,Tom Ford,солнцезащитные,145,48,16,8518,летняя,мужской,средний
8005-5,кошачий_глаз,металл,черный,Polaroid,солнцезащитные,150,52,15,9744,летняя,женский,пожилой
8008-22,овальная,пластик,золотой,Tom Ford,оптика,140,54,15,42780,всесезонная,унисекс,средний
801-7T1,круглая,пластик,черный,Polaroid,солнцезащитные,130,50,20,22476,летняя,унисекс,пожилой
801-BROWN,прямоугольная,титан,синий,Polaroid,оптика,135,46,15,14637,всесезонная,мужской,молодой
801-GUN,квадратная,комбинированный,серый,Gucci,солнцезащитные,130,50,14,14806,летняя,унисекс,пожилой
801-RED,прямоугольная,комбинированный,серебряный,Polaroid,оптика,130,48,18,9237,всесезонная,унисекс,молодой
8016-6,кошачий_глаз,металл,коричневый,Polaroid,оптика,140,54,15,22039,всесезонная,унисекс,средний
8023-2,прямоугольная,металл,синий,Lacoste,оптика,135,48,17,12746,всесезонная,мужской,пожилой
8024-70,квадратная,пластик,серебряный,Gucci,оптика,130,50,16,35684,всесезонная,мужской,пожилой
803-04,прямоугольная,пластик,серебряный,Lacoste,оптика,145,48,20,17250,всесезонная,мужской,молодой
803-GOLD,прямоугольная,титан,золотой,Oakley,солнцезащитные,130,50,20,22726,летняя,мужской,пожилой
8032-80,кошачий_глаз,пластик,серебряный,Polaroid,оптика,145,50,20,19536,всесезонная,мужской,пожилой
8036-31,прямоугольная,титан,серый,Prada,солнцезащитные,150,48,20,49024,летняя,женский,молодой
8036-6,прямоугольная,металл,черный,Ray-Ban,солнцезащитные,145,54,14,17425,летняя,женский,молодой
8036-8,овальная,комбинированный,черный,Valentino,солнцезащитные,145,50,18,40288,летняя,женский,молодой
8046-33,кошачий_глаз,комбинированный,черный,Ray-Ban,солнцезащитные,150,54,18,17920,летняя,женский,молодой
8048-003,квадратная,пластик,серый,Lacoste,оптика,145,48,19,12471,всесезонная,мужской,молодой
8048-12,кошачий_глаз,пластик,черный,Prada,оптика,135,46,16,42328,всесезонная,женский,средний
8050-003,квадратная,металл,коричневый,Valentino,оптика,130,46,14,15802,всесезонная,мужской,пожилой
8050-31,круглая,титан,синий,Ray-Ban,оптика,130,54,15,23199,всесезонная,женский,средний
8050-50,кошачий_глаз,комбинированный,серебряный,Polaroid,солнцезащитные,130,46,14,6627,летняя,мужской,пожилой
8050-70,круглая,титан,черный,Tom Ford,оптика,140,54,17,43814,всесезонная,женский,средний
8050-90,овальная,комбинированный,черный,Oakley,оптика,135,46,14,18791,всесезонная,женский,молодой
8052-076,кошачий_глаз,металл,серебряный,Valentino,оптика,145,46,18,37368,всесезонная,женский,пожилой
8053-252,квадратная,титан,коричневый,Polaroid,оптика,135,48,17,14679,всесезонная,мужской,пожилой
8053-31,кошачий_глаз,комбинированный,серебряный,Prada,оптика,130,52,14,26980,всесезонная,женский,средний
8053-50,квадратная,титан,серебряный,Lacoste,солнцезащитные,130,48,19,16128,летняя,мужской,пожилой
8053-90,кошачий_глаз,пластик,черный,Valentino,оптика,150,48,20,11350,всесезонная,женский,пожилой
8054-3,круглая,комбинированный,золотой,Polaroid,солнцезащитные,135,48,17,17324,летняя,мужской,пожилой
8054-31,овальная,пластик,синий,Gucci,солнцезащитные,140,52,19,37254,летняя,женский,пожилой
8054-50,квадратная,титан,коричневый,Lacoste,оптика,150,52,15,21991,всесезонная,мужской,молодой
8054-70,овальная,металл,коричневый,Lacoste,оптика,135,52,16,7493,всесезонная,мужской,пожилой
8054-90,прямоугольная,комбинированный,белый,Tom Ford,солнцезащитные,145,48,15,38554,летняя,унисекс,пожилой
8055-31,квадратная,металл,синий,Oakley,оптика,130,52,17,4823,всесезонная,женский,средний
8055-50,квадратная,пластик,черный,Ray-Ban,оптика,130,52,14,24991,всесезонная,унисекс,молодой
8055-90,круглая,титан,золотой,Oakley,солнцезащитные,130,46,16,18173,летняя,унисекс,пожилой
8057-70,кошачий_глаз,металл,коричневый,Gucci,солнцезащитные,130,50,16,25692,летняя,женский,молодой
8057-90,прямоугольная,комбинированный,серебряный,Tom Ford,солнцезащитные,145,50,16,27290,летняя,унисекс,средний
8058-50,прямоугольная,титан,коричневый,Ray-Ban,оптика,130,54,14,9266,всесезонная,женский,средний
8058-70,прямоугольная,титан,серебряный,Oakley,солнцезащитные,140,54,20,19926,летняя,унисекс,пожилой
8058-90,квадратная,пластик,золотой,Oakley,солнцезащитные,130,48,17,4571,летняя,мужской,средний
8062-91,прямоугольная,комбинированный,серый,Polaroid,оптика,135,54,16,17102,всесезонная,унисекс,пожилой
8063-90,круглая,комбинированный,коричневый,Lacoste,оптика,140,52,19,23904,всесезонная,женский,средний
8063-91,круглая,комбинированный,белый,Prada,солнцезащитные,140,46,20,49218,летняя,женский,средний
8065-91,прямоугольная,титан,черный,Valentino,оптика,145,52,15,32736,всесезонная,унисекс,пожилой
8066-04,круглая,металл,коричневый,Prada,оптика,145,48,18,26880,всесезонная,унисекс,средний
8067-50,овальная,комбинированный,серый,Tom Ford,солнцезащитные,150,52,16,11078,летняя,унисекс,средний
8067-90,круглая,пластик,коричневый,Valentino,оптика,150,54,20,15334,всесезонная,мужской,пожилой
8067-91,квадратная,пластик,серый,Prada,солнцезащитные,150,54,20,43734,летняя,мужской,пожилой
8068-55,прямоугольная,металл,золотой,Polaroid,солнцезащитные,130,48,16,7462,летняя,мужской,средний
8069-31,квадратная,титан,белый,Lacoste,оптика,145,50,16,21256,всесезонная,унисекс,молодой
8069-55,прямоугольная,комбинированный,коричневый,Lacoste,солнцезащитные,140,46,19,19988,летняя,унисекс,пожилой
8069-91,квадратная,титан,синий,Prada,солнцезащитные,145,46,17,33994,летняя,унисекс,пожилой
8070-55,овальная,комбинированный,коричневый,Oakley,солнцезащитные,130,46,19,23199,летняя,женский,молодой
8070-56,прямоугольная,титан,серебряный,Lacoste,оптика,140,54,16,6490,всесезонная,женский,средний
8071-55,круглая,пластик,синий,Lacoste,солнцезащитные,140,46,15,9172,летняя,женский,молодой
8071-91,круглая,металл,коричневый,Gucci,оптика,130,52,17,16520,всесезонная,женский,средний
8072-31,квадратная,пластик,коричневый,Gucci,солнцезащитные,145,50,17,18842,летняя,женский,средний
8072-55,кошачий_глаз,металл,черный,Valentino,солнцезащитные,140,46,16,37942,летняя,женский,пожилой
8073-55,прямоугольная,металл,золотой,Tom Ford,солнцезащитные,135,52,16,25294,летняя,мужской,молодой
8073-91,круглая,металл,синий,Oakley,солнцезащитные,140,52,17,18481,летняя,унисекс,молодой
8075-31,прямоугольная,пластик,серый,Lacoste,солнцезащитные,140,48,15,3787,летняя,мужской,молодой
8075-50,прямоугольная,металл,синий,Ray-Ban,оптика,145,50,16,4709,всесезонная,унисекс,молодой
8075-90,овальная,металл,золотой,Prada,оптика,130,50,17,13266,всесезонная,унисекс,молодой
8076-30,овальная,титан,серебряный,Tom Ford,оптика,130,54,20,15312,всесезонная,женский,пожилой
8076-50,овальная,титан,черный,Ray-Ban,оптика,145,48,17,18676,всесезонная,мужской,средний
8076-90,прямоугольная,пластик,коричневый,Gucci,оптика,135,52,17,45248,всесезонная,унисекс,пожилой
8078-31,прямоугольная,титан,синий,Polaroid,оптика,130,54,20,13337,всесезонная,унисекс,молодой
8079-31,овальная,титан,синий,Lacoste,оптика,130,48,17,22749,всесезонная,женский,средний
8079-50,круглая,комбинированный,золотой,Prada,солнцезащитные,145,46,17,36586,летняя,мужской,молодой
8079-90,кошачий_глаз,титан,коричневый,Polaroid,солнцезащитные,145,54,18,9867,летняя,мужской,пожилой
8081-001,овальная,металл,черный,Oakley,оптика,130,48,17,24402,всесезонная,женский,средний
8081-005,круглая,металл,белый,Polaroid,оптика,150,54,20,12682,всесезонная,женский,молодой
8081-028,круглая,металл,серый,Polaroid,оптика,135,54,18,24422,всесезонная,мужской,пожилой
8082-30,круглая,титан,белый,Lacoste,солнцезащитные,145,46,15,20131,летняя,мужской,молодой
8082-31,квадратная,титан,черный,Tom Ford,оптика,130,48,15,49284,всесезонная,мужской,молодой
8082-55,круглая,титан,коричневый,Lacoste,солнцезащитные,145,46,14,24746,летняя,унисекс,пожилой
8082-91,кошачий_глаз,металл,черный,Lacoste,оптика,150,52,19,18829,всесезонная,мужской,молодой
8084-582,прямоугольная,металл,серый,Tom Ford,солнцезащитные,145,54,20,32158,летняя,унисекс,пожилой
8084-819,кошачий_глаз,металл,коричневый,Polaroid,солнцезащитные,135,50,18,24679,летняя,мужской,пожилой
8085-001,прямоугольная,комбинированный,синий,Gucci,оптика,145,46,14,25828,всесезонная,унисекс,пожилой
8085-005,кошачий_глаз,комбинированный,черный,Polaroid,оптика,140,50,16,14997,всесезонная,женский,молодой
8085-408,круглая,металл,коричневый,Polaroid,солнцезащитные,140,50,15,21252,летняя,мужской,пожилой
809-700,круглая,титан,белый,Prada,оптика,150,48,19,35076,всесезонная,мужской,пожилой
8091-31,овальная,металл,черный,Oakley,оптика,135,54,19,11692,всесезонная,женский,средний
8091-55,квадратная,титан,черный,Lacoste,солнцезащитные,135,54,14,10560,летняя,мужской,средний
8091-90,кошачий_глаз,комбинированный,золотой,Valentino,оптика,140,46,15,26776,всесезонная,женский,пожилой
8091-91,квадратная,комбинированный,серый,Tom Ford,оптика,135,52,20,12648,всесезонная,мужской,средний
8093-005,круглая,титан,золотой,Tom Ford,солнцезащитные,130,52,19,43788,летняя,мужской,пожилой
8093-187,прямоугольная,комбинированный,золотой,Oakley,оптика,140,46,15,21965,всесезонная,женский,пожилой
8094-001,квадратная,пластик,золотой,Ray-Ban,солнцезащитные,145,46,18,17149,летняя,мужской,пожилой
8096-187,кошачий_глаз,металл,синий,Valentino,солнцезащитные,130,48,20,39246,летняя,мужской,средний
8130-416,овальная,пластик,серый,Valentino,оптика,135,52,19,22772,всесезонная,мужской,пожилой
8140-001,овальная,пластик,коричневый,Ray-Ban,оптика,140,46,17,16454,всесезонная,мужской,средний
8140-070,квадратная,комбинированный,золотой,Polaroid,оптика,150,50,18,19677,всесезонная,унисекс,пожилой
8141-410,квадратная,титан,синий,Ray-Ban,солнцезащитные,135,46,16,23562,летняя,женский,средний
817-1,прямоугольная,комбинированный,коричневый,Ray-Ban,солнцезащитные,135,46,16,23757,летняя,унисекс,пожилой
817-2,прямоугольная,пластик,серый,Gucci,солнцезащитные,145,54,18,31678,летняя,унисекс,пожилой
817-4,квадратная,титан,серебряный,Gucci,оптика,145,48,15,44830,всесезонная,унисекс,средний
817-U61Y,круглая,комбинированный,белый,Prada,оптика,150,48,15,33512,всесезонная,мужской,средний
818-1,круглая,металл,золотой,Polaroid,солнцезащитные,130,48,18,17740,летняя,унисекс,пожилой
818-2,овальная,металл,серебряный,Gucci,солнцезащитные,135,46,15,37738,летняя,унисекс,пожилой
818-3,овальная,пластик,серебряный,Polaroid,оптика,130,54,14,7353,всесезонная,женский,молодой
818-4,прямоугольная,комбинированный,коричневый,Tom Ford,солнцезащитные,130,48,16,26674,летняя,женский,пожилой
819-1,кошачий_глаз,металл,серый,Lacoste,оптика,145,46,18,21373,всесезонная,унисекс,средний
819-2,прямоугольная,пластик,коричневый,Ray-Ban,оптика,135,50,15,7167,всесезонная,женский,пожилой
819-3,круглая,металл,белый,Tom Ford,оптика,145,54,20,41578,всесезонная,унисекс,средний
8218-661,овальная,комбинированный,синий,Gucci,оптика,145,50,16,20006,всесезонная,мужской,пожилой
823-GOLD,квадратная,пластик,коричневый,Polaroid,солнцезащитные,140,50,17,22351,летняя,мужской,пожилой
8240-053,овальная,металл,белый,Polaroid,оптика,145,50,17,23677,всесезонная,мужской,пожилой
8258-02,прямоугольная,титан,коричневый,Polaroid,оптика,130,48,19,12511,всесезонная,мужской,пожилой
8264-01,круглая,пластик,черный,Polaroid,оптика,130,54,19,15930,всесезонная,мужской,молодой
8264-02,овальная,металл,серый,Prada,солнцезащитные,130,46,20,21792,летняя,мужской,молодой
8264-03,кошачий_глаз,комбинированный,коричневый,Valentino,солнцезащитные,140,52,15,48182,летняя,мужской,средний
8269-001,круглая,металл,золотой,Tom Ford,солнцезащитные,135,52,14,8932,летняя,унисекс,молодой
827-1,кошачий_глаз,титан,белый,Valentino,солнцезащитные,150,50,14,25274,летняя,унисекс,молодой
8272-01,овальная,титан,коричневый,Oakley,оптика,140,46,20,10304,всесезонная,унисекс,средний
8272-028,прямоугольная,титан,коричневый,Prada,оптика,135,46,19,22046,всесезонная,мужской,молодой
8273-028,кошачий_глаз,комбинированный,белый,Polaroid,солнцезащитные,145,50,14,24399,летняя,женский,молодой
8274-005,прямоугольная,титан,коричневый,Prada,оптика,135,54,16,36208,всесезонная,мужской,молодой
8274-032,овальная,комбинированный,коричневый,Gucci,оптика,150,48,17,19400,всесезонная,унисекс,молодой
8274-033,кошачий_глаз,металл,белый,Lacoste,солнцезащитные,130,54,15,8269,летняя,мужской,пожилой
8274-059,прямоугольная,комбинированный,коричневый,Ray-Ban,солнцезащитные,130,46,19,23715,летняя,мужской,средний
8275-005,прямоугольная,комбинированный,золотой,Tom Ford,оптика,140,54,20,6278,всесезонная,мужской,средний
8275-028,прямоугольная,пластик,черный,Tom Ford,оптика,150,48,15,12840,всесезонная,унисекс,пожилой
8275-033,прямоугольная,титан,белый,Polaroid,солнцезащитные,130,54,17,10254,летняя,мужской,молодой
8275-059,круглая,металл,белый,Ray-Ban,солнцезащитные,135,52,18,9224,летняя,мужской,пожилой
8282-02,кошачий_глаз,титан,белый,Gucci,солнцезащитные,145,54,16,45992,летняя,унисекс,средний
830-1,кошачий_глаз,пластик,серебряный,Oakley,солнцезащитные,150,50,15,3755,летняя,мужской,молодой
830-2,круглая,пластик,белый,Oakley,оптика,140,46,16,18492,всесезонная,мужской,пожилой
830-5,квадратная,пластик,коричневый,Prada,солнцезащитные,140,48,17,32190,летняя,унисекс,пожилой
8310-01,квадратная,пластик,серый,Ray-Ban,солнцезащитные,135,54,14,6410,летняя,унисекс,молодой
831111-4,кошачий_глаз,титан,черный,Ray-Ban,оптика,145,54,18,8659,всесезонная,мужской,молодой
83119-1,кошачий_глаз,пластик,черный,Lacoste,солнцезащитные,135,46,16,12864,летняя,унисекс,пожилой
83119-2,круглая,комбинированный,черный,Valentino,солнцезащитные,140,46,20,27288,летняя,женский,пожилой
83119-3,кошачий_глаз,титан,синий,Oakley,солнцезащитные,135,54,17,16374,летняя,мужской,пожилой
83120-4,круглая,пластик,коричневый,Lacoste,оптика,145,52,16,5488,всесезонная,женский,средний
83121-1,круглая,комбинированный,белый,Lacoste,оптика,150,52,19,11064,всесезонная,унисекс,пожилой
83121-4,квадратная,комбинированный,серебряный,Polaroid,оптика,150,54,17,23159,всесезонная,унисекс,молодой
8318-01,кошачий_глаз,комбинированный,синий,Oakley,оптика,130,52,19,24462,всесезонная,унисекс,молодой
832-1,прямоугольная,титан,серый,Tom Ford,солнцезащитные,135,54,18,14268,летняя,женский,пожилой
832-3,прямоугольная,пластик,серебряный,Polaroid,солнцезащитные,135,52,14,13790,летняя,женский,пожилой
832-5,прямоугольная,пластик,золотой,Polaroid,солнцезащитные,135,54,14,15616,летняя,унисекс,средний
833-1,квадратная,титан,белый,Gucci,оптика,135,54,15,13338,всесезонная,унисекс,пожилой
833-4,кошачий_глаз,металл,серый,Lacoste,солнцезащитные,150,54,16,15953,летняя,мужской,средний
8336-03,кошачий_глаз,пластик,коричневый,Prada,солнцезащитные,130,50,17,7160,летняя,мужской,средний
8339-01,прямоугольная,комбинированный,белый,Polaroid,оптика,140,46,15,19428,всесезонная,мужской,молодой
834-1,овальная,комбинированный,синий,Valentino,солнцезащитные,145,54,17,19154,летняя,женский,средний
834-3,прямоугольная,пластик,коричневый,Ray-Ban,оптика,140,46,17,10721,всесезонная,унисекс,пожилой
834-4,квадратная,комбинированный,серый,Polaroid,оптика,130,52,15,12625,всесезонная,женский,молодой
834-5,прямоугольная,титан,черный,Ray-Ban,солнцезащитные,130,54,14,17550,летняя,женский,молодой
8364 A,квадратная,металл,серебряный,Lacoste,оптика,145,46,14,17880,всесезонная,женский,молодой
8372 B,круглая,пластик,черный,Oakley,солнцезащитные,150,46,15,3577,летняя,мужской,молодой
8372 C,круглая,пластик,коричневый,Lacoste,солнцезащитные,150,54,15,13827,летняя,мужской,средний
838-1,кошачий_глаз,титан,белый,Tom Ford,солнцезащитные,140,54,14,22018,летняя,женский,средний
838-2,квадратная,титан,белый,Lacoste,солнцезащитные,150,54,17,14994,летняя,унисекс,средний
838-3,прямоугольная,металл,золотой,Valentino,оптика,130,46,15,7654,всесезонная,женский,средний
838-4,круглая,титан,черный,Prada,солнцезащитные,150,54,15,20804,летняя,женский,молодой
8380 A,круглая,металл,серый,Valentino,солнцезащитные,140,46,20,33864,летняя,мужской,средний
8386 B,квадратная,металл,золотой,Prada,оптика,135,46,18,33450,всесезонная,мужской,пожилой
8387 A,прямоугольная,титан,белый,Valentino,солнцезащитные,130,54,17,26340,летняя,женский,средний
8387 С,круглая,комбинированный,синий,Valentino,солнцезащитные,130,50,18,15452,летняя,унисекс,средний
839-B413,кошачий_глаз,комбинированный,серый,Oakley,солнцезащитные,140,46,17,14132,летняя,унисекс,средний
8393 B,круглая,металл,коричневый,Prada,солнцезащитные,140,46,16,12464,летняя,женский,молодой
8396 B,круглая,титан,серый,Oakley,солнцезащитные,145,52,15,19732,летняя,унисекс,средний
840-1,квадратная,пластик,черный,Ray-Ban,оптика,140,50,20,19867,всесезонная,женский,молодой
840-2,овальная,титан,черный,Polaroid,солнцезащитные,135,52,18,6409,летняя,мужской,пожилой
840-3,прямоугольная,металл,белый,Ray-Ban,оптика,140,46,18,6646,всесезонная,унисекс,средний
840-4,овальная,пластик,коричневый,Prada,солнцезащитные,135,54,19,14772,летняя,унисекс,пожилой
841-3,овальная,титан,белый,Gucci,оптика,130,48,19,38608,всесезонная,унисекс,средний
841-4,овальная,комбинированный,серебряный,Gucci,оптика,140,52,17,7500,всесезонная,женский,средний
841-5,кошачий_глаз,пластик,синий,Ray-Ban,оптика,140,54,19,23155,всесезонная,мужской,пожилой
842-1,круглая,пластик,коричневый,Polaroid,солнцезащитные,140,48,15,24117,летняя,женский,пожилой
842-2,круглая,комбинированный,серебряный,Lacoste,солнцезащитные,150,54,18,22138,летняя,женский,пожилой
842-5,круглая,пластик,серый,Oakley,солнцезащитные,140,54,19,5921,летняя,унисекс,пожилой
8435-7,круглая,металл,черный,Lacoste,солнцезащитные,145,46,19,24857,летняя,женский,молодой
844-2,кошачий_глаз,металл,золотой,Valentino,оптика,150,48,15,10334,всесезонная,мужской,молодой
844-3,кошачий_глаз,комбинированный,золотой,Gucci,оптика,150,48,18,21222,всесезонная,мужской,пожилой
844-5,кошачий_глаз,титан,белый,Valentino,солнцезащитные,150,48,14,18090,летняя,женский,молодой
846-1,круглая,металл,серебряный,Gucci,солнцезащитные,130,50,16,26550,летняя,мужской,пожилой
846-4,квадратная,комбинированный,серый,Tom Ford,оптика,145,50,14,34872,всесезонная,мужской,пожилой
847-1,круглая,металл,серый,Tom Ford,солнцезащитные,140,50,17,32586,летняя,женский,молодой
847-2,круглая,титан,серебряный,Prada,солнцезащитные,140,46,15,12972,летняя,мужской,молодой
847-4,квадратная,титан,синий,Gucci,оптика,135,48,20,45334,всесезонная,женский,пожилой
848-1,кошачий_глаз,пластик,черный,Gucci,солнцезащитные,135,52,18,41136,летняя,унисекс,молодой
848-2,овальная,металл,серебряный,Valentino,солнцезащитные,145,46,16,49926,летняя,унисекс,пожилой
848-4,круглая,комбинированный,черный,Oakley,солнцезащитные,130,52,19,19417,летняя,мужской,пожилой
848-5,круглая,металл,синий,Valentino,солнцезащитные,145,54,19,19142,летняя,унисекс,пожилой
85.275.04,кошачий_глаз,титан,золотой,Ray-Ban,солнцезащитные,130,48,19,16792,летняя,мужской,пожилой
85.822.03,квадратная,комбинированный,черный,Tom Ford,оптика,145,46,14,35920,всесезонная,унисекс,средний
8506-4,овальная,комбинированный,белый,Gucci,солнцезащитные,145,46,20,16118,летняя,женский,молодой
851050-FANBOY,овальная,комбинированный,коричневый,Tom Ford,солнцезащитные,130,46,16,30926,летняя,женский,пожилой
852-4,круглая,титан,золотой,Oakley,солнцезащитные,135,48,20,9308,летняя,унисекс,пожилой
853-2,круглая,металл,белый,Lacoste,солнцезащитные,130,50,14,15813,летняя,унисекс,средний
853-3,кошачий_глаз,комбинированный,синий,Polaroid,солнцезащитные,140,54,20,17632,летняя,унисекс,молодой
853-4,квадратная,металл,серебряный,Prada,солнцезащитные,145,54,19,44118,летняя,женский,пожилой
854-1,прямоугольная,пластик,серый,Ray-Ban,солнцезащитные,135,54,20,19238,летняя,женский,средний
854-2,квадратная,металл,черный,Gucci,оптика,145,52,15,10484,всесезонная,унисекс,пожилой
854-3,круглая,металл,серебряный,Lacoste,оптика,135,48,18,7133,всесезонная,мужской,молодой
855-1,круглая,металл,белый,Valentino,солнцезащитные,145,52,17,27868,летняя,мужской,молодой
855-2,овальная,металл,серебряный,Oakley,солнцезащитные,130,50,19,9261,летняя,женский,средний
855-3,овальная,металл,белый,Valentino,солнцезащитные,140,54,17,16608,летняя,мужской,средний
856-1,прямоугольная,титан,черный,Oakley,солнцезащитные,150,50,20,8245,летняя,унисекс,молодой
856-2,круглая,металл,черный,Tom Ford,оптика,135,50,20,37592,всесезонная,мужской,средний
8561-6,круглая,пластик,серый,Oakley,солнцезащитные,145,52,17,20464,летняя,женский,пожилой
857-GUN,прямоугольная,металл,белый,Ray-Ban,солнцезащитные,145,52,15,22492,летняя,мужской,средний
858-1,круглая,комбинированный,серебряный,Polaroid,солнцезащитные,140,48,19,18664,летняя,мужской,молодой
858-2,круглая,металл,коричневый,Oakley,солнцезащитные,150,50,15,9968,летняя,женский,молодой
858-3,кошачий_глаз,комбинированный,белый,Gucci,солнцезащитные,135,54,18,38960,летняя,женский,средний
859-1,овальная,титан,серебряный,Ray-Ban,оптика,150,48,20,24237,всесезонная,мужской,средний
859-2,овальная,комбинированный,белый,Prada,оптика,135,48,17,27778,всесезонная,унисекс,молодой
859-3,прямоугольная,пластик,белый,Prada,солнцезащитные,130,54,17,12962,летняя,мужской,пожилой
86.347 01,кошачий_глаз,металл,золотой,Valentino,солнцезащитные,145,48,16,43336,летняя,мужской,средний
86.369 02,прямоугольная,пластик,черный,Valentino,оптика,130,48,14,23822,всесезонная,женский,пожилой
86.522 03,кошачий_глаз,пластик,серебряный,Prada,солнцезащитные,150,48,19,28960,летняя,женский,молодой
86.540 01,кошачий_глаз,титан,белый,Prada,оптика,140,48,16,27870,всесезонная,унисекс,молодой
86.762.02,овальная,титан,золотой,Oakley,солнцезащитные,145,48,14,23221,летняя,мужской,средний
86008-1,прямоугольная,металл,золотой,Polaroid,солнцезащитные,130,48,19,21381,летняя,мужской,пожилой
861-1,кошачий_глаз,комбинированный,серый,Gucci,солнцезащитные,135,46,16,7018,летняя,унисекс,молодой
861-2,квадратная,пластик,черный,Polaroid,оптика,140,48,14,12081,всесезонная,мужской,молодой
862-1,овальная,титан,серебряный,Oakley,оптика,130,48,14,6033,всесезонная,женский,молодой
862-2,прямоугольная,металл,синий,Ray-Ban,солнцезащитные,145,50,19,12476,летняя,женский,молодой
862-3,квадратная,комбинированный,серый,Ray-Ban,оптика,140,52,14,22103,всесезонная,женский,молодой
863-2,кошачий_глаз,металл,белый,Tom Ford,оптика,135,50,18,25058,всесезонная,унисекс,молодой
863-3,прямоугольная,металл,коричневый,Prada,оптика,135,48,18,33418,всесезонная,унисекс,пожилой
8642-4,кошачий_глаз,титан,серый,Ray-Ban,солнцезащитные,140,48,17,5704,летняя,унисекс,средний
867-1,круглая,пластик,серый,Lacoste,солнцезащитные,135,48,14,24450,летняя,мужской,пожилой
867-2,овальная,пластик,серый,Valentino,солнцезащитные,150,48,16,40726,летняя,женский,средний
867-3,прямоугольная,титан,золотой,Lacoste,солнцезащитные,130,50,18,18558,летняя,женский,средний
869-1,квадратная,металл,серый,Oakley,оптика,145,52,16,17327,всесезонная,мужской,молодой
870-3,квадратная,комбинированный,золотой,Tom Ford,солнцезащитные,150,52,17,29314,летняя,женский,средний
8701-2,овальная,комбинированный,синий,Lacoste,солнцезащитные,140,54,19,22212,летняя,мужской,средний
8701-5,круглая,комбинированный,серый,Oakley,солнцезащитные,130,46,15,3238,летняя,унисекс,средний
8703-BLACK,квадратная,титан,синий,Gucci,оптика,145,50,16,9860,всесезонная,женский,средний
8703-G/TD,прямоугольная,титан,коричневый,Tom Ford,оптика,140,48,16,45910,всесезонная,женский,средний
8714-3,овальная,металл,белый,Ray-Ban,оптика,145,54,18,23170,всесезонная,унисекс,средний
872-1,кошачий_глаз,металл,золотой,Tom Ford,оптика,150,50,20,34846,всесезонная,унисекс,молодой
872-2,кошачий_глаз,пластик,белый,Lacoste,солнцезащитные,135,52,16,7274,летняя,мужской,молодой
873-3,прямоугольная,пластик,серебряный,Prada,солнцезащитные,140,48,20,49454,летняя,женский,средний
873-4,круглая,пластик,черный,Tom Ford,оптика,140,46,20,21422,всесезонная,унисекс,средний
8736 B,круглая,металл,белый,Oakley,оптика,135,48,17,8925,всесезонная,женский,средний
874-3,овальная,металл,черный,Tom Ford,оптика,140,52,16,15258,всесезонная,женский,средний
874-4,овальная,пластик,коричневый,Tom Ford,оптика,130,54,19,35500,всесезонная,унисекс,пожилой
8746-7,круглая,титан,серебряный,Polaroid,оптика,150,50,17,22817,всесезонная,мужской,пожилой
877-1,круглая,металл,золотой,Polaroid,оптика,150,52,19,21336,всесезонная,женский,средний
877-2,круглая,титан,коричневый,Oakley,оптика,140,48,19,23229,всесезонная,мужской,средний
877-3,прямоугольная,металл,белый,Ray-Ban,оптика,135,50,19,24559,всесезонная,мужской,средний
877-4,круглая,титан,серый,Oakley,оптика,130,50,19,4847,всесезонная,унисекс,средний
8770-3,овальная,пластик,золотой,Oakley,солнцезащитные,130,54,17,10452,летняя,унисекс,пожилой
8770-6,круглая,пластик,серебряный,Ray-Ban,оптика,145,52,20,3233,всесезонная,унисекс,молодой
8782-3,квадратная,пластик,белый,Valentino,солнцезащитные,140,54,15,37148,летняя,женский,пожилой
8782-6,овальная,пластик,синий,Tom Ford,оптика,135,54,16,47286,всесезонная,мужской,молодой
879-2,овальная,металл,черный,Prada,оптика,135,52,15,34392,всесезонная,женский,средний
879-4,круглая,пластик,коричневый,Gucci,оптика,130,48,20,12898,всесезонная,унисекс,молодой
8798-4,овальная,металл,серебряный,Prada,оптика,135,52,20,21848,всесезонная,женский,средний
8798-6,кошачий_глаз,комбинированный,белый,Tom Ford,оптика,130,52,18,39668,всесезонная,женский,молодой
8798-8,кошачий_глаз,металл,черный,Valentino,солнцезащитные,130,54,15,26668,летняя,мужской,молодой
880-2,квадратная,титан,серебряный,Ray-Ban,солнцезащитные,140,48,20,21801,летняя,унисекс,молодой
880-3,квадратная,металл,коричневый,Tom Ford,оптика,150,50,19,38616,всесезонная,мужской,пожилой
8801-1,круглая,комбинированный,серый,Prada,солнцезащитные,145,54,14,37340,летняя,мужской,пожилой
8801-7,круглая,пластик,черный,Oakley,солнцезащитные,130,46,15,18218,летняя,унисекс,молодой
8801-8,овальная,металл,серый,Lacoste,оптика,145,46,14,15817,всесезонная,унисекс,средний
8804-1,прямоугольная,титан,золотой,Tom Ford,солнцезащитные,150,48,15,36332,летняя,женский,средний
8804-7,круглая,пластик,серебряный,Lacoste,оптика,150,48,15,15172,всесезонная,унисекс,молодой
8804-8,прямоугольная,титан,серый,Oakley,оптика,150,52,18,20648,всесезонная,женский,молодой
8806-2,овальная,титан,серебряный,Prada,оптика,145,54,16,25150,всесезонная,мужской,средний
8806-7,овальная,титан,черный,Ray-Ban,солнцезащитные,150,46,15,21535,летняя,женский,молодой
8809-2,кошачий_глаз,металл,синий,Valentino,солнцезащитные,150,46,17,8560,летняя,мужской,молодой
881-2,прямоугольная,комбинированный,белый,Lacoste,оптика,150,50,15,11534,всесезонная,женский,молодой
881-4,круглая,комбинированный,золотой,Gucci,солнцезащитные,135,46,16,32434,летняя,мужской,пожилой
8812-6,прямоугольная,титан,синий,Gucci,солнцезащитные,150,54,16,14888,летняя,унисекс,пожилой
8812-8,кошачий_глаз,пластик,черный,Tom Ford,оптика,140,52,16,38268,всесезонная,мужской,пожилой
883-2,кошачий_глаз,пластик,черный,Prada,солнцезащитные,140,54,17,46430,летняя,женский,молодой
883207-3,прямоугольная,титан,белый,Oakley,солнцезащитные,150,54,20,21697,летняя,мужской,пожилой
883210-1,кошачий_глаз,титан,серебряный,Valentino,оптика,130,48,15,12412,всесезонная,унисекс,молодой
883213-1,квадратная,комбинированный,золотой,Tom Ford,солнцезащитные,145,50,16,6984,летняя,мужской,средний
883213-4,квадратная,комбинированный,серый,Valentino,солнцезащитные,145,50,16,46978,летняя,женский,средний
883216-1,квадратная,металл,золотой,Oakley,солнцезащитные,145,52,19,16999,летняя,мужской,средний
883217-1,прямоугольная,пластик,коричневый,Ray-Ban,солнцезащитные,145,54,18,20887,летняя,унисекс,средний
883217-4,кошачий_глаз,металл,золотой,Valentino,солнцезащитные,145,48,19,17666,летняя,унисекс,средний
883218-3A,круглая,титан,серый,Valentino,оптика,140,52,14,49546,всесезонная,женский,средний
883218-4,круглая,пластик,коричневый,Lacoste,оптика,135,52,14,20939,всесезонная,унисекс,молодой
883221-2,овальная,пластик,серебряный,Ray-Ban,солнцезащитные,145,52,15,7382,летняя,женский,молодой
883222-3,кошачий_глаз,титан,золотой,Lacoste,оптика,150,46,19,3238,всесезонная,унисекс,пожилой
8841-6,квадратная,пластик,золотой,Valentino,оптика,130,54,20,43986,всесезонная,унисекс,средний
884201-1,прямоугольная,комбинированный,золотой,Gucci,солнцезащитные,140,48,17,48936,летняя,мужской,молодой
884201-2,кошачий_глаз,пластик,серый,Lacoste,оптика,145,48,14,4707,всесезонная,унисекс,молодой
884201-3,квадратная,комбинированный,серый,Prada,солнцезащитные,145,48,17,29784,летняя,мужской,пожилой
884201-4,овальная,титан,синий,Ray-Ban,оптика,150,52,17,9850,всесезонная,унисекс,пожилой
884203-1,круглая,титан,золотой,Ray-Ban,солнцезащитные,135,50,18,21467,летняя,женский,молодой
884203-3,овальная,металл,серебряный,Oakley,оптика,135,48,17,23536,всесезонная,мужской,средний
884203-4,круглая,титан,черный,Gucci,оптика,135,48,19,13000,всесезонная,мужской,средний
884204-2,прямоугольная,комбинированный,синий,Prada,оптика,150,46,19,28118,всесезонная,мужской,молодой
884204-3,овальная,комбинированный,серебряный,Gucci,солнцезащитные,130,46,15,41556,летняя,женский,средний
884205-2,прямоугольная,металл,серый,Polaroid,солнцезащитные,150,50,17,19523,летняя,унисекс,молодой
884205-3,квадратная,металл,золотой,Valentino,оптика,145,48,16,8104,всесезонная,мужской,пожилой
884207-2,прямоугольная,металл,белый,Polaroid,оптика,150,46,16,12192,всесезонная,унисекс,молодой
884210-1,квадратная,металл,серый,Gucci,солнцезащитные,145,52,17,14710,летняя,мужской,средний
884210-2,квадратная,металл,белый,Tom Ford,оптика,150,50,18,9364,всесезонная,унисекс,средний
884210-3,круглая,комбинированный,белый,Ray-Ban,солнцезащитные,140,50,16,22302,летняя,мужской,пожилой
884212-3,прямоугольная,комбинированный,синий,Prada,оптика,140,46,19,42306,всесезонная,женский,молодой
884212-4,овальная,металл,синий,Oakley,солнцезащитные,135,46,19,11629,летняя,мужской,пожилой
884220-1,кошачий_глаз,комбинированный,серый,Prada,оптика,130,50,14,11696,всесезонная,унисекс,пожилой
884220-2,кошачий_глаз,титан,черный,Oakley,солнцезащитные,150,46,20,14974,летняя,женский,средний
884220-3,овальная,пластик,коричневый,Prada,оптика,140,48,20,27314,всесезонная,мужской,молодой
884304-1,кошачий_глаз,металл,серый,Valentino,оптика,150,48,20,32738,всесезонная,мужской,пожилой
884315-1,прямоугольная,пластик,серый,Ray-Ban,солнцезащитные,135,50,18,8949,летняя,женский,пожилой
884316-2,квадратная,комбинированный,черный,Lacoste,солнцезащитные,145,52,17,14964,летняя,женский,средний
8847-4,овальная,титан,синий,Oakley,солнцезащитные,150,48,17,12563,летняя,женский,средний
8847-8,прямоугольная,пластик,серебряный,Tom Ford,оптика,135,54,19,21382,всесезонная,женский,молодой
8853-9,прямоугольная,металл,черный,Valentino,солнцезащитные,140,48,20,34412,летняя,женский,средний
885403-3,овальная,пластик,белый,Ray-Ban,оптика,140,48,19,7934,всесезонная,мужской,молодой
885405-1,кошачий_глаз,металл,серый,Prada,солнцезащитные,145,50,15,28610,летняя,унисекс,пожилой
885405-2,овальная,титан,белый,Prada,солнцезащитные,150,50,18,40062,летняя,женский,молодой
885405-3,овальная,металл,белый,Prada,оптика,130,52,20,48732,всесезонная,женский,молодой
885406-1,круглая,пластик,синий,Valentino,оптика,130,54,20,16892,всесезонная,унисекс,пожилой
885406-2,кошачий_глаз,пластик,белый,Valentino,оптика,135,50,19,44618,всесезонная,женский,средний
885407-1,кошачий_глаз,комбинированный,серебряный,Oakley,оптика,130,50,18,22752,всесезонная,мужской,средний
885407-3,квадратная,пластик,серебряный,Valentino,оптика,130,54,17,15170,всесезонная,унисекс,средний
8856-6,квадратная,титан,серый,Prada,солнцезащитные,150,50,17,34276,летняя,женский,молодой
886102-2,круглая,титан,синий,Tom Ford,оптика,150,52,16,34928,всесезонная,унисекс,средний
886102-3,кошачий_глаз,пластик,серебряный,Oakley,оптика,135,50,18,5015,всесезонная,унисекс,средний
886102-4,овальная,металл,серебряный,Polaroid,солнцезащитные,130,54,19,5325,летняя,мужской,средний
886104-1,овальная,металл,черный,Polaroid,солнцезащитные,150,54,17,20650,летняя,женский,пожилой
886104-4,квадратная,металл,серебряный,Polaroid,солнцезащитные,145,48,15,13256,летняя,унисекс,молодой
886106-1,круглая,металл,золотой,Lacoste,оптика,135,52,19,7504,всесезонная,женский,средний
886106-2,квадратная,титан,серый,Ray-Ban,солнцезащитные,130,54,19,24167,летняя,унисекс,молодой
886106-3,прямоугольная,металл,черный,Oakley,солнцезащитные,130,50,17,10392,летняя,унисекс,пожилой
886106-4,кошачий_глаз,пластик,золотой,Tom Ford,оптика,140,52,16,8024,всесезонная,мужской,средний
886107-1,кошачий_глаз,комбинированный,белый,Valentino,солнцезащитные,150,50,15,49462,летняя,женский,молодой
886107-2,овальная,металл,черный,Polaroid,солнцезащитные,135,46,16,17786,летняя,женский,пожилой
886107-3,квадратная,титан,черный,Oakley,солнцезащитные,140,50,19,10824,летняя,унисекс,молодой
886107-4,кошачий_глаз,металл,золотой,Tom Ford,оптика,130,50,15,44488,всесезонная,унисекс,пожилой
886108-1,кошачий_глаз,комбинированный,серый,Prada,солнцезащитные,150,46,20,33138,летняя,женский,молодой
886108-2,овальная,титан,серебряный,Gucci,солнцезащитные,150,52,14,32944,летняя,мужской,пожилой
886108-3,прямоугольная,титан,серый,Valentino,солнцезащитные,130,48,14,11720,летняя,мужской,молодой
886108-4,кошачий_глаз,пластик,серый,Lacoste,оптика,140,52,15,3233,всесезонная,мужской,средний
886109-1,квадратная,титан,белый,Valentino,солнцезащитные,135,50,20,14962,летняя,женский,средний
886109-2,прямоугольная,пластик,золотой,Oakley,солнцезащитные,135,54,20,14790,летняя,унисекс,пожилой
886109-3,круглая,пластик,серый,Ray-Ban,оптика,135,46,19,24118,всесезонная,женский,пожилой
886109-4,круглая,комбинированный,серый,Prada,оптика,130,52,19,36178,всесезонная,мужской,молодой
8862003-1,круглая,комбинированный,золотой,Lacoste,оптика,150,54,14,11825,всесезонная,мужской,молодой
8862003-2,прямоугольная,титан,серый,Valentino,солнцезащитные,150,54,15,28764,летняя,унисекс,пожилой
8862003-3,круглая,комбинированный,белый,Gucci,солнцезащитные,145,52,19,18920,летняя,женский,пожилой
887-2,квадратная,титан,коричневый,Gucci,оптика,135,50,15,43596,всесезонная,мужской,средний
887-3,прямоугольная,пластик,серый,Gucci,солнцезащитные,150,48,15,26854,летняя,унисекс,молодой
887-4,квадратная,пластик,синий,Prada,солнцезащитные,135,46,15,37952,летняя,мужской,молодой
8874-4,круглая,комбинированный,черный,Ray-Ban,оптика,145,52,17,16806,всесезонная,унисекс,пожилой
888106-1,прямоугольная,титан,золотой,Polaroid,солнцезащитные,140,50,14,11585,летняя,мужской,молодой
888106-2,круглая,комбинированный,белый,Oakley,оптика,130,48,16,5864,всесезонная,женский,средний
888106-4,круглая,пластик,коричневый,Lacoste,оптика,140,46,15,9339,всесезонная,женский,молодой
888107-1,овальная,титан,черный,Lacoste,оптика,140,46,14,15350,всесезонная,унисекс,молодой
888109-1,круглая,комбинированный,серебряный,Tom Ford,оптика,140,54,16,16088,всесезонная,мужской,средний
888109-2,прямоугольная,титан,серый,Lacoste,оптика,150,48,15,10833,всесезонная,женский,молодой
888109-3,прямоугольная,металл,черный,Prada,оптика,130,46,15,27382,всесезонная,унисекс,молодой
8885-5,кошачий_глаз,металл,черный,Gucci,солнцезащитные,150,52,16,40804,летняя,мужской,средний
889-1,прямоугольная,титан,черный,Prada,оптика,145,48,18,24570,всесезонная,унисекс,молодой
889-2,кошачий_глаз,пластик,серебряный,Polaroid,оптика,140,54,17,3322,всесезонная,женский,средний
889-4,круглая,металл,черный,Ray-Ban,солнцезащитные,130,46,18,13233,летняя,мужской,средний
891-2,овальная,титан,белый,Gucci,оптика,135,52,20,17460,всесезонная,женский,молодой
891-3,круглая,пластик,синий,Oakley,солнцезащитные,130,50,17,8409,летняя,женский,молодой
891-4,кошачий_глаз,пластик,серебряный,Valentino,оптика,145,50,14,23892,всесезонная,женский,средний
8926-9,квадратная,титан,серебряный,Prada,солнцезащитные,130,50,19,40488,летняя,женский,молодой
8941-6,круглая,титан,серый,Oakley,солнцезащитные,140,48,18,22205,летняя,унисекс,средний
8953-1,овальная,титан,черный,Valentino,оптика,150,46,17,11144,всесезонная,унисекс,молодой
8958-9,овальная,пластик,черный,Valentino,оптика,140,50,15,9828,всесезонная,женский,средний
8979-6,круглая,металл,серый,Ray-Ban,солнцезащитные,130,52,15,19616,летняя,женский,пожилой
8979-7,кошачий_глаз,металл,серый,Lacoste,оптика,140,50,19,14391,всесезонная,мужской,средний
8981-6,овальная,металл,синий,Ray-Ban,оптика,145,46,18,9703,всесезонная,женский,средний
8981-8,кошачий_глаз,пластик,черный,Valentino,солнцезащитные,145,48,20,35570,летняя,женский,средний
8985-8,прямоугольная,металл,белый,Tom Ford,оптика,140,50,20,40932,всесезонная,женский,молодой
8988-4,квадратная,металл,серый,Valentino,солнцезащитные,145,46,15,43352,летняя,унисекс,молодой
8989-4,кошачий_глаз,титан,золотой,Valentino,солнцезащитные,145,48,17,46518,летняя,унисекс,пожилой
90012C-VN09,круглая,пластик,золотой,Oakley,солнцезащитные,130,52,14,19898,летняя,унисекс,пожилой
90013C-GB12,круглая,пластик,синий,Polaroid,оптика,150,48,20,23806,всесезонная,женский,молодой
9007-4,круглая,комбинированный,золотой,Tom Ford,оптика,130,52,19,24242,всесезонная,унисекс,средний
9009-черно-розовая,круглая,титан,белый,Tom Ford,оптика,140,54,15,6298,всесезонная,мужской,пожилой
901-C5,прямоугольная,металл,белый,Ray-Ban,солнцезащитные,130,50,19,14010,летняя,женский,пожилой
9011-4,круглая,пластик,серебряный,Lacoste,оптика,130,48,20,7181,всесезонная,женский,молодой
9011-6,круглая,металл,серый,Prada,оптика,135,46,19,22548,всесезонная,женский,пожилой
9011-9,кошачий_глаз,металл,серебряный,Gucci,солнцезащитные,150,48,17,30336,летняя,мужской,молодой
9012-7,овальная,металл,золотой,Oakley,солнцезащитные,140,54,20,8566,летняя,женский,молодой
9012-8,круглая,комбинированный,синий,Lacoste,солнцезащитные,145,52,17,8545,летняя,унисекс,молодой
9013-01,овальная,пластик,белый,Oakley,солнцезащитные,140,52,19,11221,летняя,унисекс,средний
9013-7,круглая,комбинированный,синий,Prada,солнцезащитные,130,48,15,6222,летняя,женский,пожилой
9014-6,квадратная,титан,синий,Ray-Ban,оптика,135,48,20,23583,всесезонная,унисекс,средний
9015-03,прямоугольная,металл,черный,Tom Ford,оптика,150,46,17,44654,всесезонная,унисекс,молодой
9018-03,прямоугольная,комбинированный,синий,Valentino,оптика,135,50,14,26540,всесезонная,мужской,средний
9023-01,прямоугольная,металл,коричневый,Oakley,солнцезащитные,150,48,17,6474,летняя,унисекс,пожилой
9023-02,прямоугольная,титан,серебряный,Lacoste,солнцезащитные,130,48,18,3531,летняя,женский,средний
9029-3,кошачий_глаз,комбинированный,белый,Ray-Ban,солнцезащитные,130,52,15,24654,летняя,унисекс,средний
903-BLUE,овальная,комбинированный,серый,Valentino,оптика,150,50,20,10058,всесезонная,женский,пожилой
903-GOLD,круглая,титан,серый,Ray-Ban,солнцезащитные,130,48,18,8919,летняя,мужской,средний
903-GUN,круглая,пластик,коричневый,Ray-Ban,солнцезащитные,145,50,18,18775,летняя,мужской,средний
9032-4,прямоугольная,комбинированный,белый,Oakley,солнцезащитные,135,52,18,11545,летняя,женский,пожилой
9033-4,круглая,пластик,серый,Polaroid,оптика,150,54,18,19659,всесезонная,мужской,средний
9035-4,круглая,металл,белый,Ray-Ban,солнцезащитные,150,48,19,11679,летняя,женский,средний
9038-1,прямоугольная,металл,серый,Polaroid,оптика,145,50,20,17746,всесезонная,мужской,средний
9038-4,прямоугольная,титан,синий,Ray-Ban,солнцезащитные,145,54,20,23941,летняя,мужской,молодой
90384-F020,квадратная,пластик,черный,Valentino,солнцезащитные,140,46,16,28280,летняя,женский,пожилой
9042-3,овальная,пластик,синий,Prada,оптика,145,52,15,42110,всесезонная,унисекс,молодой
9042-6,прямоугольная,пластик,черный,Valentino,оптика,135,50,14,11648,всесезонная,женский,молодой
9048-6,квадратная,комбинированный,золотой,Prada,солнцезащитные,145,48,18,33686,летняя,женский,средний
9049-4,прямоугольная,пластик,золотой,Oakley,солнцезащитные,140,54,17,10711,летняя,унисекс,пожилой
9049-8,овальная,комбинированный,белый,Polaroid,солнцезащитные,130,46,14,12551,летняя,унисекс,средний
9049-9,кошачий_глаз,пластик,коричневый,Ray-Ban,оптика,130,50,15,18190,всесезонная,унисекс,пожилой
905-3,прямоугольная,комбинированный,серебряный,Oakley,солнцезащитные,140,48,20,17854,летняя,мужской,молодой
905-C1,овальная,пластик,золотой,Tom Ford,оптика,140,48,17,10868,всесезонная,женский,пожилой
905-C3,круглая,металл,белый,Valentino,оптика,150,50,18,21548,всесезонная,мужской,средний
9061-1,кошачий_глаз,комбинированный,черный,Ray-Ban,оптика,130,48,17,13296,всесезонная,мужской,средний
9064-6,круглая,металл,белый,Oakley,оптика,150,50,16,8331,всесезонная,мужской,средний
9069-6,кошачий_глаз,пластик,синий,Prada,солнцезащитные,145,54,15,40046,летняя,унисекс,пожилой
9081-02,круглая,титан,серебряный,Gucci,солнцезащитные,150,54,20,25810,летняя,женский,пожилой
9083-4,овальная,комбинированный,серебряный,Gucci,солнцезащитные,135,54,17,16988,летняя,мужской,молодой
9083-6,круглая,комбинированный,серебряный,Ray-Ban,оптика,130,48,18,4132,всесезонная,унисекс,пожилой
9120-6,овальная,титан,серый,Oakley,солнцезащитные,150,52,15,3393,летняя,мужской,средний
9125-001,кошачий_глаз,металл,серебряный,Oakley,солнцезащитные,130,46,19,5571,летняя,мужской,средний
9138-3,квадратная,титан,синий,Prada,оптика,130,52,20,44738,всесезонная,женский,пожилой
914-15,кошачий_глаз,комбинированный,черный,Tom Ford,солнцезащитные,140,48,17,10430,летняя,мужской,молодой
914-16,кошачий_глаз,комбинированный,серебряный,Oakley,солнцезащитные,145,46,17,9462,летняя,женский,пожилой
9144-001,прямоугольная,пластик,синий,Ray-Ban,оптика,150,52,17,6668,всесезонная,унисекс,пожилой
9145-6,квадратная,металл,серебряный,Prada,оптика,145,48,19,31848,всесезонная,женский,пожилой
9154-219,круглая,титан,черный,Tom Ford,солнцезащитные,135,46,15,10232,летняя,мужской,пожилой
9164-4,квадратная,комбинированный,белый,Prada,солнцезащитные,150,46,18,38626,летняя,женский,молодой
9167-6,круглая,титан,черный,Ray-Ban,солнцезащитные,130,50,18,19586,летняя,женский,молодой
9168-3,кошачий_глаз,металл,белый,Ray-Ban,солнцезащитные,145,52,20,5525,летняя,женский,молодой
9169-6,квадратная,металл,золотой,Prada,солнцезащитные,145,52,19,13142,летняя,женский,средний
9169-8,кошачий_глаз,комбинированный,черный,Tom Ford,оптика,130,50,16,43128,всесезонная,женский,пожилой
9177-4,круглая,металл,коричневый,Lacoste,оптика,130,48,17,16582,всесезонная,унисекс,пожилой
9186-6,квадратная,металл,серый,Lacoste,солнцезащитные,150,54,17,24814,летняя,унисекс,пожилой
9187-4,кошачий_глаз,пластик,синий,Valentino,солнцезащитные,145,50,17,49112,летняя,мужской,средний
9191-6,кошачий_глаз,пластик,белый,Tom Ford,оптика,140,52,17,30788,всесезонная,женский,пожилой
9194-6,прямоугольная,пластик,золотой,Valentino,солнцезащитные,135,50,14,38506,летняя,мужской,средний
92003-5,овальная,пластик,белый,Ray-Ban,солнцезащитные,135,48,15,17195,летняя,унисекс,средний
9204-072,круглая,комбинированный,коричневый,Ray-Ban,солнцезащитные,140,54,17,9185,летняя,унисекс,средний
921007-1,прямоугольная,комбинированный,серебряный,Oakley,оптика,140,54,14,16718,всесезонная,унисекс,пожилой
921009-2,кошачий_глаз,металл,синий,Ray-Ban,солнцезащитные,135,52,19,16913,летняя,унисекс,пожилой
921009-3,квадратная,комбинированный,золотой,Polaroid,солнцезащитные,135,52,16,19225,летняя,женский,пожилой
921012-1,прямоугольная,металл,синий,Polaroid,солнцезащитные,140,52,19,18301,летняя,унисекс,молодой
921012-2,овальная,комбинированный,белый,Lacoste,оптика,135,52,16,10967,всесезонная,мужской,пожилой
921012-3,овальная,комбинированный,черный,Prada,оптика,145,48,18,11000,всесезонная,унисекс,молодой
921025-1,круглая,комбинированный,золотой,Oakley,оптика,135,46,19,14805,всесезонная,унисекс,молодой
921025-4,кошачий_глаз,комбинированный,золотой,Ray-Ban,оптика,130,48,19,10628,всесезонная,мужской,средний
921026-2,прямоугольная,титан,серебряный,Ray-Ban,оптика,150,46,17,12435,всесезонная,мужской,пожилой
921030-1,кошачий_глаз,титан,коричневый,Tom Ford,оптика,130,50,18,30946,всесезонная,унисекс,пожилой
921030-2,прямоугольная,титан,синий,Valentino,солнцезащитные,140,50,18,22900,летняя,унисекс,пожилой
921033-1,овальная,металл,черный,Polaroid,оптика,135,46,14,3479,всесезонная,женский,молодой
921034-1,кошачий_глаз,титан,серый,Lacoste,солнцезащитные,150,46,16,18394,летняя,женский,средний
92133-3,овальная,комбинированный,серебряный,Oakley,солнцезащитные,150,48,18,10558,летняя,женский,молодой
92133-4,прямоугольная,титан,черный,Valentino,солнцезащитные,145,54,15,25838,летняя,мужской,молодой
92147-2,кошачий_глаз,комбинированный,серый,Polaroid,солнцезащитные,135,46,17,7677,летняя,женский,пожилой
9215-608,квадратная,металл,синий,Prada,солнцезащитные,145,48,20,18078,летняя,женский,молодой
9216602-1,прямоугольная,комбинированный,коричневый,Polaroid,солнцезащитные,130,50,16,10038,летняя,женский,пожилой
9216602-13,прямоугольная,титан,белый,Valentino,оптика,135,50,19,19084,всесезонная,мужской,молодой
9216604-1,кошачий_глаз,титан,серебряный,Oakley,оптика,140,50,18,10337,всесезонная,унисекс,пожилой
9216604-12,квадратная,пластик,коричневый,Gucci,оптика,135,50,16,48374,всесезонная,женский,пожилой
9216614-8,квадратная,титан,золотой,Lacoste,оптика,135,52,14,3485,всесезонная,мужской,пожилой
9217-608,овальная,комбинированный,серебряный,Tom Ford,солнцезащитные,130,54,20,18632,летняя,мужской,пожилой
9220-903,прямоугольная,титан,серебряный,Valentino,оптика,140,54,16,42678,всесезонная,женский,молодой
9228-001,овальная,пластик,коричневый,Ray-Ban,оптика,145,50,15,16991,всесезонная,мужской,средний
9228-020,квадратная,титан,золотой,Oakley,солнцезащитные,145,48,18,22689,летняя,унисекс,пожилой
9231-092,круглая,комбинированный,синий,Lacoste,солнцезащитные,145,52,15,17470,летняя,мужской,молодой
9232-092,квадратная,комбинированный,черный,Prada,солнцезащитные,140,54,15,33786,летняя,унисекс,средний
9233-077,прямоугольная,металл,синий,Valentino,солнцезащитные,140,48,20,35828,летняя,женский,пожилой
9234-089,круглая,титан,белый,Valentino,оптика,150,54,16,27256,всесезонная,женский,средний
9235-077,круглая,комбинированный,синий,Tom Ford,оптика,135,50,17,45720,всесезонная,унисекс,средний
9239-678,прямоугольная,металл,золотой,Prada,солнцезащитные,135,46,14,45590,летняя,женский,средний
9241-109,овальная,металл,синий,Prada,солнцезащитные,145,48,15,18238,летняя,унисекс,молодой
9241-130,овальная,комбинированный,серый,Polaroid,оптика,140,50,14,7158,всесезонная,мужской,молодой
92431-1,круглая,пластик,серый,Oakley,оптика,140,50,19,22945,всесезонная,унисекс,средний
92433-1,квадратная,комбинированный,золотой,Polaroid,оптика,145,52,18,23835,всесезонная,унисекс,средний
92433-2,кошачий_глаз,металл,синий,Prada,оптика,140,52,19,39006,всесезонная,женский,средний
92435-4,прямоугольная,металл,серебряный,Valentino,солнцезащитные,145,54,19,42654,летняя,мужской,пожилой
92437-1,овальная,пластик,белый,Gucci,солнцезащитные,130,54,15,17012,летняя,женский,средний
92439-1,кошачий_глаз,комбинированный,золотой,Ray-Ban,солнцезащитные,140,54,15,3150,летняя,унисекс,средний
92440-2,круглая,металл,золотой,Valentino,оптика,150,50,16,28280,всесезонная,мужской,пожилой
92440-6,овальная,комбинированный,белый,Gucci,оптика,140,52,17,30412,всесезонная,унисекс,молодой
9250-589,прямоугольная,титан,золотой,Prada,солнцезащитные,130,48,14,25710,летняя,женский,средний
9260-001,прямоугольная,пластик,серый,Prada,оптика,130,52,16,25274,всесезонная,мужской,средний
9289-03,прямоугольная,пластик,черный,Prada,оптика,135,46,20,16574,всесезонная,унисекс,молодой
93108-1,квадратная,титан,черный,Tom Ford,солнцезащитные,150,46,19,20066,летняя,унисекс,средний
93124-1-1,квадратная,металл,серебряный,Valentino,оптика,130,48,19,18456,всесезонная,унисекс,средний
93124-1-4,круглая,комбинированный,черный,Prada,оптика,135,54,15,6380,всесезонная,унисекс,пожилой
93151-2,кошачий_глаз,металл,синий,Lacoste,солнцезащитные,135,54,16,13467,летняя,унисекс,молодой
93176-2,круглая,металл,коричневый,Lacoste,солнцезащитные,145,52,18,21125,летняя,унисекс,средний
93176-3,кошачий_глаз,комбинированный,белый,Polaroid,солнцезащитные,145,52,14,16480,летняя,унисекс,молодой
93177-2,круглая,пластик,коричневый,Ray-Ban,оптика,140,50,17,5798,всесезонная,унисекс,пожилой
93177-3,круглая,пластик,белый,Oakley,солнцезащитные,145,52,19,11428,летняя,унисекс,молодой
93178-1,круглая,пластик,коричневый,Prada,оптика,150,50,15,23412,всесезонная,мужской,пожилой
93178-2,квадратная,пластик,серебряный,Ray-Ban,солнцезащитные,130,46,19,15534,летняя,женский,пожилой
93178-3,кошачий_глаз,пластик,синий,Oakley,оптика,145,46,17,16065,всесезонная,унисекс,молодой
93180-2,овальная,металл,серый,Lacoste,оптика,130,52,20,24079,всесезонная,женский,пожилой
93187-2,прямоугольная,комбинированный,коричневый,Prada,солнцезащитные,145,50,14,46788,летняя,унисекс,молодой
93187-3,овальная,металл,белый,Prada,оптика,130,46,15,29320,всесезонная,мужской,пожилой
93188-2,овальная,металл,черный,Gucci,солнцезащитные,135,50,14,27500,летняя,мужской,пожилой
93190-2,круглая,титан,черный,Tom Ford,оптика,140,46,14,40546,всесезонная,мужской,пожилой
93190-3,кошачий_глаз,металл,серебряный,Oakley,солнцезащитные,135,52,20,20509,летняя,мужской,молодой
93201-1-1,кошачий_глаз,комбинированный,серый,Ray-Ban,солнцезащитные,150,46,17,23645,летняя,мужской,средний
93234-1,овальная,металл,белый,Lacoste,оптика,150,46,16,11628,всесезонная,мужской,молодой
93234-2-1,круглая,пластик,серый,Polaroid,оптика,150,52,14,11806,всесезонная,мужской,молодой
93255-1,круглая,пластик,белый,Lacoste,оптика,145,50,18,9874,всесезонная,мужской,молодой
93256-5,кошачий_глаз,металл,черный,Ray-Ban,оптика,150,54,15,21325,всесезонная,женский,средний
93258-1,круглая,титан,черный,Lacoste,оптика,140,50,20,22801,всесезонная,женский,средний
93258-4,квадратная,металл,синий,Lacoste,оптика,145,50,17,4703,всесезонная,женский,молодой
93258-5,овальная,пластик,серебряный,Tom Ford,солнцезащитные,130,48,16,27442,летняя,женский,молодой
93258-6,квадратная,комбинированный,коричневый,Oakley,оптика,135,54,17,6548,всесезонная,унисекс,молодой
93259-1,прямоугольная,титан,белый,Gucci,оптика,130,52,17,43024,всесезонная,женский,молодой
93259-2,круглая,комбинированный,коричневый,Oakley,солнцезащитные,130,48,18,16419,летняя,унисекс,пожилой
93260-2-3,прямоугольная,пластик,синий,Ray-Ban,солнцезащитные,130,52,20,7216,летняя,женский,средний
93261P-3A,овальная,комбинированный,серебряный,Ray-Ban,солнцезащитные,145,46,19,3479,летняя,женский,пожилой
93261P-4B,кошачий_глаз,металл,золотой,Valentino,солнцезащитные,135,50,17,49310,летняя,женский,средний
93272-1,квадратная,титан,золотой,Gucci,солнцезащитные,150,46,17,28896,летняя,унисекс,молодой
93272-2,круглая,титан,серый,Valentino,солнцезащитные,150,52,15,30502,летняя,мужской,средний
93273-1,квадратная,пластик,коричневый,Tom Ford,оптика,150,46,19,43022,всесезонная,унисекс,пожилой
93274-1,прямоугольная,металл,золотой,Valentino,оптика,130,46,19,11126,всесезонная,унисекс,молодой
93274-3,прямоугольная,комбинированный,коричневый,Lacoste,солнцезащитные,135,50,14,4881,летняя,мужской,средний
93275-2,круглая,металл,черный,Prada,оптика,145,50,19,29844,всесезонная,мужской,средний
93275-3,круглая,пластик,серебряный,Prada,солнцезащитные,140,50,17,25118,летняя,мужской,средний
93276-1,прямоугольная,пластик,черный,Tom Ford,оптика,145,52,19,40996,всесезонная,унисекс,пожилой
93277-1,круглая,пластик,белый,Oakley,солнцезащитные,145,48,20,16629,летняя,унисекс,пожилой
93277-2,прямоугольная,пластик,белый,Gucci,оптика,135,50,20,16126,всесезонная,мужской,пожилой
93278-1,кошачий_глаз,пластик,серебряный,Oakley,оптика,130,52,20,21044,всесезонная,женский,пожилой
93278-2,круглая,титан,коричневый,Oakley,оптика,140,46,18,19641,всесезонная,мужской,пожилой
93280-1,круглая,металл,белый,Oakley,оптика,130,48,14,24608,всесезонная,женский,молодой
93281-1,квадратная,комбинированный,серебряный,Gucci,солнцезащитные,150,54,19,35222,летняя,унисекс,пожилой
93281-4,прямоугольная,титан,синий,Gucci,солнцезащитные,150,48,19,38154,летняя,женский,средний
93283-1,прямоугольная,металл,коричневый,Gucci,солнцезащитные,145,46,18,31014,летняя,унисекс,пожилой
93283-2,круглая,титан,черный,Oakley,оптика,150,50,18,6341,всесезонная,мужской,молодой
93284-1,квадратная,комбинированный,серебряный,Ray-Ban,солнцезащитные,140,52,20,9413,летняя,мужской,молодой
93284-2,квадратная,металл,черный,Valentino,оптика,135,50,17,30298,всесезонная,унисекс,молодой
93284-3,круглая,комбинированный,золотой,Oakley,солнцезащитные,150,50,19,8158,летняя,женский,средний
93310-1,кошачий_глаз,титан,серебряный,Lacoste,оптика,145,50,17,17747,всесезонная,унисекс,молодой
93310-2,кошачий_глаз,металл,золотой,Valentino,оптика,140,52,15,43552,всесезонная,женский,пожилой
93310-3,круглая,комбинированный,синий,Prada,солнцезащитные,150,50,16,12266,летняя,унисекс,пожилой
93314-1,овальная,комбинированный,золотой,Prada,оптика,145,54,19,43122,всесезонная,мужской,молодой
93314-4,круглая,металл,золотой,Prada,оптика,135,48,20,36446,всесезонная,унисекс,пожилой
93315-3,круглая,металл,синий,Oakley,солнцезащитные,140,48,15,24990,летняя,женский,молодой
93315-4,кошачий_глаз,титан,золотой,Prada,солнцезащитные,140,52,16,34736,летняя,женский,средний
93318-2,овальная,титан,серый,Polaroid,солнцезащитные,135,50,18,18706,летняя,мужской,средний
93318-3,овальная,пластик,белый,Tom Ford,оптика,130,54,14,37138,всесезонная,женский,пожилой
93505-1,квадратная,пластик,серый,Tom Ford,оптика,150,46,18,39876,всесезонная,унисекс,средний
93505-2,квадратная,титан,синий,Polaroid,оптика,140,54,14,10852,всесезонная,женский,пожилой
93505-4,круглая,пластик,белый,Lacoste,оптика,150,46,14,8536,всесезонная,женский,молодой
93506-1,прямоугольная,металл,серый,Oakley,оптика,140,50,18,20134,всесезонная,женский,молодой
93506-3,круглая,металл,белый,Prada,оптика,130,54,16,12758,всесезонная,мужской,молодой
93506-4,круглая,пластик,белый,Tom Ford,оптика,135,48,18,21966,всесезонная,унисекс,молодой
93508-4,овальная,пластик,белый,Ray-Ban,оптика,130,50,16,8790,всесезонная,женский,средний
93509-2,круглая,металл,золотой,Prada,солнцезащитные,135,54,19,8888,летняя,женский,молодой
93509-4,прямоугольная,комбинированный,синий,Polaroid,солнцезащитные,140,46,20,18556,летняя,унисекс,молодой
93510-4,прямоугольная,металл,серый,Lacoste,оптика,140,46,18,24070,всесезонная,женский,молодой
93511-1,овальная,комбинированный,серый,Oakley,солнцезащитные,135,48,20,11488,летняя,женский,пожилой
93512-1,круглая,пластик,белый,Ray-Ban,солнцезащитные,140,48,18,6866,летняя,мужской,средний
93513-2,овальная,комбинированный,белый,Polaroid,оптика,150,54,16,16708,всесезонная,мужской,молодой
93513-3,круглая,пластик,белый,Oakley,солнцезащитные,145,46,16,6658,летняя,женский,молодой
93513-4,овальная,титан,серый,Tom Ford,оптика,150,48,19,44864,всесезонная,унисекс,средний
93514-1,кошачий_глаз,металл,черный,Lacoste,солнцезащитные,140,46,14,3861,летняя,мужской,пожилой
93514-2,кошачий_глаз,пластик,белый,Oakley,солнцезащитные,150,46,19,18319,летняя,мужской,средний
93514-4,прямоугольная,пластик,синий,Tom Ford,оптика,140,54,19,9192,всесезонная,унисекс,средний
93516-3,квадратная,пластик,белый,Ray-Ban,оптика,135,48,15,20152,всесезонная,унисекс,средний
93516-4,круглая,металл,серебряный,Prada,солнцезащитные,135,48,19,14980,летняя,унисекс,молодой
93517-1,кошачий_глаз,металл,синий,Ray-Ban,оптика,145,48,20,20035,всесезонная,мужской,средний
93517-2,круглая,металл,серебряный,Polaroid,оптика,130,46,17,18641,всесезонная,женский,пожилой
93517-3,круглая,пластик,золотой,Lacoste,оптика,150,48,14,7188,всесезонная,унисекс,пожилой
93518-1,овальная,комбинированный,черный,Lacoste,оптика,135,52,14,5775,всесезонная,мужской,молодой
93518-2,квадратная,пластик,синий,Valentino,солнцезащитные,135,54,18,41282,летняя,унисекс,средний
93518-3,круглая,комбинированный,серый,Tom Ford,солнцезащитные,130,50,16,13088,летняя,женский,пожилой
93518-4,квадратная,металл,коричневый,Lacoste,оптика,145,52,19,14970,всесезонная,мужской,молодой
93526-4,прямоугольная,металл,серый,Lacoste,солнцезащитные,135,50,20,19674,летняя,женский,пожилой
93527-1,кошачий_глаз,комбинированный,серебряный,Lacoste,оптика,140,46,18,5303,всесезонная,женский,средний
93527-3,кошачий_глаз,пластик,серый,Lacoste,солнцезащитные,145,50,15,12588,летняя,женский,пожилой
93527-4,круглая,комбинированный,серебряный,Polaroid,оптика,150,52,14,15062,всесезонная,женский,молодой
93528-1,овальная,металл,коричневый,Lacoste,оптика,135,48,16,10038,всесезонная,мужской,средний
93528-3,квадратная,комбинированный,белый,Gucci,оптика,130,54,14,24486,всесезонная,унисекс,молодой
93530-4,кошачий_глаз,титан,белый,Lacoste,солнцезащитные,140,46,17,11711,летняя,мужской,средний
93531-2,прямоугольная,пластик,серый,Ray-Ban,оптика,145,52,16,14768,всесезонная,унисекс,пожилой
93531-4,овальная,металл,черный,Oakley,оптика,140,48,17,15991,всесезонная,унисекс,пожилой
93532-1,овальная,титан,черный,Prada,оптика,140,52,19,45234,всесезонная,мужской,средний
93532-3,кошачий_глаз,пластик,белый,Oakley,солнцезащитные,150,52,16,11779,летняя,унисекс,молодой
93533-1,кошачий_глаз,пластик,серебряный,Polaroid,солнцезащитные,135,50,15,19502,летняя,мужской,средний
93533-2,квадратная,металл,серый,Tom Ford,оптика,140,54,14,31718,всесезонная,женский,пожилой
93533-3,квадратная,комбинированный,серебряный,Tom Ford,оптика,135,50,15,26852,всесезонная,унисекс,пожилой
93533-4,квадратная,титан,золотой,Valentino,солнцезащитные,145,54,20,11472,летняя,унисекс,молодой
93601-1,кошачий_глаз,титан,черный,Tom Ford,солнцезащитные,140,52,14,7364,летняя,унисекс,молодой
93602-1,кошачий_глаз,металл,синий,Oakley,солнцезащитные,130,46,16,13683,летняя,унисекс,средний
93602-2,кошачий_глаз,комбинированный,серебряный,Polaroid,оптика,130,52,15,24325,всесезонная,унисекс,пожилой
93603-1,квадратная,титан,белый,Prada,солнцезащитные,150,50,16,16390,летняя,мужской,молодой
93603-2,прямоугольная,комбинированный,черный,Ray-Ban,солнцезащитные,150,52,20,22830,летняя,женский,средний
93603-3,кошачий_глаз,комбинированный,коричневый,Polaroid,солнцезащитные,130,52,15,16628,летняя,унисекс,пожилой
93604-1,квадратная,пластик,черный,Polaroid,оптика,135,52,20,15180,всесезонная,унисекс,средний
93605-1,квадратная,комбинированный,белый,Oakley,солнцезащитные,135,48,15,6704,летняя,женский,молодой
93605-2,кошачий_глаз,комбинированный,синий,Gucci,солнцезащитные,135,48,18,24988,летняя,мужской,пожилой
93606-1,квадратная,металл,черный,Gucci,оптика,150,46,15,46922,всесезонная,женский,средний
93606-2,квадратная,пластик,белый,Tom Ford,оптика,135,48,15,12504,всесезонная,унисекс,молодой
93607-1,кошачий_глаз,титан,черный,Prada,солнцезащитные,150,52,19,14388,летняя,женский,молодой
93607-2,круглая,металл,синий,Tom Ford,оптика,135,46,16,11940,всесезонная,мужской,молодой
93607-3,квадратная,комбинированный,золотой,Lacoste,оптика,145,50,19,10703,всесезонная,унисекс,средний
93609-1,прямоугольная,металл,синий,Valentino,оптика,140,46,16,46038,всесезонная,мужской,молодой
93609-2,овальная,титан,черный,Ray-Ban,оптика,135,50,20,9152,всесезонная,унисекс,средний
93610-1,прямоугольная,комбинированный,коричневый,Ray-Ban,оптика,135,46,18,19439,всесезонная,мужской,пожилой
93610-2,круглая,пластик,серый,Valentino,солнцезащитные,140,48,15,25184,летняя,унисекс,молодой
93611-1,овальная,металл,золотой,Lacoste,оптика,130,46,20,11666,всесезонная,мужской,молодой
93611-2,круглая,титан,белый,Gucci,солнцезащитные,145,52,16,20010,летняя,женский,пожилой
93612-1,овальная,металл,серый,Prada,оптика,140,50,18,24246,всесезонная,женский,пожилой
93612-2,круглая,металл,серебряный,Oakley,оптика,130,46,20,5659,всесезонная,унисекс,пожилой
93614-1-1,квадратная,комбинированный,коричневый,Valentino,оптика,130,52,14,37232,всесезонная,женский,пожилой
93617-1,квадратная,титан,черный,Gucci,солнцезащитные,145,46,15,16502,летняя,мужской,средний
93617-2,овальная,металл,золотой,Lacoste,солнцезащитные,135,46,18,14748,летняя,женский,молодой
93617-3,квадратная,металл,серебряный,Oakley,солнцезащитные,130,46,20,7119,летняя,унисекс,молодой
93618-1,прямоугольная,металл,серый,Oakley,оптика,145,46,16,4591,всесезонная,мужской,пожилой
93618-2,прямоугольная,металл,серебряный,Ray-Ban,солнцезащитные,150,48,16,8876,летняя,женский,средний
93618-3,круглая,металл,серебряный,Valentino,солнцезащитные,140,54,16,46112,летняя,мужской,молодой
93619-1,кошачий_глаз,пластик,серебряный,Oakley,оптика,140,48,17,20027,всесезонная,унисекс,средний
93619-2,прямоугольная,пластик,серый,Oakley,солнцезащитные,130,54,19,6402,летняя,женский,средний
93620-2,круглая,комбинированный,серый,Polaroid,оптика,145,48,19,3619,всесезонная,унисекс,молодой
93622-1,квадратная,комбинированный,серый,Valentino,солнцезащитные,135,48,20,40036,летняя,мужской,средний
93622-2,овальная,металл,синий,Polaroid,солнцезащитные,145,48,20,8653,летняя,унисекс,молодой
93622-3,прямоугольная,комбинированный,коричневый,Lacoste,оптика,150,48,16,17588,всесезонная,мужской,средний
93623-1,прямоугольная,титан,белый,Ray-Ban,солнцезащитные,135,54,16,9230,летняя,женский,пожилой
93623-2,прямоугольная,металл,синий,Lacoste,солнцезащитные,150,54,15,21066,летняя,унисекс,средний
93623-3,квадратная,титан,золотой,Lacoste,солнцезащитные,130,50,20,22256,летняя,унисекс,пожилой
93624-1,круглая,комбинированный,синий,Valentino,оптика,140,50,18,30236,всесезонная,женский,средний
93624-2,овальная,титан,синий,Lacoste,солнцезащитные,150,48,19,21998,летняя,мужской,молодой
93624-3,круглая,металл,белый,Polaroid,оптика,130,48,19,3824,всесезонная,унисекс,средний
93625-1,кошачий_глаз,пластик,золотой,Polaroid,солнцезащитные,140,50,18,7561,летняя,мужской,молодой
93625-3,круглая,титан,синий,Gucci,оптика,140,48,17,14872,всесезонная,мужской,средний
93626-1,кошачий_глаз,комбинированный,коричневый,Prada,оптика,150,48,18,22074,всесезонная,женский,пожилой
93626-2,овальная,комбинированный,коричневый,Lacoste,солнцезащитные,135,54,16,17515,летняя,женский,средний
93627-2,овальная,титан,черный,Lacoste,солнцезащитные,150,50,19,10218,летняя,женский,средний
93627-3,круглая,титан,белый,Ray-Ban,солнцезащитные,150,46,19,21825,летняя,мужской,пожилой
93628-1,круглая,комбинированный,золотой,Polaroid,солнцезащитные,150,48,19,18604,летняя,мужской,средний
93628-2,прямоугольная,титан,золотой,Gucci,солнцезащитные,145,52,15,8942,летняя,мужской,средний
93628-3,овальная,металл,коричневый,Oakley,оптика,150,48,18,17019,всесезонная,мужской,пожилой
93629-1,прямоугольная,комбинированный,белый,Oakley,солнцезащитные,130,46,17,5526,летняя,унисекс,пожилой
93629-2,квадратная,пластик,серый,Tom Ford,солнцезащитные,150,48,18,36308,летняя,мужской,средний
93629-3,овальная,комбинированный,серый,Ray-Ban,солнцезащитные,135,54,18,14802,летняя,мужской,пожилой
93630-1,кошачий_глаз,титан,белый,Gucci,оптика,130,52,14,15546,всесезонная,женский,молодой
93630-2,квадратная,титан,серый,Tom Ford,оптика,150,52,17,46272,всесезонная,мужской,пожилой
93630-3,кошачий_глаз,титан,коричневый,Tom Ford,солнцезащитные,135,50,18,8238,летняя,унисекс,средний
93701-1,квадратная,пластик,золотой,Polaroid,оптика,130,52,17,23800,всесезонная,мужской,молодой
93701-3,кошачий_глаз,металл,синий,Tom Ford,оптика,145,54,16,37576,всесезонная,женский,молодой
93703-1,кошачий_глаз,комбинированный,серебряный,Ray-Ban,солнцезащитные,130,52,16,21645,летняя,мужской,пожилой
93707-2,круглая,комбинированный,серебряный,Polaroid,солнцезащитные,130,50,18,9796,летняя,мужской,пожилой
93707-3,кошачий_глаз,пластик,черный,Prada,солнцезащитные,130,48,14,8516,летняя,женский,пожилой
93708-2,прямоугольная,металл,черный,Lacoste,оптика,150,48,19,14781,всесезонная,женский,молодой
93709-1,прямоугольная,титан,черный,Ray-Ban,оптика,145,54,19,3449,всесезонная,женский,молодой
93709-2,прямоугольная,металл,серебряный,Tom Ford,солнцезащитные,135,48,16,40820,летняя,унисекс,молодой
93710-2,прямоугольная,пластик,серый,Prada,оптика,130,46,17,34806,всесезонная,мужской,молодой
93711-1,овальная,комбинированный,коричневый,Polaroid,оптика,145,54,18,22550,всесезонная,мужской,средний
93711-2,овальная,титан,золотой,Valentino,оптика,140,48,16,32578,всесезонная,унисекс,молодой
93712-3,кошачий_глаз,титан,черный,Prada,оптика,130,46,19,37014,всесезонная,женский,молодой
93723-1,прямоугольная,металл,коричневый,Ray-Ban,солнцезащитные,145,54,17,14020,летняя,женский,молодой
93723-4,кошачий_глаз,металл,белый,Oakley,оптика,140,46,14,21211,всесезонная,женский,средний
941-11,кошачий_глаз,металл,синий,Valentino,солнцезащитные,135,48,16,20544,летняя,унисекс,пожилой
941-14,прямоугольная,титан,черный,Ray-Ban,оптика,150,46,18,14278,всесезонная,унисекс,молодой
942166-1,прямоугольная,комбинированный,черный,Gucci,солнцезащитные,135,48,14,37088,летняя,женский,средний
942166-2,круглая,пластик,синий,Ray-Ban,солнцезащитные,145,48,20,14644,летняя,унисекс,средний
942167-1,кошачий_глаз,титан,серый,Tom Ford,солнцезащитные,150,54,20,47672,летняя,женский,молодой
942174-1,круглая,пластик,серый,Lacoste,оптика,145,50,20,9082,всесезонная,женский,средний
942174-2,квадратная,комбинированный,коричневый,Ray-Ban,оптика,150,52,19,18711,всесезонная,женский,молодой
942174-5,овальная,пластик,золотой,Polaroid,солнцезащитные,135,46,14,24796,летняя,женский,средний
942201-1,кошачий_глаз,титан,серый,Tom Ford,солнцезащитные,135,46,17,17046,летняя,унисекс,молодой
942201-2,прямоугольная,титан,серый,Lacoste,оптика,150,48,17,21353,всесезонная,мужской,молодой
942201-3,прямоугольная,титан,серый,Oakley,оптика,150,50,18,14226,всесезонная,мужской,пожилой
942201-4,кошачий_глаз,пластик,коричневый,Lacoste,солнцезащитные,140,50,20,21689,летняя,женский,средний
942202-2,прямоугольная,комбинированный,синий,Polaroid,солнцезащитные,140,46,18,6513,летняя,мужской,молодой
942202-3,прямоугольная,металл,белый,Lacoste,оптика,140,54,15,16881,всесезонная,мужской,пожилой
942203-1,круглая,металл,коричневый,Prada,оптика,130,52,14,21456,всесезонная,женский,пожилой
942203-2,квадратная,комбинированный,золотой,Ray-Ban,солнцезащитные,135,54,20,15660,летняя,женский,молодой
942203-3,прямоугольная,пластик,черный,Prada,солнцезащитные,140,46,14,10842,летняя,женский,средний
942203-4,прямоугольная,титан,белый,Valentino,солнцезащитные,140,52,17,25202,летняя,унисекс,пожилой
942204-1,овальная,титан,белый,Tom Ford,оптика,130,52,14,33582,всесезонная,женский,пожилой
942204-2,квадратная,пластик,серебряный,Oakley,солнцезащитные,135,50,20,10031,летняя,унисекс,молодой
942204-3,круглая,пластик,белый,Lacoste,оптика,135,50,15,15138,всесезонная,мужской,пожилой
942204-4,прямоугольная,пластик,серый,Oakley,оптика,150,52,15,3804,всесезонная,унисекс,пожилой
942205-1,прямоугольная,металл,синий,Tom Ford,оптика,140,46,15,24630,всесезонная,унисекс,молодой
942205-3,кошачий_глаз,титан,золотой,Valentino,оптика,145,52,18,43854,всесезонная,унисекс,средний
942205-4,прямоугольная,пластик,синий,Polaroid,солнцезащитные,130,48,17,8708,летняя,женский,пожилой
942207-1,круглая,пластик,серебряный,Oakley,оптика,130,52,14,5735,всесезонная,женский,пожилой
942207-2,овальная,металл,серый,Ray-Ban,оптика,140,48,15,18120,всесезонная,унисекс,пожилой
942207-3,овальная,комбинированный,белый,Valentino,оптика,130,52,17,37530,всесезонная,женский,средний
942208-1,прямоугольная,металл,черный,Polaroid,солнцезащитные,150,46,17,23487,летняя,унисекс,пожилой
942208-2,кошачий_глаз,комбинированный,коричневый,Tom Ford,солнцезащитные,130,52,19,13410,летняя,мужской,пожилой
942209-1,прямоугольная,пластик,синий,Lacoste,солнцезащитные,145,50,17,10175,летняя,мужской,пожилой
942209-2,кошачий_глаз,металл,синий,Tom Ford,оптика,130,54,20,25964,всесезонная,унисекс,пожилой
942209-3,кошачий_глаз,титан,серый,Ray-Ban,солнцезащитные,140,54,20,11963,летняя,унисекс,пожилой
942209-4,квадратная,пластик,серый,Lacoste,оптика,145,46,20,23357,всесезонная,унисекс,молодой
942211-1,прямоугольная,титан,коричневый,Gucci,оптика,150,50,16,22924,всесезонная,мужской,средний
942211-3,круглая,пластик,серый,Valentino,солнцезащитные,145,50,14,35814,летняя,унисекс,молодой
942211-4,прямоугольная,комбинированный,серебряный,Tom Ford,солнцезащитные,150,46,15,20424,летняя,унисекс,молодой
942211-9,овальная,комбинированный,белый,Valentino,солнцезащитные,140,52,17,29308,летняя,женский,пожилой
942214-3,прямоугольная,металл,черный,Prada,солнцезащитные,145,48,14,11378,летняя,женский,пожилой
942214-4,круглая,титан,черный,Gucci,солнцезащитные,145,48,18,11496,летняя,женский,пожилой
942215-1,круглая,титан,белый,Ray-Ban,солнцезащитные,150,50,15,7930,летняя,женский,пожилой
942215-3,квадратная,металл,белый,Ray-Ban,оптика,145,50,19,4790,всесезонная,мужской,молодой
942215-4,кошачий_глаз,титан,золотой,Polaroid,оптика,140,50,16,9836,всесезонная,мужской,средний
942215-5,кошачий_глаз,титан,золотой,Tom Ford,солнцезащитные,140,48,20,45364,летняя,унисекс,пожилой
942216-1,кошачий_глаз,металл,коричневый,Ray-Ban,солнцезащитные,145,54,15,10429,летняя,унисекс,пожилой
942216-2,кошачий_глаз,пластик,серебряный,Gucci,солнцезащитные,145,54,16,15628,летняя,женский,молодой
942216-3,овальная,металл,черный,Valentino,оптика,145,52,16,36766,всесезонная,женский,средний
942216-6,кошачий_глаз,титан,черный,Polaroid,солнцезащитные,130,48,17,11084,летняя,мужской,молодой
942218-1,кошачий_глаз,пластик,золотой,Lacoste,оптика,140,52,19,4427,всесезонная,женский,средний
942218-4,овальная,комбинированный,синий,Lacoste,солнцезащитные,145,46,14,8187,летняя,мужской,пожилой
942218-5,овальная,металл,золотой,Valentino,оптика,135,52,15,28234,всесезонная,женский,средний
942231-1,кошачий_глаз,комбинированный,серебряный,Oakley,оптика,140,46,14,17451,всесезонная,женский,пожилой
942231-11,квадратная,пластик,черный,Polaroid,оптика,140,52,20,9941,всесезонная,женский,средний
942231-3,овальная,пластик,коричневый,Polaroid,оптика,140,46,16,4564,всесезонная,унисекс,средний
942231-4,квадратная,титан,черный,Polaroid,солнцезащитные,150,52,16,16789,летняя,мужской,средний
942233-1,кошачий_глаз,пластик,синий,Polaroid,солнцезащитные,145,52,19,18253,летняя,женский,пожилой
942233-4,овальная,титан,серебряный,Oakley,солнцезащитные,145,52,17,13859,летняя,женский,средний
942236-1,квадратная,титан,черный,Valentino,оптика,135,46,20,20368,всесезонная,мужской,молодой
942236-3,круглая,титан,черный,Polaroid,солнцезащитные,135,50,19,22917,летняя,унисекс,пожилой
942236-4,квадратная,титан,серебряный,Gucci,солнцезащитные,140,52,17,38648,летняя,унисекс,средний
942237-3,круглая,металл,серый,Valentino,солнцезащитные,145,50,16,26802,летняя,унисекс,средний
942237-4,круглая,пластик,белый,Oakley,солнцезащитные,150,52,17,20109,летняя,мужской,средний
942239-1,квадратная,комбинированный,синий,Tom Ford,солнцезащитные,145,48,17,41886,летняя,мужской,средний
942239-7,круглая,металл,серебряный,Prada,солнцезащитные,130,48,15,9908,летняя,мужской,средний
942242-1,кошачий_глаз,титан,золотой,Polaroid,солнцезащитные,150,50,17,10980,летняя,мужской,пожилой
942242-11,квадратная,пластик,коричневый,Gucci,оптика,145,48,14,32756,всесезонная,унисекс,средний
942242-2,кошачий_глаз,пластик,золотой,Tom Ford,солнцезащитные,135,50,19,14260,летняя,женский,пожилой
942242-4,круглая,пластик,синий,Lacoste,солнцезащитные,140,50,18,13933,летняя,унисекс,молодой
942247-1,круглая,комбинированный,золотой,Gucci,солнцезащитные,130,50,17,32464,летняя,унисекс,средний
942247-3,круглая,комбинированный,серебряный,Oakley,оптика,135,54,17,17267,всесезонная,унисекс,пожилой
942247-6,прямоугольная,титан,серебряный,Tom Ford,оптика,145,50,17,21506,всесезонная,женский,пожилой
942247-9,кошачий_глаз,металл,серебряный,Valentino,солнцезащитные,145,48,20,18316,летняя,мужской,средний
942248-2,овальная,металл,черный,Gucci,оптика,150,46,14,36778,всесезонная,мужской,средний
942248-3,кошачий_глаз,металл,золотой,Ray-Ban,оптика,145,52,18,5596,всесезонная,женский,пожилой
942248-5,круглая,металл,серебряный,Oakley,солнцезащитные,135,54,14,17933,летняя,женский,пожилой
94322-1,прямоугольная,титан,серебряный,Oakley,солнцезащитные,140,50,15,10176,летняя,унисекс,пожилой
94322-2,овальная,металл,синий,Valentino,оптика,135,52,14,46954,всесезонная,унисекс,пожилой
94322-4,овальная,пластик,коричневый,Tom Ford,оптика,135,48,19,33786,всесезонная,унисекс,молодой
94326-1,квадратная,комбинированный,золотой,Prada,солнцезащитные,145,46,16,18108,летняя,мужской,пожилой
94330-01,овальная,комбинированный,коричневый,Tom Ford,солнцезащитные,135,48,18,46176,летняя,мужской,молодой
94330-05,круглая,пластик,золотой,Valentino,солнцезащитные,130,52,14,43842,летняя,женский,средний
94330-11,прямоугольная,металл,серый,Oakley,солнцезащитные,150,54,15,4760,летняя,мужской,молодой
94354-3,овальная,пластик,черный,Polaroid,оптика,135,54,16,7400,всесезонная,унисекс,средний
94360-1,прямоугольная,пластик,серый,Lacoste,солнцезащитные,140,54,15,9363,летняя,мужской,молодой
94360-3,квадратная,титан,серый,Oakley,оптика,145,52,17,8647,всесезонная,женский,молодой
94363-1,кошачий_глаз,комбинированный,серебряный,Gucci,оптика,150,48,19,17284,всесезонная,мужской,средний
94364-2,кошачий_глаз,комбинированный,золотой,Polaroid,оптика,145,54,17,3650,всесезонная,женский,пожилой
94367-1,квадратная,титан,синий,Tom Ford,солнцезащитные,130,52,20,20076,летняя,унисекс,средний
94373-1,кошачий_глаз,пластик,черный,Oakley,солнцезащитные,145,50,17,21816,летняя,унисекс,молодой
94373-3,кошачий_глаз,титан,золотой,Ray-Ban,оптика,150,50,18,19296,всесезонная,унисекс,молодой
94373-4,круглая,комбинированный,серый,Prada,солнцезащитные,130,46,18,45000,летняя,мужской,пожилой
94376-2,овальная,металл,черный,Oakley,оптика,130,52,15,12516,всесезонная,мужской,пожилой
94378-1,овальная,титан,золотой,Gucci,солнцезащитные,130,46,19,40698,летняя,мужской,пожилой
94378-4,круглая,металл,белый,Lacoste,оптика,150,52,16,23495,всесезонная,женский,средний
943A01-1,прямоугольная,комбинированный,серебряный,Prada,оптика,150,46,18,29762,всесезонная,мужской,молодой
943A01-2,квадратная,титан,черный,Oakley,солнцезащитные,150,54,14,3289,летняя,мужской,пожилой
943A01-4,круглая,титан,серый,Lacoste,оптика,140,48,14,9915,всесезонная,унисекс,средний
943A02-1,квадратная,комбинированный,белый,Polaroid,солнцезащитные,145,50,14,22261,летняя,женский,средний
943A02-3,кошачий_глаз,титан,белый,Valentino,солнцезащитные,135,48,20,46902,летняя,унисекс,молодой
943A03-1,круглая,титан,черный,Valentino,солнцезащитные,135,50,18,10484,летняя,женский,средний
943A03-2,квадратная,металл,черный,Prada,солнцезащитные,135,46,15,38476,летняя,мужской,средний
943A03-3,кошачий_глаз,металл,золотой,Ray-Ban,оптика,130,48,16,8535,всесезонная,женский,молодой
943A03-4,квадратная,комбинированный,коричневый,Polaroid,солнцезащитные,150,46,16,13937,летняя,женский,средний
943A08-1,кошачий_глаз,металл,серый,Valentino,солнцезащитные,140,50,19,18486,летняя,унисекс,средний
943A08-4,кошачий_глаз,титан,серый,Lacoste,солнцезащитные,135,46,18,13650,летняя,женский,средний
943A10-1,прямоугольная,комбинированный,черный,Prada,оптика,140,52,20,34718,всесезонная,унисекс,пожилой
943A10-3,кошачий_глаз,титан,золотой,Oakley,оптика,145,50,17,22870,всесезонная,женский,молодой
943A11-1,круглая,пластик,коричневый,Valentino,оптика,150,54,18,41702,всесезонная,унисекс,молодой
943A11-2,кошачий_глаз,комбинированный,коричневый,Prada,солнцезащитные,130,50,20,19914,летняя,унисекс,пожилой
943A11-4,круглая,комбинированный,белый,Polaroid,солнцезащитные,135,48,14,7759,летняя,мужской,средний
943A12-1,овальная,комбинированный,коричневый,Valentino,солнцезащитные,150,48,17,34806,летняя,мужской,молодой
943A12-2,прямоугольная,комбинированный,белый,Prada,солнцезащитные,130,52,16,49906,летняя,мужской,молодой
943A13-1,круглая,пластик,золотой,Gucci,солнцезащитные,150,46,14,18612,летняя,унисекс,средний
943A13-2,овальная,комбинированный,коричневый,Polaroid,оптика,140,54,20,17705,всесезонная,мужской,пожилой
943B01-1,овальная,металл,белый,Tom Ford,солнцезащитные,145,50,18,9698,летняя,мужской,молодой
943B01-2,квадратная,металл,синий,Polaroid,оптика,145,52,17,11295,всесезонная,женский,пожилой
943B03-3,прямоугольная,пластик,синий,Polaroid,оптика,150,54,18,21399,всесезонная,унисекс,пожилой
943B04-1,круглая,пластик,серебряный,Ray-Ban,солнцезащитные,145,50,16,12814,летняя,мужской,молодой
943C01-1,кошачий_глаз,пластик,золотой,Lacoste,солнцезащитные,145,48,20,8283,летняя,женский,молодой
943C01-3,прямоугольная,титан,золотой,Lacoste,оптика,135,48,19,3927,всесезонная,мужской,средний
943C02-2,овальная,пластик,золотой,Lacoste,оптика,145,54,19,6361,всесезонная,женский,средний
943C03-1,овальная,титан,синий,Tom Ford,солнцезащитные,150,54,15,8964,летняя,женский,пожилой
943C05-1,овальная,титан,белый,Oakley,оптика,130,46,15,14184,всесезонная,женский,пожилой
943C06-1,круглая,металл,белый,Gucci,оптика,140,52,18,42270,всесезонная,унисекс,молодой
943C08-3,кошачий_глаз,пластик,коричневый,Ray-Ban,оптика,130,54,18,17996,всесезонная,унисекс,средний
943C09-2,круглая,металл,белый,Prada,солнцезащитные,135,54,14,24760,летняя,мужской,пожилой
943C09-3,овальная,металл,белый,Lacoste,оптика,145,52,14,12890,всесезонная,мужской,молодой
943C10-2,кошачий_глаз,пластик,черный,Valentino,солнцезащитные,135,52,19,13010,летняя,унисекс,средний
943C10-4,кошачий_глаз,титан,коричневый,Lacoste,оптика,130,50,19,19452,всесезонная,женский,молодой
943C11-1,квадратная,титан,коричневый,Ray-Ban,оптика,135,50,18,4918,всесезонная,мужской,молодой
943C11-2,круглая,комбинированный,белый,Polaroid,солнцезащитные,140,54,17,5087,летняя,женский,пожилой
943C11-3,круглая,титан,серый,Prada,солнцезащитные,145,54,16,45542,летняя,унисекс,средний
943C12-2,прямоугольная,пластик,серебряный,Valentino,солнцезащитные,135,50,16,29526,летняя,мужской,средний
943C12-4,квадратная,титан,золотой,Lacoste,оптика,135,54,17,7507,всесезонная,унисекс,пожилой
943C14-1,квадратная,титан,серебряный,Valentino,оптика,150,50,20,30380,всесезонная,женский,молодой
943C15-1,прямоугольная,титан,синий,Tom Ford,оптика,130,50,20,44108,всесезонная,женский,молодой
943C15-3,круглая,металл,черный,Lacoste,солнцезащитные,135,54,19,7873,летняя,мужской,молодой
943C16-1,кошачий_глаз,комбинированный,серый,Tom Ford,солнцезащитные,150,52,19,8216,летняя,мужской,пожилой
944-3,квадратная,комбинированный,коричневый,Valentino,оптика,140,52,14,47568,всесезонная,мужской,пожилой
945-11,кошачий_глаз,титан,черный,Ray-Ban,оптика,150,54,17,6444,всесезонная,женский,средний
94814-1,кошачий_глаз,пластик,синий,Tom Ford,оптика,145,54,18,34690,всесезонная,унисекс,средний
94814-4,круглая,металл,черный,Tom Ford,оптика,130,50,17,42554,всесезонная,мужской,средний
94815-3,прямоугольная,титан,белый,Lacoste,оптика,135,50,14,15301,всесезонная,мужской,средний
94815-4,овальная,металл,золотой,Valentino,солнцезащитные,130,46,20,28174,летняя,мужской,молодой
94816-1,круглая,пластик,коричневый,Ray-Ban,оптика,135,50,20,19315,всесезонная,женский,пожилой
94816-4,квадратная,комбинированный,золотой,Tom Ford,солнцезащитные,140,52,20,30910,летняя,мужской,средний
94901-4,кошачий_глаз,титан,серый,Lacoste,солнцезащитные,130,52,19,22011,летняя,мужской,пожилой
94904-1,овальная,титан,синий,Oakley,оптика,140,54,17,19863,всесезонная,унисекс,молодой
94904-3,овальная,титан,синий,Tom Ford,солнцезащитные,145,48,19,39434,летняя,мужской,молодой
94904-4,квадратная,металл,черный,Tom Ford,солнцезащитные,135,50,17,49516,летняя,женский,молодой
94905-1,квадратная,металл,коричневый,Polaroid,оптика,150,52,16,14452,всесезонная,мужской,пожилой
94906-1,кошачий_глаз,комбинированный,синий,Valentino,солнцезащитные,130,48,19,25222,летняя,унисекс,молодой
94906-2,кошачий_глаз,титан,золотой,Prada,оптика,135,52,20,38634,всесезонная,женский,пожилой
94906-3,кошачий_глаз,пластик,золотой,Oakley,оптика,130,54,15,18155,всесезонная,мужской,пожилой
94906-4,прямоугольная,титан,серый,Gucci,оптика,145,48,14,15986,всесезонная,женский,молодой
94907-1,кошачий_глаз,комбинированный,золотой,Gucci,оптика,145,46,18,33188,всесезонная,унисекс,пожилой
94907-2,прямоугольная,комбинированный,коричневый,Valentino,солнцезащитные,135,52,20,14346,летняя,унисекс,пожилой
94907-3,кошачий_глаз,комбинированный,золотой,Polaroid,солнцезащитные,135,50,15,19075,летняя,унисекс,пожилой
94907-4,квадратная,титан,золотой,Valentino,оптика,130,46,18,46750,всесезонная,мужской,пожилой
94908-1,прямоугольная,комбинированный,черный,Polaroid,солнцезащитные,150,54,18,17782,летняя,мужской,средний
94908-2,круглая,титан,золотой,Tom Ford,оптика,150,54,19,23318,всесезонная,унисекс,пожилой
94908-3,круглая,титан,синий,Polaroid,оптика,150,52,15,7462,всесезонная,унисекс,средний
94908-4,овальная,металл,синий,Tom Ford,оптика,135,46,19,40438,всесезонная,унисекс,молодой
94909-1,квадратная,металл,черный,Valentino,солнцезащитные,130,52,20,19866,летняя,мужской,молодой
94909-2,овальная,металл,черный,Valentino,солнцезащитные,135,50,16,28610,летняя,мужской,молодой
94909-3,квадратная,пластик,синий,Prada,солнцезащитные,145,50,19,15540,летняя,унисекс,пожилой
94909-4,круглая,комбинированный,золотой,Polaroid,оптика,150,46,14,18277,всесезонная,женский,средний
94912-3,кошачий_глаз,металл,белый,Prada,оптика,145,50,16,25358,всесезонная,мужской,средний
94919-1,кошачий_глаз,пластик,серый,Polaroid,солнцезащитные,150,54,20,4905,летняя,женский,пожилой
94919-2,квадратная,комбинированный,черный,Polaroid,солнцезащитные,130,46,15,10526,летняя,унисекс,средний
95.232.01,квадратная,металл,золотой,Valentino,оптика,150,50,16,40234,всесезонная,мужской,средний
95.484 01,прямоугольная,пластик,белый,Valentino,солнцезащитные,150,46,18,38536,летняя,унисекс,средний
95.524 01,прямоугольная,титан,черный,Oakley,солнцезащитные,135,46,16,14555,летняя,мужской,молодой
95.528.01,квадратная,металл,черный,Prada,оптика,130,46,19,39792,всесезонная,женский,молодой
95.723.02,кошачий_глаз,титан,серебряный,Prada,оптика,135,54,20,31476,всесезонная,женский,молодой
95.781.03,квадратная,пластик,синий,Gucci,оптика,140,48,20,9398,всесезонная,унисекс,молодой
95.850 01,прямоугольная,пластик,синий,Lacoste,оптика,130,52,17,17666,всесезонная,женский,средний
951-2,кошачий_глаз,пластик,золотой,Polaroid,оптика,145,52,20,22065,всесезонная,унисекс,пожилой
951-5,кошачий_глаз,титан,серебряный,Oakley,солнцезащитные,145,50,17,20422,летняя,мужской,молодой
9516-13,круглая,комбинированный,серый,Lacoste,солнцезащитные,130,54,18,3795,летняя,унисекс,средний
952-13,прямоугольная,комбинированный,белый,Polaroid,оптика,135,54,17,6651,всесезонная,унисекс,средний
95246-1,круглая,пластик,золотой,Valentino,солнцезащитные,135,48,14,48304,летняя,мужской,средний
953-GOLD,квадратная,титан,белый,Prada,солнцезащитные,140,52,14,17838,летняя,мужской,пожилой
955122-1,прямоугольная,металл,серый,Valentino,оптика,140,52,17,36804,всесезонная,мужской,средний
955125-1,овальная,комбинированный,серебряный,Ray-Ban,оптика,145,54,20,8806,всесезонная,женский,средний
955126-2,прямоугольная,комбинированный,белый,Gucci,оптика,135,48,14,7450,всесезонная,женский,средний
955126-3,овальная,титан,синий,Tom Ford,оптика,150,50,17,7648,всесезонная,мужской,средний
955129-1,прямоугольная,пластик,серый,Prada,солнцезащитные,130,46,16,21788,летняя,унисекс,пожилой
955131-3,квадратная,пластик,серый,Polaroid,оптика,145,48,17,23505,всесезонная,мужской,средний
955132-3,овальная,комбинированный,коричневый,Tom Ford,солнцезащитные,140,54,19,18160,летняя,унисекс,пожилой
955133-2,круглая,комбинированный,золотой,Tom Ford,солнцезащитные,140,48,20,28978,летняя,мужской,молодой
955133-3,прямоугольная,металл,коричневый,Valentino,солнцезащитные,145,50,16,21142,летняя,унисекс,пожилой
95524-2,квадратная,комбинированный,серый,Lacoste,солнцезащитные,150,50,20,10775,летняя,мужской,пожилой
95524-4,овальная,пластик,серебряный,Tom Ford,солнцезащитные,130,48,16,6664,летняя,женский,молодой
95531-2,овальная,пластик,серый,Gucci,солнцезащитные,135,54,15,12738,летняя,мужской,средний
95538-3,прямоугольная,пластик,коричневый,Tom Ford,солнцезащитные,130,46,15,18804,летняя,мужской,молодой
95540-3,прямоугольная,металл,серый,Lacoste,оптика,130,46,18,21476,всесезонная,унисекс,молодой
95543-4,овальная,металл,белый,Tom Ford,оптика,130,46,16,48280,всесезонная,женский,средний
95553-1,круглая,титан,золотой,Ray-Ban,оптика,145,52,17,19892,всесезонная,женский,пожилой
95560-3,квадратная,комбинированный,синий,Valentino,солнцезащитные,135,46,15,26402,летняя,унисекс,молодой
95581-1,круглая,титан,синий,Prada,оптика,130,46,20,46492,всесезонная,мужской,молодой
957-DEMI,круглая,титан,черный,Valentino,солнцезащитные,150,54,17,26956,летняя,унисекс,средний
95704-4,кошачий_глаз,титан,золотой,Polaroid,оптика,145,48,14,8152,всесезонная,мужской,молодой
95714-1,кошачий_глаз,комбинированный,коричневый,Valentino,оптика,145,52,14,34268,всесезонная,унисекс,средний
95714-3,прямоугольная,металл,серебряный,Oakley,оптика,130,50,17,3666,всесезонная,мужской,средний
958-12,кошачий_глаз,титан,белый,Lacoste,солнцезащитные,130,52,18,19294,летняя,унисекс,пожилой
959-11,прямоугольная,титан,синий,Gucci,оптика,140,46,16,31946,всесезонная,женский,молодой
959-12,кошачий_глаз,металл,коричневый,Valentino,оптика,130,48,16,19564,всесезонная,мужской,молодой
96.126.01,круглая,металл,серый,Valentino,оптика,135,48,17,32124,всесезонная,женский,молодой
96.126.02,кошачий_глаз,комбинированный,синий,Ray-Ban,оптика,145,48,18,10954,всесезонная,мужской,молодой
96.126.03,круглая,пластик,серебряный,Prada,оптика,135,48,18,12482,всесезонная,унисекс,молодой
96.127.02,кошачий_глаз,комбинированный,золотой,Prada,оптика,145,46,17,44480,всесезонная,женский,средний
96.128.01,круглая,титан,серый,Polaroid,солнцезащитные,145,54,18,15904,летняя,унисекс,молодой
96.129.01,круглая,металл,черный,Prada,оптика,150,50,16,9518,всесезонная,женский,пожилой
96.129.02,овальная,пластик,золотой,Tom Ford,оптика,130,46,16,30370,всесезонная,женский,средний
96.129.03,круглая,титан,синий,Tom Ford,солнцезащитные,145,46,19,45124,летняя,мужской,молодой
96.184.04,прямоугольная,титан,белый,Gucci,солнцезащитные,135,50,18,7500,летняя,женский,молодой
96.367.02,квадратная,титан,серебряный,Valentino,оптика,150,48,15,25016,всесезонная,унисекс,пожилой
96.527.01,кошачий_глаз,пластик,серый,Oakley,солнцезащитные,150,54,16,22978,летняя,мужской,средний
96.527.02,квадратная,комбинированный,золотой,Lacoste,оптика,150,48,15,23800,всесезонная,унисекс,средний
96.527.03,овальная,комбинированный,серебряный,Oakley,солнцезащитные,150,48,17,10628,летняя,мужской,пожилой
96.535.02,овальная,металл,коричневый,Valentino,оптика,140,50,19,36864,всесезонная,мужской,молодой
96.535.03,круглая,комбинированный,белый,Tom Ford,оптика,135,54,18,45370,всесезонная,унисекс,молодой
96.620.02,круглая,комбинированный,серебряный,Prada,оптика,135,48,18,43546,всесезонная,унисекс,пожилой
96.620.03,прямоугольная,комбинированный,синий,Lacoste,солнцезащитные,145,46,20,21650,летняя,мужской,пожилой
96.850.01,прямоугольная,титан,серебряный,Ray-Ban,солнцезащитные,135,50,19,20489,летняя,женский,молодой
96.850.02,прямоугольная,металл,черный,Polaroid,солнцезащитные,145,50,19,12992,летняя,женский,молодой
961-12,квадратная,комбинированный,серый,Tom Ford,оптика,140,54,16,16846,всесезонная,унисекс,средний
96113-1,прямоугольная,комбинированный,серебряный,Lacoste,оптика,140,50,15,24672,всесезонная,женский,пожилой
96124-2,кошачий_глаз,металл,золотой,Ray-Ban,солнцезащитные,145,46,17,15673,летняя,женский,молодой
96160-1,кошачий_глаз,металл,белый,Ray-Ban,солнцезащитные,135,46,17,16742,летняя,женский,средний
96166-1,кошачий_глаз,металл,коричневый,Tom Ford,солнцезащитные,140,54,16,47908,летняя,унисекс,молодой
96166-2,круглая,пластик,синий,Valentino,оптика,150,54,18,14700,всесезонная,унисекс,пожилой
96166-3,квадратная,пластик,черный,Gucci,оптика,130,54,16,9012,всесезонная,женский,средний
96169-1,круглая,пластик,черный,Oakley,солнцезащитные,140,48,17,5049,летняя,женский,средний
96169-2,квадратная,титан,серебряный,Tom Ford,солнцезащитные,145,50,16,33284,летняя,женский,молодой
961B04-2,прямоугольная,комбинированный,золотой,Gucci,оптика,145,50,15,33618,всесезонная,унисекс,молодой
961B06-1,круглая,металл,черный,Lacoste,солнцезащитные,150,52,20,16605,летняя,унисекс,молодой
961B06-2,кошачий_глаз,пластик,коричневый,Gucci,солнцезащитные,145,54,19,38276,летняя,унисекс,молодой
961B08-1,квадратная,титан,золотой,Valentino,оптика,130,52,15,37494,всесезонная,мужской,молодой
961B08-2,квадратная,пластик,серый,Lacoste,оптика,145,54,15,11359,всесезонная,мужской,пожилой
962-11,кошачий_глаз,комбинированный,коричневый,Oakley,солнцезащитные,130,50,14,3721,летняя,мужской,пожилой
962-12,овальная,пластик,коричневый,Oakley,оптика,150,52,16,24811,всесезонная,женский,средний
962-13,овальная,пластик,серый,Oakley,оптика,130,46,16,15605,всесезонная,женский,средний
96221-1,круглая,пластик,серый,Tom Ford,солнцезащитные,135,48,20,9504,летняя,унисекс,средний
963-12,квадратная,титан,золотой,Prada,солнцезащитные,150,46,17,24764,летняя,унисекс,пожилой
963-3,квадратная,пластик,коричневый,Lacoste,солнцезащитные,140,48,19,7695,летняя,унисекс,пожилой
96304-1-4,прямоугольная,комбинированный,черный,Ray-Ban,оптика,140,48,15,16586,всесезонная,женский,пожилой
96306-1-C1,прямоугольная,комбинированный,серебряный,Valentino,солнцезащитные,140,50,18,9662,летняя,мужской,пожилой
96306-1-C4,овальная,пластик,синий,Tom Ford,солнцезащитные,145,52,18,19442,летняя,унисекс,пожилой
96405-2,круглая,пластик,серый,Ray-Ban,солнцезащитные,145,54,17,16624,летняя,женский,пожилой
96405-3,кошачий_глаз,металл,серый,Lacoste,оптика,130,46,14,15607,всесезонная,мужской,пожилой
96409-3,круглая,металл,черный,Gucci,солнцезащитные,145,46,16,15408,летняя,унисекс,средний
96410-1,овальная,титан,коричневый,Polaroid,солнцезащитные,140,46,15,24813,летняя,женский,средний
96413-3,овальная,комбинированный,коричневый,Prada,солнцезащитные,135,46,15,19794,летняя,мужской,молодой
96413-4,квадратная,металл,серый,Oakley,солнцезащитные,135,48,19,21541,летняя,мужской,молодой
965-11,кошачий_глаз,пластик,золотой,Prada,оптика,130,52,14,42178,всесезонная,унисекс,средний
965-12,овальная,комбинированный,золотой,Prada,солнцезащитные,145,52,20,38476,летняя,унисекс,средний
966-12,круглая,металл,синий,Prada,солнцезащитные,145,54,14,7562,летняя,унисекс,пожилой
966-13,круглая,комбинированный,золотой,Prada,оптика,145,46,19,14302,всесезонная,женский,молодой
96604-1,овальная,титан,синий,Polaroid,солнцезащитные,140,50,19,11916,летняя,унисекс,средний
967-11,квадратная,комбинированный,серебряный,Oakley,оптика,150,54,19,13036,всесезонная,женский,молодой
969-12,прямоугольная,пластик,золотой,Valentino,солнцезащитные,140,48,18,41524,летняя,унисекс,молодой
969-13,круглая,титан,коричневый,Gucci,оптика,135,50,15,42462,всесезонная,женский,средний
972-11,прямоугольная,комбинированный,серый,Oakley,солнцезащитные,130,46,17,13110,летняя,мужской,молодой
973-11,овальная,металл,черный,Gucci,оптика,135,52,20,47820,всесезонная,женский,молодой
973-13,квадратная,комбинированный,коричневый,Tom Ford,оптика,150,46,19,29630,всесезонная,унисекс,молодой
974-12,кошачий_глаз,пластик,серый,Gucci,солнцезащитные,135,50,14,32200,летняя,женский,средний
974-13,кошачий_глаз,металл,серебряный,Valentino,солнцезащитные,135,54,14,11352,летняя,мужской,молодой
974-GOLD,квадратная,комбинированный,серебряный,Polaroid,оптика,140,46,17,20165,всесезонная,унисекс,пожилой
974-GUN,кошачий_глаз,пластик,коричневый,Tom Ford,оптика,130,48,17,23302,всесезонная,мужской,средний
975-11,овальная,пластик,серебряный,Polaroid,солнцезащитные,140,52,15,23148,летняя,унисекс,средний
975-3,квадратная,пластик,коричневый,Ray-Ban,оптика,140,52,17,4639,всесезонная,унисекс,пожилой
979-2,кошачий_глаз,пластик,коричневый,Lacoste,оптика,145,50,16,19855,всесезонная,унисекс,средний
9809-1,квадратная,комбинированный,золотой,Lacoste,оптика,145,46,20,6796,всесезонная,женский,средний
9822-01,кошачий_глаз,металл,синий,Ray-Ban,солнцезащитные,150,50,18,8581,летняя,женский,молодой
98233-бронза-серый,квадратная,комбинированный,белый,Polaroid,солнцезащитные,150,46,20,23349,летняя,мужской,средний
98251-серебро-голубой,квадратная,пластик,серый,Oakley,солнцезащитные,145,46,19,16556,летняя,мужской,пожилой
98262-серебро-серый,кошачий_глаз,пластик,коричневый,Lacoste,оптика,150,50,16,3281,всесезонная,мужской,средний
98262-фиолетовый-серебро,круглая,пластик,черный,Lacoste,оптика,130,46,16,7632,всесезонная,унисекс,молодой
98306-голубой-серебро,прямоугольная,титан,белый,Prada,оптика,130,50,20,32334,всесезонная,женский,молодой
984-13,квадратная,металл,белый,Tom Ford,солнцезащитные,135,50,18,31904,летняя,женский,средний
985-11,круглая,металл,коричневый,Polaroid,оптика,150,50,14,18362,всесезонная,мужской,пожилой
987-GUN,кошачий_глаз,комбинированный,белый,Oakley,солнцезащитные,135,54,18,21748,летняя,мужской,средний
99011-7,прямоугольная,металл,серый,Tom Ford,оптика,130,54,17,47588,всесезонная,унисекс,пожилой
99021-2,кошачий_глаз,пластик,белый,Ray-Ban,оптика,145,48,18,13905,всесезонная,женский,пожилой
99022-7,квадратная,пластик,золотой,Oakley,солнцезащитные,145,54,18,4324,летняя,женский,средний
99103-1,квадратная,титан,серый,Prada,солнцезащитные,135,52,15,16160,летняя,унисекс,пожилой
99103-3,круглая,титан,серый,Ray-Ban,солнцезащитные,145,54,16,21207,летняя,женский,средний
99106-1,овальная,титан,коричневый,Oakley,солнцезащитные,130,46,16,24453,летняя,женский,молодой
99106-3,кошачий_глаз,титан,черный,Polaroid,солнцезащитные,145,54,15,5677,летняя,мужской,пожилой
99309-1,круглая,титан,черный,Tom Ford,солнцезащитные,150,48,17,38884,летняя,унисекс,молодой
99315-1-1,кошачий_глаз,пластик,синий,Tom Ford,оптика,150,52,16,18768,всесезонная,унисекс,средний
99315-1-3,круглая,пластик,серый,Prada,солнцезащитные,130,54,18,36400,летняя,мужской,средний
99318-1,кошачий_глаз,комбинированный,коричневый,Lacoste,оптика,135,54,15,24677,всесезонная,мужской,пожилой
99318-3,кошачий_глаз,титан,серебряный,Lacoste,оптика,135,54,18,21643,всесезонная,унисекс,молодой
99319-3,овальная,пластик,белый,Prada,оптика,145,48,16,9914,всесезонная,мужской,пожилой
99324-1,прямоугольная,комбинированный,синий,Valentino,оптика,135,48,19,36030,всесезонная,унисекс,пожилой
99324-3,кошачий_глаз,металл,черный,Prada,солнцезащитные,130,46,16,47602,летняя,мужской,средний
99324-4,круглая,титан,белый,Oakley,солнцезащитные,130,48,19,7579,летняя,женский,средний
99325-1,овальная,титан,золотой,Polaroid,солнцезащитные,135,52,15,19916,летняя,женский,пожилой
99325-2,квадратная,металл,черный,Gucci,солнцезащитные,140,50,18,37278,летняя,мужской,пожилой
99325-3,прямоугольная,комбинированный,серый,Oakley,солнцезащитные,135,54,16,10866,летняя,мужской,пожилой
99326-2,кошачий_глаз,титан,серебряный,Tom Ford,оптика,130,46,18,26224,всесезонная,женский,пожилой
99326-3,круглая,пластик,серебряный,Lacoste,солнцезащитные,135,52,17,8798,летняя,унисекс,молодой
99326-4,кошачий_глаз,металл,синий,Oakley,оптика,135,54,20,13634,всесезонная,женский,молодой
99327-2,овальная,комбинированный,золотой,Oakley,солнцезащитные,145,50,18,23382,летняя,женский,молодой
99328-1,круглая,комбинированный,белый,Ray-Ban,оптика,150,52,18,9121,всесезонная,женский,молодой
99328-2,овальная,металл,синий,Tom Ford,оптика,135,48,14,10382,всесезонная,унисекс,молодой
99330-1,прямоугольная,титан,черный,Ray-Ban,оптика,150,54,19,10619,всесезонная,унисекс,пожилой
99330-2,кошачий_глаз,комбинированный,синий,Oakley,солнцезащитные,130,48,20,9584,летняя,унисекс,средний
99330-3,кошачий_глаз,пластик,коричневый,Valentino,солнцезащитные,145,46,17,16580,летняя,женский,молодой
99331-1,круглая,титан,черный,Tom Ford,солнцезащитные,150,48,19,42280,летняя,мужской,средний
99331-2,прямоугольная,комбинированный,синий,Ray-Ban,солнцезащитные,140,48,16,9254,летняя,женский,молодой
99331-3,круглая,титан,серый,Lacoste,оптика,130,54,16,9252,всесезонная,унисекс,молодой
99332-1,прямоугольная,металл,серебряный,Gucci,солнцезащитные,150,52,18,7206,летняя,женский,молодой
99332-2,прямоугольная,пластик,синий,Prada,оптика,145,50,20,6770,всесезонная,мужской,пожилой
99332-3,круглая,пластик,белый,Lacoste,оптика,130,46,20,8297,всесезонная,унисекс,молодой
99332-4,овальная,комбинированный,синий,Polaroid,солнцезащитные,140,50,15,13249,летняя,унисекс,средний
99333-1,прямоугольная,металл,черный,Prada,оптика,130,52,15,48120,всесезонная,женский,молодой
99333-2,прямоугольная,пластик,коричневый,Lacoste,оптика,135,54,16,22059,всесезонная,мужской,пожилой
99333-3,овальная,пластик,серый,Prada,солнцезащитные,145,54,16,35280,летняя,унисекс,молодой
99333-4,квадратная,титан,коричневый,Tom Ford,солнцезащитные,135,54,14,9764,летняя,унисекс,средний
99334-1,квадратная,пластик,серебряный,Gucci,оптика,135,54,18,25250,всесезонная,женский,молодой
99334-2,квадратная,титан,синий,Valentino,солнцезащитные,130,50,18,23574,летняя,унисекс,пожилой
99334-3,круглая,пластик,черный,Polaroid,солнцезащитные,145,46,18,22700,летняя,мужской,пожилой
99335-1,квадратная,титан,серый,Valentino,оптика,130,46,20,12592,всесезонная,женский,молодой
99336-1,квадратная,титан,коричневый,Polaroid,оптика,135,48,20,9224,всесезонная,женский,молодой
99336-2,овальная,металл,серебряный,Gucci,солнцезащитные,130,52,18,34096,летняя,мужской,пожилой
99601-1,круглая,комбинированный,белый,Prada,оптика,150,54,20,36056,всесезонная,унисекс,пожилой
99601-2,прямоугольная,комбинированный,золотой,Tom Ford,солнцезащитные,140,46,16,14352,летняя,унисекс,пожилой
99605-1,прямоугольная,титан,белый,Polaroid,солнцезащитные,135,50,18,23432,летняя,женский,средний
99605-2,кошачий_глаз,металл,синий,Tom Ford,оптика,140,52,15,25630,всесезонная,мужской,пожилой
99608-1,прямоугольная,титан,золотой,Lacoste,оптика,145,46,14,18102,всесезонная,мужской,пожилой
99608-2,квадратная,титан,серый,Tom Ford,солнцезащитные,140,52,18,21732,летняя,женский,молодой
99609-1,круглая,металл,золотой,Polaroid,оптика,145,52,19,3306,всесезонная,мужской,молодой
99615-1,квадратная,титан,золотой,Ray-Ban,оптика,135,48,15,20335,всесезонная,унисекс,пожилой
99615-2,круглая,титан,черный,Tom Ford,оптика,130,48,17,49682,всесезонная,женский,пожилой
A01063B-2,квадратная,комбинированный,белый,Ray-Ban,оптика,130,46,17,22335,всесезонная,женский,молодой
A01064B-2,прямоугольная,комбинированный,белый,Polaroid,оптика,150,46,19,12479,всесезонная,мужской,пожилой
A01068C-1,круглая,титан,черный,Oakley,оптика,150,48,20,14586,всесезонная,унисекс,средний
A01068C-3,квадратная,металл,коричневый,Ray-Ban,солнцезащитные,145,54,14,22475,летняя,женский,пожилой
A01071A-1,прямоугольная,пластик,серебряный,Lacoste,оптика,145,46,20,22813,всесезонная,женский,средний
A01074A-1,прямоугольная,пластик,коричневый,Ray-Ban,оптика,135,48,17,20561,всесезонная,мужской,молодой
A01074A-2,кошачий_глаз,комбинированный,серый,Gucci,оптика,130,54,16,16716,всесезонная,мужской,пожилой
A01096-1,овальная,пластик,черный,Tom Ford,солнцезащитные,150,48,15,23558,летняя,мужской,молодой
A01096-4,квадратная,пластик,серебряный,Prada,солнцезащитные,130,54,18,7308,летняя,унисекс,пожилой
A01097-1,круглая,металл,черный,Prada,оптика,130,46,17,33798,всесезонная,мужской,молодой
A01102-2,квадратная,комбинированный,синий,Valentino,оптика,135,46,15,21260,всесезонная,женский,средний
A01105-2,прямоугольная,металл,белый,Tom Ford,оптика,140,52,19,34142,всесезонная,унисекс,средний
A01106A-1,овальная,титан,серебряный,Tom Ford,солнцезащитные,150,52,16,18248,летняя,мужской,молодой
A01107-1,прямоугольная,металл,черный,Ray-Ban,солнцезащитные,135,52,19,5434,летняя,женский,пожилой
A01107-2,квадратная,титан,черный,Gucci,оптика,135,46,14,27432,всесезонная,женский,средний
A70S-09FE,прямоугольная,титан,коричневый,Valentino,солнцезащитные,145,54,14,21392,летняя,унисекс,средний
A74-09MA,круглая,комбинированный,серебряный,Lacoste,оптика,130,50,16,11685,всесезонная,унисекс,средний
A76S-P52,овальная,металл,золотой,Valentino,оптика,135,46,14,44896,всесезонная,мужской,средний
A99-9JC,круглая,титан,серый,Prada,солнцезащитные,145,48,14,15412,летняя,мужской,пожилой
AA 015-93,кошачий_глаз,пластик,серый,Valentino,солнцезащитные,130,52,18,43518,летняя,унисекс,средний
AA 044-06,квадратная,комбинированный,коричневый,Gucci,оптика,130,48,14,14070,всесезонная,мужской,пожилой
AA 044-67,квадратная,пластик,черный,Prada,солнцезащитные,130,50,17,42450,летняя,женский,молодой
AA 123-71,овальная,титан,золотой,Polaroid,солнцезащитные,145,50,17,11960,летняя,мужской,средний
ACAJOU 2-BG06,круглая,комбинированный,черный,Valentino,солнцезащитные,150,52,18,34546,летняя,женский,средний
ACY-GB-BR,круглая,титан,золотой,Lacoste,солнцезащитные,130,46,20,23129,летняя,унисекс,молодой
ADAM-01,овальная,титан,коричневый,Oakley,оптика,130,54,17,10681,всесезонная,мужской,молодой
ALEZAN 3-NV06,овальная,титан,черный,Tom Ford,солнцезащитные,130,54,20,42388,летняя,мужской,молодой
ALEZAN 5-BO11,круглая,пластик,коричневый,Gucci,солнцезащитные,140,50,17,17704,летняя,унисекс,средний
ALEZAN 5-GR12,кошачий_глаз,металл,коричневый,Polaroid,оптика,130,50,15,3807,всесезонная,мужской,молодой
ALMA-GLB-CP,прямоугольная,металл,черный,Ray-Ban,солнцезащитные,150,46,14,18075,летняя,женский,молодой
ALMA-GLS-PUB,овальная,пластик,серый,Oakley,оптика,130,54,18,16442,всесезонная,унисекс,средний
AMALIA-BKPG,квадратная,пластик,коричневый,Polaroid,солнцезащитные,150,46,14,8921,летняя,женский,молодой
AMETHYSTE 1-NP01,прямоугольная,металл,серебряный,Tom Ford,оптика,145,52,16,22318,всесезонная,мужской,пожилой
AMETHYSTE 1-RP02,круглая,титан,черный,Ray-Ban,солнцезащитные,145,54,15,20311,летняя,унисекс,пожилой
AMETHYSTE 2-VD05,овальная,пластик,серебряный,Valentino,солнцезащитные,140,52,19,27852,летняя,унисекс,средний
AMETHYSTE 3-NP09,овальная,титан,коричневый,Oakley,оптика,145,48,19,23081,всесезонная,мужской,средний
AMORLY-408-A-02,кошачий_глаз,комбинированный,серый,Valentino,оптика,150,54,17,20470,всесезонная,женский,молодой
ANDER-01,круглая,титан,синий,Tom Ford,оптика,145,48,17,12774,всесезонная,женский,пожилой
ANDER-04,овальная,комбинированный,серый,Oakley,солнцезащитные,150,54,17,15626,летняя,мужской,средний
ANETT-PU,овальная,пластик,коричневый,Valentino,солнцезащитные,145,48,19,21734,летняя,женский,пожилой
ANN-CR-YL,овальная,металл,серебряный,Valentino,оптика,145,46,15,10624,всесезонная,унисекс,молодой
ANNA-1,кошачий_глаз,металл,черный,Polaroid,солнцезащитные,135,54,19,10461,летняя,мужской,молодой
ANTIBES-RUTHENIUM,кошачий_глаз,комбинированный,серебряный,Ray-Ban,оптика,150,54,14,4307,всесезонная,женский,молодой
AR 002-67,прямоугольная,комбинированный,коричневый,Polaroid,оптика,150,46,18,20635,всесезонная,женский,средний
ARMIN-084,овальная,металл,синий,Lacoste,солнцезащитные,140,48,16,12423,летняя,женский,молодой
ARNY-GLB-BRM,овальная,металл,коричневый,Gucci,солнцезащитные,135,48,16,21800,летняя,мужской,пожилой
ARPEGE 2-PP04,квадратная,пластик,серебряный,Ray-Ban,солнцезащитные,140,54,14,15180,летняя,унисекс,средний
ARPEGE 4-ND11,круглая,пластик,коричневый,Prada,оптика,150,52,17,30928,всесезонная,унисекс,средний
ASTRO - 06,квадратная,пластик,синий,Oakley,оптика,145,52,20,22900,всесезонная,мужской,молодой
ASTRO - 09,прямоугольная,металл,серый,Lacoste,оптика,135,54,19,13311,всесезонная,женский,средний
AUSTIN-GLB-PL,овальная,пластик,коричневый,Valentino,солнцезащитные,150,52,20,44244,летняя,мужской,пожилой
B-126-3,прямоугольная,металл,белый,Valentino,оптика,150,46,20,27292,всесезонная,мужской,пожилой
B-133-1,овальная,пластик,коричневый,Gucci,оптика,130,52,20,20270,всесезонная,унисекс,молодой
B-153-2,круглая,пластик,золотой,Lacoste,оптика,145,54,19,9163,всесезонная,женский,средний
B02-09QL,кошачий_глаз,титан,коричневый,Gucci,оптика,140,54,20,26404,всесезонная,унисекс,средний
B06-0700,овальная,титан,золотой,Polaroid,солнцезащитные,130,52,20,22105,летняя,женский,пожилой
B11S-09SW,квадратная,титан,черный,Tom Ford,солнцезащитные,135,46,19,41888,летняя,женский,пожилой
B29-0743,круглая,комбинированный,серый,Polaroid,солнцезащитные,145,50,17,22342,летняя,унисекс,средний
B30-0GL9,прямоугольная,пластик,белый,Lacoste,оптика,145,46,15,6975,всесезонная,унисекс,средний
B58S-9AT,квадратная,металл,черный,Valentino,солнцезащитные,130,46,19,14850,летняя,мужской,молодой
B66-09DN,квадратная,пластик,белый,Polaroid,оптика,145,52,18,11455,всесезонная,женский,пожилой
B66V-03KA,прямоугольная,пластик,золотой,Lacoste,солнцезащитные,150,46,14,12662,летняя,мужской,пожилой
B66V-0700,кошачий_глаз,титан,серый,Oakley,оптика,150,54,18,24595,всесезонная,унисекс,средний
B70-0700,квадратная,титан,белый,Lacoste,оптика,145,46,19,5666,всесезонная,мужской,средний
B957-571,овальная,комбинированный,коричневый,Polaroid,оптика,130,54,18,13201,всесезонная,мужской,пожилой
B974-689,квадратная,металл,серебряный,Polaroid,солнцезащитные,140,52,17,18411,летняя,мужской,пожилой
B996-001,кошачий_глаз,комбинированный,серый,Valentino,солнцезащитные,140,48,16,24006,летняя,женский,молодой
B998-401,прямоугольная,металл,синий,Polaroid,оптика,135,50,14,20560,всесезонная,женский,пожилой
B998-402,круглая,металл,золотой,Oakley,солнцезащитные,130,52,19,14681,летняя,унисекс,пожилой
BAGAJ - B9-02,прямоугольная,пластик,коричневый,Prada,оптика,145,48,15,36496,всесезонная,унисекс,средний
BARBER-003,кошачий_глаз,комбинированный,серый,Gucci,солнцезащитные,140,52,16,18698,летняя,мужской,пожилой
BASILIO-01,квадратная,комбинированный,синий,Prada,оптика,150,46,15,13980,всесезонная,женский,молодой
BB001-BLK,овальная,пластик,синий,Tom Ford,оптика,150,54,14,41708,всесезонная,мужской,пожилой
BEE-10.3,прямоугольная,металл,черный,Oakley,оптика,145,46,16,17211,всесезонная,унисекс,пожилой
BELIEVER-506-52-04 GLD,овальная,пластик,золотой,Polaroid,оптика,150,46,16,5862,всесезонная,унисекс,молодой
BIRMINGHAM-G0215TB00O,квадратная,металл,коричневый,Ray-Ban,оптика,140,54,14,16531,всесезонная,мужской,средний
BL07-SILVER,овальная,титан,синий,Lacoste,солнцезащитные,145,52,16,23372,летняя,унисекс,средний
Black Label ABIGAIL-2,кошачий_глаз,титан,синий,Ray-Ban,солнцезащитные,140,46,20,21232,летняя,мужской,молодой
Black Label ABIGAIL-3,овальная,металл,серебряный,Lacoste,солнцезащитные,145,52,18,23043,летняя,мужской,пожилой
Black Label ALEX-2,кошачий_глаз,титан,серебряный,Valentino,оптика,145,50,17,39336,всесезонная,унисекс,средний
Black Label AMBER-2,прямоугольная,металл,коричневый,Tom Ford,оптика,140,48,14,45430,всесезонная,мужской,пожилой
Black Label AMBER-3,кошачий_глаз,металл,серебряный,Lacoste,оптика,140,46,15,15933,всесезонная,унисекс,молодой
Black Label ANGEL-1,квадратная,пластик,серый,Gucci,солнцезащитные,145,50,16,22284,летняя,унисекс,средний
Black Label ANGEL-2,прямоугольная,металл,черный,Polaroid,оптика,140,50,18,14961,всесезонная,унисекс,молодой
Black Label ANGEL-3,квадратная,комбинированный,золотой,Polaroid,солнцезащитные,150,48,19,14332,летняя,женский,молодой
Black Label ANNABELLE-3,квадратная,комбинированный,серебряный,Valentino,оптика,130,46,17,45256,всесезонная,женский,молодой
Black Label BELLA-1,круглая,металл,серый,Gucci,оптика,145,50,18,39552,всесезонная,женский,средний
Black Label CAROLINE-1,круглая,пластик,золотой,Prada,солнцезащитные,135,50,18,23792,летняя,мужской,средний
Black Label CAROLINE-2,овальная,металл,синий,Gucci,солнцезащитные,135,50,19,14012,летняя,унисекс,средний
Black Label CATHERINE-1,прямоугольная,титан,черный,Gucci,солнцезащитные,150,50,17,37032,летняя,мужской,средний
Black Label CHER-2,квадратная,титан,черный,Ray-Ban,оптика,145,50,19,5966,всесезонная,унисекс,пожилой
Black Label DARCEY-2,квадратная,пластик,белый,Lacoste,оптика,140,48,20,7120,всесезонная,мужской,средний
Black Label FIONA-6012,прямоугольная,металл,серебряный,Lacoste,солнцезащитные,135,52,16,9317,летняя,женский,средний
Black Label FREYA-9111,кошачий_глаз,металл,черный,Tom Ford,оптика,150,52,19,21478,всесезонная,женский,средний
Black Label GABBY-5245,кошачий_глаз,титан,серебряный,Prada,оптика,130,46,18,28316,всесезонная,унисекс,пожилой
Black Label HAZEL-1,прямоугольная,пластик,серый,Gucci,оптика,145,54,20,31474,всесезонная,унисекс,пожилой
Black Label ISABELLE-1,прямоугольная,комбинированный,коричневый,Ray-Ban,солнцезащитные,150,52,15,16050,летняя,унисекс,средний
Black Label ISABELLE-3,квадратная,пластик,серебряный,Ray-Ban,оптика,130,52,19,18017,всесезонная,унисекс,молодой
Black Label JACKIE-1,овальная,пластик,коричневый,Tom Ford,солнцезащитные,140,50,16,17164,летняя,унисекс,средний
Black Label JACKIE-2,квадратная,металл,черный,Prada,солнцезащитные,150,46,14,28608,летняя,женский,пожилой
Black Label JACKIE-3,квадратная,пластик,коричневый,Valentino,солнцезащитные,145,48,19,19912,летняя,мужской,молодой
Black Label KRISTINA-2,прямоугольная,комбинированный,белый,Ray-Ban,солнцезащитные,135,50,15,23705,летняя,унисекс,пожилой
Black Label KRISTINA-3,овальная,комбинированный,синий,Ray-Ban,оптика,135,54,19,6719,всесезонная,унисекс,пожилой
Black Label LILY-1,прямоугольная,пластик,белый,Gucci,солнцезащитные,130,50,17,48258,летняя,женский,средний
Black Label LILY-2,кошачий_глаз,комбинированный,серый,Polaroid,солнцезащитные,150,52,16,10535,летняя,мужской,молодой
Black Label MAISIE-2,квадратная,комбинированный,коричневый,Ray-Ban,оптика,130,48,19,17321,всесезонная,мужской,средний
Black Label MANDY-1,кошачий_глаз,металл,серый,Ray-Ban,оптика,150,46,18,4717,всесезонная,унисекс,молодой
Black Label NATALIE-3,кошачий_глаз,пластик,черный,Tom Ford,оптика,140,50,15,25848,всесезонная,мужской,пожилой
Black Label PAUL-3,прямоугольная,пластик,серебряный,Oakley,солнцезащитные,145,46,15,23780,летняя,унисекс,молодой
Black Label PETRA-1,прямоугольная,металл,серебряный,Oakley,солнцезащитные,150,50,15,5706,летняя,мужской,средний
Black Label PIPPA-3,прямоугольная,титан,серый,Valentino,солнцезащитные,145,50,16,6198,летняя,унисекс,пожилой
Black Label ROWAN-2,круглая,комбинированный,золотой,Ray-Ban,солнцезащитные,135,52,20,9813,летняя,унисекс,молодой
Black Label THEO-1,прямоугольная,комбинированный,серебряный,Lacoste,оптика,140,46,19,14405,всесезонная,мужской,средний
Black Label WALTER-2,кошачий_глаз,титан,черный,Gucci,оптика,135,50,14,16372,всесезонная,унисекс,средний
BLAIR-3,прямоугольная,металл,серебряный,Tom Ford,оптика,145,46,15,17274,всесезонная,унисекс,пожилой
BOZZELLI-01,прямоугольная,титан,белый,Valentino,солнцезащитные,130,54,18,9922,летняя,мужской,пожилой
BR2116-04,кошачий_глаз,титан,золотой,Oakley,солнцезащитные,145,54,18,20148,летняя,мужской,пожилой
BR3085-01,овальная,комбинированный,черный,Prada,оптика,150,54,19,19012,всесезонная,унисекс,средний
BR4007-03,овальная,металл,черный,Gucci,солнцезащитные,130,52,20,49234,летняя,мужской,молодой
BR5023-02A,овальная,титан,серый,Ray-Ban,солнцезащитные,150,54,15,10789,летняя,мужской,молодой
BR5044A-03,кошачий_глаз,пластик,серый,Prada,оптика,130,48,20,20526,всесезонная,унисекс,пожилой
BR5049-01,кошачий_глаз,пластик,черный,Valentino,оптика,130,48,17,20272,всесезонная,унисекс,средний
BR5053-03,кошачий_глаз,металл,серый,Oakley,оптика,135,50,18,24779,всесезонная,мужской,пожилой
BR5054-04,прямоугольная,металл,белый,Tom Ford,солнцезащитные,135,48,18,21912,летняя,мужской,пожилой
BR5054-05,квадратная,комбинированный,синий,Oakley,оптика,130,50,14,15552,всесезонная,женский,молодой
BR5067-01,круглая,пластик,белый,Oakley,оптика,150,54,14,23598,всесезонная,женский,средний
BR5067-03,кошачий_глаз,комбинированный,золотой,Tom Ford,солнцезащитные,140,46,16,40392,летняя,унисекс,средний
BR5073-03,круглая,металл,коричневый,Gucci,оптика,145,46,16,28510,всесезонная,мужской,пожилой
BR5096-02,круглая,титан,золотой,Gucci,оптика,130,46,19,12046,всесезонная,унисекс,средний
BR6017-02,квадратная,титан,черный,Gucci,оптика,145,48,17,48866,всесезонная,мужской,пожилой
BR6022-01А,прямоугольная,комбинированный,серый,Oakley,солнцезащитные,150,54,16,18125,летняя,женский,молодой
BR6037-01,прямоугольная,металл,золотой,Oakley,солнцезащитные,130,50,19,12836,летняя,женский,молодой
BR6037-02,квадратная,металл,золотой,Oakley,солнцезащитные,140,46,20,22781,летняя,унисекс,средний
BR6048-01,кошачий_глаз,пластик,золотой,Polaroid,солнцезащитные,130,48,18,9712,летняя,женский,средний
BR6065-02,кошачий_глаз,титан,синий,Prada,оптика,130,54,16,47480,всесезонная,женский,пожилой
BR6067-01,квадратная,пластик,коричневый,Ray-Ban,оптика,135,52,14,6898,всесезонная,женский,молодой
BR6067-02,кошачий_глаз,металл,черный,Valentino,оптика,135,46,19,11028,всесезонная,женский,средний
BR7015-02,прямоугольная,металл,золотой,Tom Ford,оптика,130,52,15,36098,всесезонная,мужской,пожилой
BR7019-01,квадратная,пластик,серебряный,Lacoste,оптика,135,54,14,15510,всесезонная,мужской,пожилой
BR7019-03,квадратная,титан,черный,Ray-Ban,оптика,130,52,14,11729,всесезонная,унисекс,пожилой
BR7028-01,круглая,комбинированный,серый,Valentino,солнцезащитные,145,50,17,33638,летняя,женский,пожилой
BR7036-01,овальная,пластик,золотой,Polaroid,оптика,130,46,20,5828,всесезонная,унисекс,молодой
BR7046-01,квадратная,пластик,черный,Lacoste,солнцезащитные,130,52,14,17256,летняя,унисекс,молодой
BR7046-03,квадратная,пластик,синий,Lacoste,солнцезащитные,135,48,16,21501,летняя,мужской,средний
BRAGANZA-WHGR,кошачий_глаз,металл,синий,Oakley,солнцезащитные,135,48,19,4569,летняя,женский,средний
BREMEN-G0218TB00O,круглая,пластик,коричневый,Oakley,оптика,150,48,20,3541,всесезонная,женский,средний
BREMEN-G09SN000O4,квадратная,металл,белый,Polaroid,оптика,150,50,14,13943,всесезонная,унисекс,молодой
BREMEN-G09TB000O4,круглая,пластик,белый,Valentino,оптика,145,54,20,6880,всесезонная,мужской,средний
BREMEN-G13SN000O4,овальная,титан,серебряный,Oakley,оптика,145,48,20,15475,всесезонная,мужской,молодой
BREMEN-G13TB000O4,прямоугольная,пластик,серый,Lacoste,оптика,150,52,17,22722,всесезонная,унисекс,пожилой
BRIGADE-V-142A,круглая,металл,черный,Gucci,солнцезащитные,140,50,14,46370,летняя,женский,молодой
BRISTOL-G0287TB00O,квадратная,комбинированный,белый,Oakley,солнцезащитные,140,50,14,17399,летняя,женский,молодой
BRJ2120-01,прямоугольная,пластик,черный,Lacoste,солнцезащитные,150,50,16,3390,летняя,мужской,пожилой
BRJ2121-02,кошачий_глаз,пластик,черный,Oakley,оптика,145,50,19,20146,всесезонная,мужской,средний
BRJ2122-01,квадратная,металл,коричневый,Lacoste,солнцезащитные,140,48,15,8514,летняя,мужской,средний
BRJ2123-01,прямоугольная,металл,коричневый,Tom Ford,солнцезащитные,140,46,17,23900,летняя,женский,пожилой
BRJ2126-01,круглая,комбинированный,коричневый,Oakley,солнцезащитные,140,50,20,13352,летняя,женский,средний
BRJ2129-03,квадратная,комбинированный,золотой,Prada,оптика,140,54,19,9702,всесезонная,женский,средний
BRJ2130-01A,кошачий_глаз,титан,синий,Valentino,солнцезащитные,150,52,20,36336,летняя,мужской,пожилой
BRJ2130-03A,овальная,комбинированный,черный,Ray-Ban,оптика,140,48,17,10861,всесезонная,женский,средний
BRJ2131-01А,кошачий_глаз,титан,черный,Tom Ford,оптика,135,50,15,6518,всесезонная,мужской,молодой
BRJ2136-02,прямоугольная,титан,белый,Gucci,оптика,130,50,17,9332,всесезонная,мужской,молодой
BRJ2139-02,квадратная,металл,черный,Oakley,оптика,130,50,14,14553,всесезонная,женский,молодой
BRJ2142-02,овальная,титан,белый,Tom Ford,оптика,150,48,16,28478,всесезонная,мужской,молодой
BRJ2143-01,прямоугольная,металл,золотой,Lacoste,оптика,130,50,16,24326,всесезонная,женский,молодой
BRJ2143-03,кошачий_глаз,металл,синий,Ray-Ban,оптика,145,48,18,16064,всесезонная,унисекс,пожилой
BRJ2145-01,круглая,металл,коричневый,Polaroid,солнцезащитные,140,48,18,19328,летняя,унисекс,молодой
BRJ2145-02,квадратная,пластик,коричневый,Polaroid,оптика,130,48,16,5057,всесезонная,унисекс,средний
BRJ2145-03,кошачий_глаз,комбинированный,черный,Oakley,оптика,150,50,20,6603,всесезонная,унисекс,пожилой
BRJ3093-01,овальная,титан,коричневый,Polaroid,солнцезащитные,140,54,16,21703,летняя,унисекс,молодой
BRJ3096-01,квадратная,комбинированный,серый,Polaroid,оптика,145,54,19,18088,всесезонная,унисекс,молодой
BRJ3096-03,круглая,металл,серый,Tom Ford,солнцезащитные,130,52,16,24098,летняя,мужской,средний
BRJ3100-01,овальная,пластик,золотой,Oakley,оптика,135,46,16,8212,всесезонная,унисекс,молодой
BRJ3100-02,кошачий_глаз,пластик,белый,Tom Ford,оптика,150,52,14,35272,всесезонная,мужской,пожилой
BRJ4012-02,круглая,комбинированный,золотой,Polaroid,оптика,135,46,14,9914,всесезонная,унисекс,молодой
BRJ4012-03,круглая,металл,коричневый,Valentino,оптика,135,48,20,23602,всесезонная,мужской,молодой
BRJ4017-01,прямоугольная,комбинированный,золотой,Tom Ford,солнцезащитные,145,46,18,45984,летняя,унисекс,пожилой
BRJ4017-02,овальная,металл,синий,Polaroid,солнцезащитные,135,54,14,20459,летняя,унисекс,средний
BRJ4017-03,овальная,комбинированный,синий,Oakley,оптика,150,52,19,4133,всесезонная,женский,средний
BRJ4019-03,прямоугольная,титан,золотой,Oakley,оптика,150,48,17,15700,всесезонная,мужской,средний
BRJ4027-03,круглая,металл,серебряный,Valentino,оптика,140,50,20,43522,всесезонная,унисекс,средний
BRJ4028-02,овальная,пластик,синий,Polaroid,оптика,145,54,14,9209,всесезонная,унисекс,средний
BRJ4029-01,овальная,пластик,синий,Lacoste,оптика,130,54,14,19456,всесезонная,унисекс,молодой
BRJ4035-03,квадратная,титан,серебряный,Gucci,солнцезащитные,135,46,20,36446,летняя,унисекс,пожилой
BROADWAY-PG,овальная,пластик,коричневый,Lacoste,солнцезащитные,145,52,20,17113,летняя,женский,пожилой
BRUTAL-13RD,круглая,титан,серый,Tom Ford,оптика,130,46,14,47086,всесезонная,женский,пожилой
BRUTAL-25-BKCH,кошачий_глаз,титан,серый,Valentino,солнцезащитные,145,52,16,49010,летняя,унисекс,молодой
BS8064-01A,круглая,металл,черный,Lacoste,оптика,135,54,19,14510,всесезонная,женский,молодой
BS8064-02,овальная,комбинированный,серый,Prada,оптика,135,54,17,32816,всесезонная,женский,молодой
BS9028-02,овальная,комбинированный,серый,Prada,солнцезащитные,145,54,16,32464,летняя,мужской,средний
BSJ5085-01,прямоугольная,комбинированный,белый,Prada,солнцезащитные,145,52,16,30376,летняя,унисекс,молодой
BSJ5111-01,круглая,пластик,коричневый,Tom Ford,солнцезащитные,140,52,15,29482,летняя,мужской,молодой
BSJ5122-03,квадратная,титан,белый,Gucci,оптика,140,48,16,43530,всесезонная,унисекс,средний
BSJ5127-02,квадратная,комбинированный,синий,Ray-Ban,оптика,140,50,15,22833,всесезонная,унисекс,молодой
BSJ5127-03,прямоугольная,комбинированный,белый,Ray-Ban,оптика,140,46,19,9119,всесезонная,мужской,молодой
BSJ5134-03,круглая,металл,черный,Polaroid,оптика,130,50,19,24039,всесезонная,мужской,пожилой
BSJ5136-02,кошачий_глаз,титан,золотой,Ray-Ban,солнцезащитные,130,46,14,20423,летняя,женский,средний
BSJ5142-03,кошачий_глаз,комбинированный,синий,Prada,оптика,130,54,15,22238,всесезонная,мужской,молодой
BSJ5143-02,прямоугольная,металл,синий,Oakley,солнцезащитные,145,48,17,5818,летняя,мужской,средний
BSJ5144-03,прямоугольная,пластик,золотой,Prada,солнцезащитные,130,54,18,37812,летняя,женский,молодой
BSJ6048-01А,овальная,пластик,белый,Gucci,солнцезащитные,130,50,18,12316,летняя,унисекс,пожилой
BSJ6049-02А,кошачий_глаз,пластик,белый,Ray-Ban,солнцезащитные,145,46,15,8815,летняя,женский,средний
BSJ6057-01,квадратная,пластик,серебряный,Valentino,солнцезащитные,140,54,19,21952,летняя,унисекс,молодой
BSJ6065-01,круглая,металл,серый,Oakley,солнцезащитные,135,50,18,21971,летняя,женский,средний
BSJ6831-01,прямоугольная,титан,серый,Oakley,солнцезащитные,135,46,18,13438,летняя,мужской,пожилой
BSJ6832-03,овальная,комбинированный,синий,Prada,оптика,130,50,17,29586,всесезонная,унисекс,пожилой
BSJ6833-01,квадратная,титан,белый,Prada,солнцезащитные,150,52,17,34044,летняя,женский,пожилой
BSJ6833-02,овальная,металл,синий,Gucci,оптика,150,52,18,23440,всесезонная,женский,пожилой
BSJ6835-01,квадратная,пластик,золотой,Valentino,оптика,135,46,20,14386,всесезонная,унисекс,пожилой
BSJ6840-02,квадратная,пластик,серый,Prada,солнцезащитные,150,54,16,11154,летняя,унисекс,молодой
BT0041-2,овальная,металл,серебряный,Lacoste,оптика,135,54,15,21330,всесезонная,унисекс,пожилой
BT0041-3,круглая,титан,серый,Polaroid,солнцезащитные,145,54,18,11283,летняя,мужской,молодой
BUCCIA 1-2013,прямоугольная,пластик,серебряный,Prada,оптика,130,46,15,40338,всесезонная,мужской,пожилой
BULGE-BK-SS,квадратная,комбинированный,серебряный,Oakley,оптика,145,52,17,11493,всесезонная,унисекс,молодой
C 2703 B,овальная,металл,белый,Valentino,солнцезащитные,150,52,20,41448,летняя,мужской,молодой
C 2705 C,квадратная,металл,белый,Tom Ford,солнцезащитные,135,48,17,40346,летняя,мужской,молодой
C 2707 B,кошачий_глаз,титан,золотой,Prada,оптика,150,48,15,14690,всесезонная,мужской,пожилой
CARLINI-005,овальная,металл,серый,Gucci,солнцезащитные,135,50,16,45752,летняя,женский,молодой
CARRERA 4417-FLL,кошачий_глаз,комбинированный,синий,Prada,оптика,140,48,20,47520,всесезонная,женский,пожилой
CARRERA 8884-4NZ,круглая,пластик,коричневый,Tom Ford,солнцезащитные,150,46,20,18448,летняя,унисекс,молодой
CARRERA 8884-R80,овальная,пластик,золотой,Gucci,оптика,140,52,18,18652,всесезонная,мужской,средний
CASSINI-304C,овальная,титан,синий,Ray-Ban,оптика,150,54,18,21183,всесезонная,унисекс,молодой
CECILE-1A,круглая,титан,коричневый,Polaroid,солнцезащитные,140,46,19,11560,летняя,женский,средний
Charles Stone 30087-2,прямоугольная,металл,синий,Ray-Ban,оптика,150,48,16,12324,всесезонная,женский,пожилой
Charles Stone 30089-1,квадратная,титан,белый,Gucci,солнцезащитные,130,46,19,43712,летняя,женский,молодой
Charles Stone 30089-3,прямоугольная,пластик,синий,Prada,оптика,135,50,20,46642,всесезонная,женский,средний
Charles Stone 30094-1,круглая,пластик,синий,Ray-Ban,оптика,145,48,15,23597,всесезонная,мужской,средний
Charles Stone 30098-2,овальная,пластик,серый,Oakley,солнцезащитные,150,54,15,15059,летняя,женский,пожилой
Charles Stone 30099-3,овальная,пластик,синий,Gucci,оптика,140,50,17,49438,всесезонная,мужской,пожилой
Charles Stone 30102-1,квадратная,пластик,черный,Valentino,оптика,140,50,16,48104,всесезонная,женский,молодой
Charles Stone 30102-2,круглая,титан,синий,Gucci,солнцезащитные,135,50,20,16342,летняя,женский,пожилой
Charles Stone 30102-3,квадратная,титан,золотой,Ray-Ban,оптика,130,48,17,10551,всесезонная,унисекс,пожилой
Charles Stone 30103-1,круглая,пластик,серебряный,Prada,оптика,150,54,19,22596,всесезонная,унисекс,молодой
Charles Stone 30103-3,овальная,металл,коричневый,Oakley,оптика,135,50,17,7795,всесезонная,унисекс,пожилой
Charles Stone 30104-1,овальная,комбинированный,золотой,Prada,солнцезащитные,135,50,14,10040,летняя,женский,пожилой
Charles Stone 30104-3,овальная,пластик,серый,Polaroid,солнцезащитные,145,50,19,3605,летняя,женский,пожилой
Charles Stone 30111-1,квадратная,металл,синий,Lacoste,оптика,150,48,15,6743,всесезонная,мужской,средний
Charles Stone 30111-2,прямоугольная,пластик,черный,Tom Ford,оптика,150,48,20,6814,всесезонная,унисекс,пожилой
Charles Stone 30111-3,круглая,пластик,черный,Gucci,солнцезащитные,140,46,16,47168,летняя,унисекс,молодой
Charles Stone 30114-1,круглая,титан,синий,Lacoste,оптика,130,50,15,12066,всесезонная,женский,средний
Charles Stone 30114-3,прямоугольная,пластик,серый,Prada,солнцезащитные,135,48,19,48272,летняя,унисекс,средний
Charles Stone 30122-1,прямоугольная,металл,белый,Polaroid,оптика,150,50,15,17805,всесезонная,мужской,пожилой
Charles Stone 30126-2,квадратная,комбинированный,золотой,Polaroid,солнцезащитные,130,50,20,23852,летняя,унисекс,пожилой
Charles Stone 30126-3,овальная,пластик,коричневый,Oakley,оптика,150,50,16,4036,всесезонная,мужской,молодой
Charles Stone 30127-1,круглая,титан,белый,Ray-Ban,оптика,150,48,14,9168,всесезонная,мужской,пожилой
Charles Stone 30127-2,квадратная,титан,черный,Tom Ford,солнцезащитные,150,48,14,16240,летняя,унисекс,средний
Charles Stone 30127-3,круглая,пластик,черный,Polaroid,солнцезащитные,140,46,16,24179,летняя,мужской,пожилой
Charles Stone 30134-1,кошачий_глаз,титан,белый,Gucci,оптика,140,46,14,43862,всесезонная,женский,средний
Charles Stone 30134-2,прямоугольная,пластик,золотой,Oakley,оптика,130,46,16,3340,всесезонная,женский,пожилой
Charles Stone 30144-6012,овальная,металл,черный,Prada,оптика,150,46,19,31584,всесезонная,женский,пожилой
Charles Stone 30153-9525,прямоугольная,пластик,коричневый,Tom Ford,оптика,130,52,15,34686,всесезонная,мужской,средний
CHORD D-#39,прямоугольная,пластик,синий,Tom Ford,оптика,140,50,19,8806,всесезонная,унисекс,молодой
CHORD F-#22,квадратная,металл,синий,Gucci,оптика,150,52,16,13204,всесезонная,мужской,средний
COBIA - 04,овальная,металл,синий,Ray-Ban,солнцезащитные,135,52,16,12966,летняя,женский,пожилой
CODE - 01,круглая,комбинированный,золотой,Valentino,оптика,150,50,19,44544,всесезонная,унисекс,молодой
CODE - 04,квадратная,пластик,серый,Oakley,оптика,130,46,16,16533,всесезонная,мужской,молодой
COLUMBA-100C,прямоугольная,комбинированный,синий,Valentino,оптика,140,48,14,8700,всесезонная,женский,средний
CUNT - 01,овальная,титан,коричневый,Prada,оптика,130,52,16,10778,всесезонная,унисекс,молодой
D20-08FF,овальная,пластик,черный,Oakley,оптика,140,54,18,20858,всесезонная,унисекс,пожилой
D433-807,круглая,пластик,серый,Prada,солнцезащитные,150,46,20,48268,летняя,мужской,пожилой
D438/G -2M2,квадратная,металл,коричневый,Polaroid,оптика,135,52,16,18222,всесезонная,мужской,молодой
D438/G -IBJ,круглая,комбинированный,синий,Lacoste,солнцезащитные,145,52,16,3239,летняя,мужской,пожилой
D449 -MVU,круглая,пластик,серый,Oakley,солнцезащитные,140,52,15,3030,летняя,женский,молодой
D465-J5G,квадратная,пластик,синий,Gucci,солнцезащитные,150,54,18,32054,летняя,женский,пожилой
D465-LHF,прямоугольная,титан,коричневый,Gucci,оптика,130,46,19,39704,всесезонная,мужской,молодой
D468-1ED,кошачий_глаз,титан,коричневый,Oakley,солнцезащитные,140,54,16,14048,летняя,женский,пожилой
D468-807,овальная,металл,серебряный,Valentino,оптика,140,48,16,48878,всесезонная,мужской,пожилой
D490/G-010,квадратная,пластик,серый,Ray-Ban,солнцезащитные,145,46,19,14411,летняя,женский,средний
D490/G-789,квадратная,металл,серебряный,Valentino,оптика,145,54,14,46888,всесезонная,женский,пожилой
D490/G-J5G,круглая,металл,золотой,Prada,солнцезащитные,150,52,18,18236,летняя,мужской,средний
D493-807,круглая,металл,коричневый,Oakley,оптика,145,52,17,12317,всесезонная,мужской,пожилой
D493-LHF,кошачий_глаз,титан,серый,Prada,солнцезащитные,140,50,15,41398,летняя,унисекс,молодой
D535/G-807,прямоугольная,комбинированный,белый,Oakley,оптика,145,46,15,11485,всесезонная,унисекс,молодой
D61-0579,овальная,титан,белый,Prada,солнцезащитные,135,54,14,36210,летняя,мужской,пожилой
D833-MU1,кошачий_глаз,пластик,белый,Ray-Ban,солнцезащитные,130,46,15,24469,летняя,женский,пожилой
D834-789,квадратная,титан,серебряный,Oakley,солнцезащитные,140,54,17,6138,летняя,женский,пожилой
DAP 106-03,кошачий_глаз,титан,белый,Valentino,оптика,135,52,15,43274,всесезонная,женский,средний
DAP 112-02R,прямоугольная,металл,коричневый,Gucci,оптика,130,50,15,37074,всесезонная,мужской,молодой
DAWN-663 N9,прямоугольная,комбинированный,белый,Ray-Ban,оптика,140,48,18,23111,всесезонная,женский,пожилой
DAZZO-GLB-PUB,прямоугольная,титан,белый,Oakley,солнцезащитные,130,46,16,16054,летняя,мужской,пожилой
DC09-BLACK,круглая,комбинированный,серый,Polaroid,солнцезащитные,150,54,19,24418,летняя,унисекс,молодой
DC09-GOLD/BL леска,квадратная,комбинированный,серебряный,Polaroid,солнцезащитные,150,52,17,9179,летняя,унисекс,пожилой
DEBBIE-PGCO,квадратная,пластик,золотой,Tom Ford,оптика,150,52,17,32768,всесезонная,женский,средний
DEMOISELLE-235,квадратная,комбинированный,серый,Polaroid,солнцезащитные,150,50,16,3231,летняя,женский,средний
DEREK-C03-SR,кошачий_глаз,титан,золотой,Prada,солнцезащитные,150,46,15,22686,летняя,мужской,средний
DEWITT-002,круглая,металл,черный,Prada,солнцезащитные,140,52,17,41486,летняя,унисекс,средний
DOUCHKA-236,кошачий_глаз,титан,белый,Gucci,оптика,130,46,17,39940,всесезонная,унисекс,средний
DP1008A-1,круглая,пластик,синий,Lacoste,оптика,140,46,17,16696,всесезонная,мужской,средний
DP1008A-2,кошачий_глаз,пластик,серый,Prada,оптика,150,54,14,15180,всесезонная,мужской,средний
DP1008A-4,кошачий_глаз,металл,серый,Oakley,солнцезащитные,145,46,19,6112,летняя,женский,средний
DP1009A-3,овальная,комбинированный,синий,Lacoste,оптика,135,46,14,20328,всесезонная,унисекс,молодой
DP1010A-3,круглая,пластик,серебряный,Prada,солнцезащитные,140,52,19,46856,летняя,унисекс,молодой
DP1010A-4,прямоугольная,металл,коричневый,Polaroid,солнцезащитные,145,54,15,13821,летняя,женский,средний
DP1035A-1,прямоугольная,комбинированный,коричневый,Lacoste,оптика,150,48,15,22974,всесезонная,мужской,молодой
DP1035A-2,овальная,пластик,серый,Oakley,солнцезащитные,150,48,19,3050,летняя,унисекс,средний
DP1035A-3,прямоугольная,металл,золотой,Prada,солнцезащитные,135,48,19,44564,летняя,женский,пожилой
DP1035A-4,квадратная,комбинированный,черный,Tom Ford,оптика,150,46,14,14164,всесезонная,унисекс,пожилой
DREAM BABY-1317,прямоугольная,титан,синий,Prada,солнцезащитные,135,50,15,26656,летняя,мужской,пожилой
DUBLIN-G15TB000O4,кошачий_глаз,комбинированный,серый,Polaroid,оптика,145,52,18,10733,всесезонная,женский,молодой
DUBLIN-G16SG000O4,кошачий_глаз,титан,серебряный,Tom Ford,солнцезащитные,150,50,14,21104,летняя,мужской,средний
DUCHESSE-234,овальная,металл,серебряный,Oakley,оптика,140,54,14,10861,всесезонная,унисекс,пожилой
DX5002-3311,овальная,комбинированный,серый,Oakley,оптика,150,50,15,7302,всесезонная,мужской,молодой
DYLL-COS-MOSS,овальная,титан,коричневый,Lacoste,оптика,150,52,19,11135,всесезонная,унисекс,пожилой
DZING-231,овальная,металл,черный,Gucci,оптика,145,50,20,47812,всесезонная,унисекс,молодой
E-9725-F010,прямоугольная,титан,синий,Polaroid,солнцезащитные,135,46,16,10154,летняя,мужской,средний
E-9725-F020,прямоугольная,металл,серебряный,Lacoste,солнцезащитные,135,48,18,19625,летняя,унисекс,молодой
ELAVIA-751,круглая,титан,черный,Ray-Ban,солнцезащитные,145,54,14,22779,летняя,мужской,пожилой
ELEPH-3,круглая,металл,коричневый,Oakley,оптика,150,52,15,5214,всесезонная,женский,средний
ERIN-04,квадратная,металл,черный,Lacoste,солнцезащитные,150,48,19,15497,летняя,унисекс,молодой
ETOILE-674,прямоугольная,комбинированный,золотой,Lacoste,солнцезащитные,140,46,18,8701,летняя,унисекс,молодой
ETOILE-677,прямоугольная,пластик,коричневый,Oakley,солнцезащитные,150,48,16,9971,летняя,унисекс,средний
F17S-08FC,кошачий_глаз,титан,черный,Ray-Ban,солнцезащитные,150,48,17,10342,летняя,унисекс,пожилой
F4-BO,кошачий_глаз,пластик,белый,Lacoste,солнцезащитные,130,50,20,3626,летняя,мужской,пожилой
F48-0300,прямоугольная,титан,черный,Oakley,солнцезащитные,140,52,16,22441,летняя,унисекс,пожилой
F50S-0579,овальная,титан,черный,Prada,солнцезащитные,135,54,14,24066,летняя,мужской,средний
F56-300,круглая,металл,синий,Prada,солнцезащитные,150,54,19,24512,летняя,мужской,молодой
FAYE-001,кошачий_глаз,комбинированный,серебряный,Gucci,оптика,150,54,14,8450,всесезонная,женский,молодой
FERRIS-2,прямоугольная,комбинированный,черный,Ray-Ban,оптика,150,48,14,16158,всесезонная,женский,пожилой
FERRIS-3,кошачий_глаз,титан,коричневый,Prada,оптика,150,54,19,7090,всесезонная,мужской,молодой
FIRM-BK,овальная,титан,коричневый,Lacoste,солнцезащитные,145,48,20,22184,летняя,мужской,молодой
FLAIR - 04,кошачий_глаз,титан,серебряный,Tom Ford,солнцезащитные,135,52,16,16992,летняя,женский,средний
FLATIRON-#19,кошачий_глаз,титан,черный,Ray-Ban,солнцезащитные,140,48,14,23053,летняя,женский,молодой
FPSP002-BLK,овальная,комбинированный,серебряный,Tom Ford,оптика,150,48,16,42956,всесезонная,унисекс,средний
FPSP002-GRY,овальная,пластик,коричневый,Lacoste,солнцезащитные,135,46,14,19448,летняя,женский,пожилой
FPSP002-NAVY,прямоугольная,пластик,черный,Polaroid,солнцезащитные,150,54,14,12349,летняя,унисекс,средний
FPSP007-PRP,квадратная,титан,белый,Lacoste,солнцезащитные,145,54,15,4060,летняя,мужской,пожилой
FPV10-BLUE,овальная,металл,золотой,Prada,солнцезащитные,140,54,20,7620,летняя,мужской,молодой
FPV18-522,квадратная,титан,серебряный,Valentino,солнцезащитные,130,54,16,7314,летняя,унисекс,молодой
FPV20-580,овальная,комбинированный,белый,Tom Ford,оптика,140,48,17,7550,всесезонная,женский,средний
FPV27-VLT,круглая,пластик,серебряный,Oakley,солнцезащитные,150,54,19,14105,летняя,унисекс,средний
FPV28-ROSE,кошачий_глаз,комбинированный,синий,Tom Ford,оптика,130,46,15,29162,всесезонная,мужской,средний
FPV34-BLUE,квадратная,металл,белый,Lacoste,оптика,130,46,16,19362,всесезонная,мужской,пожилой
FPV37-580,кошачий_глаз,комбинированный,золотой,Gucci,оптика,145,50,17,38094,всесезонная,унисекс,молодой
FPV38-520,прямоугольная,титан,белый,Oakley,солнцезащитные,140,54,15,15361,летняя,унисекс,молодой
FPV38-529,прямоугольная,комбинированный,серебряный,Gucci,оптика,130,46,17,24826,всесезонная,унисекс,пожилой
FPV38-WTR,овальная,титан,коричневый,Oakley,солнцезащитные,145,52,18,7011,летняя,женский,средний
FPV39-520,круглая,металл,серый,Tom Ford,оптика,150,50,16,10008,всесезонная,женский,пожилой
FPV39-580,прямоугольная,титан,серебряный,Valentino,солнцезащитные,140,54,14,8126,летняя,унисекс,пожилой
FPV39-581,квадратная,титан,коричневый,Ray-Ban,оптика,150,54,19,4144,всесезонная,унисекс,средний
FPV39-WTR,прямоугольная,металл,коричневый,Ray-Ban,солнцезащитные,140,50,15,10011,летняя,унисекс,средний
FPV40-520,квадратная,пластик,серый,Ray-Ban,солнцезащитные,145,52,18,20845,летняя,унисекс,средний
FPV40-580,прямоугольная,титан,серебряный,Prada,оптика,130,54,14,39832,всесезонная,унисекс,молодой
FPV40-581,кошачий_глаз,пластик,черный,Oakley,солнцезащитные,135,52,20,20267,летняя,женский,средний
FPV40-BLUE,кошачий_глаз,металл,черный,Tom Ford,солнцезащитные,140,46,19,27676,летняя,мужской,средний
FPV40-WTR,кошачий_глаз,комбинированный,белый,Tom Ford,солнцезащитные,135,46,19,37026,летняя,мужской,средний
FPVN003-BLUE,квадратная,титан,серый,Polaroid,солнцезащитные,140,50,17,18105,летняя,женский,средний
FPVN003-VLT,овальная,титан,серый,Lacoste,солнцезащитные,130,54,16,18030,летняя,унисекс,молодой
FPVN004-PRP,прямоугольная,титан,серый,Prada,солнцезащитные,145,52,14,28848,летняя,мужской,пожилой
FPVN005-BLK,кошачий_глаз,пластик,серебряный,Prada,солнцезащитные,130,46,20,40266,летняя,унисекс,средний
FPVN005-BLUE,круглая,комбинированный,синий,Lacoste,оптика,145,50,20,21998,всесезонная,унисекс,средний
FPVN006-BLUE,квадратная,пластик,белый,Ray-Ban,оптика,130,54,15,7043,всесезонная,унисекс,молодой
FPVN006-CHR,квадратная,комбинированный,белый,Prada,оптика,145,54,20,33718,всесезонная,унисекс,средний
FPVN009-BLK,кошачий_глаз,металл,золотой,Prada,оптика,140,46,14,13352,всесезонная,мужской,пожилой
FPVN009-BLUE,прямоугольная,титан,серебряный,Tom Ford,оптика,130,48,19,16836,всесезонная,унисекс,пожилой
FPVN009-PTL,круглая,металл,белый,Lacoste,солнцезащитные,135,54,15,18901,летняя,унисекс,молодой
FPVN010-BLUE,квадратная,металл,коричневый,Oakley,солнцезащитные,145,52,15,7813,летняя,женский,молодой
FPVN010-GRY,квадратная,пластик,серый,Prada,оптика,145,50,17,34578,всесезонная,мужской,средний
FPVN010-SKY,кошачий_глаз,металл,серебряный,Oakley,солнцезащитные,140,46,15,20145,летняя,мужской,средний
FPVN013-FXA,овальная,комбинированный,золотой,Prada,солнцезащитные,145,50,17,43896,летняя,мужской,молодой
FPVN013-PNK,прямоугольная,металл,белый,Valentino,солнцезащитные,140,48,18,49928,летняя,женский,пожилой
FPVN013-PRP,круглая,металл,серебряный,Gucci,солнцезащитные,150,48,16,44222,летняя,женский,средний
FPVN014-PNK,кошачий_глаз,пластик,серебряный,Ray-Ban,оптика,135,54,15,11031,всесезонная,женский,молодой
FPVN014-PRP,круглая,титан,серый,Valentino,оптика,150,54,18,41762,всесезонная,женский,средний
FPVN015-BLUE,круглая,комбинированный,синий,Lacoste,оптика,135,54,18,3686,всесезонная,унисекс,молодой
FPVN016-BLK,круглая,комбинированный,серебряный,Gucci,солнцезащитные,130,46,17,20904,летняя,унисекс,средний
FPVN016-BLUE,круглая,пластик,белый,Valentino,солнцезащитные,135,48,14,36540,летняя,женский,молодой
FPVN017-BLUE,овальная,металл,белый,Polaroid,солнцезащитные,140,46,14,20039,летняя,мужской,средний
FPVN017-PTL,прямоугольная,пластик,белый,Ray-Ban,солнцезащитные,130,52,16,21132,летняя,женский,молодой
FPVN018-BLUE,кошачий_глаз,металл,золотой,Polaroid,оптика,130,54,18,10369,всесезонная,женский,молодой
FPVN020-BLUE,квадратная,металл,серый,Ray-Ban,оптика,140,54,17,20460,всесезонная,мужской,пожилой
FPVN021-SMK,квадратная,комбинированный,коричневый,Prada,оптика,145,52,20,37478,всесезонная,унисекс,молодой
FPVN023-BLUE,кошачий_глаз,титан,серый,Gucci,солнцезащитные,130,54,20,6044,летняя,женский,пожилой
FPVN023-LIL,прямоугольная,металл,синий,Valentino,солнцезащитные,130,48,20,39632,летняя,мужской,средний
FPVN023-PNK,квадратная,титан,коричневый,Valentino,солнцезащитные,135,50,17,21842,летняя,мужской,средний
FPVN024-NAVY,кошачий_глаз,титан,синий,Oakley,солнцезащитные,150,46,15,10216,летняя,мужской,пожилой
FPVN026-BLUE,круглая,металл,белый,Polaroid,оптика,135,50,19,11571,всесезонная,мужской,молодой
FPVN026-PNK,овальная,пластик,серый,Prada,оптика,135,52,15,7262,всесезонная,унисекс,пожилой
FRANK-C02-SR,овальная,комбинированный,серый,Polaroid,солнцезащитные,135,50,16,11624,летняя,женский,пожилой
FRANK-C06-SR,овальная,комбинированный,серебряный,Lacoste,солнцезащитные,145,54,18,9052,летняя,мужской,средний
FUSE-BK,овальная,комбинированный,коричневый,Valentino,оптика,145,54,14,38136,всесезонная,женский,средний
G 119-5,кошачий_глаз,пластик,серый,Lacoste,солнцезащитные,130,46,18,14904,летняя,унисекс,пожилой
G03S-579,овальная,титан,синий,Gucci,солнцезащитные,130,48,19,49220,летняя,мужской,молодой
G28M-300B,кошачий_глаз,комбинированный,синий,Oakley,оптика,130,48,16,23493,всесезонная,унисекс,средний
G29S-0300,круглая,металл,синий,Valentino,оптика,130,52,14,21544,всесезонная,унисекс,средний
G38-509,кошачий_глаз,пластик,синий,Tom Ford,солнцезащитные,145,48,15,45664,летняя,женский,молодой
G60-0568,прямоугольная,пластик,синий,Polaroid,оптика,150,54,17,8693,всесезонная,унисекс,пожилой
G65S-300,круглая,пластик,серебряный,Prada,оптика,135,52,16,45876,всесезонная,мужской,молодой
Gallery 70012-3721,овальная,металл,синий,Polaroid,оптика,145,54,14,9296,всесезонная,унисекс,средний
Gallery 70013-6521,круглая,металл,коричневый,Valentino,оптика,145,52,19,6540,всесезонная,женский,молодой
Gallery 70013-9521,овальная,металл,серебряный,Oakley,солнцезащитные,130,52,19,15507,летняя,унисекс,пожилой
GEMDIORO-S2U-A700,квадратная,пластик,белый,Polaroid,оптика,140,48,14,17129,всесезонная,унисекс,средний
GILL-02,квадратная,комбинированный,серебряный,Tom Ford,солнцезащитные,140,52,16,36772,летняя,мужской,средний
GIRL-100,круглая,комбинированный,серебряный,Gucci,оптика,135,50,14,40008,всесезонная,мужской,пожилой
GISELLE-#26,прямоугольная,металл,коричневый,Prada,солнцезащитные,135,54,19,49600,летняя,женский,средний
GISI-04,круглая,металл,серый,Tom Ford,солнцезащитные,145,46,14,24048,летняя,женский,молодой
GIULIA-02,квадратная,титан,коричневый,Tom Ford,оптика,150,52,14,21344,всесезонная,мужской,пожилой
GIZZNME-MBK,кошачий_глаз,металл,коричневый,Oakley,солнцезащитные,145,48,18,21471,летняя,мужской,средний
GMP0002-1,кошачий_глаз,металл,белый,Ray-Ban,оптика,150,48,16,4284,всесезонная,женский,пожилой
GMP0002-2,квадратная,металл,белый,Tom Ford,солнцезащитные,130,50,19,30772,летняя,унисекс,пожилой
GMP0002-4,прямоугольная,комбинированный,синий,Prada,солнцезащитные,150,52,17,31634,летняя,женский,пожилой
GMP0003-2,круглая,комбинированный,золотой,Ray-Ban,оптика,130,54,14,15083,всесезонная,унисекс,средний
GMP0003-4,квадратная,металл,синий,Oakley,оптика,150,46,14,12368,всесезонная,мужской,средний
GMP0004-3,прямоугольная,титан,коричневый,Polaroid,солнцезащитные,130,46,19,24043,летняя,мужской,пожилой
GMP0005-3,прямоугольная,титан,белый,Oakley,оптика,135,54,14,17773,всесезонная,унисекс,средний
GMP0005-5,овальная,пластик,синий,Oakley,оптика,140,46,14,15844,всесезонная,мужской,пожилой
GMP0006-1,круглая,комбинированный,серебряный,Prada,оптика,135,48,17,20542,всесезонная,мужской,молодой
GMP0007-4,квадратная,металл,белый,Valentino,солнцезащитные,145,54,14,20850,летняя,женский,средний
GMP0007-5,кошачий_глаз,пластик,коричневый,Gucci,оптика,130,54,19,29896,всесезонная,мужской,молодой
GMS-110-#49,квадратная,пластик,синий,Lacoste,оптика,130,50,14,16859,всесезонная,женский,пожилой
GRECO-SLS-BB,круглая,комбинированный,коричневый,Ray-Ban,солнцезащитные,130,52,18,18012,летняя,унисекс,пожилой
H42-SI,кошачий_глаз,комбинированный,золотой,Lacoste,оптика,145,48,16,21654,всесезонная,мужской,молодой
H8328B-3,квадратная,металл,серый,Tom Ford,оптика,150,50,19,41690,всесезонная,мужской,молодой
H8332A-1,прямоугольная,металл,синий,Polaroid,оптика,150,46,19,5661,всесезонная,мужской,средний
H8332A-2,круглая,металл,коричневый,Lacoste,оптика,150,48,18,23539,всесезонная,мужской,средний
H8332A-4,квадратная,пластик,серебряный,Tom Ford,солнцезащитные,150,48,19,14640,летняя,мужской,молодой
H8334A-2,кошачий_глаз,титан,синий,Tom Ford,солнцезащитные,130,52,14,25162,летняя,женский,средний
H8334A-4,квадратная,металл,белый,Lacoste,оптика,140,54,18,21563,всесезонная,женский,молодой
H8335B-1,овальная,металл,серебряный,Gucci,солнцезащитные,150,48,16,12768,летняя,женский,пожилой
H8335B-2,овальная,титан,серебряный,Gucci,солнцезащитные,140,52,17,13828,летняя,унисекс,средний
H8335B-3,кошачий_глаз,пластик,золотой,Valentino,оптика,150,48,15,13596,всесезонная,женский,средний
H8335B-4,кошачий_глаз,комбинированный,коричневый,Polaroid,солнцезащитные,150,46,17,13009,летняя,мужской,молодой
H8338A-1,круглая,металл,серебряный,Lacoste,оптика,130,52,18,10237,всесезонная,мужской,молодой
H8338A-2,круглая,комбинированный,синий,Gucci,солнцезащитные,140,46,15,25932,летняя,унисекс,пожилой
H8338A-4,квадратная,металл,черный,Polaroid,солнцезащитные,145,46,18,15285,летняя,мужской,молодой
H8348A-1,овальная,металл,черный,Tom Ford,оптика,145,52,15,18468,всесезонная,мужской,пожилой
H8348A-2,прямоугольная,комбинированный,серебряный,Ray-Ban,оптика,135,46,16,14864,всесезонная,женский,молодой
H8348A-3,круглая,комбинированный,синий,Valentino,оптика,130,46,16,9002,всесезонная,женский,молодой
H8348A-4,кошачий_глаз,титан,белый,Valentino,оптика,145,48,20,38260,всесезонная,женский,молодой
HANSEN-003,круглая,титан,черный,Lacoste,солнцезащитные,150,52,17,11759,летняя,унисекс,пожилой
HARDER-1269,прямоугольная,пластик,серый,Ray-Ban,солнцезащитные,135,46,18,17930,летняя,женский,молодой
HARU-01,овальная,пластик,серый,Polaroid,солнцезащитные,145,54,17,9870,летняя,унисекс,пожилой
HAVANA-G0118TB00O,прямоугольная,титан,золотой,Tom Ford,солнцезащитные,150,50,19,13030,летняя,мужской,пожилой
he Mario-S6206,квадратная,комбинированный,серебряный,Tom Ford,солнцезащитные,145,48,20,45708,летняя,унисекс,молодой
HEINS-PMO,кошачий_глаз,комбинированный,коричневый,Prada,солнцезащитные,140,52,16,23164,летняя,унисекс,молодой
HELGA-664,прямоугольная,комбинированный,синий,Oakley,солнцезащитные,145,54,20,6538,летняя,мужской,молодой
HENNING-465,овальная,пластик,золотой,Prada,солнцезащитные,135,50,18,29720,летняя,женский,средний
HETA-668,круглая,металл,синий,Polaroid,солнцезащитные,130,46,16,3892,летняя,унисекс,средний
HILMA-BKPG,прямоугольная,пластик,синий,Prada,оптика,150,50,18,18670,всесезонная,женский,пожилой
HIRO-303,овальная,комбинированный,белый,Ray-Ban,солнцезащитные,145,48,18,21619,летняя,женский,средний
HOMI-01,прямоугольная,пластик,серый,Lacoste,солнцезащитные,140,54,17,12551,летняя,женский,пожилой
HOMI-03,квадратная,титан,серый,Oakley,солнцезащитные,140,50,14,18500,летняя,унисекс,пожилой
HORT OPT-4,прямоугольная,титан,серый,Lacoste,оптика,135,52,18,24828,всесезонная,унисекс,молодой
HOUSTON-G0228TB00O,квадратная,титан,коричневый,Gucci,оптика,150,54,15,22422,всесезонная,женский,пожилой
HUGO-4-B,круглая,титан,коричневый,Prada,солнцезащитные,145,48,14,43620,летняя,унисекс,средний
II 001-06,круглая,металл,коричневый,Oakley,оптика,135,52,17,10490,всесезонная,мужской,средний
II 004-06,овальная,пластик,серебряный,Oakley,оптика,135,52,14,23123,всесезонная,мужской,молодой
INOUIE-100,круглая,титан,белый,Tom Ford,солнцезащитные,135,54,18,38296,летняя,женский,средний
JAMES-DBM-AS,кошачий_глаз,металл,синий,Oakley,солнцезащитные,145,46,18,15441,летняя,женский,пожилой
JANCO-BLKM-GRA,кошачий_глаз,пластик,белый,Gucci,оптика,150,52,19,21278,всесезонная,женский,молодой
JONDAL OPT-C.1,овальная,комбинированный,серый,Ray-Ban,солнцезащитные,145,46,18,4275,летняя,унисекс,пожилой
JORGOS-051,квадратная,металл,коричневый,Tom Ford,солнцезащитные,130,48,15,8684,летняя,мужской,пожилой
JOSEPHINE-252,прямоугольная,комбинированный,серый,Gucci,оптика,150,46,16,17392,всесезонная,мужской,молодой
K003-4E3,квадратная,пластик,коричневый,Oakley,оптика,135,52,19,11993,всесезонная,мужской,пожилой
K007-35J,прямоугольная,комбинированный,серебряный,Tom Ford,оптика,150,46,16,6260,всесезонная,женский,пожилой
K31-BM,овальная,титан,серебряный,Polaroid,солнцезащитные,150,50,16,8755,летняя,женский,молодой
K5-TGY,кошачий_глаз,комбинированный,серебряный,Gucci,оптика,130,52,18,31230,всесезонная,унисекс,пожилой
KALINDA-263,прямоугольная,комбинированный,золотой,Tom Ford,солнцезащитные,150,50,17,37172,летняя,мужской,молодой
KANTOR-002,овальная,титан,золотой,Polaroid,солнцезащитные,140,48,15,8249,летняя,унисекс,средний
KATO-01,прямоугольная,металл,серебряный,Polaroid,солнцезащитные,150,52,16,8071,летняя,унисекс,пожилой
KAWAI - 03,прямоугольная,металл,синий,Ray-Ban,солнцезащитные,135,54,18,5410,летняя,женский,молодой
KAWAI - 04,квадратная,комбинированный,коричневый,Polaroid,оптика,130,48,16,10087,всесезонная,унисекс,средний
KEMI-BKBE,круглая,титан,синий,Gucci,солнцезащитные,145,54,16,29282,летняя,женский,молодой
KIDS 108A-B,квадратная,пластик,белый,Oakley,оптика,150,54,14,19979,всесезонная,мужской,пожилой
KITZY-270,круглая,титан,серебряный,Polaroid,оптика,140,54,17,13023,всесезонная,женский,пожилой
KOKORO-2,квадратная,комбинированный,серебряный,Lacoste,солнцезащитные,140,46,20,24087,летняя,унисекс,молодой
L21-509,прямоугольная,комбинированный,черный,Prada,оптика,150,52,16,30004,всесезонная,унисекс,молодой
LANCIER LSA-108-A-01 BLK,квадратная,комбинированный,белый,Tom Ford,оптика,145,50,16,27302,всесезонная,унисекс,средний
LANCIER LSA-420-A-03,овальная,титан,белый,Gucci,солнцезащитные,140,50,17,45972,летняя,мужской,пожилой
LANCIER-LSA-113-A-04,прямоугольная,комбинированный,коричневый,Ray-Ban,оптика,135,50,14,20704,всесезонная,унисекс,пожилой
LANCIER-LSA-114-A-04,прямоугольная,комбинированный,коричневый,Tom Ford,оптика,130,54,19,11722,всесезонная,унисекс,средний
LEMPICKA-#15,прямоугольная,титан,серый,Valentino,солнцезащитные,150,54,14,18420,летняя,женский,пожилой
LEMTOSH-BLUE,прямоугольная,комбинированный,черный,Tom Ford,оптика,130,54,20,11192,всесезонная,мужской,средний
LENOX#25,круглая,металл,золотой,Lacoste,солнцезащитные,145,48,14,6764,летняя,мужской,пожилой
LIBERTY-#33,овальная,комбинированный,синий,Valentino,оптика,150,48,20,13756,всесезонная,унисекс,средний
LISA-01,квадратная,комбинированный,синий,Oakley,оптика,145,50,14,21477,всесезонная,унисекс,пожилой
London 50025-1,овальная,комбинированный,золотой,Oakley,оптика,150,54,19,22514,всесезонная,унисекс,молодой
London 50111-3,овальная,металл,белый,Prada,оптика,130,48,17,27194,всесезонная,мужской,пожилой
London 50135-3,прямоугольная,пластик,черный,Oakley,солнцезащитные,150,52,15,23365,летняя,унисекс,пожилой
London 50154-1,круглая,металл,черный,Prada,солнцезащитные,150,48,17,35312,летняя,унисекс,пожилой
London 50154-2,квадратная,пластик,золотой,Gucci,оптика,150,48,16,11200,всесезонная,унисекс,молодой
London 50159-3,прямоугольная,титан,коричневый,Oakley,оптика,140,52,20,5411,всесезонная,унисекс,молодой
London 50185-2,овальная,металл,коричневый,Oakley,солнцезащитные,140,48,16,8800,летняя,женский,пожилой
London 50189-1,круглая,пластик,синий,Polaroid,оптика,130,46,17,3346,всесезонная,мужской,пожилой
London 50189-2,кошачий_глаз,пластик,синий,Lacoste,солнцезащитные,135,54,17,22228,летняя,женский,молодой
London 50190-3,круглая,пластик,синий,Prada,оптика,135,52,14,48620,всесезонная,унисекс,молодой
London 50191-2,прямоугольная,пластик,серебряный,Gucci,оптика,150,50,14,19190,всесезонная,женский,пожилой
London 50191-3,кошачий_глаз,титан,золотой,Prada,солнцезащитные,150,52,17,32590,летняя,мужской,молодой
London 50192-2,круглая,пластик,черный,Valentino,оптика,135,46,19,27506,всесезонная,женский,средний
London 50201-2,круглая,комбинированный,синий,Tom Ford,солнцезащитные,145,52,18,31934,летняя,унисекс,молодой
London 50201-3,прямоугольная,металл,синий,Gucci,оптика,130,52,15,35198,всесезонная,мужской,пожилой
London 50204-1,прямоугольная,пластик,синий,Lacoste,оптика,135,52,17,11643,всесезонная,мужской,пожилой
London 50207-1,овальная,пластик,черный,Ray-Ban,солнцезащитные,130,48,17,14881,летняя,женский,пожилой
London 50207-2,овальная,комбинированный,серебряный,Polaroid,оптика,150,48,18,21503,всесезонная,женский,пожилой
London 50207-3,овальная,комбинированный,черный,Oakley,оптика,140,54,16,22598,всесезонная,женский,пожилой
London 50208-1,кошачий_глаз,пластик,коричневый,Oakley,солнцезащитные,135,54,19,20310,летняя,унисекс,средний
London 50208-2,овальная,металл,золотой,Prada,солнцезащитные,130,46,18,27836,летняя,мужской,пожилой
London 50208-3,квадратная,титан,синий,Ray-Ban,солнцезащитные,135,46,16,21474,летняя,женский,пожилой
London 50216-3,прямоугольная,титан,синий,Gucci,солнцезащитные,145,52,19,36134,летняя,мужской,средний
London 50243-1,прямоугольная,металл,черный,Tom Ford,оптика,140,52,20,30302,всесезонная,унисекс,молодой
London 50243-3,кошачий_глаз,титан,серый,Polaroid,солнцезащитные,140,48,17,10688,летняя,женский,пожилой
London 50246-1,кошачий_глаз,металл,черный,Tom Ford,оптика,145,46,14,22218,всесезонная,женский,пожилой
London 50246-3,квадратная,комбинированный,черный,Tom Ford,оптика,150,50,14,8764,всесезонная,унисекс,средний
London 50248-1,кошачий_глаз,титан,белый,Lacoste,солнцезащитные,140,54,19,14711,летняя,женский,средний
London 50248-3,прямоугольная,пластик,золотой,Polaroid,солнцезащитные,145,48,17,15956,летняя,женский,пожилой
London 50249-1,прямоугольная,пластик,серебряный,Lacoste,оптика,145,54,18,3568,всесезонная,унисекс,пожилой
London 50249-2,овальная,титан,серый,Lacoste,солнцезащитные,135,50,17,3136,летняя,женский,молодой
London 50249-3,кошачий_глаз,пластик,коричневый,Ray-Ban,оптика,150,46,20,12571,всесезонная,унисекс,пожилой
London 50253-1,овальная,комбинированный,синий,Lacoste,оптика,145,52,15,9504,всесезонная,мужской,средний
London 50254-1,овальная,титан,серый,Polaroid,солнцезащитные,140,52,17,18129,летняя,женский,средний
London 50255-1,овальная,комбинированный,золотой,Valentino,солнцезащитные,135,50,19,40230,летняя,мужской,молодой
London 50255-2,кошачий_глаз,титан,серый,Valentino,оптика,140,52,17,19544,всесезонная,унисекс,молодой
London 50255-3,кошачий_глаз,комбинированный,золотой,Gucci,солнцезащитные,135,54,20,14326,летняя,унисекс,средний
London 50259-2,кошачий_глаз,титан,коричневый,Lacoste,солнцезащитные,150,46,20,24895,летняя,женский,средний
London 50260-1,кошачий_глаз,титан,синий,Prada,оптика,140,46,18,28232,всесезонная,женский,средний
London 50260-3,кошачий_глаз,пластик,золотой,Gucci,оптика,135,50,15,11700,всесезонная,женский,пожилой
London 50261-2,квадратная,титан,золотой,Prada,оптика,135,52,20,47192,всесезонная,унисекс,средний
London 50262-3,квадратная,металл,коричневый,Gucci,оптика,145,54,15,39300,всесезонная,женский,пожилой
London 50270-1,овальная,пластик,серый,Gucci,оптика,135,52,18,20834,всесезонная,женский,молодой
London 50270-2,кошачий_глаз,титан,белый,Lacoste,солнцезащитные,150,48,14,4009,летняя,женский,молодой
London 50271-1,круглая,металл,коричневый,Polaroid,оптика,130,48,18,15611,всесезонная,женский,молодой
London 50284-1,круглая,металл,черный,Tom Ford,оптика,130,50,14,29866,всесезонная,женский,средний
London 50288-3,овальная,титан,золотой,Oakley,оптика,145,48,15,21310,всесезонная,унисекс,пожилой
London 50289-2,круглая,металл,золотой,Polaroid,оптика,150,54,16,7390,всесезонная,мужской,пожилой
London 50289-3,кошачий_глаз,пластик,золотой,Polaroid,оптика,135,46,15,7651,всесезонная,женский,средний
London 50290-2,прямоугольная,комбинированный,черный,Oakley,оптика,130,48,16,11523,всесезонная,мужской,молодой
London 50290-3,овальная,комбинированный,серый,Prada,солнцезащитные,130,52,19,35284,летняя,мужской,молодой
London 50292-2,круглая,комбинированный,серый,Polaroid,оптика,150,52,15,4140,всесезонная,мужской,молодой
London 50296-1,кошачий_глаз,пластик,золотой,Ray-Ban,солнцезащитные,135,48,14,3738,летняя,унисекс,средний
London 50296-3,овальная,титан,серый,Polaroid,оптика,150,52,16,5164,всесезонная,мужской,молодой
London 50297-3,круглая,комбинированный,черный,Oakley,оптика,150,48,17,22984,всесезонная,женский,пожилой
London 50301-3,овальная,титан,синий,Valentino,оптика,135,46,18,47442,всесезонная,женский,молодой
London 50319-3721,квадратная,комбинированный,золотой,Prada,солнцезащитные,130,48,14,48300,летняя,унисекс,пожилой
London 50323-5021,кошачий_глаз,комбинированный,синий,Valentino,оптика,140,54,14,46094,всесезонная,женский,средний
London 50324-2512,овальная,пластик,золотой,Prada,оптика,140,52,20,17632,всесезонная,унисекс,молодой
London 50325-6422,кошачий_глаз,пластик,белый,Tom Ford,солнцезащитные,130,52,14,33672,летняя,унисекс,средний
London 50326-4822,прямоугольная,титан,синий,Oakley,солнцезащитные,135,46,18,9473,летняя,мужской,пожилой
London 50328-6032,овальная,пластик,белый,Polaroid,солнцезащитные,130,50,17,24280,летняя,женский,молодой
London 50329-5032,кошачий_глаз,металл,белый,Tom Ford,оптика,145,52,16,10326,всесезонная,мужской,средний
London 50332-6515,прямоугольная,пластик,синий,Valentino,оптика,140,54,14,9632,всесезонная,женский,средний
London 50336-5025,прямоугольная,титан,серебряный,Ray-Ban,солнцезащитные,145,46,15,14060,летняя,женский,пожилой
London 50337-9532,прямоугольная,титан,серебряный,Oakley,солнцезащитные,135,54,18,3283,летняя,мужской,пожилой
London 50338-5612,квадратная,комбинированный,коричневый,Ray-Ban,солнцезащитные,135,50,18,7256,летняя,унисекс,пожилой
London 50339-6712,круглая,пластик,черный,Oakley,оптика,130,50,19,5666,всесезонная,мужской,молодой
London 50341-9045,квадратная,металл,белый,Oakley,солнцезащитные,135,46,17,12837,летняя,унисекс,пожилой
London 50343-5122,квадратная,пластик,золотой,Gucci,оптика,150,50,16,27952,всесезонная,женский,молодой
London 50343-5422,кошачий_глаз,титан,коричневый,Prada,солнцезащитные,130,50,20,37462,летняя,женский,пожилой
London 50344-3821,квадратная,металл,черный,Tom Ford,солнцезащитные,145,48,19,22548,летняя,унисекс,пожилой
London 50345-4511,круглая,металл,серый,Tom Ford,солнцезащитные,135,46,15,26634,летняя,унисекс,средний
London 50348-6032,круглая,пластик,коричневый,Prada,солнцезащитные,150,54,17,26036,летняя,унисекс,молодой
London 50349-6531,прямоугольная,пластик,серый,Tom Ford,оптика,145,54,17,30750,всесезонная,мужской,средний
London 50352-3025,квадратная,металл,золотой,Oakley,солнцезащитные,130,52,19,13423,летняя,унисекс,пожилой
London 55001-3,квадратная,комбинированный,золотой,Ray-Ban,солнцезащитные,145,48,15,23751,летняя,женский,молодой
LUCCHI-01,прямоугольная,металл,серебряный,Lacoste,оптика,150,48,20,16491,всесезонная,женский,молодой
LUVMYCUNTRY-MBK/MS,круглая,пластик,коричневый,Lacoste,оптика,150,52,19,9873,всесезонная,женский,молодой
M1043-04A,квадратная,комбинированный,белый,Tom Ford,оптика,135,50,15,44462,всесезонная,женский,молодой
MARCO-GUN,овальная,пластик,серебряный,Polaroid,оптика,150,46,14,17196,всесезонная,мужской,молодой
MARGRETHE-BLPU,кошачий_глаз,пластик,серый,Prada,солнцезащитные,130,46,16,28752,летняя,женский,средний
MATHIEU-4-D,кошачий_глаз,комбинированный,серый,Prada,оптика,145,46,20,11006,всесезонная,женский,пожилой
MAUD-7727,прямоугольная,комбинированный,белый,Lacoste,солнцезащитные,135,48,15,19350,летняя,женский,молодой
MAXWELL 1-NV02,квадратная,пластик,черный,Ray-Ban,солнцезащитные,150,52,17,19415,летняя,унисекс,молодой
MAXWELL 3-GR07,прямоугольная,титан,синий,Ray-Ban,солнцезащитные,135,46,14,19880,летняя,мужской,молодой
METAPHORE-380,кошачий_глаз,титан,коричневый,Prada,солнцезащитные,130,46,16,6340,летняя,женский,пожилой
MIA-4,круглая,титан,серебряный,Prada,оптика,150,48,16,14830,всесезонная,унисекс,средний
MIES II-#32,прямоугольная,пластик,золотой,Ray-Ban,солнцезащитные,145,50,15,13146,летняя,унисекс,молодой
MINI BUCCIA 1-2001,кошачий_глаз,пластик,серый,Lacoste,солнцезащитные,135,48,16,9653,летняя,женский,пожилой
Mini CD O B5I-1100,квадратная,металл,коричневый,Polaroid,солнцезащитные,145,54,18,22696,летняя,унисекс,молодой
MINI VENUS-539,овальная,комбинированный,серый,Ray-Ban,оптика,150,48,15,18472,всесезонная,мужской,средний
MissDiorO B4I-1200,круглая,пластик,синий,Polaroid,солнцезащитные,145,52,14,8328,летняя,унисекс,пожилой
MITER-BK,квадратная,металл,серый,Ray-Ban,солнцезащитные,150,48,19,19840,летняя,мужской,молодой
MIX-MATCH-3193,прямоугольная,титан,черный,Prada,оптика,145,48,16,33496,всесезонная,женский,средний
MKT LEO-35#,кошачий_глаз,пластик,черный,Oakley,солнцезащитные,150,50,19,11500,летняя,мужской,пожилой
MONIA-03,квадратная,комбинированный,серый,Oakley,солнцезащитные,130,48,14,23984,летняя,мужской,пожилой
MOOSE-1,квадратная,металл,белый,Lacoste,солнцезащитные,135,48,18,4895,летняя,женский,средний
MORGAN-4,кошачий_глаз,комбинированный,синий,Valentino,солнцезащитные,130,50,14,35488,летняя,женский,пожилой
NATALIA-FU,прямоугольная,металл,золотой,Oakley,солнцезащитные,130,50,15,6962,летняя,мужской,средний
NEDI - 04,прямоугольная,металл,серебряный,Lacoste,оптика,130,48,19,18491,всесезонная,унисекс,пожилой
NEVILLE-541,кошачий_глаз,комбинированный,серебряный,Valentino,солнцезащитные,130,46,15,29120,летняя,унисекс,пожилой
NICE-2058,круглая,металл,белый,Gucci,солнцезащитные,150,48,19,39086,летняя,женский,молодой
NOUVEL-RDBK,прямоугольная,комбинированный,белый,Prada,солнцезащитные,135,50,16,49886,летняя,женский,пожилой
OLLI - 09,прямоугольная,комбинированный,белый,Lacoste,солнцезащитные,140,46,20,18398,летняя,мужской,молодой
OPTIMISME-100,круглая,пластик,серебряный,Valentino,оптика,150,46,15,37218,всесезонная,унисекс,пожилой
OR-243-3,кошачий_глаз,металл,белый,Valentino,солнцезащитные,130,50,16,44058,летняя,унисекс,пожилой
OSCAR-BRGR,круглая,титан,белый,Ray-Ban,солнцезащитные,150,52,19,19952,летняя,мужской,пожилой
OSMO-01,квадратная,комбинированный,коричневый,Polaroid,солнцезащитные,140,48,18,13181,летняя,унисекс,молодой
P50-GD-DT,кошачий_глаз,титан,золотой,Oakley,солнцезащитные,130,52,20,8971,летняя,мужской,средний
P53-GD-BX,круглая,комбинированный,серебряный,Ray-Ban,солнцезащитные,135,46,18,18968,летняя,женский,средний
P57-GDBB,овальная,пластик,серый,Lacoste,солнцезащитные,130,48,17,20379,летняя,унисекс,средний
P70-BTR,круглая,титан,белый,Polaroid,солнцезащитные,140,50,14,15644,летняя,унисекс,средний
PALAU-SATOR-GDBL,кошачий_глаз,пластик,золотой,Tom Ford,оптика,145,54,16,8212,всесезонная,мужской,молодой
PENELOPE-1,прямоугольная,пластик,золотой,Tom Ford,солнцезащитные,150,46,17,48048,летняя,женский,пожилой
PIERRE-150C,квадратная,металл,черный,Lacoste,оптика,135,48,15,8932,всесезонная,мужской,молодой
PIONEER-300C,круглая,металл,синий,Oakley,оптика,140,52,16,3546,всесезонная,унисекс,молодой
POL-01,прямоугольная,титан,золотой,Valentino,оптика,135,46,16,31084,всесезонная,женский,средний
PONY 1-4,круглая,титан,золотой,Lacoste,солнцезащитные,145,54,18,22834,летняя,унисекс,молодой
PONY 2-3,овальная,титан,золотой,Polaroid,оптика,150,48,15,11377,всесезонная,мужской,пожилой
PRET - 03,квадратная,титан,коричневый,Valentino,оптика,140,46,20,46080,всесезонная,унисекс,пожилой
PRUNELLE-403,круглая,металл,синий,Valentino,солнцезащитные,140,46,18,27842,летняя,унисекс,пожилой
Q2-BB,круглая,металл,синий,Valentino,оптика,130,48,15,45522,всесезонная,мужской,молодой
Q7-BM,круглая,комбинированный,черный,Valentino,оптика,145,46,14,41046,всесезонная,унисекс,молодой
R1019-2,кошачий_глаз,титан,серебряный,Lacoste,оптика,140,46,18,22347,всесезонная,унисекс,средний
R1022-2,прямоугольная,титан,коричневый,Ray-Ban,оптика,130,52,16,3776,всесезонная,унисекс,пожилой
R3138B-3,овальная,титан,золотой,Tom Ford,солнцезащитные,130,50,18,36162,летняя,мужской,средний
R3138B-4,кошачий_глаз,металл,белый,Ray-Ban,солнцезащитные,135,54,20,16909,летняя,мужской,молодой
R3139A-1,круглая,комбинированный,серый,Gucci,солнцезащитные,140,46,20,9358,летняя,женский,средний
R3139A-2,овальная,комбинированный,синий,Tom Ford,оптика,140,48,14,27612,всесезонная,мужской,средний
R3139A-4,прямоугольная,пластик,черный,Polaroid,солнцезащитные,140,46,20,22044,летняя,мужской,средний
R3143A-2,овальная,пластик,серый,Ray-Ban,солнцезащитные,150,48,19,5758,летняя,унисекс,пожилой
R3143A-4,квадратная,пластик,синий,Valentino,оптика,150,54,18,16136,всесезонная,мужской,пожилой
R3147A-1,кошачий_глаз,комбинированный,черный,Lacoste,солнцезащитные,135,52,15,23366,летняя,мужской,пожилой
R3147A-2,прямоугольная,пластик,серый,Gucci,оптика,150,48,15,40668,всесезонная,женский,средний
R3147A-3,кошачий_глаз,титан,черный,Gucci,оптика,130,48,17,42108,всесезонная,унисекс,средний
RANDOLPH-G0271TB00OZ01,кошачий_глаз,комбинированный,коричневый,Ray-Ban,оптика,150,46,16,9911,всесезонная,унисекс,средний
RAVITTE-140-A-02-RGD-SLV,круглая,металл,коричневый,Valentino,солнцезащитные,130,52,14,31824,летняя,унисекс,молодой
REISA-02,овальная,титан,черный,Ray-Ban,солнцезащитные,135,52,17,19796,летняя,унисекс,пожилой
RT-0013-15,овальная,пластик,белый,Valentino,оптика,150,52,17,33506,всесезонная,мужской,средний
RT-0013-2,прямоугольная,пластик,черный,Ray-Ban,солнцезащитные,130,46,18,12876,летняя,унисекс,пожилой
RT-0013-4,прямоугольная,комбинированный,серебряный,Gucci,оптика,130,54,17,38564,всесезонная,женский,средний
RT-0015-3,кошачий_глаз,металл,золотой,Polaroid,оптика,130,46,15,7885,всесезонная,мужской,пожилой
RT-0016-4,квадратная,металл,серый,Gucci,оптика,130,54,18,13086,всесезонная,унисекс,пожилой
RT-0016-6,кошачий_глаз,металл,белый,Tom Ford,солнцезащитные,135,48,18,31706,летняя,женский,средний
RT-0016-8,прямоугольная,комбинированный,золотой,Ray-Ban,оптика,150,50,17,9782,всесезонная,унисекс,средний
RT-0019-2,круглая,титан,белый,Prada,солнцезащитные,140,50,16,28138,летняя,унисекс,молодой
RT-0019-4,овальная,титан,белый,Ray-Ban,солнцезащитные,140,54,16,6552,летняя,мужской,пожилой
RT-0026-BR,квадратная,металл,коричневый,Tom Ford,солнцезащитные,130,54,20,32594,летняя,женский,средний
RT-0027-OR,прямоугольная,металл,серый,Valentino,оптика,145,48,14,13552,всесезонная,унисекс,пожилой
RT-0027-PK,прямоугольная,пластик,золотой,Polaroid,оптика,145,46,15,19633,всесезонная,мужской,молодой
RT-0027-PU,квадратная,комбинированный,синий,Oakley,оптика,140,52,16,21149,всесезонная,мужской,молодой
RT-0027-PU2,прямоугольная,металл,золотой,Tom Ford,солнцезащитные,130,54,18,48092,летняя,мужской,пожилой
RT-0028-OR,квадратная,титан,черный,Prada,солнцезащитные,130,46,15,39506,летняя,мужской,пожилой
RT-0028-PK,кошачий_глаз,титан,золотой,Gucci,солнцезащитные,150,52,14,17008,летняя,женский,средний
RT-0028-PU,кошачий_глаз,пластик,черный,Polaroid,оптика,135,54,17,21499,всесезонная,мужской,средний
RT-0028-WN,квадратная,металл,серый,Gucci,солнцезащитные,145,48,14,21798,летняя,мужской,молодой
RT-0033-1,квадратная,пластик,белый,Tom Ford,оптика,140,52,14,18608,всесезонная,мужской,средний
RUTH-3,круглая,титан,коричневый,Ray-Ban,солнцезащитные,145,54,20,7621,летняя,мужской,средний
S 315-12L,овальная,комбинированный,коричневый,Valentino,солнцезащитные,130,50,20,44008,летняя,женский,пожилой
S 326-PJP,круглая,комбинированный,серый,Gucci,солнцезащитные,130,50,20,20464,летняя,женский,пожилой
S 330-06J,кошачий_глаз,комбинированный,белый,Polaroid,оптика,150,50,15,20120,всесезонная,мужской,молодой
S 330-0OC,квадратная,металл,серый,Gucci,оптика,130,54,14,42998,всесезонная,мужской,молодой
S 331-0VK,круглая,пластик,синий,Prada,солнцезащитные,135,54,14,18448,летняя,мужской,молодой
S 331-KB7,овальная,комбинированный,черный,Ray-Ban,оптика,150,54,19,20889,всесезонная,унисекс,молодой
S 332-BLX,кошачий_глаз,пластик,черный,Lacoste,солнцезащитные,150,50,14,17530,летняя,женский,пожилой
S 335-1X2,круглая,комбинированный,белый,Polaroid,солнцезащитные,150,54,16,19872,летняя,унисекс,средний
S 336-1X2,круглая,металл,коричневый,Valentino,оптика,140,46,18,47582,всесезонная,женский,средний
S 341-086,прямоугольная,комбинированный,коричневый,Valentino,оптика,140,48,17,14424,всесезонная,женский,средний
S 342-35J,круглая,металл,черный,Polaroid,солнцезащитные,150,50,16,11061,летняя,женский,пожилой
S 344-003,круглая,титан,синий,Lacoste,солнцезащитные,135,54,16,3969,летняя,мужской,средний
S 346-807,прямоугольная,титан,коричневый,Lacoste,солнцезащитные,135,54,15,16661,летняя,женский,пожилой
S-50004 TR-6,овальная,титан,коричневый,Lacoste,оптика,135,50,19,12958,всесезонная,женский,молодой
S-50007 TR-4,овальная,металл,коричневый,Oakley,солнцезащитные,130,50,18,11326,летняя,мужской,пожилой
S801-2,круглая,металл,белый,Prada,солнцезащитные,130,52,17,45710,летняя,женский,молодой
S801-4,кошачий_глаз,металл,серый,Lacoste,солнцезащитные,140,54,14,5108,летняя,мужской,средний
S803-1,круглая,металл,синий,Prada,оптика,140,48,19,21564,всесезонная,женский,средний
S803-2,кошачий_глаз,пластик,коричневый,Lacoste,оптика,140,52,15,16869,всесезонная,мужской,молодой
S803-4,овальная,металл,черный,Gucci,оптика,135,48,16,34864,всесезонная,мужской,пожилой
S805-2,квадратная,пластик,серебряный,Oakley,оптика,130,46,18,23769,всесезонная,унисекс,средний
S807-1,круглая,комбинированный,синий,Prada,оптика,140,52,14,29748,всесезонная,унисекс,средний
S807-2,прямоугольная,титан,золотой,Oakley,солнцезащитные,130,48,20,7740,летняя,мужской,средний
SABIK-DBSL,квадратная,металл,синий,Prada,солнцезащитные,150,54,17,9958,летняя,женский,молодой
SAC-BK/GP,квадратная,титан,коричневый,Prada,оптика,140,50,17,29272,всесезонная,женский,средний
SAINT-JEAN-122C,кошачий_глаз,комбинированный,коричневый,Oakley,солнцезащитные,130,54,17,24329,летняя,женский,пожилой
SAUL-1,круглая,комбинированный,серебряный,Prada,солнцезащитные,150,48,16,21692,летняя,женский,молодой
SCHUBERT 1-GB03,овальная,титан,синий,Gucci,солнцезащитные,140,52,19,21524,летняя,женский,молодой
SCHUBERT 2-BG04,овальная,пластик,синий,Tom Ford,оптика,130,46,19,17014,всесезонная,женский,средний
SCOTTSDALE-G0284TB00O,кошачий_глаз,титан,синий,Lacoste,солнцезащитные,140,48,14,3716,летняя,унисекс,молодой
SEIRA-01,овальная,металл,синий,Gucci,оптика,140,48,15,10720,всесезонная,женский,молодой
SEIRA-02,прямоугольная,пластик,серебряный,Tom Ford,солнцезащитные,130,46,15,27690,летняя,мужской,пожилой
SEIRA-03,кошачий_глаз,комбинированный,серебряный,Tom Ford,солнцезащитные,130,50,18,12558,летняя,унисекс,молодой
SEIRA-04,квадратная,металл,золотой,Prada,оптика,140,50,16,12878,всесезонная,мужской,молодой
SENATOR-THREE-137-A-03 GLD-SLV,прямоугольная,металл,серебряный,Tom Ford,оптика,140,52,17,48446,всесезонная,унисекс,средний
SHAGASS-CRYS/GP,овальная,пластик,золотой,Lacoste,оптика,150,48,18,12659,всесезонная,унисекс,пожилой
SHEILA-02,прямоугольная,титан,синий,Tom Ford,оптика,140,48,20,33306,всесезонная,мужской,молодой
SHEILA-03,круглая,металл,черный,Oakley,оптика,135,50,15,20634,всесезонная,мужской,молодой
SHELBY-C07-SR,овальная,металл,белый,Ray-Ban,солнцезащитные,130,52,20,19645,летняя,унисекс,пожилой
SHIRO-01,овальная,пластик,серый,Gucci,солнцезащитные,140,50,14,9944,летняя,женский,средний
SI-20060-F929,овальная,комбинированный,белый,Lacoste,оптика,140,50,15,19931,всесезонная,женский,молодой
SI-20075-F900,овальная,комбинированный,серый,Valentino,оптика,150,52,14,13582,всесезонная,унисекс,средний
SI-20100-F900,квадратная,пластик,золотой,Polaroid,солнцезащитные,140,54,16,15822,летняя,унисекс,пожилой
SI-20117-F550,круглая,комбинированный,синий,Ray-Ban,оптика,135,46,20,23990,всесезонная,унисекс,пожилой
SI-20123-F690,квадратная,пластик,коричневый,Valentino,оптика,150,50,20,17054,всесезонная,унисекс,молодой
SI-20124-F220,кошачий_глаз,комбинированный,серебряный,Ray-Ban,солнцезащитные,135,54,19,24660,летняя,унисекс,молодой
SI-20125-F290,овальная,титан,серебряный,Prada,солнцезащитные,145,50,17,36720,летняя,мужской,средний
SI-20125-F900,овальная,комбинированный,черный,Polaroid,оптика,130,48,14,3111,всесезонная,унисекс,молодой
SI-20131-F990,круглая,титан,золотой,Tom Ford,солнцезащитные,140,52,18,15936,летняя,мужской,средний
SI-20132-F910,квадратная,титан,белый,Tom Ford,солнцезащитные,130,46,19,7622,летняя,унисекс,средний
SI-20133-F220,круглая,пластик,синий,Tom Ford,оптика,135,48,14,43044,всесезонная,унисекс,молодой
SI-20134-F220,кошачий_глаз,пластик,синий,Oakley,солнцезащитные,130,50,15,24344,летняя,унисекс,пожилой
SI-20134-F550,круглая,комбинированный,черный,Valentino,солнцезащитные,135,54,19,26998,летняя,мужской,молодой
SI-20134-F910,прямоугольная,комбинированный,серый,Tom Ford,оптика,145,46,20,19806,всесезонная,женский,пожилой
SI-20135-F120,кошачий_глаз,пластик,коричневый,Oakley,оптика,140,52,15,6811,всесезонная,женский,средний
SI-20135-F920,овальная,пластик,белый,Tom Ford,оптика,145,50,14,16726,всесезонная,унисекс,пожилой
SI-20137-F550,прямоугольная,пластик,синий,Valentino,солнцезащитные,150,46,17,28716,летняя,мужской,средний
SI-20140-F290,овальная,пластик,черный,Ray-Ban,солнцезащитные,150,46,19,23374,летняя,женский,средний
SI-20140-F990,круглая,металл,черный,Tom Ford,оптика,145,48,18,13630,всесезонная,женский,пожилой
SI-20144-F920,кошачий_глаз,металл,коричневый,Polaroid,солнцезащитные,130,48,16,3021,летняя,унисекс,молодой
SI-20146-F990,овальная,металл,коричневый,Valentino,оптика,145,54,17,49928,всесезонная,унисекс,пожилой
SI-20153-F690,кошачий_глаз,металл,белый,Ray-Ban,солнцезащитные,130,50,19,24655,летняя,женский,молодой
SI-30094-F620,прямоугольная,пластик,золотой,Valentino,солнцезащитные,145,52,17,19852,летняя,женский,пожилой
SI-30094-F850,овальная,комбинированный,серый,Prada,солнцезащитные,140,54,20,23324,летняя,мужской,средний
SI-30094-F920,прямоугольная,комбинированный,белый,Ray-Ban,солнцезащитные,135,54,18,20422,летняя,мужской,пожилой
SI-30120-F541,прямоугольная,комбинированный,серебряный,Tom Ford,солнцезащитные,145,54,20,48498,летняя,женский,пожилой
SI-30120-F901,прямоугольная,титан,белый,Prada,солнцезащитные,140,54,17,6144,летняя,женский,молодой
SI-30137-F250,квадратная,металл,белый,Polaroid,солнцезащитные,130,46,17,7262,летняя,унисекс,пожилой
SI-30137-F810,овальная,титан,серебряный,Ray-Ban,солнцезащитные,135,54,16,23815,летняя,унисекс,пожилой
SI-30143-F880,квадратная,комбинированный,серый,Tom Ford,солнцезащитные,130,50,17,19858,летняя,женский,молодой
SI-30148-F850,прямоугольная,пластик,золотой,Oakley,солнцезащитные,140,48,20,17456,летняя,мужской,пожилой
SI-30150-F550,прямоугольная,комбинированный,золотой,Valentino,оптика,140,50,19,27384,всесезонная,женский,пожилой
SI-30158-F110,круглая,пластик,черный,Oakley,оптика,145,46,19,4498,всесезонная,мужской,пожилой
SI-30158-F550,кошачий_глаз,пластик,серый,Oakley,оптика,135,46,14,19005,всесезонная,унисекс,средний
SI-30160-F310,круглая,пластик,серебряный,Prada,солнцезащитные,140,48,15,25726,летняя,женский,молодой
SI-30168-F680,прямоугольная,комбинированный,черный,Lacoste,оптика,130,50,19,15021,всесезонная,мужской,средний
SI-30168-F930,квадратная,титан,коричневый,Gucci,солнцезащитные,135,52,14,20300,летняя,мужской,молодой
SI-30169-F310,кошачий_глаз,металл,белый,Ray-Ban,солнцезащитные,130,50,14,22640,летняя,женский,средний
SI-30175-F880,прямоугольная,комбинированный,белый,Gucci,солнцезащитные,135,54,19,10142,летняя,унисекс,молодой
SI-30179-F330,прямоугольная,комбинированный,синий,Tom Ford,оптика,135,54,18,35646,всесезонная,мужской,молодой
SI-30181-F380,квадратная,металл,золотой,Oakley,оптика,135,50,20,18505,всесезонная,мужской,средний
SI-30182-F330,овальная,пластик,белый,Prada,солнцезащитные,135,48,17,10584,летняя,унисекс,молодой
SI-30190-F130,круглая,металл,синий,Ray-Ban,солнцезащитные,150,50,17,16839,летняя,мужской,молодой
SI-30190-F220,прямоугольная,титан,золотой,Valentino,оптика,145,50,19,49758,всесезонная,мужской,молодой
SI-30192-F130,прямоугольная,титан,коричневый,Tom Ford,солнцезащитные,130,48,17,47890,летняя,мужской,пожилой
SI-30193-F110,кошачий_глаз,титан,серый,Oakley,солнцезащитные,140,52,15,16553,летняя,унисекс,пожилой
SI-30193-F330,прямоугольная,металл,золотой,Prada,солнцезащитные,140,48,16,29144,летняя,женский,средний
SI-30194-F660,кошачий_глаз,титан,коричневый,Gucci,оптика,150,52,16,23144,всесезонная,мужской,пожилой
SI-30195-F850,квадратная,пластик,черный,Lacoste,солнцезащитные,150,54,19,3616,летняя,женский,средний
SI-30197-F310,овальная,металл,коричневый,Valentino,оптика,130,46,16,39452,всесезонная,женский,средний
SI-30198-F560,овальная,комбинированный,белый,Tom Ford,оптика,135,48,14,17772,всесезонная,унисекс,средний
SI-30199-F550,прямоугольная,пластик,коричневый,Oakley,оптика,135,46,20,23540,всесезонная,унисекс,молодой
SI-30201-F810,круглая,комбинированный,коричневый,Gucci,солнцезащитные,140,50,18,40858,летняя,мужской,молодой
SI-30206-F930,кошачий_глаз,комбинированный,синий,Gucci,солнцезащитные,140,50,19,46776,летняя,женский,средний
SI-30209-F550,овальная,металл,золотой,Ray-Ban,оптика,150,50,14,5099,всесезонная,мужской,средний
SI-30209-F850,овальная,комбинированный,коричневый,Oakley,солнцезащитные,145,48,20,6749,летняя,женский,средний
SI-30210-F210,овальная,пластик,коричневый,Tom Ford,оптика,145,46,18,22206,всесезонная,женский,молодой
SI-30213-F990,кошачий_глаз,комбинированный,коричневый,Lacoste,солнцезащитные,130,50,15,24712,летняя,женский,молодой
SI-30218-F920,прямоугольная,пластик,серебряный,Polaroid,солнцезащитные,150,52,20,3089,летняя,мужской,пожилой
SI-30219-F550,кошачий_глаз,пластик,серебряный,Prada,солнцезащитные,145,46,16,22392,летняя,женский,пожилой
SI-30219-F600,круглая,титан,серый,Prada,оптика,150,46,19,46796,всесезонная,унисекс,средний
SI-30230-F330,кошачий_глаз,пластик,белый,Ray-Ban,оптика,130,52,14,3495,всесезонная,женский,пожилой
SI-30230-F990,овальная,комбинированный,черный,Oakley,оптика,140,46,17,3810,всесезонная,мужской,молодой
SI-30238-F550,прямоугольная,комбинированный,белый,Valentino,оптика,135,50,20,24816,всесезонная,женский,молодой
SI-30239-F800,овальная,металл,серый,Prada,оптика,140,52,19,18476,всесезонная,мужской,пожилой
SI-4120-F022,прямоугольная,комбинированный,коричневый,Tom Ford,оптика,150,50,16,47870,всесезонная,женский,молодой
SI-4122-F011,круглая,титан,серый,Ray-Ban,оптика,145,54,14,4542,всесезонная,женский,пожилой
SI-4124-F022,прямоугольная,титан,коричневый,Ray-Ban,оптика,135,54,19,22960,всесезонная,унисекс,средний
SI-50065-F010,прямоугольная,титан,белый,Prada,оптика,150,54,15,12380,всесезонная,мужской,средний
SI-50079-F011,кошачий_глаз,комбинированный,серебряный,Tom Ford,оптика,130,50,18,17530,всесезонная,унисекс,пожилой
SI-50120-F052,прямоугольная,комбинированный,коричневый,Tom Ford,оптика,145,46,19,12776,всесезонная,унисекс,средний
SI-50120-F082,прямоугольная,металл,серебряный,Tom Ford,оптика,130,52,14,28882,всесезонная,мужской,молодой
SI-50125-F014,кошачий_глаз,металл,белый,Prada,солнцезащитные,145,52,15,12012,летняя,женский,пожилой
SI-50125-F052,круглая,комбинированный,серебряный,Polaroid,оптика,140,50,14,21456,всесезонная,унисекс,средний
SI-50125-F092,квадратная,пластик,черный,Oakley,оптика,150,48,20,15533,всесезонная,мужской,пожилой
SI-50126A-F014,прямоугольная,металл,белый,Oakley,оптика,140,54,19,16006,всесезонная,женский,пожилой
SI-50126A-F031,кошачий_глаз,металл,коричневый,Ray-Ban,солнцезащитные,135,54,19,23964,летняя,унисекс,пожилой
SI-50126A-F098,кошачий_глаз,титан,синий,Gucci,солнцезащитные,145,46,18,31260,летняя,унисекс,молодой
SI-50128A-F090,круглая,комбинированный,черный,Oakley,солнцезащитные,130,46,19,3569,летняя,унисекс,средний
SI-50140-F082,квадратная,металл,черный,Oakley,солнцезащитные,150,48,19,11759,летняя,мужской,пожилой
SI-50148-F029,квадратная,пластик,серебряный,Ray-Ban,оптика,145,50,18,13568,всесезонная,женский,средний
SI-50148-F039,овальная,комбинированный,синий,Tom Ford,солнцезащитные,145,52,14,12166,летняя,унисекс,молодой
SI-50148-F088,круглая,металл,серый,Valentino,солнцезащитные,130,50,18,21908,летняя,женский,молодой
SI-50151-F015,овальная,титан,черный,Prada,солнцезащитные,140,54,18,18616,летняя,мужской,пожилой
SI-50151-F085,круглая,пластик,золотой,Polaroid,солнцезащитные,140,48,18,19417,летняя,женский,средний
SI-50152-F010,круглая,комбинированный,коричневый,Valentino,солнцезащитные,145,52,20,18046,летняя,мужской,молодой
SI-50152-F011,квадратная,металл,серебряный,Ray-Ban,солнцезащитные,135,50,17,23884,летняя,мужской,пожилой
SI-50152-F082,круглая,комбинированный,золотой,Tom Ford,солнцезащитные,130,54,17,12398,летняя,мужской,молодой
SI-50158-F011,прямоугольная,титан,серебряный,Tom Ford,солнцезащитные,140,50,15,17644,летняя,женский,средний
SI-50159-F018,круглая,комбинированный,синий,Valentino,оптика,130,52,16,23272,всесезонная,женский,пожилой
SI-50162-F011,кошачий_глаз,титан,золотой,Tom Ford,оптика,130,48,15,14096,всесезонная,женский,пожилой
SI-50178-F018,прямоугольная,металл,белый,Gucci,оптика,145,54,15,34412,всесезонная,унисекс,пожилой
SI-50178-F047,квадратная,титан,серый,Valentino,оптика,140,52,18,34486,всесезонная,женский,средний
SI-50179-F010,прямоугольная,металл,синий,Valentino,солнцезащитные,140,46,18,32920,летняя,мужской,молодой
SI-50182-F082,прямоугольная,пластик,черный,Oakley,солнцезащитные,130,54,20,10614,летняя,женский,молодой
SI-50182-F092,квадратная,пластик,золотой,Ray-Ban,солнцезащитные,150,52,18,8878,летняя,унисекс,средний
SI-50194-F058,кошачий_глаз,металл,белый,Lacoste,оптика,140,48,18,9056,всесезонная,мужской,молодой
SI-50196-F011,круглая,комбинированный,черный,Valentino,солнцезащитные,130,48,19,47444,летняя,унисекс,средний
SI-50197-F082,квадратная,титан,серый,Polaroid,солнцезащитные,145,48,20,3187,летняя,унисекс,молодой
SI-50199-F028,квадратная,комбинированный,золотой,Valentino,солнцезащитные,140,50,17,37948,летняя,мужской,средний
SI-50200-F022,круглая,титан,золотой,Lacoste,солнцезащитные,140,50,16,14602,летняя,унисекс,средний
SI-50200-F030,кошачий_глаз,металл,коричневый,Polaroid,оптика,145,52,16,12819,всесезонная,мужской,молодой
SI-50208-F051,квадратная,пластик,белый,Ray-Ban,оптика,140,46,17,15086,всесезонная,мужской,средний
SI-50208-F093,квадратная,комбинированный,серебряный,Oakley,солнцезащитные,130,52,17,9868,летняя,женский,молодой
SI-50211-F010,прямоугольная,комбинированный,серебряный,Valentino,оптика,135,52,17,16570,всесезонная,мужской,средний
SI-50211-F011,круглая,металл,золотой,Polaroid,солнцезащитные,135,50,14,3926,летняя,мужской,средний
SI-50220-F010,квадратная,комбинированный,коричневый,Tom Ford,солнцезащитные,145,50,14,46594,летняя,мужской,средний
SI-50220-F011,овальная,металл,золотой,Prada,солнцезащитные,130,52,14,26230,летняя,мужской,средний
SI-50220-F022,прямоугольная,металл,коричневый,Ray-Ban,оптика,140,50,20,6549,всесезонная,мужской,пожилой
SI-50220-F030,прямоугольная,металл,черный,Lacoste,солнцезащитные,130,54,16,22323,летняя,мужской,молодой
SI-50223-F016,квадратная,пластик,коричневый,Valentino,оптика,140,48,18,10318,всесезонная,женский,средний
SI-50229-F013,кошачий_глаз,комбинированный,синий,Ray-Ban,солнцезащитные,130,48,19,17892,летняя,унисекс,средний
SI-50242-F019,квадратная,комбинированный,коричневый,Oakley,солнцезащитные,140,54,19,7981,летняя,унисекс,молодой
SI-50245-F010,круглая,комбинированный,черный,Oakley,оптика,130,48,16,17750,всесезонная,женский,средний
SI-50245-F013,круглая,комбинированный,золотой,Ray-Ban,оптика,130,46,17,11500,всесезонная,женский,пожилой
SI-50245-F099,кошачий_глаз,титан,синий,Tom Ford,солнцезащитные,145,50,20,25722,летняя,мужской,средний
SI-50252-F035,круглая,металл,коричневый,Prada,оптика,150,50,20,19876,всесезонная,женский,пожилой
SI-50253-F010,квадратная,пластик,белый,Gucci,оптика,140,46,20,24154,всесезонная,унисекс,средний
SI-50253-F011,кошачий_глаз,титан,синий,Valentino,солнцезащитные,135,46,19,15338,летняя,женский,средний
SI-50263-F011,овальная,пластик,серый,Gucci,оптика,135,54,16,9578,всесезонная,мужской,молодой
SI-50263-F021,овальная,металл,серебряный,Valentino,оптика,150,46,18,27354,всесезонная,женский,молодой
SI-50263-F033,кошачий_глаз,пластик,золотой,Prada,солнцезащитные,145,54,18,21062,летняя,мужской,молодой
SI-50263-F038,круглая,пластик,белый,Polaroid,солнцезащитные,150,50,15,18181,летняя,унисекс,молодой
SI-50263-F051,овальная,титан,синий,Prada,солнцезащитные,140,52,19,14878,летняя,мужской,средний
SI-50264-F012,овальная,металл,серебряный,Prada,оптика,150,46,16,27040,всесезонная,женский,пожилой
SI-50264-F013,кошачий_глаз,металл,серебряный,Ray-Ban,оптика,140,50,14,5966,всесезонная,мужской,средний
SI-50264-F020,круглая,пластик,серый,Prada,оптика,130,48,14,26012,всесезонная,женский,средний
SI-50264-F031,круглая,металл,белый,Tom Ford,оптика,130,50,20,6410,всесезонная,женский,пожилой
SI-50264-F087,прямоугольная,пластик,белый,Valentino,оптика,130,52,17,39394,всесезонная,унисекс,молодой
SI-50279-F019,кошачий_глаз,комбинированный,золотой,Oakley,солнцезащитные,130,54,16,10542,летняя,женский,средний
SI-50279-F088,круглая,пластик,белый,Gucci,солнцезащитные,130,52,18,28676,летняя,женский,молодой
SI-50285-F012,кошачий_глаз,пластик,серый,Lacoste,оптика,130,54,14,4602,всесезонная,унисекс,средний
SI-50285-F022,квадратная,титан,золотой,Tom Ford,оптика,130,50,16,13032,всесезонная,унисекс,пожилой
SI-60005-022,кошачий_глаз,комбинированный,серебряный,Lacoste,солнцезащитные,145,54,19,7482,летняя,женский,молодой
SI-60037-F092,квадратная,пластик,серый,Tom Ford,оптика,150,54,15,47402,всесезонная,унисекс,молодой
SI-60068-F022,квадратная,комбинированный,белый,Valentino,оптика,140,50,14,10190,всесезонная,женский,средний
SI-60068-F092,овальная,титан,золотой,Oakley,солнцезащитные,140,46,17,24014,летняя,мужской,молодой
SI-60128-F022,круглая,комбинированный,золотой,Ray-Ban,оптика,140,48,17,21026,всесезонная,мужской,молодой
SI-60128-F026,круглая,комбинированный,синий,Tom Ford,оптика,140,52,16,34492,всесезонная,женский,средний
SI-60137-F092,прямоугольная,титан,черный,Valentino,оптика,145,54,14,36868,всесезонная,женский,средний
SI-60146-F010,кошачий_глаз,металл,белый,Polaroid,солнцезащитные,150,54,17,22569,летняя,унисекс,молодой
SI-60148-F050,прямоугольная,металл,черный,Polaroid,солнцезащитные,135,46,15,8770,летняя,женский,пожилой
SI-60148-F092,кошачий_глаз,комбинированный,золотой,Prada,солнцезащитные,140,50,16,32094,летняя,мужской,пожилой
SI-60149-F019,прямоугольная,титан,серебряный,Lacoste,солнцезащитные,150,54,14,11282,летняя,мужской,молодой
SI-60157-F055,круглая,комбинированный,белый,Valentino,солнцезащитные,130,48,18,29138,летняя,мужской,молодой
SI-60160-F090,квадратная,пластик,серебряный,Ray-Ban,солнцезащитные,140,48,16,9292,летняя,женский,молодой
SI-60166-F052,прямоугольная,пластик,синий,Prada,оптика,150,48,19,23734,всесезонная,женский,средний
SI-60166-F061,кошачий_глаз,комбинированный,белый,Prada,оптика,135,52,19,24184,всесезонная,унисекс,пожилой
SI-60166-F090,квадратная,титан,белый,Ray-Ban,солнцезащитные,135,54,19,20033,летняя,женский,пожилой
SI-60166-F092,квадратная,металл,белый,Ray-Ban,оптика,130,46,19,14119,всесезонная,унисекс,средний
SI-60167-F090,овальная,титан,серый,Valentino,оптика,135,46,20,47122,всесезонная,женский,пожилой
SI-60171-F019,овальная,комбинированный,белый,Ray-Ban,оптика,140,54,18,20468,всесезонная,мужской,пожилой
SI-60171-F022,овальная,комбинированный,золотой,Ray-Ban,солнцезащитные,140,46,15,13556,летняя,женский,средний
SI-60171-F092,овальная,комбинированный,коричневый,Tom Ford,оптика,145,50,20,47074,всесезонная,мужской,пожилой
SI-60173-F092,кошачий_глаз,титан,серебряный,Prada,солнцезащитные,135,46,20,11122,летняя,мужской,средний
SI-60179-F010,квадратная,комбинированный,черный,Polaroid,солнцезащитные,130,50,19,8411,летняя,мужской,пожилой
SI-60179-F022,овальная,пластик,золотой,Prada,оптика,135,54,17,32632,всесезонная,женский,средний
SI-60179-F090,круглая,металл,синий,Prada,солнцезащитные,140,52,14,35812,летняя,женский,пожилой
SI-60181-F010,квадратная,титан,серебряный,Prada,солнцезащитные,150,48,20,35864,летняя,женский,молодой
SI-60181-F022,прямоугольная,комбинированный,белый,Prada,оптика,130,50,15,21784,всесезонная,женский,средний
SI-60181-F062,овальная,комбинированный,черный,Ray-Ban,солнцезащитные,140,50,14,3223,летняя,унисекс,молодой
SI-60191-F019,квадратная,пластик,серебряный,Prada,оптика,140,52,18,48170,всесезонная,унисекс,средний
SI-60191-F029,круглая,титан,черный,Tom Ford,оптика,150,50,14,40244,всесезонная,мужской,средний
SI-60191-F069,овальная,комбинированный,коричневый,Tom Ford,солнцезащитные,135,52,16,28862,летняя,мужской,пожилой
SI-60194-F010,овальная,пластик,синий,Oakley,оптика,145,54,16,11641,всесезонная,мужской,пожилой
SI-60194-F020,квадратная,металл,черный,Polaroid,солнцезащитные,130,46,16,12205,летняя,женский,пожилой
SI-60195-F029,квадратная,комбинированный,коричневый,Lacoste,оптика,140,48,17,13761,всесезонная,женский,молодой
SI-60197-F022,круглая,пластик,коричневый,Gucci,солнцезащитные,150,46,19,8688,летняя,унисекс,средний
SI-60199-F010,квадратная,титан,синий,Ray-Ban,оптика,130,48,18,17129,всесезонная,женский,пожилой
SI-60206-F022,кошачий_глаз,титан,синий,Polaroid,оптика,150,52,17,7416,всесезонная,унисекс,молодой
SI-60209-F011,прямоугольная,металл,белый,Valentino,солнцезащитные,140,52,19,10900,летняя,мужской,средний
SI-60209-F019,овальная,титан,серый,Oakley,солнцезащитные,150,50,19,3562,летняя,мужской,пожилой
SI-60209-F020,овальная,металл,серый,Tom Ford,оптика,150,50,16,18456,всесезонная,женский,средний
SI-60209-F059,овальная,пластик,серебряный,Ray-Ban,солнцезащитные,130,52,17,12032,летняя,мужской,пожилой
SI-60210-F029,кошачий_глаз,металл,серебряный,Ray-Ban,солнцезащитные,140,52,19,15170,летняя,унисекс,пожилой
SI-60212-F010,круглая,комбинированный,серый,Ray-Ban,солнцезащитные,145,54,20,12642,летняя,мужской,средний
SI-60212-F011,овальная,металл,синий,Oakley,оптика,150,52,15,14096,всесезонная,мужской,средний
SI-60212-F051,прямоугольная,металл,белый,Oakley,солнцезащитные,130,54,18,10391,летняя,мужской,средний
SI-60213-F010,квадратная,титан,коричневый,Valentino,оптика,130,46,19,12402,всесезонная,мужской,молодой
SI-60213-F019,круглая,комбинированный,черный,Polaroid,оптика,140,46,17,12262,всесезонная,унисекс,пожилой
SI-60218-F083,овальная,металл,белый,Valentino,солнцезащитные,140,46,18,25266,летняя,унисекс,молодой
SI-60218-F092,круглая,металл,серый,Lacoste,солнцезащитные,145,54,19,3432,летняя,унисекс,средний
SI-60219-F020,квадратная,титан,серый,Tom Ford,оптика,130,48,18,19538,всесезонная,мужской,пожилой
SI-60219-F022,овальная,пластик,белый,Polaroid,оптика,135,46,20,6461,всесезонная,женский,пожилой
SI-60219-F029,квадратная,титан,коричневый,Ray-Ban,оптика,140,52,14,7712,всесезонная,мужской,молодой
SI-60236-F010,овальная,металл,золотой,Polaroid,солнцезащитные,130,54,17,24626,летняя,женский,средний
SI-60236-F019,овальная,металл,синий,Oakley,оптика,130,46,19,17047,всесезонная,унисекс,средний
SI-60236-F020,прямоугольная,титан,белый,Oakley,солнцезащитные,140,52,18,11889,летняя,унисекс,средний
SI-60236-F029,квадратная,металл,коричневый,Gucci,оптика,135,46,15,13206,всесезонная,унисекс,средний
SI-60238-F029,прямоугольная,комбинированный,синий,Tom Ford,оптика,145,54,15,33546,всесезонная,женский,пожилой
SI-60238-F093,кошачий_глаз,пластик,коричневый,Oakley,солнцезащитные,135,50,14,6965,летняя,унисекс,молодой
SI-60261-F022,квадратная,пластик,золотой,Prada,солнцезащитные,150,54,18,25532,летняя,женский,молодой
SI-60261-F055,круглая,комбинированный,синий,Gucci,оптика,150,52,14,23192,всесезонная,унисекс,пожилой
SI-60266-F022,круглая,комбинированный,серый,Gucci,оптика,150,48,19,22816,всесезонная,унисекс,средний
SI-60267-F011,овальная,металл,белый,Oakley,солнцезащитные,140,52,16,6428,летняя,унисекс,пожилой
SI-60267-F062,кошачий_глаз,пластик,белый,Gucci,оптика,145,48,15,40340,всесезонная,унисекс,пожилой
SI-60268-F022,кошачий_глаз,пластик,черный,Gucci,оптика,140,52,18,28164,всесезонная,мужской,пожилой
SI-60268-F050,овальная,металл,черный,Oakley,оптика,135,46,20,13420,всесезонная,мужской,молодой
SI-60269-F055,кошачий_глаз,титан,коричневый,Tom Ford,оптика,150,54,17,11672,всесезонная,женский,средний
SI-60270-F022,круглая,пластик,белый,Lacoste,оптика,145,54,14,23053,всесезонная,женский,пожилой
SI-60270-F090,круглая,пластик,коричневый,Oakley,солнцезащитные,145,54,17,15629,летняя,мужской,молодой
SI-60271-F020,овальная,металл,серый,Polaroid,оптика,150,48,14,17788,всесезонная,женский,пожилой
SI-60271-F022,прямоугольная,комбинированный,серый,Lacoste,солнцезащитные,130,52,20,18947,летняя,мужской,молодой
SI-60271-F099,прямоугольная,комбинированный,коричневый,Ray-Ban,солнцезащитные,140,48,18,14779,летняя,женский,молодой
SI-60272-F022,квадратная,комбинированный,серебряный,Lacoste,солнцезащитные,150,50,14,4649,летняя,женский,пожилой
SI-60272-F025,квадратная,пластик,серебряный,Tom Ford,солнцезащитные,135,54,17,14346,летняя,унисекс,средний
SI-60277-F022,круглая,комбинированный,серебряный,Lacoste,солнцезащитные,150,48,14,16110,летняя,женский,пожилой
SI-60277-F099,овальная,комбинированный,черный,Oakley,оптика,150,52,15,8829,всесезонная,мужской,молодой
SI-60278-F022,овальная,металл,золотой,Oakley,солнцезащитные,140,46,16,24516,летняя,мужской,пожилой
SI-60279-F020,квадратная,металл,коричневый,Polaroid,солнцезащитные,135,48,17,15558,летняя,женский,средний
SI-60279-F022,прямоугольная,пластик,черный,Valentino,оптика,135,46,18,41212,всесезонная,женский,молодой
SI-60280-F022,овальная,титан,белый,Ray-Ban,солнцезащитные,145,50,20,5084,летняя,женский,средний
SI-60281-F011,круглая,металл,золотой,Prada,солнцезащитные,145,54,20,29834,летняя,женский,пожилой
SI-60281-F020,кошачий_глаз,пластик,золотой,Polaroid,оптика,150,54,18,21601,всесезонная,мужской,средний
SI-60281-F022,кошачий_глаз,металл,коричневый,Ray-Ban,солнцезащитные,140,54,20,6971,летняя,унисекс,пожилой
SI-60285-F011,прямоугольная,пластик,серебряный,Ray-Ban,солнцезащитные,135,46,18,12814,летняя,мужской,пожилой
SI-60286-F020,прямоугольная,металл,золотой,Gucci,оптика,140,46,16,24636,всесезонная,женский,молодой
SI-60290-F022,прямоугольная,пластик,коричневый,Lacoste,оптика,135,46,20,24000,всесезонная,унисекс,молодой
SI-82266-F026,овальная,металл,синий,Oakley,солнцезащитные,130,54,17,15927,летняя,унисекс,средний
SI-83464-F019,круглая,титан,золотой,Lacoste,оптика,130,54,17,20410,всесезонная,женский,средний
SI-83464-F029,прямоугольная,титан,серебряный,Tom Ford,оптика,130,50,18,22472,всесезонная,женский,средний
SI-83546-F021,прямоугольная,титан,коричневый,Valentino,солнцезащитные,130,54,16,34844,летняя,унисекс,молодой
SI-83600-F022,кошачий_глаз,пластик,серебряный,Tom Ford,оптика,135,54,20,9406,всесезонная,унисекс,средний
SI-83686-F010,прямоугольная,титан,белый,Polaroid,оптика,130,50,18,19834,всесезонная,унисекс,молодой
SI-83686-F022,квадратная,металл,серебряный,Gucci,оптика,140,52,17,28448,всесезонная,женский,средний
SI-84169-F022,квадратная,комбинированный,черный,Lacoste,солнцезащитные,130,52,14,20943,летняя,унисекс,пожилой
SI-85037-F022,прямоугольная,титан,синий,Ray-Ban,оптика,130,48,19,6868,всесезонная,женский,молодой
SI-85679-F022,прямоугольная,пластик,синий,Polaroid,оптика,130,50,15,17127,всесезонная,мужской,средний
SI-85839-F010,овальная,комбинированный,синий,Ray-Ban,оптика,135,52,18,19221,всесезонная,унисекс,средний
SI-85839-F020,овальная,комбинированный,золотой,Polaroid,солнцезащитные,145,52,18,5133,летняя,женский,молодой
SI-85839-F021,круглая,титан,золотой,Polaroid,оптика,140,54,18,6932,всесезонная,женский,средний
SI-85863-F010,кошачий_глаз,титан,серебряный,Oakley,оптика,140,50,15,17883,всесезонная,женский,пожилой
SI-85873-F014,квадратная,металл,белый,Prada,солнцезащитные,130,50,17,22806,летняя,мужской,средний
SI-85886-F010,квадратная,титан,серебряный,Oakley,солнцезащитные,130,54,17,15892,летняя,унисекс,средний
SI-85886-F021,круглая,титан,серый,Tom Ford,оптика,150,52,19,41902,всесезонная,мужской,средний
SI-86383-F010,квадратная,комбинированный,белый,Tom Ford,оптика,135,46,16,49242,всесезонная,женский,средний
SI-86951-F023,прямоугольная,металл,серебряный,Valentino,солнцезащитные,130,54,20,8424,летняя,мужской,средний
SI-86957-F022,кошачий_глаз,пластик,черный,Tom Ford,оптика,145,46,19,29734,всесезонная,унисекс,пожилой
SI-86957-F091,квадратная,комбинированный,белый,Gucci,оптика,150,48,16,40084,всесезонная,женский,молодой
SI-86964-F032,квадратная,металл,серебряный,Oakley,оптика,145,48,16,7327,всесезонная,женский,средний
SI-86964-F041,квадратная,комбинированный,синий,Valentino,солнцезащитные,140,46,17,36756,летняя,мужской,пожилой
SI-86964-F091,квадратная,пластик,золотой,Oakley,солнцезащитные,130,54,15,20722,летняя,женский,пожилой
SI-86969-F022,кошачий_глаз,комбинированный,серый,Ray-Ban,оптика,130,50,15,9291,всесезонная,женский,средний
SI-93626-F013,квадратная,комбинированный,белый,Prada,оптика,150,48,19,17604,всесезонная,мужской,молодой
SI-95419-F019,овальная,пластик,золотой,Oakley,солнцезащитные,145,50,19,17804,летняя,женский,пожилой
SI-97019-F018,квадратная,комбинированный,синий,Tom Ford,солнцезащитные,145,52,20,35500,летняя,унисекс,средний
SI-97334-F011,квадратная,металл,белый,Tom Ford,солнцезащитные,135,48,15,43230,летняя,мужской,молодой
SI-97334-F028,кошачий_глаз,титан,синий,Oakley,солнцезащитные,145,46,14,7275,летняя,мужской,пожилой
SI-97334-F038,квадратная,пластик,черный,Tom Ford,оптика,130,46,16,17148,всесезонная,унисекс,средний
SI-98083-F033,прямоугольная,пластик,белый,Prada,солнцезащитные,145,52,19,25772,летняя,женский,средний
SI-99022-F011,круглая,комбинированный,черный,Gucci,солнцезащитные,140,50,19,40656,летняя,женский,молодой
SI-99022-F019,прямоугольная,титан,серый,Ray-Ban,оптика,140,52,20,17575,всесезонная,мужской,молодой
SI-99407-F018,кошачий_глаз,пластик,синий,Lacoste,солнцезащитные,145,46,16,16370,летняя,женский,пожилой
SI-99407-F021,кошачий_глаз,комбинированный,черный,Prada,солнцезащитные,145,52,16,15336,летняя,унисекс,молодой
SI-99617-F011,кошачий_глаз,комбинированный,серый,Valentino,солнцезащитные,145,52,16,26952,летняя,женский,молодой
SILKO-06,круглая,металл,золотой,Tom Ford,оптика,140,50,15,27528,всесезонная,мужской,молодой
SIMON-04,кошачий_глаз,комбинированный,серебряный,Tom Ford,оптика,150,52,15,37490,всесезонная,мужской,пожилой
SINNERGASM-II-SS,прямоугольная,металл,золотой,Polaroid,оптика,145,48,18,15946,всесезонная,женский,пожилой
SIWA-712,круглая,комбинированный,коричневый,Lacoste,оптика,140,48,20,3170,всесезонная,мужской,молодой
SLUNTRADICTION-MBK,круглая,титан,золотой,Valentino,оптика,150,48,15,26922,всесезонная,унисекс,молодой
SPINOZA-01,квадратная,пластик,золотой,Tom Ford,солнцезащитные,130,52,20,19440,летняя,унисекс,пожилой
Spirit 2393 P10 MF 600 P1,квадратная,пластик,черный,Ray-Ban,оптика,130,52,20,21681,всесезонная,унисекс,молодой
SR092-1,кошачий_глаз,пластик,черный,Tom Ford,оптика,145,54,18,8928,всесезонная,мужской,молодой
SR092-4,овальная,титан,синий,Valentino,солнцезащитные,130,48,16,33300,летняя,женский,средний
SR158-2,кошачий_глаз,комбинированный,золотой,Valentino,оптика,140,46,18,20320,всесезонная,унисекс,средний
SR165-4,квадратная,пластик,синий,Oakley,оптика,130,46,19,9418,всесезонная,мужской,молодой
Strip 9628 PU16 407,круглая,пластик,серый,Tom Ford,оптика,135,52,17,12488,всесезонная,женский,средний
STS-10031-F900,кошачий_глаз,титан,золотой,Prada,оптика,145,54,16,46558,всесезонная,унисекс,молодой
STS-10080-F280,квадратная,комбинированный,коричневый,Tom Ford,оптика,140,52,14,27744,всесезонная,унисекс,молодой
STS-10080-F900,прямоугольная,металл,золотой,Tom Ford,солнцезащитные,130,52,20,42524,летняя,женский,средний
STS-10087-F900,овальная,титан,коричневый,Gucci,оптика,135,48,17,43818,всесезонная,унисекс,молодой
STS-10097-F590,прямоугольная,пластик,коричневый,Gucci,солнцезащитные,135,52,15,21158,летняя,унисекс,молодой
STS-10097-F990,прямоугольная,титан,серый,Lacoste,оптика,140,54,16,24889,всесезонная,мужской,пожилой
STS-10109-F660,круглая,комбинированный,белый,Polaroid,солнцезащитные,135,46,18,6560,летняя,унисекс,молодой
STS-10118-F820,кошачий_глаз,комбинированный,белый,Tom Ford,солнцезащитные,150,54,20,40120,летняя,унисекс,средний
STS-10120-F500,прямоугольная,металл,серебряный,Oakley,оптика,150,46,18,10661,всесезонная,мужской,молодой
STS-10120-F900,овальная,комбинированный,черный,Gucci,оптика,140,52,17,20762,всесезонная,мужской,молодой
STS-10123-F350,круглая,металл,коричневый,Oakley,солнцезащитные,140,50,17,7004,летняя,мужской,молодой
STS-10123-F830,кошачий_глаз,металл,синий,Polaroid,оптика,150,52,14,14474,всесезонная,женский,молодой
STS-10125-F840,квадратная,комбинированный,коричневый,Prada,оптика,150,50,15,35560,всесезонная,мужской,средний
STS-10128-F250,овальная,титан,синий,Gucci,оптика,150,54,15,37932,всесезонная,женский,пожилой
STS-10128-F960,овальная,комбинированный,золотой,Valentino,оптика,150,52,15,8086,всесезонная,женский,молодой
STS-10131-F880,овальная,пластик,коричневый,Prada,солнцезащитные,130,52,18,14296,летняя,унисекс,молодой
STS-10136-F630,квадратная,металл,белый,Oakley,оптика,150,54,16,22597,всесезонная,унисекс,пожилой
STS-10139-F920,прямоугольная,пластик,синий,Valentino,оптика,140,54,17,47474,всесезонная,мужской,молодой
STS-10150-F110,овальная,металл,черный,Oakley,солнцезащитные,135,54,16,6124,летняя,унисекс,пожилой
STS-10152-F290,круглая,титан,серебряный,Valentino,оптика,145,48,16,44458,всесезонная,мужской,средний
STS-30013-F990,овальная,пластик,золотой,Prada,оптика,130,46,19,19468,всесезонная,унисекс,средний
STS-30021-F820,прямоугольная,пластик,синий,Gucci,оптика,145,50,17,7370,всесезонная,женский,пожилой
STS-30021-F920,прямоугольная,титан,серебряный,Oakley,оптика,135,48,16,8464,всесезонная,женский,средний
STS-30026-F920,квадратная,титан,серебряный,Ray-Ban,оптика,150,48,18,5465,всесезонная,унисекс,средний
STS-30037-F990,овальная,титан,синий,Ray-Ban,оптика,150,52,15,20124,всесезонная,женский,средний
STS-30038-F200,овальная,металл,коричневый,Tom Ford,солнцезащитные,145,52,16,9640,летняя,унисекс,пожилой
STS-30042-F820,кошачий_глаз,титан,серебряный,Tom Ford,солнцезащитные,130,52,16,41454,летняя,женский,средний
STS-30047-F500,кошачий_глаз,пластик,серебряный,Gucci,солнцезащитные,135,54,20,10552,летняя,женский,средний
STS-30058-F390,квадратная,титан,черный,Lacoste,солнцезащитные,150,46,19,13932,летняя,мужской,пожилой
STS-30058-F690,круглая,пластик,синий,Prada,солнцезащитные,140,48,20,22152,летняя,женский,пожилой
STS-30061-F990,квадратная,металл,серебряный,Gucci,оптика,145,50,20,39950,всесезонная,женский,средний
STS-30068-F310,круглая,металл,черный,Lacoste,оптика,150,46,16,8348,всесезонная,женский,молодой
STS-30068-F660,прямоугольная,титан,коричневый,Lacoste,оптика,150,54,18,17421,всесезонная,унисекс,молодой
STS-30068-F880,квадратная,металл,коричневый,Polaroid,оптика,150,54,18,9707,всесезонная,женский,пожилой
STS-40057-F054,кошачий_глаз,металл,серый,Polaroid,оптика,145,54,17,13439,всесезонная,мужской,молодой
STS-40108-F013,овальная,пластик,черный,Gucci,солнцезащитные,135,46,15,35778,летняя,женский,пожилой
STS-40108-F061,овальная,металл,золотой,Prada,солнцезащитные,135,48,15,15342,летняя,мужской,средний
STS-40128-F016,прямоугольная,титан,черный,Ray-Ban,оптика,130,48,18,7457,всесезонная,мужской,пожилой
STS-40141-F022,овальная,комбинированный,серебряный,Valentino,солнцезащитные,150,46,19,47650,летняя,мужской,молодой
STS-40141-F085,круглая,металл,серебряный,Oakley,оптика,140,48,15,15449,всесезонная,мужской,средний
STS-40142-F091,квадратная,титан,серебряный,Valentino,солнцезащитные,150,52,17,17700,летняя,мужской,пожилой
STS-40143-F091,прямоугольная,титан,серебряный,Polaroid,оптика,145,48,14,19288,всесезонная,женский,средний
STS-40153-F091,круглая,металл,коричневый,Gucci,солнцезащитные,145,54,14,49338,летняя,унисекс,молодой
STS-40155-F059,квадратная,титан,серый,Polaroid,оптика,145,50,19,13327,всесезонная,унисекс,пожилой
STS-40168-F019,кошачий_глаз,титан,золотой,Prada,солнцезащитные,145,52,18,10224,летняя,унисекс,средний
STS-40168-F069,прямоугольная,металл,серый,Valentino,оптика,135,52,20,42586,всесезонная,унисекс,средний
STS-40168-F099,овальная,металл,коричневый,Oakley,солнцезащитные,150,52,15,3195,летняя,мужской,молодой
STS-40170-F090,прямоугольная,пластик,серебряный,Prada,оптика,145,46,18,11160,всесезонная,женский,пожилой
STS-40172-F092,кошачий_глаз,пластик,коричневый,Valentino,солнцезащитные,130,48,14,25194,летняя,унисекс,средний
STS-40177-F080,квадратная,комбинированный,черный,Gucci,солнцезащитные,145,52,15,14082,летняя,мужской,молодой
STS-40178-F090,кошачий_глаз,титан,белый,Oakley,оптика,150,48,14,19037,всесезонная,мужской,молодой
STS-40179-F090,прямоугольная,металл,коричневый,Polaroid,оптика,130,54,18,9832,всесезонная,женский,молодой
STS-40180-F010,круглая,комбинированный,серебряный,Polaroid,оптика,145,48,18,8749,всесезонная,унисекс,средний
STS-40181-F010,кошачий_глаз,металл,серебряный,Gucci,оптика,145,50,17,15224,всесезонная,женский,молодой
STS-40208-F023,квадратная,комбинированный,белый,Valentino,солнцезащитные,130,54,16,41054,летняя,унисекс,молодой
STS-40208-F065,круглая,металл,серебряный,Polaroid,оптика,135,46,19,18169,всесезонная,женский,средний
STS-40208-F082,круглая,пластик,белый,Lacoste,оптика,135,50,19,14361,всесезонная,женский,пожилой
STS-40216-F088,прямоугольная,металл,коричневый,Polaroid,солнцезащитные,150,54,16,8434,летняя,женский,молодой
STS-40226-F066,кошачий_глаз,пластик,серый,Prada,солнцезащитные,145,46,18,13802,летняя,мужской,средний
STS-40227-F010,кошачий_глаз,пластик,серебряный,Prada,оптика,135,50,14,7544,всесезонная,унисекс,пожилой
STS-40227-F099,квадратная,титан,коричневый,Tom Ford,оптика,145,48,16,42338,всесезонная,мужской,средний
STS-40230-F020,квадратная,пластик,синий,Prada,оптика,140,50,20,25858,всесезонная,унисекс,пожилой
STS-40230-F090,круглая,комбинированный,синий,Prada,оптика,130,54,18,25866,всесезонная,женский,молодой
STS-40231-F097,прямоугольная,титан,серый,Lacoste,солнцезащитные,130,50,17,15156,летняя,унисекс,средний
STS-40236-F023,прямоугольная,комбинированный,синий,Lacoste,солнцезащитные,135,48,19,17732,летняя,мужской,средний
STS-40237-F018,овальная,комбинированный,серебряный,Valentino,оптика,130,46,15,12306,всесезонная,унисекс,молодой
STS-40242-F086,овальная,комбинированный,золотой,Gucci,солнцезащитные,130,54,14,33936,летняя,унисекс,пожилой
STS-40242-F094,квадратная,титан,синий,Oakley,солнцезащитные,130,48,14,22795,летняя,унисекс,пожилой
STS-40245-F020,квадратная,комбинированный,белый,Valentino,солнцезащитные,140,48,16,45648,летняя,женский,молодой
STS-50039-F011,круглая,титан,белый,Tom Ford,солнцезащитные,135,46,16,40612,летняя,женский,средний
STS-50039-F012,круглая,пластик,серебряный,Gucci,солнцезащитные,135,52,17,17480,летняя,унисекс,пожилой
STS-73398-F012,кошачий_глаз,металл,коричневый,Tom Ford,оптика,135,50,19,32272,всесезонная,унисекс,пожилой
STS-73398-F029,кошачий_глаз,металл,серый,Prada,солнцезащитные,140,46,14,24790,летняя,женский,пожилой
STS-73398-F059,кошачий_глаз,металл,коричневый,Lacoste,оптика,150,46,14,7309,всесезонная,мужской,средний
SULLY-01,квадратная,титан,золотой,Prada,оптика,130,46,19,8296,всесезонная,женский,пожилой
T-2702-99,прямоугольная,комбинированный,синий,Tom Ford,солнцезащитные,150,54,19,31578,летняя,женский,средний
T-2703-94,круглая,пластик,золотой,Gucci,оптика,150,46,18,14622,всесезонная,унисекс,молодой
T0588-036,прямоугольная,металл,серый,Valentino,оптика,130,52,20,38580,всесезонная,унисекс,пожилой
T0589-036,прямоугольная,титан,черный,Tom Ford,оптика,140,52,19,43460,всесезонная,женский,молодой
T1-64003-3,овальная,металл,золотой,Ray-Ban,солнцезащитные,135,50,20,4309,летняя,мужской,пожилой
T7000-012,прямоугольная,пластик,коричневый,Lacoste,оптика,145,46,19,15257,всесезонная,мужской,молодой
T7001-013,прямоугольная,пластик,золотой,Tom Ford,солнцезащитные,135,50,17,48228,летняя,женский,молодой
T7001-014,кошачий_глаз,металл,черный,Tom Ford,солнцезащитные,140,48,17,49716,летняя,женский,молодой
T7013-011,прямоугольная,титан,черный,Valentino,солнцезащитные,135,52,16,45570,летняя,женский,молодой
T7013-028,прямоугольная,титан,серебряный,Gucci,оптика,140,54,18,28314,всесезонная,женский,молодой
T7019-012,круглая,металл,серый,Ray-Ban,солнцезащитные,135,54,20,3589,летняя,мужской,средний
T7020-021,прямоугольная,металл,коричневый,Ray-Ban,оптика,140,52,19,19019,всесезонная,женский,молодой
T7022-021,прямоугольная,комбинированный,белый,Gucci,солнцезащитные,135,52,16,18640,летняя,женский,пожилой
T7023-013,кошачий_глаз,комбинированный,синий,Prada,солнцезащитные,140,48,14,10086,летняя,унисекс,пожилой
T7023-021,квадратная,пластик,коричневый,Oakley,солнцезащитные,130,48,14,16527,летняя,женский,средний
T7023-025,круглая,пластик,серебряный,Gucci,оптика,150,46,18,14660,всесезонная,мужской,пожилой
T7030-041,круглая,пластик,серебряный,Tom Ford,солнцезащитные,135,48,19,45706,летняя,мужской,средний
T7032-006,прямоугольная,металл,синий,Oakley,солнцезащитные,140,46,20,13361,летняя,мужской,пожилой
T7032-039,квадратная,металл,серебряный,Valentino,солнцезащитные,145,46,17,20966,летняя,женский,молодой
T7032-043,круглая,пластик,белый,Oakley,солнцезащитные,150,46,18,8152,летняя,унисекс,молодой
T7033-042,прямоугольная,титан,черный,Lacoste,оптика,130,50,15,7364,всесезонная,унисекс,пожилой
T7035-043,кошачий_глаз,титан,белый,Tom Ford,оптика,145,48,16,26922,всесезонная,женский,средний
T7037-002,прямоугольная,металл,синий,Prada,солнцезащитные,135,48,20,38362,летняя,мужской,молодой
T7037-039,прямоугольная,титан,серебряный,Tom Ford,солнцезащитные,145,46,16,21820,летняя,женский,средний
T7038-013,овальная,комбинированный,коричневый,Lacoste,солнцезащитные,135,52,20,20278,летняя,женский,средний
T7038-014,овальная,пластик,серебряный,Gucci,оптика,135,48,20,46642,всесезонная,унисекс,молодой
T7041-009,кошачий_глаз,комбинированный,коричневый,Ray-Ban,оптика,150,46,17,14134,всесезонная,женский,средний
T7042-002,квадратная,комбинированный,синий,Ray-Ban,оптика,135,50,18,11710,всесезонная,женский,пожилой
T7042-034,прямоугольная,металл,синий,Valentino,оптика,145,46,18,22816,всесезонная,женский,пожилой
T7043-046,круглая,пластик,золотой,Gucci,оптика,135,54,17,18836,всесезонная,унисекс,пожилой
T7047-010,прямоугольная,комбинированный,синий,Oakley,солнцезащитные,130,50,16,4623,летняя,унисекс,пожилой
T7050-021,овальная,металл,золотой,Tom Ford,солнцезащитные,135,50,16,27266,летняя,мужской,средний
T7050-036,квадратная,комбинированный,серый,Oakley,солнцезащитные,140,54,17,10619,летняя,женский,средний
T7051-010,прямоугольная,металл,черный,Oakley,солнцезащитные,135,48,19,19941,летняя,мужской,молодой
T7051-011,кошачий_глаз,комбинированный,синий,Oakley,солнцезащитные,135,50,16,24453,летняя,мужской,средний
T7052-048,круглая,металл,коричневый,Prada,оптика,130,48,14,39618,всесезонная,унисекс,пожилой
T7053-043,круглая,титан,коричневый,Ray-Ban,оптика,150,48,19,12848,всесезонная,женский,молодой
T7054-006,овальная,титан,серый,Ray-Ban,оптика,145,48,15,20996,всесезонная,мужской,средний
T7054-039,прямоугольная,титан,золотой,Valentino,солнцезащитные,135,48,16,46452,летняя,унисекс,молодой
T7056-010,овальная,пластик,коричневый,Oakley,оптика,150,46,17,18629,всесезонная,мужской,пожилой
T7056-011,овальная,комбинированный,серый,Ray-Ban,оптика,145,52,16,13388,всесезонная,мужской,пожилой
T8109-043,квадратная,пластик,коричневый,Prada,солнцезащитные,140,46,16,43354,летняя,мужской,пожилой
T8112-015,овальная,пластик,серебряный,Tom Ford,солнцезащитные,140,52,20,28838,летняя,мужской,молодой
T8113-030,круглая,титан,золотой,Polaroid,солнцезащитные,135,52,19,14826,летняя,унисекс,молодой
T8512-030,прямоугольная,металл,серебряный,Lacoste,оптика,150,54,19,9915,всесезонная,унисекс,пожилой
T9011-001,прямоугольная,пластик,серебряный,Tom Ford,солнцезащитные,135,54,15,23396,летняя,мужской,средний
T9018-002,квадратная,металл,золотой,Polaroid,оптика,135,48,18,20830,всесезонная,женский,пожилой
T9024-029,овальная,титан,белый,Tom Ford,солнцезащитные,150,54,17,12610,летняя,мужской,средний
T9025-002,кошачий_глаз,пластик,синий,Tom Ford,оптика,135,48,20,41012,всесезонная,мужской,пожилой
T9026-001,круглая,пластик,серебряный,Tom Ford,оптика,130,54,17,36180,всесезонная,унисекс,пожилой
T9026-005,кошачий_глаз,пластик,белый,Lacoste,солнцезащитные,130,52,14,21778,летняя,женский,средний
T9026-008,квадратная,титан,золотой,Valentino,солнцезащитные,135,50,19,17612,летняя,унисекс,молодой
T9030-002,прямоугольная,металл,серый,Ray-Ban,оптика,145,46,16,23116,всесезонная,мужской,молодой
T9030-004,прямоугольная,комбинированный,синий,Valentino,солнцезащитные,150,46,20,15960,летняя,женский,средний
T9031-005,прямоугольная,металл,коричневый,Lacoste,солнцезащитные,140,48,14,8361,летняя,женский,пожилой
T9032-008,круглая,титан,серебряный,Lacoste,оптика,135,52,16,23426,всесезонная,женский,пожилой
T9032-051,квадратная,пластик,белый,Tom Ford,солнцезащитные,130,50,18,10310,летняя,мужской,молодой
T9035-001,овальная,пластик,синий,Polaroid,оптика,145,50,19,5969,всесезонная,мужской,средний
T9035-005,кошачий_глаз,металл,серебряный,Oakley,оптика,150,46,17,6710,всесезонная,женский,средний
T9040-004,прямоугольная,титан,черный,Valentino,оптика,135,48,19,8836,всесезонная,унисекс,молодой
T9041-001,кошачий_глаз,комбинированный,белый,Tom Ford,оптика,145,50,18,6742,всесезонная,унисекс,пожилой
T9042-011,квадратная,комбинированный,белый,Polaroid,оптика,130,54,17,6201,всесезонная,мужской,пожилой
T9047-029,квадратная,пластик,белый,Ray-Ban,солнцезащитные,140,46,15,22019,летняя,унисекс,пожилой
TADAO-01,кошачий_глаз,металл,черный,Lacoste,солнцезащитные,140,50,18,8723,летняя,унисекс,средний
TAGA-01,прямоугольная,металл,черный,Polaroid,солнцезащитные,140,48,19,21795,летняя,унисекс,средний
TAGA-03,квадратная,титан,серый,Tom Ford,солнцезащитные,145,48,20,19966,летняя,унисекс,молодой
TAPAJOS-04,круглая,металл,серый,Prada,оптика,130,52,15,27214,всесезонная,мужской,пожилой
TARANTULA-GRWH,круглая,пластик,золотой,Ray-Ban,оптика,130,50,14,20907,всесезонная,женский,молодой
TEDDY-2,овальная,комбинированный,золотой,Polaroid,оптика,130,50,18,12061,всесезонная,унисекс,средний
TETHER-1330,прямоугольная,металл,серебряный,Oakley,оптика,130,50,17,4320,всесезонная,женский,молодой
THALES 2-GB06,круглая,комбинированный,синий,Valentino,оптика,130,50,16,23882,всесезонная,мужской,пожилой
THALES 2-NG05,круглая,пластик,черный,Ray-Ban,солнцезащитные,140,52,14,5413,летняя,мужской,пожилой
THALES 3-BB08,овальная,титан,черный,Gucci,оптика,130,50,15,9056,всесезонная,мужской,пожилой
THALES 3-VG07,круглая,титан,черный,Prada,солнцезащитные,135,50,19,8830,летняя,мужской,пожилой
The Archie-S7453,овальная,комбинированный,серебряный,Gucci,оптика,135,54,18,43006,всесезонная,мужской,пожилой
The Carter-S5908,кошачий_глаз,комбинированный,серый,Gucci,солнцезащитные,135,52,19,25752,летняя,унисекс,пожилой
The Great Frog 003-02,овальная,комбинированный,черный,Lacoste,оптика,130,54,18,21401,всесезонная,мужской,молодой
THE INFORMER II MG/BM-WCX-Z25,кошачий_глаз,титан,серый,Polaroid,оптика,150,48,19,4717,всесезонная,унисекс,средний
The Marlon-S7700,прямоугольная,металл,черный,Prada,солнцезащитные,145,54,14,40274,летняя,унисекс,средний
The Oscar Slim-S5654,круглая,комбинированный,синий,Prada,оптика,140,50,19,48120,всесезонная,женский,молодой
The Parker-S7150,круглая,комбинированный,золотой,Prada,солнцезащитные,130,54,17,10418,летняя,женский,пожилой
THE VISUAL II PA-PA/R-Z25,квадратная,пластик,коричневый,Prada,солнцезащитные,145,50,18,41474,летняя,унисекс,пожилой
TIM-2,квадратная,комбинированный,серебряный,Ray-Ban,солнцезащитные,145,52,15,15647,летняя,женский,средний
TR315-P259,кошачий_глаз,пластик,синий,Ray-Ban,солнцезащитные,140,52,17,19958,летняя,мужской,молодой
TRASTAMARA-TQWH,прямоугольная,титан,синий,Lacoste,солнцезащитные,135,46,19,11996,летняя,мужской,средний
TREVI-02,квадратная,комбинированный,черный,Lacoste,солнцезащитные,150,50,18,18384,летняя,унисекс,пожилой
TUNE-DB,кошачий_глаз,титан,коричневый,Prada,оптика,145,48,20,29018,всесезонная,мужской,средний
TURIN-G0223TB00O,круглая,пластик,черный,Valentino,солнцезащитные,135,54,18,34126,летняя,мужской,молодой
TURIN-G0223TN00O,прямоугольная,титан,коричневый,Polaroid,солнцезащитные,145,48,16,20732,летняя,мужской,средний
TYPOGRAPHER-142-A-01-BLK,круглая,титан,коричневый,Tom Ford,оптика,130,48,18,37784,всесезонная,женский,пожилой
V109-BLUE,прямоугольная,титан,серебряный,Tom Ford,солнцезащитные,145,48,19,36632,летняя,женский,средний
V109-GRY,круглая,металл,белый,Polaroid,оптика,140,50,16,9832,всесезонная,женский,пожилой
V110-BLK,овальная,пластик,синий,Oakley,солнцезащитные,145,52,19,9410,летняя,мужской,пожилой
V113-BLK,овальная,комбинированный,черный,Ray-Ban,солнцезащитные,150,52,16,18710,летняя,женский,пожилой
V123-BLUE,прямоугольная,титан,черный,Prada,оптика,135,48,17,22630,всесезонная,женский,пожилой
V124-BLK,круглая,пластик,серебряный,Polaroid,оптика,135,48,19,8099,всесезонная,унисекс,пожилой
V127-BLUE,прямоугольная,металл,коричневый,Oakley,оптика,135,50,18,6928,всесезонная,женский,средний
V129-RED,квадратная,комбинированный,серебряный,Ray-Ban,оптика,150,52,16,4298,всесезонная,мужской,молодой
V129-YLW,овальная,комбинированный,серый,Polaroid,оптика,150,48,20,6527,всесезонная,женский,пожилой
V130-GRY,кошачий_глаз,металл,черный,Tom Ford,солнцезащитные,140,46,19,47886,летняя,мужской,пожилой
V130-VLT,квадратная,металл,серый,Oakley,оптика,150,52,15,8763,всесезонная,женский,пожилой
V133-BLUE,кошачий_глаз,титан,белый,Oakley,солнцезащитные,140,46,20,12780,летняя,мужской,пожилой
VAEA-597,кошачий_глаз,пластик,синий,Gucci,солнцезащитные,135,54,18,29470,летняя,унисекс,молодой
VAGIDICTORIAN-BK/GP,круглая,титан,коричневый,Gucci,оптика,150,46,16,10984,всесезонная,женский,пожилой
VERA-HVTQ,квадратная,комбинированный,синий,Lacoste,солнцезащитные,140,50,17,19816,летняя,мужской,молодой
VERDANA-01,овальная,комбинированный,белый,Ray-Ban,солнцезащитные,130,52,17,18067,летняя,женский,средний
VERDANA-02,квадратная,комбинированный,синий,Prada,оптика,130,50,14,19888,всесезонная,унисекс,средний
VICO-01,овальная,титан,черный,Prada,оптика,150,46,17,10838,всесезонная,женский,средний
VILDA-HAVANA,прямоугольная,пластик,серебряный,Polaroid,оптика,140,52,19,8886,всесезонная,мужской,молодой
WIRE-BK,кошачий_глаз,титан,белый,Ray-Ban,оптика,135,52,18,12364,всесезонная,мужской,пожилой
WOMAN DIORSignatureO-AU-E000,круглая,металл,коричневый,Tom Ford,оптика,150,52,17,21606,всесезонная,мужской,пожилой
WX-A-21024-03,прямоугольная,комбинированный,синий,Prada,солнцезащитные,135,48,16,27044,летняя,женский,пожилой
WX-A-21025-02,квадратная,комбинированный,белый,Gucci,солнцезащитные,130,50,14,14088,летняя,женский,молодой
WX-A-21026-04,прямоугольная,пластик,серый,Oakley,солнцезащитные,150,52,18,16999,летняя,мужской,средний
WX-A-21029-04,квадратная,титан,золотой,Polaroid,оптика,130,52,19,18037,всесезонная,мужской,средний
WX-A-21030-03,квадратная,комбинированный,золотой,Valentino,оптика,130,52,18,28298,всесезонная,женский,молодой
WX-A-21049-03,квадратная,титан,серый,Gucci,солнцезащитные,130,54,18,30488,летняя,женский,молодой
WX-A-21051-01,овальная,пластик,золотой,Valentino,оптика,135,50,19,49928,всесезонная,мужской,молодой
WX-A-21051-04,квадратная,комбинированный,черный,Gucci,оптика,135,52,20,23132,всесезонная,мужской,молодой
WX-A-21052-01,квадратная,комбинированный,серый,Oakley,солнцезащитные,130,52,19,15007,летняя,женский,пожилой
WX-A-21052-02,овальная,металл,белый,Valentino,солнцезащитные,145,52,17,35078,летняя,мужской,средний
WX-A-21053-03,круглая,пластик,черный,Polaroid,оптика,135,52,18,12173,всесезонная,женский,молодой
WX-A-21070-01,овальная,пластик,серебряный,Prada,оптика,130,50,14,36772,всесезонная,унисекс,средний
WX-A-21071-01,квадратная,титан,синий,Valentino,солнцезащитные,145,48,19,13078,летняя,унисекс,средний
WX-A-21072-01,прямоугольная,пластик,синий,Oakley,солнцезащитные,145,52,14,3182,летняя,женский,молодой
WX-A-21077-01,кошачий_глаз,металл,белый,Oakley,оптика,140,50,16,10977,всесезонная,унисекс,молодой
WX-A-21077-04,прямоугольная,титан,серебряный,Tom Ford,оптика,145,46,18,15356,всесезонная,унисекс,пожилой
WX-A-21078-01,прямоугольная,металл,серебряный,Polaroid,оптика,130,46,18,21469,всесезонная,унисекс,средний
WX-A-21078-02,прямоугольная,титан,серебряный,Tom Ford,оптика,130,48,20,46788,всесезонная,мужской,пожилой
WX-M-21001-04,прямоугольная,титан,серебряный,Valentino,оптика,140,46,20,6080,всесезонная,унисекс,пожилой
WX-M-21002-01,овальная,металл,коричневый,Prada,солнцезащитные,145,50,19,37438,летняя,мужской,пожилой
WX-M-21002-03,прямоугольная,титан,серебряный,Oakley,солнцезащитные,140,48,19,9625,летняя,мужской,пожилой
WX-M-21002-04,прямоугольная,металл,черный,Tom Ford,солнцезащитные,145,46,17,36636,летняя,мужской,молодой
WX-M-21005-03,кошачий_глаз,комбинированный,серый,Prada,оптика,140,54,15,26980,всесезонная,женский,молодой
WX-M-21006-01,овальная,пластик,синий,Prada,оптика,150,52,15,41262,всесезонная,мужской,пожилой
WX-M-21006-04,круглая,пластик,серебряный,Prada,оптика,140,46,15,15348,всесезонная,унисекс,пожилой
WX-M-21007-02,круглая,пластик,белый,Ray-Ban,солнцезащитные,130,46,19,14340,летняя,унисекс,средний
WX-M-21007-03,квадратная,титан,коричневый,Lacoste,солнцезащитные,135,46,17,20165,летняя,женский,средний
WX-M-21008-02,овальная,комбинированный,серебряный,Tom Ford,солнцезащитные,150,46,14,9718,летняя,женский,пожилой
WX-M-21008-03,круглая,металл,черный,Tom Ford,оптика,150,48,16,45146,всесезонная,мужской,средний
WX-M-21009-01,прямоугольная,комбинированный,синий,Prada,оптика,130,50,18,7084,всесезонная,мужской,пожилой
WX-M-21009-03,круглая,пластик,белый,Oakley,оптика,140,54,14,4760,всесезонная,унисекс,молодой
WX-M-21013-01,овальная,пластик,черный,Prada,солнцезащитные,135,50,20,20518,летняя,унисекс,пожилой
WX-M-21013-03,кошачий_глаз,пластик,белый,Valentino,солнцезащитные,135,46,16,9620,летняя,унисекс,пожилой
WX-M-21015-03,кошачий_глаз,металл,черный,Gucci,солнцезащитные,130,50,14,33272,летняя,унисекс,средний
WX-M-21018-04,прямоугольная,пластик,серебряный,Tom Ford,оптика,140,50,14,48442,всесезонная,женский,пожилой
WX-M-21020-02,кошачий_глаз,комбинированный,синий,Tom Ford,оптика,130,50,17,13706,всесезонная,женский,средний
WX-M-21021-01,овальная,металл,черный,Prada,солнцезащитные,150,54,17,34294,летняя,мужской,молодой
WX-M-21021-04,овальная,пластик,белый,Prada,оптика,130,48,14,29172,всесезонная,мужской,пожилой
WX-M-21022-02,прямоугольная,пластик,золотой,Valentino,оптика,145,48,15,16348,всесезонная,мужской,пожилой
WX-M-21022-03,кошачий_глаз,комбинированный,коричневый,Prada,оптика,150,50,17,17826,всесезонная,женский,пожилой
WX-M-21022-04,кошачий_глаз,титан,серый,Valentino,оптика,130,52,20,36098,всесезонная,женский,пожилой
X34-041,квадратная,титан,синий,Polaroid,оптика,145,48,14,4984,всесезонная,женский,средний
XC0018-1,кошачий_глаз,комбинированный,белый,Gucci,солнцезащитные,145,50,14,13590,летняя,женский,молодой
XL2066-BK,круглая,комбинированный,коричневый,Tom Ford,солнцезащитные,150,50,18,26224,летняя,мужской,молодой
XL2130-BR,квадратная,металл,коричневый,Tom Ford,солнцезащитные,140,48,16,6730,летняя,мужской,молодой
XL2930-GW,овальная,комбинированный,коричневый,Valentino,солнцезащитные,150,54,15,23606,летняя,женский,средний
XL2931-RG,кошачий_глаз,металл,белый,Valentino,оптика,135,52,18,31384,всесезонная,мужской,средний
XL2934-PK,квадратная,титан,черный,Polaroid,солнцезащитные,140,48,18,14370,летняя,унисекс,средний
XY2022-5,круглая,титан,синий,Tom Ford,оптика,145,50,17,32354,всесезонная,унисекс,средний
YC21051-2,прямоугольная,металл,золотой,Prada,оптика,140,50,15,32998,всесезонная,женский,средний
YC21054-1,кошачий_глаз,металл,серебряный,Tom Ford,оптика,135,52,14,46738,всесезонная,мужской,молодой
YC21057-4,прямоугольная,комбинированный,черный,Polaroid,солнцезащитные,130,46,20,8218,летняя,женский,пожилой
YJ-0033-1,круглая,титан,серый,Oakley,оптика,130,48,17,24137,всесезонная,унисекс,молодой
YJ-0033-2,круглая,пластик,синий,Prada,солнцезащитные,135,52,20,27534,летняя,унисекс,средний
YJ-0033-3,квадратная,пластик,серебряный,Polaroid,оптика,130,52,15,21324,всесезонная,женский,средний
YJ-0033-4,кошачий_глаз,комбинированный,серебряный,Prada,солнцезащитные,150,46,16,29838,летняя,женский,средний
YJ-0034-2,прямоугольная,пластик,белый,Prada,оптика,150,50,17,40282,всесезонная,мужской,пожилой
YJ-0034-4,овальная,титан,синий,Valentino,оптика,150,54,17,31524,всесезонная,женский,пожилой
YJ-0078-1,овальная,комбинированный,синий,Valentino,оптика,145,54,15,26992,всесезонная,женский,пожилой
YJ-0086-1,квадратная,пластик,серебряный,Lacoste,оптика,140,52,19,14639,всесезонная,мужской,молодой
YJ-0086-2,овальная,комбинированный,серебряный,Valentino,оптика,150,52,19,46288,всесезонная,мужской,пожилой
YJ-0088-1,прямоугольная,пластик,белый,Oakley,оптика,140,50,16,18587,всесезонная,унисекс,молодой
YJ-0088-2,круглая,пластик,черный,Gucci,солнцезащитные,130,54,17,33636,летняя,унисекс,средний
YJ-0088-4,кошачий_глаз,металл,серый,Tom Ford,солнцезащитные,145,50,15,32456,летняя,унисекс,средний
YJ-0091-1,кошачий_глаз,титан,белый,Ray-Ban,оптика,150,48,19,24809,всесезонная,мужской,средний
YJ-0091-2,овальная,комбинированный,серый,Gucci,оптика,140,46,14,47746,всесезонная,женский,молодой
YJ-0091-4,прямоугольная,комбинированный,синий,Lacoste,солнцезащитные,140,50,20,18358,летняя,женский,средний
YJ-0094-1,овальная,комбинированный,белый,Tom Ford,оптика,140,46,14,6782,всесезонная,унисекс,средний
YJ-0094-2,круглая,металл,синий,Gucci,солнцезащитные,140,54,16,23928,летняя,унисекс,пожилой
YJ-0097-1,кошачий_глаз,титан,серый,Tom Ford,солнцезащитные,130,46,19,38866,летняя,женский,молодой
YJ-0097-2,круглая,пластик,коричневый,Gucci,солнцезащитные,135,48,17,17118,летняя,мужской,пожилой
YJ-0115-1,прямоугольная,пластик,синий,Tom Ford,оптика,135,50,20,45074,всесезонная,мужской,пожилой
YJ-0117-2,кошачий_глаз,пластик,коричневый,Ray-Ban,солнцезащитные,135,52,15,10672,летняя,унисекс,средний
YJ-0118-4,круглая,пластик,коричневый,Gucci,солнцезащитные,130,46,18,49070,летняя,унисекс,пожилой
YJ-0122-2,прямоугольная,пластик,синий,Ray-Ban,оптика,150,48,18,6220,всесезонная,женский,пожилой
YJ-0122-3,прямоугольная,пластик,золотой,Prada,оптика,140,48,20,23408,всесезонная,мужской,пожилой
YJ-0122-4,квадратная,металл,синий,Lacoste,оптика,130,50,17,16216,всесезонная,унисекс,средний
YJ-0124-1,круглая,пластик,серый,Oakley,солнцезащитные,140,54,16,9286,летняя,женский,пожилой
YJ-0124-2,овальная,титан,черный,Valentino,солнцезащитные,140,50,17,10958,летняя,мужской,пожилой
YJ-0124-4,квадратная,комбинированный,золотой,Tom Ford,солнцезащитные,130,50,19,47278,летняя,унисекс,средний
YJ-0127-2,овальная,титан,белый,Gucci,оптика,135,54,19,21650,всесезонная,мужской,молодой
YJ-0133-2,овальная,металл,золотой,Polaroid,оптика,130,54,16,21578,всесезонная,женский,пожилой
YJ-0136-1,квадратная,комбинированный,черный,Oakley,оптика,145,48,14,21865,всесезонная,унисекс,пожилой
YJ-0136-2,круглая,комбинированный,синий,Ray-Ban,оптика,130,46,17,24677,всесезонная,женский,пожилой
YJ-0139-1,овальная,металл,золотой,Lacoste,оптика,130,54,14,8413,всесезонная,мужской,молодой
YJ-0139-2,прямоугольная,титан,белый,Polaroid,солнцезащитные,140,54,16,11881,летняя,унисекс,пожилой
YJ-0151-1,прямоугольная,металл,черный,Valentino,солнцезащитные,150,48,14,25188,летняя,женский,средний
YJ-0152-3,прямоугольная,комбинированный,золотой,Gucci,солнцезащитные,135,52,15,45428,летняя,унисекс,молодой
YJ-0153-1,квадратная,пластик,черный,Oakley,оптика,130,48,15,21499,всесезонная,мужской,пожилой
YJ-0153-4,овальная,комбинированный,серебряный,Oakley,оптика,140,50,17,8045,всесезонная,мужской,пожилой
YJ-0156-1,квадратная,титан,серебряный,Ray-Ban,оптика,135,46,15,22992,всесезонная,унисекс,пожилой
YJ-0156-2,круглая,пластик,коричневый,Gucci,оптика,150,50,17,28368,всесезонная,унисекс,молодой
YJ-0157-1,кошачий_глаз,комбинированный,серебряный,Valentino,солнцезащитные,140,48,17,28176,летняя,унисекс,средний
YJ-0157-2,квадратная,пластик,черный,Lacoste,солнцезащитные,145,46,18,4404,летняя,унисекс,молодой
YJ-0160-1,прямоугольная,металл,белый,Gucci,солнцезащитные,150,48,15,38304,летняя,женский,молодой
YJ-0164-1,кошачий_глаз,комбинированный,серебряный,Polaroid,оптика,140,50,18,21688,всесезонная,мужской,средний
YJ-0170-2,квадратная,металл,золотой,Gucci,солнцезащитные,145,52,18,30610,летняя,мужской,молодой
YJ-0181-1,квадратная,титан,серебряный,Oakley,оптика,130,52,14,12363,всесезонная,женский,молодой
YJ-0186-3,кошачий_глаз,титан,белый,Ray-Ban,оптика,140,52,19,8932,всесезонная,женский,средний
YJ-0188-1,овальная,титан,синий,Prada,солнцезащитные,140,52,18,43432,летняя,женский,пожилой
YJ-0188-2,кошачий_глаз,металл,синий,Lacoste,солнцезащитные,130,50,15,16527,летняя,унисекс,пожилой
YJ-0191-1,кошачий_глаз,металл,черный,Lacoste,солнцезащитные,150,54,19,20542,летняя,мужской,пожилой
YJ-0191-3,круглая,металл,золотой,Ray-Ban,оптика,135,50,17,14481,всесезонная,унисекс,молодой
YJ-0194-1,овальная,металл,коричневый,Polaroid,оптика,140,52,18,20090,всесезонная,женский,средний
YJ-0194-2,круглая,пластик,серый,Oakley,оптика,130,50,14,4434,всесезонная,женский,средний
YJ-0194-3,квадратная,пластик,серебряный,Tom Ford,солнцезащитные,140,48,19,11788,летняя,женский,средний
YJ-0194-4,овальная,металл,серый,Gucci,оптика,135,54,15,33100,всесезонная,унисекс,средний
YJ-0195-1,прямоугольная,комбинированный,белый,Ray-Ban,солнцезащитные,130,54,19,10959,летняя,женский,средний
YJ-0199-1,круглая,титан,серый,Valentino,оптика,150,48,14,44308,всесезонная,женский,пожилой
YJ-0199-2,прямоугольная,металл,черный,Prada,оптика,135,54,14,45134,всесезонная,мужской,пожилой
YJ-0203-1,кошачий_глаз,пластик,серый,Gucci,солнцезащитные,135,52,18,9004,летняя,женский,средний
YJ-0203-2,овальная,титан,черный,Oakley,оптика,150,48,16,6945,всесезонная,мужской,молодой
YJ-0203-3,квадратная,металл,синий,Prada,оптика,135,54,17,20948,всесезонная,женский,пожилой
YJ-0216-2,квадратная,пластик,белый,Gucci,солнцезащитные,130,46,14,35722,летняя,унисекс,пожилой
YJ-0216-3,овальная,пластик,синий,Prada,солнцезащитные,130,52,17,14640,летняя,мужской,средний
YJ-0216-4,прямоугольная,титан,синий,Prada,солнцезащитные,135,54,20,25692,летняя,женский,средний
YJ-0220-2,овальная,комбинированный,коричневый,Ray-Ban,оптика,140,46,18,24108,всесезонная,женский,молодой
YJ-0220-3,круглая,металл,черный,Oakley,оптика,140,48,17,11128,всесезонная,мужской,пожилой
YJ-0221-1,круглая,металл,золотой,Valentino,оптика,150,48,17,18244,всесезонная,мужской,средний
YJ-0223-1,кошачий_глаз,титан,золотой,Ray-Ban,солнцезащитные,150,54,17,20211,летняя,унисекс,молодой
YJ-0223-2,квадратная,титан,серый,Oakley,оптика,130,46,16,23970,всесезонная,женский,средний
YJ-0223-4,овальная,титан,серый,Prada,оптика,135,52,16,30472,всесезонная,женский,средний
YJ-0233-1,квадратная,комбинированный,синий,Tom Ford,солнцезащитные,145,48,18,36498,летняя,женский,средний
YJ-0233-2,кошачий_глаз,комбинированный,коричневый,Ray-Ban,оптика,135,54,14,12172,всесезонная,унисекс,молодой
YJ-0234-1,овальная,металл,серебряный,Oakley,оптика,145,46,14,13518,всесезонная,мужской,пожилой
YJ-0234-2,овальная,пластик,синий,Oakley,оптика,145,48,14,9551,всесезонная,унисекс,молодой
YJ-0234-3,квадратная,пластик,черный,Prada,солнцезащитные,130,54,17,16480,летняя,мужской,молодой
YJ-0234-4,кошачий_глаз,комбинированный,серебряный,Polaroid,солнцезащитные,150,50,16,21083,летняя,унисекс,средний
YJ-0239-1,круглая,комбинированный,серый,Polaroid,солнцезащитные,145,54,15,13473,летняя,мужской,средний
YJ-0239-2,прямоугольная,металл,серебряный,Gucci,оптика,150,50,20,43638,всесезонная,женский,молодой
YJ-0239-3,квадратная,комбинированный,белый,Tom Ford,солнцезащитные,150,50,20,42188,летняя,унисекс,пожилой
YJ-0241-1,квадратная,комбинированный,белый,Oakley,оптика,145,50,20,19034,всесезонная,мужской,средний
YJ-0241-2,кошачий_глаз,металл,черный,Gucci,солнцезащитные,130,54,14,48342,летняя,унисекс,молодой
YJ-0242-1,квадратная,металл,черный,Polaroid,оптика,150,54,19,16641,всесезонная,мужской,пожилой
YJ-0242-2,квадратная,пластик,серый,Lacoste,солнцезащитные,140,46,19,22079,летняя,женский,молодой
YJ-0242-4,круглая,комбинированный,черный,Gucci,солнцезащитные,130,46,17,10372,летняя,мужской,молодой
YJ-0243-2,круглая,комбинированный,черный,Lacoste,солнцезащитные,150,46,14,11741,летняя,мужской,пожилой
YJ-0243-4,овальная,пластик,золотой,Oakley,солнцезащитные,150,54,17,19720,летняя,мужской,пожилой
YJ-0244-1,кошачий_глаз,металл,синий,Gucci,оптика,135,46,14,48324,всесезонная,мужской,средний
YJ-0246-4,квадратная,титан,серебряный,Lacoste,оптика,130,50,20,21028,всесезонная,унисекс,средний
YJ-0247-1,кошачий_глаз,титан,черный,Prada,оптика,145,52,18,45356,всесезонная,унисекс,средний
YJ-0247-3,круглая,пластик,синий,Tom Ford,оптика,145,52,14,31526,всесезонная,женский,молодой
YJ-0260-2,овальная,металл,серый,Gucci,солнцезащитные,130,46,19,21364,летняя,мужской,молодой
YJ-0261-1,прямоугольная,металл,золотой,Oakley,солнцезащитные,135,48,14,20962,летняя,унисекс,средний
YJ-0261-4,прямоугольная,комбинированный,коричневый,Ray-Ban,солнцезащитные,140,54,14,16313,летняя,мужской,пожилой
YJ-0276-1,овальная,комбинированный,синий,Gucci,солнцезащитные,145,46,16,25186,летняя,унисекс,молодой
YJ-0278-1,овальная,комбинированный,золотой,Polaroid,оптика,140,52,15,11622,всесезонная,унисекс,пожилой
YJ-0278-2,прямоугольная,пластик,белый,Valentino,оптика,130,48,18,28360,всесезонная,женский,молодой
YJ-0278-4,овальная,пластик,коричневый,Ray-Ban,оптика,150,48,20,24259,всесезонная,унисекс,пожилой
YJ-0282-2,овальная,металл,золотой,Polaroid,оптика,135,54,16,13337,всесезонная,унисекс,пожилой
YJ-0282-3,круглая,металл,белый,Valentino,солнцезащитные,140,54,19,20096,летняя,мужской,молодой
YJ-0283-1,квадратная,металл,белый,Oakley,солнцезащитные,150,46,17,10824,летняя,женский,молодой
YJ-0283-2,прямоугольная,титан,синий,Prada,солнцезащитные,145,46,19,13180,летняя,унисекс,молодой
YJ-0283-3,прямоугольная,металл,черный,Tom Ford,оптика,130,50,20,42436,всесезонная,унисекс,пожилой
YJ-0283-4,кошачий_глаз,пластик,коричневый,Valentino,солнцезащитные,150,48,15,44430,летняя,мужской,средний
YJ-0284-2,круглая,пластик,коричневый,Polaroid,оптика,130,50,17,3181,всесезонная,женский,средний
YJ-0284-4,прямоугольная,титан,синий,Valentino,солнцезащитные,145,52,20,8616,летняя,женский,молодой
YJ-0286-1,квадратная,титан,черный,Polaroid,оптика,130,48,15,16409,всесезонная,женский,молодой
YJ-0286-2,кошачий_глаз,пластик,черный,Valentino,оптика,145,52,18,29814,всесезонная,женский,средний
YJ-0286-3,круглая,металл,синий,Oakley,оптика,135,50,14,15553,всесезонная,женский,молодой
YJ-0288-3,кошачий_глаз,пластик,черный,Valentino,солнцезащитные,140,54,14,26612,летняя,женский,средний
YJ-0289-1,круглая,пластик,черный,Valentino,солнцезащитные,150,48,15,38118,летняя,женский,пожилой
YJ-0290-1,круглая,металл,золотой,Oakley,оптика,130,54,20,13496,всесезонная,женский,молодой
YJ-0290-2,овальная,титан,серый,Polaroid,оптика,145,54,17,11674,всесезонная,мужской,молодой
YJ-0292-1,прямоугольная,комбинированный,серый,Valentino,солнцезащитные,145,50,14,44772,летняя,женский,средний
YJ-0292-2,квадратная,титан,белый,Ray-Ban,солнцезащитные,150,46,16,15844,летняя,унисекс,средний
YJ-0292-3,овальная,комбинированный,белый,Gucci,оптика,130,48,14,44110,всесезонная,женский,молодой
YJ-0293-1,кошачий_глаз,титан,синий,Ray-Ban,оптика,140,50,18,5161,всесезонная,мужской,пожилой
YJ-0293-3,квадратная,титан,серебряный,Ray-Ban,оптика,135,50,18,9514,всесезонная,мужской,средний
YJ-0293-4,квадратная,металл,белый,Polaroid,оптика,150,46,15,23140,всесезонная,унисекс,пожилой
YJ-0297-1,круглая,металл,белый,Oakley,солнцезащитные,140,48,20,11208,летняя,унисекс,средний
YJ-0297-2,овальная,титан,коричневый,Ray-Ban,оптика,150,48,14,7302,всесезонная,женский,пожилой
YJ-0300-4,круглая,металл,белый,Oakley,солнцезащитные,130,52,17,24579,летняя,мужской,молодой
YJ-0301-1,прямоугольная,комбинированный,черный,Polaroid,оптика,140,48,19,5653,всесезонная,мужской,молодой
YJ-0301-2,прямоугольная,титан,коричневый,Ray-Ban,оптика,130,54,20,20686,всесезонная,женский,молодой
YJ-0301-3,прямоугольная,титан,коричневый,Valentino,солнцезащитные,150,54,17,38630,летняя,унисекс,пожилой
YJ-0306-1,овальная,комбинированный,синий,Polaroid,солнцезащитные,140,52,20,23703,летняя,женский,пожилой
YJ-0306-2,прямоугольная,титан,синий,Tom Ford,оптика,135,52,18,41778,всесезонная,унисекс,пожилой
YJ-0306-4,круглая,металл,коричневый,Lacoste,оптика,150,54,20,16365,всесезонная,унисекс,пожилой
YJ-0310-4,прямоугольная,пластик,золотой,Ray-Ban,оптика,150,46,19,9861,всесезонная,унисекс,пожилой
ZT19866-WG,квадратная,титан,золотой,Prada,оптика,150,54,19,43398,всесезонная,мужской,средний
001-VLT,круглая,пластик,коричневый,Lacoste,солнцезащитные,145,46,15,23518,летняя,женский,пожилой
0010/S-71CHA,овальная,комбинированный,золотой,Prada,солнцезащитные,140,46,14,41846,летняя,женский,молодой
0010/S-8079O,кошачий_глаз,металл,коричневый,Valentino,солнцезащитные,135,52,16,15580,летняя,унисекс,средний
0014/S-000IB,овальная,металл,черный,Oakley,солнцезащитные,140,48,17,19008,летняя,мужской,молодой
0021/S-000UY,круглая,комбинированный,белый,Gucci,оптика,130,52,17,22128,всесезонная,женский,средний
0036-6,квадратная,титан,серый,Prada,солнцезащитные,145,46,16,20242,летняя,мужской,пожилой
005-400F,овальная,комбинированный,белый,Oakley,оптика,135,54,14,14996,всесезонная,мужской,средний
005-BLK,кошачий_глаз,комбинированный,золотой,Gucci,солнцезащитные,130,48,16,21862,летняя,женский,средний
0051/S-1ED9K,кошачий_глаз,металл,белый,Oakley,солнцезащитные,130,52,15,4106,летняя,женский,молодой
006-0300,квадратная,титан,серый,Polaroid,солнцезащитные,140,50,14,6021,летняя,унисекс,молодой
006-594B,прямоугольная,металл,серебряный,Oakley,солнцезащитные,130,48,18,19291,летняя,женский,средний
007-528L,кошачий_глаз,металл,серебряный,Polaroid,солнцезащитные,135,52,15,7725,летняя,мужской,молодой
007-ACQ,квадратная,металл,белый,Lacoste,оптика,145,50,19,20412,всесезонная,унисекс,молодой
007-FXA,прямоугольная,титан,серый,Valentino,оптика,145,50,20,47152,всесезонная,мужской,молодой
008-LIL,кошачий_глаз,комбинированный,коричневый,Valentino,оптика,140,54,15,41086,всесезонная,мужской,средний
0080/S-6LBJP,кошачий_глаз,комбинированный,коричневый,Lacoste,оптика,135,52,15,4782,всесезонная,женский,молодой
009-GRY,кошачий_глаз,комбинированный,черный,Polaroid,оптика,150,48,15,13740,всесезонная,женский,пожилой
0090-33A,кошачий_глаз,металл,серебряный,Prada,оптика,130,54,15,44416,всесезонная,женский,молодой
01-528 07P,квадратная,комбинированный,черный,Valentino,оптика,145,50,16,36858,всесезонная,женский,пожилой
01-528 17P,прямоугольная,пластик,коричневый,Polaroid,солнцезащитные,130,46,14,22195,летняя,мужской,молодой
01-529 17PZ,кошачий_глаз,пластик,коричневый,Prada,солнцезащитные,145,54,15,47656,летняя,женский,средний
01-529 18PZ,квадратная,комбинированный,белый,Oakley,оптика,130,46,16,22049,всесезонная,унисекс,молодой
01-547 07P,квадратная,титан,серебряный,Gucci,оптика,145,50,16,16782,всесезонная,женский,молодой
01-547 17PZ,кошачий_глаз,пластик,серый,Gucci,солнцезащитные,135,52,15,7066,летняя,женский,средний
0104/S-1ED9K,кошачий_глаз,титан,коричневый,Prada,солнцезащитные,135,48,18,26518,летняя,женский,молодой
011-703X,прямоугольная,титан,серебряный,Lacoste,оптика,140,48,18,16716,всесезонная,женский,средний
011-L.BLUE,овальная,пластик,белый,Prada,оптика,130,48,19,9000,всесезонная,мужской,средний
012-0523,круглая,металл,серебряный,Polaroid,солнцезащитные,140,46,18,20766,летняя,мужской,средний
0153S-001,кошачий_глаз,комбинированный,серебряный,Tom Ford,солнцезащитные,140,48,18,7860,летняя,женский,молодой
02-047 37P,овальная,титан,черный,Ray-Ban,оптика,135,46,20,19034,всесезонная,женский,молодой
02-104 05Z,квадратная,титан,коричневый,Prada,солнцезащитные,135,48,19,37712,летняя,унисекс,молодой
02-112 02Z,кошачий_глаз,металл,золотой,Oakley,оптика,145,54,15,6680,всесезонная,мужской,средний
02-118 01Z,кошачий_глаз,металл,серебряный,Oakley,оптика,130,48,20,13222,всесезонная,мужской,пожилой
02-118 03Z,прямоугольная,пластик,синий,Oakley,оптика,140,46,17,5281,всесезонная,мужской,молодой
02-119 01Z,круглая,титан,коричневый,Tom Ford,оптика,150,46,20,41936,всесезонная,унисекс,молодой
02-121 07PZ,квадратная,комбинированный,белый,Prada,солнцезащитные,140,50,16,15432,летняя,унисекс,пожилой
02-121 17PZ,овальная,комбинированный,синий,Tom Ford,оптика,135,50,19,11102,всесезонная,женский,пожилой
02-125 18PZ,кошачий_глаз,комбинированный,серебряный,Polaroid,солнцезащитные,140,46,15,15983,летняя,мужской,средний
02-128 17PZ,овальная,пластик,золотой,Gucci,оптика,135,48,16,33330,всесезонная,мужской,пожилой
02-129 17PZ,прямоугольная,титан,синий,Polaroid,солнцезащитные,130,48,15,22168,летняя,мужской,средний
02-138 18Z,прямоугольная,пластик,серый,Oakley,солнцезащитные,150,48,19,5327,летняя,унисекс,пожилой
02-151 17PZ,круглая,пластик,белый,Gucci,оптика,140,46,14,20178,всесезонная,унисекс,средний
02-151 19P,квадратная,металл,черный,Lacoste,солнцезащитные,140,48,16,14968,летняя,мужской,средний
02-152 07P,кошачий_глаз,металл,синий,Ray-Ban,солнцезащитные,145,52,14,10345,летняя,унисекс,пожилой
02-152 08P,овальная,пластик,коричневый,Oakley,солнцезащитные,135,50,14,5453,летняя,мужской,молодой
02-152 17PZ,прямоугольная,пластик,золотой,Gucci,оптика,145,52,14,37580,всесезонная,унисекс,средний
02-153 07P,квадратная,металл,серебряный,Oakley,солнцезащитные,145,54,20,3472,летняя,женский,молодой
02-153 17PZ,круглая,металл,синий,Valentino,оптика,140,50,14,18666,всесезонная,мужской,средний
02-156 17PZ,квадратная,комбинированный,коричневый,Polaroid,солнцезащитные,130,46,17,21336,летняя,женский,пожилой
02-157 18PZ,кошачий_глаз,металл,серебряный,Valentino,оптика,135,50,20,28848,всесезонная,мужской,средний
02-158 17PZ,круглая,титан,золотой,Lacoste,солнцезащитные,145,48,14,15841,летняя,унисекс,пожилой
02-159 17PZ,кошачий_глаз,комбинированный,серебряный,Valentino,оптика,130,48,20,7792,всесезонная,унисекс,пожилой
02-159 20PZ,кошачий_глаз,пластик,золотой,Polaroid,солнцезащитные,135,50,15,24122,летняя,женский,молодой
02-161 07P,прямоугольная,пластик,синий,Polaroid,оптика,150,46,15,18112,всесезонная,женский,пожилой
02-161 17PZ,кошачий_глаз,пластик,белый,Lacoste,оптика,150,52,18,18231,всесезонная,унисекс,пожилой
02-161 21P,кошачий_глаз,комбинированный,белый,Polaroid,оптика,150,46,18,22306,всесезонная,мужской,средний
02-167 03,прямоугольная,титан,синий,Lacoste,оптика,140,54,18,24188,всесезонная,унисекс,молодой
02-170 08PZ,квадратная,комбинированный,синий,Ray-Ban,солнцезащитные,140,48,16,5983,летняя,мужской,пожилой
02-170 18PZ,круглая,металл,серебряный,Lacoste,солнцезащитные,150,48,17,9557,летняя,унисекс,средний
02-170 20PZ,овальная,металл,золотой,Ray-Ban,оптика,130,54,20,18046,всесезонная,женский,средний
02-173 06Z,кошачий_глаз,металл,серебряный,Valentino,оптика,150,52,19,22500,всесезонная,женский,средний
02-173 17Z,круглая,титан,серебряный,Oakley,оптика,130,48,16,6813,всесезонная,мужской,молодой
02-177 05Z,прямоугольная,пластик,золотой,Ray-Ban,оптика,145,54,14,7960,всесезонная,мужской,средний
02-181 06Z,кошачий_глаз,титан,белый,Lacoste,оптика,135,54,17,11881,всесезонная,женский,пожилой
02-181 18Z,круглая,металл,золотой,Valentino,солнцезащитные,145,50,17,10128,летняя,унисекс,пожилой
02-182 01,прямоугольная,титан,белый,Ray-Ban,оптика,145,52,18,17236,всесезонная,унисекс,пожилой
02-182 02,квадратная,металл,серебряный,Valentino,оптика,135,48,17,45446,всесезонная,мужской,молодой
02-184 17,квадратная,комбинированный,белый,Polaroid,солнцезащитные,145,52,20,12038,летняя,мужской,молодой
02-184 25,овальная,комбинированный,золотой,Valentino,оптика,135,50,16,42152,всесезонная,унисекс,пожилой
02-185 03Z,овальная,пластик,коричневый,Lacoste,оптика,135,50,16,15981,всесезонная,мужской,средний
02-186 01,квадратная,комбинированный,белый,Gucci,оптика,130,52,17,25568,всесезонная,мужской,пожилой
02-191 06Z,овальная,пластик,синий,Oakley,солнцезащитные,130,54,18,17928,летняя,унисекс,пожилой
02-191 17Z,квадратная,титан,серебряный,Prada,оптика,130,50,15,27662,всесезонная,унисекс,средний
02-193 05Z,овальная,пластик,синий,Valentino,оптика,140,52,19,28330,всесезонная,женский,молодой
02-193 17Z,квадратная,комбинированный,черный,Prada,оптика,140,50,18,6876,всесезонная,мужской,пожилой
02-197 18Z,круглая,комбинированный,синий,Polaroid,оптика,145,50,17,24222,всесезонная,мужской,молодой
02-199 01Z,овальная,пластик,серебряный,Lacoste,оптика,130,52,19,21447,всесезонная,мужской,средний
02-199 03Z,круглая,комбинированный,серый,Lacoste,солнцезащитные,150,50,14,12707,летняя,унисекс,молодой
02-203 17PZ,круглая,титан,синий,Gucci,оптика,135,46,15,7648,всесезонная,женский,молодой
02-205 01,кошачий_глаз,металл,белый,Prada,солнцезащитные,135,48,15,32610,летняя,унисекс,молодой
02-205 25,круглая,металл,черный,Valentino,солнцезащитные,130,52,18,21498,летняя,мужской,средний
0210S-002,кошачий_глаз,титан,белый,Prada,оптика,140,54,18,19092,всесезонная,унисекс,молодой
0221/G/S-O63HA,круглая,комбинированный,серебряный,Ray-Ban,оптика,150,48,19,24107,всесезонная,мужской,пожилой
0222/S-ACKIR,кошачий_глаз,комбинированный,золотой,Gucci,оптика,130,54,15,27654,всесезонная,женский,средний
0222/S-O63HA,квадратная,комбинированный,серебряный,Polaroid,солнцезащитные,130,52,19,22395,летняя,женский,пожилой
0226S-001,кошачий_глаз,комбинированный,синий,Lacoste,оптика,150,52,16,9142,всесезонная,мужской,средний
0227S-001,прямоугольная,пластик,синий,Prada,солнцезащитные,130,48,19,43790,летняя,женский,средний
0250/S-0T59O,прямоугольная,металл,серый,Ray-Ban,оптика,140,54,16,18998,всесезонная,женский,средний
0250/S-8079O,кошачий_глаз,титан,черный,Lacoste,солнцезащитные,135,52,15,7503,летняя,унисекс,пожилой
0270S-004,овальная,комбинированный,черный,Ray-Ban,оптика,130,54,16,6395,всесезонная,унисекс,пожилой
0278S-003,прямоугольная,пластик,коричневый,Valentino,солнцезащитные,145,46,19,32382,летняя,унисекс,молодой
0279S-001,прямоугольная,титан,коричневый,Oakley,оптика,145,52,15,16007,всесезонная,унисекс,средний
0298S-002,овальная,титан,серый,Prada,солнцезащитные,145,54,20,33480,летняя,мужской,пожилой
0309S-002,овальная,титан,белый,Gucci,оптика,140,52,14,36342,всесезонная,женский,пожилой
0316S-001,кошачий_глаз,титан,серый,Polaroid,солнцезащитные,150,52,17,11437,летняя,унисекс,средний
0330S-004,кошачий_глаз,титан,серебряный,Oakley,солнцезащитные,130,54,16,22697,летняя,женский,средний
033S-0U28,кошачий_глаз,титан,коричневый,Polaroid,оптика,135,54,19,9740,всесезонная,женский,молодой
0356S-001,круглая,металл,черный,Polaroid,оптика,140,46,15,12946,всесезонная,унисекс,средний
0358S-001,овальная,металл,золотой,Polaroid,солнцезащитные,140,52,19,11411,летняя,мужской,средний
0370S-001,квадратная,металл,черный,Gucci,солнцезащитные,130,50,19,30868,летняя,мужской,средний
0374S-001,овальная,комбинированный,коричневый,Ray-Ban,солнцезащитные,135,48,18,23566,летняя,унисекс,молодой
0375S-002,овальная,пластик,коричневый,Lacoste,оптика,150,50,15,8358,всесезонная,женский,молодой
0378S-004,круглая,титан,коричневый,Tom Ford,солнцезащитные,150,52,15,43016,летняя,унисекс,пожилой
0382S-005,квадратная,пластик,черный,Prada,оптика,150,46,19,31764,всесезонная,унисекс,молодой
0385S-004,круглая,металл,серый,Oakley,солнцезащитные,145,52,15,7980,летняя,женский,пожилой
0390S-002,прямоугольная,пластик,коричневый,Prada,солнцезащитные,140,52,16,25726,летняя,мужской,пожилой
0393S-001,кошачий_глаз,металл,коричневый,Tom Ford,солнцезащитные,130,54,17,16700,летняя,мужской,пожилой
0394S-002,прямоугольная,комбинированный,серебряный,Valentino,оптика,135,46,15,44518,всесезонная,мужской,пожилой
04-093 18PZ,кошачий_глаз,пластик,черный,Lacoste,солнцезащитные,135,52,15,5933,летняя,унисекс,пожилой
04-100 01,круглая,пластик,коричневый,Gucci,солнцезащитные,140,52,14,37792,летняя,унисекс,средний
04-100 09,квадратная,титан,серый,Oakley,солнцезащитные,145,46,19,7150,летняя,женский,молодой
04-104 21PZ,прямоугольная,пластик,серый,Valentino,оптика,140,46,14,32250,всесезонная,унисекс,молодой
04-110 01,круглая,комбинированный,черный,Gucci,оптика,145,50,18,39102,всесезонная,женский,пожилой
040-700Y,круглая,пластик,коричневый,Polaroid,оптика,135,52,18,7699,всесезонная,мужской,молодой
0401S-002,кошачий_глаз,комбинированный,серебряный,Valentino,солнцезащитные,145,54,15,41656,летняя,мужской,средний
0426S-001,прямоугольная,пластик,золотой,Tom Ford,оптика,140,46,17,7790,всесезонная,унисекс,средний
043-0300,овальная,пластик,золотой,Oakley,солнцезащитные,145,46,14,4553,летняя,женский,средний
043-400,кошачий_глаз,металл,белый,Ray-Ban,оптика,135,50,15,16463,всесезонная,женский,молодой
06-002-17PZ,прямоугольная,титан,белый,Tom Ford,оптика,130,54,18,16764,всесезонная,женский,средний
06-008-08PZ,круглая,титан,коричневый,Oakley,оптика,145,48,14,14473,всесезонная,женский,средний
06-018 03,круглая,титан,серебряный,Gucci,оптика,140,52,14,22064,всесезонная,женский,пожилой
06-019 06Z,круглая,пластик,серебряный,Ray-Ban,оптика,135,48,16,13357,всесезонная,унисекс,пожилой
06-019 18Z,кошачий_глаз,пластик,серый,Prada,солнцезащитные,145,50,16,36410,летняя,унисекс,молодой
06-025 02Z,прямоугольная,металл,серебряный,Polaroid,солнцезащитные,130,46,16,8381,летняя,женский,молодой
06-025 06Z,овальная,титан,черный,Prada,оптика,135,50,20,8190,всесезонная,унисекс,средний
06-025 18Z,овальная,металл,белый,Valentino,солнцезащитные,130,46,15,49694,летняя,мужской,средний
0620S-001,кошачий_глаз,титан,черный,Gucci,оптика,130,50,17,31814,всесезонная,мужской,средний
073-0583,овальная,титан,серый,Valentino,оптика,150,50,18,6688,всесезонная,унисекс,средний
078-7FBF,овальная,комбинированный,синий,Valentino,оптика,145,48,17,9180,всесезонная,женский,пожилой
08S-300,овальная,комбинированный,серый,Prada,оптика,150,54,20,31754,всесезонная,женский,пожилой
093-703V,кошачий_глаз,комбинированный,золотой,Gucci,оптика,130,54,18,39638,всесезонная,мужской,средний
094-703,квадратная,пластик,золотой,Oakley,солнцезащитные,150,52,17,11654,летняя,унисекс,молодой
0962S-011,квадратная,металл,серый,Prada,оптика,135,52,19,22364,всесезонная,мужской,молодой
0962S-013,овальная,комбинированный,золотой,Oakley,солнцезащитные,140,46,14,24874,летняя,женский,средний
0972S-003,круглая,титан,коричневый,Polaroid,солнцезащитные,135,52,20,16817,летняя,женский,молодой
0BV8229B-5469E2,овальная,титан,черный,Valentino,солнцезащитные,140,46,18,43008,летняя,женский,пожилой
0MK1090-11538G,круглая,комбинированный,синий,Valentino,солнцезащитные,135,46,18,27366,летняя,унисекс,средний
0OO9098-909801,кошачий_глаз,металл,коричневый,Tom Ford,оптика,145,52,16,31762,всесезонная,женский,средний
0OO9102-9102T9,овальная,металл,серый,Oakley,солнцезащитные,150,54,15,15677,летняя,женский,пожилой
0OO9208-9208D0,овальная,титан,синий,Polaroid,солнцезащитные,145,54,14,21295,летняя,мужской,молодой
0OO9290-929042,овальная,титан,черный,Gucci,оптика,145,48,20,37136,всесезонная,мужской,пожилой
0OO9290-929060,квадратная,металл,коричневый,Ray-Ban,солнцезащитные,140,46,19,22770,летняя,унисекс,молодой
0OO9417-941705,кошачий_глаз,комбинированный,золотой,Valentino,солнцезащитные,140,46,15,43272,летняя,женский,пожилой
0OO9417-941733,овальная,пластик,золотой,Gucci,оптика,135,52,17,37314,всесезонная,женский,средний
0PR 04YS-08U08G,прямоугольная,комбинированный,серый,Ray-Ban,оптика,135,46,16,12493,всесезонная,мужской,пожилой
0PR 06YS-09Q5S0,круглая,комбинированный,черный,Prada,солнцезащитные,130,46,16,6632,летняя,мужской,пожилой
0PR 14ZS-2AU6S1,овальная,пластик,серебряный,Ray-Ban,солнцезащитные,130,52,14,14636,летняя,женский,средний
0PR 15YS-2AU05Q,прямоугольная,пластик,золотой,Prada,солнцезащитные,150,52,19,23702,летняя,женский,молодой
0PR 17WS-1AB07Z,кошачий_глаз,титан,золотой,Tom Ford,оптика,145,48,16,42726,всесезонная,унисекс,молодой
0PR 21XS-2AU6S1,кошачий_глаз,комбинированный,золотой,Gucci,оптика,135,54,18,20918,всесезонная,мужской,пожилой
0PR 23YS-1AB5S0,круглая,металл,синий,Oakley,оптика,135,46,19,24015,всесезонная,мужской,молодой
0PR 26ZS-14L09Z,квадратная,комбинированный,черный,Prada,солнцезащитные,140,54,20,18242,летняя,унисекс,молодой
0PR 52YS-5AV05C,круглая,титан,золотой,Lacoste,солнцезащитные,135,54,18,17780,летняя,унисекс,молодой
0PR 56AS-15N5S0,круглая,пластик,черный,Oakley,солнцезащитные,135,48,16,14124,летняя,мужской,пожилой
0PS 01US-DG05S0,овальная,пластик,белый,Tom Ford,оптика,130,50,20,15700,всесезонная,женский,пожилой
0PS 01US-UFK5L0,круглая,пластик,коричневый,Tom Ford,солнцезащитные,145,48,14,48974,летняя,унисекс,средний
0PS 03WS-08W06F,квадратная,металл,белый,Ray-Ban,солнцезащитные,135,54,20,21750,летняя,унисекс,пожилой
0PS 03WS-UR701G,кошачий_глаз,титан,серебряный,Polaroid,солнцезащитные,130,48,16,13694,летняя,унисекс,пожилой
0PS 03YS-17G08F,круглая,пластик,коричневый,Ray-Ban,солнцезащитные,140,50,18,20914,летняя,женский,пожилой
0PS 52YS-17G01V,квадратная,пластик,коричневый,Valentino,оптика,135,50,19,42754,всесезонная,мужской,пожилой
0RB2196-13143M,круглая,комбинированный,коричневый,Gucci,оптика,150,50,14,48452,всесезонная,мужской,средний
0RB2283-1339B1,овальная,комбинированный,белый,Valentino,солнцезащитные,135,54,14,43984,летняя,мужской,средний
0RB2398-1376/BH,круглая,титан,серебряный,Prada,оптика,150,54,19,29764,всесезонная,мужской,молодой
0RB3016-1366/G6,прямоугольная,комбинированный,синий,Polaroid,оптика,145,50,17,20559,всесезонная,женский,пожилой
0RB3016-W0365,квадратная,металл,серый,Tom Ford,оптика,150,48,19,30894,всесезонная,унисекс,молодой
0RB3016-W0366,круглая,титан,золотой,Polaroid,солнцезащитные,150,52,17,18290,летняя,унисекс,пожилой
0RB3025-001/3F,кошачий_глаз,пластик,синий,Lacoste,оптика,140,50,14,10004,всесезонная,мужской,средний
0RB3025-003/32,овальная,металл,серебряный,Polaroid,оптика,130,48,16,6465,всесезонная,женский,средний
0RB3025-004/78,круглая,комбинированный,белый,Tom Ford,солнцезащитные,135,46,14,27726,летняя,женский,средний
0RB3025-9196S2,квадратная,пластик,серебряный,Prada,солнцезащитные,135,50,19,35218,летняя,унисекс,средний
0RB3428-9240B1,круглая,титан,черный,Lacoste,солнцезащитные,150,54,19,13495,летняя,женский,молодой
0RB3447-001/71,прямоугольная,пластик,белый,Oakley,солнцезащитные,140,50,19,19288,летняя,мужской,молодой
0RB3447-029,кошачий_глаз,титан,золотой,Gucci,оптика,140,48,15,7590,всесезонная,мужской,молодой
0RB3447N-001/3F,прямоугольная,комбинированный,серый,Gucci,оптика,150,46,14,23106,всесезонная,мужской,средний
0RB3447N-002/71,круглая,пластик,коричневый,Prada,оптика,140,52,14,12210,всесезонная,женский,средний
0RB3447N-004/51,круглая,пластик,белый,Polaroid,солнцезащитные,130,46,19,15370,летняя,женский,пожилой
0RB3475Q-9041,квадратная,титан,черный,Valentino,оптика,135,48,14,16478,всесезонная,унисекс,средний
0RB3539-002/8G,овальная,титан,серый,Gucci,оптика,135,52,16,24350,всесезонная,женский,пожилой
0RB3548-001/3F,кошачий_глаз,металл,коричневый,Polaroid,оптика,135,48,14,19507,всесезонная,мужской,молодой
0RB3548-001/51,кошачий_глаз,титан,серебряный,Polaroid,оптика,135,54,14,4117,всесезонная,женский,средний
0RB3548-002/71,квадратная,пластик,белый,Oakley,солнцезащитные,140,52,14,9090,летняя,унисекс,молодой
0RB3548N-001,квадратная,комбинированный,серебряный,Ray-Ban,оптика,150,48,14,10812,всесезонная,мужской,пожилой
0RB3548N-002/58,овальная,комбинированный,белый,Valentino,солнцезащитные,145,50,15,48006,летняя,унисекс,молодой
0RB3548N-004/71,кошачий_глаз,комбинированный,черный,Valentino,солнцезащитные,150,46,19,19810,летняя,унисекс,пожилой
0RB3548N-91233M,квадратная,титан,золотой,Ray-Ban,солнцезащитные,150,52,14,12171,летняя,женский,молодой
0RB3556N-001,квадратная,титан,серебряный,Ray-Ban,солнцезащитные,135,48,17,12160,летняя,унисекс,средний
0RB3556N-004/71,прямоугольная,металл,коричневый,Prada,оптика,145,48,16,31608,всесезонная,женский,пожилой
0RB3565-001/51,овальная,металл,белый,Tom Ford,солнцезащитные,135,52,16,49116,летняя,унисекс,пожилой
0RB3565-003/3F,прямоугольная,комбинированный,белый,Ray-Ban,оптика,150,52,14,15388,всесезонная,мужской,средний
0RB3582-001/31,овальная,металл,серый,Oakley,солнцезащитные,130,52,20,3220,летняя,унисекс,средний
0RB3625-9196G6,круглая,комбинированный,золотой,Prada,оптика,145,50,19,18622,всесезонная,мужской,пожилой
0RB3637-919631,прямоугольная,металл,коричневый,Tom Ford,солнцезащитные,130,52,14,25356,летняя,унисекс,средний
0RB3663-004/3M,овальная,пластик,золотой,Lacoste,оптика,145,48,20,10626,всесезонная,женский,пожилой
0RB3664-001/33,круглая,комбинированный,белый,Gucci,оптика,150,52,19,46068,всесезонная,мужской,средний
0RB3686-186/31,квадратная,пластик,серебряный,Prada,солнцезащитные,145,52,19,9992,летняя,мужской,пожилой
0RB3688-001/31,квадратная,комбинированный,коричневый,Oakley,солнцезащитные,130,48,15,24860,летняя,унисекс,средний
0RB3706-004/71,кошачий_глаз,титан,коричневый,Ray-Ban,солнцезащитные,145,50,16,22202,летняя,унисекс,молодой
0RB4147-601/32,овальная,комбинированный,черный,Gucci,оптика,145,52,15,25826,всесезонная,мужской,пожилой
0RB4147-601/80,кошачий_глаз,комбинированный,серебряный,Prada,оптика,150,54,17,47632,всесезонная,женский,средний
0RB4147-6171/87,квадратная,комбинированный,коричневый,Ray-Ban,оптика,150,46,16,24236,всесезонная,мужской,средний
0RB4165-601/8G,овальная,комбинированный,серебряный,Polaroid,солнцезащитные,130,54,14,11961,летняя,унисекс,молодой
0RB4165-622/2V,прямоугольная,металл,черный,Gucci,солнцезащитные,140,48,18,33422,летняя,унисекс,средний
0RB4165-622/6G,кошачий_глаз,пластик,золотой,Oakley,оптика,140,54,14,20578,всесезонная,мужской,пожилой
0RB4165-6512/87,кошачий_глаз,металл,черный,Ray-Ban,оптика,135,48,17,3606,всесезонная,мужской,средний
0RB4165-865/T5,квадратная,металл,коричневый,Gucci,солнцезащитные,150,54,18,8518,летняя,мужской,пожилой
0RB4171-60028G,овальная,металл,коричневый,Gucci,оптика,140,50,14,39702,всесезонная,женский,средний
0RB4171-622/8G,кошачий_глаз,пластик,золотой,Ray-Ban,солнцезащитные,140,50,17,18395,летняя,унисекс,средний
0RB4171-622/T3,овальная,пластик,золотой,Oakley,оптика,130,50,17,3876,всесезонная,унисекс,пожилой
0RB4171-710/T5,квадратная,пластик,серый,Oakley,солнцезащитные,145,46,16,16412,летняя,мужской,молодой
0RB4171-865/13,овальная,металл,белый,Ray-Ban,оптика,150,54,18,15911,всесезонная,мужской,молодой
0RB4264-601/J0,круглая,комбинированный,черный,Prada,солнцезащитные,135,46,16,47274,летняя,мужской,пожилой
0RB4264-601S/5J,квадратная,титан,синий,Prada,солнцезащитные,145,50,20,12534,летняя,унисекс,молодой
0RB4264-601S/A1,квадратная,титан,серый,Valentino,оптика,140,52,17,47652,всесезонная,унисекс,молодой
0RB4264-876/6O,овальная,пластик,черный,Valentino,солнцезащитные,145,46,19,24866,летняя,мужской,средний
0RB4296-63455A,овальная,титан,коричневый,Tom Ford,оптика,135,46,14,46170,всесезонная,женский,пожилой
0RB4306-657780,овальная,титан,коричневый,Polaroid,оптика,140,48,19,10497,всесезонная,унисекс,средний
0RB4385-601S/A1,квадратная,металл,черный,Ray-Ban,солнцезащитные,145,50,20,23440,летняя,унисекс,средний
0RB4416-601/31,овальная,комбинированный,золотой,Polaroid,солнцезащитные,135,54,19,22145,летняя,женский,средний
0RJ9071S-702187,кошачий_глаз,пластик,золотой,Oakley,солнцезащитные,150,48,17,17506,летняя,мужской,средний
0TF3078B-61059S,квадратная,пластик,белый,Valentino,оптика,135,54,16,34840,всесезонная,женский,средний
0TF3104D-6178/11,прямоугольная,комбинированный,синий,Lacoste,оптика,150,54,17,11955,всесезонная,мужской,молодой
0TF4197-8015/3G,кошачий_глаз,пластик,синий,Prada,солнцезащитные,150,52,18,23730,летняя,женский,пожилой
0VE2150Q-134187,круглая,пластик,серый,Oakley,оптика,130,54,19,16048,всесезонная,унисекс,пожилой
0VE4361-GB1/87,овальная,титан,серый,Valentino,оптика,135,48,17,11204,всесезонная,мужской,средний
0VO4223S-323/87,круглая,пластик,черный,Valentino,солнцезащитные,150,52,14,38696,летняя,унисекс,пожилой
0VO4223S-352/14,круглая,комбинированный,белый,Prada,оптика,150,46,20,11422,всесезонная,женский,средний
0VO4227S-280/13,круглая,титан,коричневый,Prada,оптика,130,46,17,17050,всесезонная,женский,молодой
0VO4227S-323/11,овальная,металл,белый,Tom Ford,оптика,135,50,15,19588,всесезонная,унисекс,средний
0VO5353S-298536,квадратная,металл,синий,Tom Ford,оптика,145,46,16,19498,всесезонная,женский,молодой
0VO5361S-W44/87,квадратная,комбинированный,серебряный,Valentino,оптика,145,46,18,23914,всесезонная,унисекс,пожилой
0VO5384SB-238673,квадратная,комбинированный,белый,Ray-Ban,солнцезащитные,150,54,14,3078,летняя,унисекс,молодой
0VO5384SB-W44/11,квадратная,комбинированный,золотой,Lacoste,оптика,135,54,17,17129,всесезонная,мужской,пожилой
0VO5385SB-2933V1,овальная,титан,белый,Tom Ford,солнцезащитные,150,48,16,16032,летняя,унисекс,молодой
0VO5385SB-293811,овальная,титан,белый,Lacoste,оптика,145,54,17,16429,всесезонная,мужской,пожилой
0VO5385SB-W44/87,овальная,комбинированный,белый,Gucci,солнцезащитные,140,54,15,47562,летняя,мужской,средний
0VO5392S-295180,круглая,титан,золотой,Ray-Ban,оптика,135,48,14,24891,всесезонная,унисекс,молодой
0VO5392S-295393,круглая,металл,золотой,Tom Ford,солнцезащитные,145,48,17,41244,летняя,женский,молодой
0VO5410S-2968I6,квадратная,комбинированный,серый,Prada,солнцезащитные,150,54,18,20218,летняя,женский,средний
0VO5410S-W44/71,квадратная,титан,серый,Lacoste,оптика,145,52,15,8804,всесезонная,мужской,средний
1000/S-807HA,круглая,титан,синий,Lacoste,солнцезащитные,130,50,18,15891,летняя,унисекс,молодой
1001/S-J5G9K,квадратная,пластик,синий,Lacoste,оптика,130,52,17,7270,всесезонная,мужской,молодой
1031-01,квадратная,комбинированный,синий,Polaroid,солнцезащитные,145,46,17,16723,летняя,унисекс,молодой
1032-01,кошачий_глаз,комбинированный,белый,Lacoste,солнцезащитные,145,48,17,9609,летняя,унисекс,средний
1036-02,круглая,металл,коричневый,Oakley,солнцезащитные,140,46,19,14575,летняя,унисекс,пожилой
1038-01,квадратная,комбинированный,черный,Prada,оптика,145,50,19,46416,всесезонная,мужской,пожилой
1042-01,круглая,титан,серебряный,Tom Ford,солнцезащитные,150,48,16,35922,летняя,унисекс,пожилой
1042-03,круглая,пластик,черный,Tom Ford,солнцезащитные,130,50,18,17582,летняя,мужской,молодой
1054/S-2M286,круглая,металл,коричневый,Valentino,солнцезащитные,150,52,19,11354,летняя,женский,средний
1058/S-OIT9O,кошачий_глаз,пластик,синий,Polaroid,солнцезащитные,145,46,14,4566,летняя,мужской,молодой
1078/S-31ZHA,круглая,пластик,золотой,Polaroid,оптика,135,48,18,8656,всесезонная,женский,средний
1078/S-IDAQZ,круглая,комбинированный,белый,Oakley,оптика,130,50,14,21002,всесезонная,мужской,пожилой
1097/S-763QT,квадратная,металл,серый,Tom Ford,солнцезащитные,150,50,17,41680,летняя,унисекс,пожилой
11-577 21P,круглая,комбинированный,серебряный,Lacoste,оптика,130,46,16,8495,всесезонная,женский,средний
11-622 33P,квадратная,титан,серебряный,Lacoste,оптика,140,52,20,20037,всесезонная,унисекс,пожилой
11-701 18,квадратная,титан,коричневый,Oakley,солнцезащитные,145,54,15,5466,летняя,унисекс,пожилой
11-702 06,овальная,пластик,серебряный,Polaroid,оптика,140,48,19,9595,всесезонная,мужской,молодой
11-704 18P,прямоугольная,комбинированный,золотой,Gucci,солнцезащитные,135,48,15,40086,летняя,мужской,средний
11-705 19P,круглая,пластик,серебряный,Valentino,оптика,140,50,15,11054,всесезонная,мужской,средний
11-705 33P,прямоугольная,пластик,серый,Ray-Ban,оптика,150,52,20,13244,всесезонная,женский,средний
11-710 05,кошачий_глаз,комбинированный,синий,Tom Ford,солнцезащитные,135,48,17,24080,летняя,унисекс,пожилой
11-711 07P,прямоугольная,титан,белый,Prada,оптика,140,54,20,26784,всесезонная,унисекс,средний
11-711 19P,кошачий_глаз,титан,серебряный,Tom Ford,солнцезащитные,150,50,19,15528,летняя,унисекс,молодой
11-717 07,квадратная,комбинированный,белый,Polaroid,оптика,150,50,15,9128,всесезонная,унисекс,средний
11-717 10,кошачий_глаз,металл,серый,Gucci,оптика,150,52,19,7956,всесезонная,женский,средний
11-717 17,кошачий_глаз,металл,серый,Oakley,солнцезащитные,145,48,16,9751,летняя,унисекс,средний
11-717 34,круглая,титан,коричневый,Prada,солнцезащитные,130,48,19,21672,летняя,унисекс,молодой
11-721 07,кошачий_глаз,титан,белый,Ray-Ban,оптика,140,46,19,13931,всесезонная,мужской,молодой
11-721 10,овальная,титан,серебряный,Oakley,оптика,140,52,20,14925,всесезонная,унисекс,молодой
11-721 17,овальная,комбинированный,черный,Polaroid,солнцезащитные,135,50,17,16740,летняя,мужской,средний
11-721 34,овальная,пластик,черный,Tom Ford,солнцезащитные,150,46,16,36734,летняя,женский,средний
11-725 08,квадратная,пластик,коричневый,Lacoste,оптика,150,46,18,18219,всесезонная,мужской,пожилой
11-725 17,кошачий_глаз,комбинированный,белый,Prada,оптика,135,48,20,32664,всесезонная,женский,молодой
11-733 17PZ,кошачий_глаз,пластик,белый,Polaroid,оптика,130,54,14,20970,всесезонная,унисекс,средний
11-733 18PZ,прямоугольная,комбинированный,белый,Oakley,солнцезащитные,135,48,14,20187,летняя,унисекс,средний
11-733 20PZ,круглая,комбинированный,коричневый,Ray-Ban,оптика,140,52,19,19361,всесезонная,женский,средний
11-751-01,квадратная,титан,серебряный,Valentino,солнцезащитные,135,48,18,13296,летняя,унисекс,пожилой
11-752-07P,прямоугольная,комбинированный,черный,Prada,солнцезащитные,145,54,15,43740,летняя,унисекс,средний
11-752-17P,кошачий_глаз,металл,золотой,Oakley,оптика,135,48,16,7043,всесезонная,мужской,средний
11-755-17,круглая,титан,серебряный,Ray-Ban,солнцезащитные,130,52,14,6520,летняя,мужской,средний
11-759 18PZ,кошачий_глаз,металл,синий,Valentino,солнцезащитные,140,50,16,24356,летняя,мужской,пожилой
11-761 07PZ,квадратная,металл,серый,Tom Ford,солнцезащитные,130,50,14,37298,летняя,женский,пожилой
11-761 17PZ,овальная,металл,серый,Gucci,солнцезащитные,145,48,20,24998,летняя,женский,средний
11-801 01,прямоугольная,титан,коричневый,Lacoste,солнцезащитные,140,46,18,11095,летняя,мужской,средний
11-801 02,прямоугольная,комбинированный,белый,Lacoste,солнцезащитные,130,54,19,6526,летняя,мужской,средний
11-802 17,квадратная,комбинированный,белый,Polaroid,оптика,145,54,15,20964,всесезонная,женский,средний
11-802 19,круглая,пластик,серый,Ray-Ban,солнцезащитные,140,54,19,5600,летняя,унисекс,молодой
11-803 33P,кошачий_глаз,титан,черный,Oakley,солнцезащитные,150,50,19,14847,летняя,унисекс,пожилой
11-806 13P,прямоугольная,комбинированный,черный,Oakley,оптика,130,52,19,11084,всесезонная,женский,средний
11-806 33P,овальная,металл,черный,Prada,солнцезащитные,135,54,17,13790,летняя,мужской,молодой
11-807 19,кошачий_глаз,пластик,серый,Lacoste,оптика,140,52,18,16166,всесезонная,мужской,средний
11-808 19,прямоугольная,титан,коричневый,Prada,оптика,150,52,17,31090,всесезонная,мужской,средний
11-808 63,кошачий_глаз,комбинированный,серый,Prada,оптика,145,54,20,17606,всесезонная,унисекс,молодой
11-809 13,кошачий_глаз,металл,белый,Lacoste,оптика,140,52,18,12016,всесезонная,женский,пожилой
11-810 02,квадратная,пластик,золотой,Tom Ford,солнцезащитные,140,50,15,8754,летняя,мужской,пожилой
11-810 17,кошачий_глаз,титан,черный,Tom Ford,оптика,150,54,16,22992,всесезонная,женский,молодой
11-820 03,круглая,комбинированный,белый,Ray-Ban,оптика,130,48,17,22416,всесезонная,мужской,пожилой
11-826 01,прямоугольная,комбинированный,серый,Lacoste,оптика,140,52,19,14359,всесезонная,унисекс,средний
11-826 04,квадратная,титан,золотой,Ray-Ban,оптика,140,46,19,14447,всесезонная,унисекс,средний
11-826 18,круглая,металл,золотой,Ray-Ban,оптика,145,52,18,4401,всесезонная,унисекс,молодой
1101/G/S-J5GMT,овальная,титан,серебряный,Ray-Ban,солнцезащитные,140,48,20,20348,летняя,женский,молодой
1142/S-AOZ08,кошачий_глаз,комбинированный,серебряный,Prada,оптика,150,50,20,33528,всесезонная,мужской,средний
1169S-002,квадратная,металл,серый,Prada,оптика,145,52,15,38456,всесезонная,мужской,пожилой
1170S-002,круглая,титан,коричневый,Gucci,оптика,140,48,19,15224,всесезонная,мужской,молодой
1171SK-003,овальная,металл,коричневый,Ray-Ban,оптика,150,46,20,16592,всесезонная,унисекс,молодой
1171SK-004,круглая,титан,белый,Lacoste,солнцезащитные,145,48,16,8515,летняя,унисекс,молодой
1174S-001,овальная,металл,коричневый,Gucci,оптика,140,46,16,31908,всесезонная,унисекс,пожилой
1175SK-002,кошачий_глаз,комбинированный,серебряный,Tom Ford,оптика,130,46,14,7732,всесезонная,мужской,пожилой
1178S-002,овальная,титан,золотой,Oakley,солнцезащитные,130,50,19,16115,летняя,мужской,пожилой
1180SK-004,квадратная,металл,черный,Tom Ford,солнцезащитные,140,54,19,18266,летняя,женский,средний
1184S-002,квадратная,титан,серебряный,Tom Ford,оптика,145,46,15,26096,всесезонная,женский,пожилой
1188S-002,овальная,пластик,синий,Ray-Ban,оптика,140,50,15,8828,всесезонная,женский,молодой
1188S-004,квадратная,пластик,коричневый,Oakley,оптика,140,48,15,9913,всесезонная,унисекс,молодой
1194/S-7C5AO,квадратная,пластик,серый,Ray-Ban,солнцезащитные,130,52,19,21151,летняя,женский,средний
1196/S-003AO,овальная,титан,серебряный,Polaroid,солнцезащитные,150,50,19,7692,летняя,унисекс,средний
1202S-004,кошачий_глаз,пластик,коричневый,Ray-Ban,солнцезащитные,140,46,18,23981,летняя,мужской,пожилой
1203S-002,квадратная,металл,золотой,Ray-Ban,солнцезащитные,130,54,17,17036,летняя,женский,пожилой
1207/S-R81JW,круглая,титан,золотой,Polaroid,оптика,150,50,15,17651,всесезонная,унисекс,пожилой
1219/S-807AO,круглая,титан,серый,Ray-Ban,солнцезащитные,145,50,17,9767,летняя,унисекс,пожилой
1240S-003,прямоугольная,комбинированный,черный,Polaroid,оптика,140,46,19,17390,всесезонная,мужской,пожилой
1257S-003,кошачий_глаз,пластик,серый,Valentino,солнцезащитные,150,54,20,18206,летняя,мужской,пожилой
1259/S-807IR,квадратная,титан,белый,Tom Ford,солнцезащитные,145,46,20,46242,летняя,унисекс,молодой
1261S-001,квадратная,металл,коричневый,Polaroid,солнцезащитные,145,52,14,6291,летняя,женский,молодой
1279S-002,овальная,металл,черный,Tom Ford,солнцезащитные,135,54,18,46874,летняя,мужской,молодой
1280/S-6LBT4,овальная,пластик,коричневый,Prada,солнцезащитные,140,48,14,18404,летняя,женский,средний
1280/S-V81IR,круглая,комбинированный,коричневый,Prada,солнцезащитные,145,48,15,23070,летняя,мужской,средний
1296/S-OITAO,квадратная,пластик,серебряный,Lacoste,солнцезащитные,150,48,15,24658,летняя,женский,молодой
1300S-004,прямоугольная,металл,золотой,Oakley,солнцезащитные,130,46,20,16029,летняя,женский,средний
1309S-005,овальная,комбинированный,золотой,Polaroid,оптика,145,52,15,21251,всесезонная,унисекс,средний
1311S-001,кошачий_глаз,металл,золотой,Ray-Ban,солнцезащитные,150,54,19,8080,летняя,мужской,молодой
1331S-006,кошачий_глаз,комбинированный,белый,Polaroid,солнцезащитные,140,50,19,7932,летняя,мужской,молодой
1345S-002,кошачий_глаз,пластик,черный,Valentino,оптика,130,46,18,34944,всесезонная,женский,пожилой
135-92EP,прямоугольная,комбинированный,черный,Tom Ford,оптика,140,46,14,14450,всесезонная,унисекс,молодой
135-XANP,круглая,металл,золотой,Gucci,оптика,150,54,15,24246,всесезонная,унисекс,молодой
1368-01,квадратная,металл,золотой,Gucci,солнцезащитные,150,54,17,41728,летняя,женский,средний
1421S-001,квадратная,комбинированный,белый,Gucci,солнцезащитные,140,52,16,14992,летняя,женский,молодой
1425S-001,квадратная,пластик,черный,Prada,солнцезащитные,135,48,16,43396,летняя,мужской,молодой
1441/S-086UC,прямоугольная,металл,белый,Ray-Ban,солнцезащитные,130,48,19,11328,летняя,женский,молодой
1441/S-807M9,овальная,пластик,синий,Polaroid,оптика,145,48,19,9985,всесезонная,мужской,пожилой
1441S-003,кошачий_глаз,титан,черный,Valentino,солнцезащитные,130,48,18,27896,летняя,унисекс,средний
1445/CS-80799,овальная,комбинированный,черный,Lacoste,оптика,150,50,20,19330,всесезонная,женский,пожилой
1450/S-003M9,овальная,пластик,синий,Ray-Ban,оптика,135,54,20,4314,всесезонная,женский,средний
1544-490,кошачий_глаз,пластик,серый,Oakley,солнцезащитные,135,46,18,4573,летняя,унисекс,молодой
1596/S-807A9,кошачий_глаз,комбинированный,золотой,Lacoste,солнцезащитные,130,48,15,7978,летняя,женский,средний
1612/F/SK-6LBIR,круглая,пластик,черный,Tom Ford,оптика,145,46,15,28016,всесезонная,мужской,средний
1631S-004,круглая,титан,золотой,Tom Ford,солнцезащитные,130,50,16,16872,летняя,женский,пожилой
1647/S-807IR,прямоугольная,пластик,белый,Tom Ford,солнцезащитные,140,48,18,44596,летняя,женский,средний
1724-104,прямоугольная,комбинированный,золотой,Ray-Ban,солнцезащитные,140,50,17,21132,летняя,женский,молодой
1729-910,круглая,титан,черный,Tom Ford,оптика,145,54,14,35222,всесезонная,женский,молодой
1738-100,прямоугольная,пластик,серый,Gucci,оптика,130,50,16,21248,всесезонная,женский,средний
1743-421,квадратная,титан,коричневый,Prada,солнцезащитные,135,46,16,42732,летняя,женский,пожилой
1744-421,прямоугольная,пластик,золотой,Oakley,оптика,135,52,14,20053,всесезонная,женский,молодой
183 -0594,круглая,титан,синий,Prada,оптика,140,46,20,9290,всесезонная,мужской,молодой
191 -0300,овальная,комбинированный,серый,Prada,солнцезащитные,135,48,18,24824,летняя,унисекс,средний
192 -579X,кошачий_глаз,металл,серый,Gucci,солнцезащитные,140,46,16,12742,летняя,мужской,средний
199-R43X,круглая,титан,коричневый,Ray-Ban,оптика,140,52,16,13122,всесезонная,женский,молодой
2032-01,овальная,комбинированный,коричневый,Oakley,оптика,145,52,15,4091,всесезонная,унисекс,средний
2033-01,квадратная,пластик,серый,Prada,солнцезащитные,145,48,16,18200,летняя,женский,молодой
2034-01,кошачий_глаз,пластик,черный,Tom Ford,солнцезащитные,130,50,14,7726,летняя,унисекс,пожилой
2096/S-807M9,прямоугольная,пластик,синий,Lacoste,солнцезащитные,130,48,19,11931,летняя,женский,пожилой
2138/S-O6WM9,кошачий_глаз,титан,серый,Prada,оптика,140,54,18,47398,всесезонная,унисекс,молодой
2142/S-RC2M9,круглая,титан,серый,Tom Ford,оптика,140,52,18,33922,всесезонная,унисекс,средний
2149/S-71CEX,квадратная,металл,золотой,Tom Ford,солнцезащитные,130,50,15,7692,летняя,унисекс,пожилой
2150/S-08AM9,круглая,металл,черный,Valentino,солнцезащитные,140,52,14,23938,летняя,унисекс,средний
2151/S-0VK5X,круглая,пластик,серый,Oakley,солнцезащитные,135,54,19,19776,летняя,мужской,пожилой
2153/S-0VKC3,кошачий_глаз,титан,синий,Tom Ford,солнцезащитные,130,50,18,6172,летняя,женский,пожилой
2154/S-O6WM9,кошачий_глаз,пластик,серебряный,Gucci,солнцезащитные,150,54,17,10766,летняя,мужской,пожилой
21M-531P,овальная,титан,черный,Tom Ford,оптика,145,48,18,14974,всесезонная,мужской,пожилой
226/3-001,круглая,пластик,коричневый,Ray-Ban,солнцезащитные,135,48,20,15626,летняя,женский,молодой
288S-0721,квадратная,комбинированный,белый,Oakley,солнцезащитные,140,46,18,22288,летняя,унисекс,молодой
3002-06A,прямоугольная,пластик,белый,Ray-Ban,солнцезащитные,140,46,15,10258,летняя,женский,пожилой
3002-09A,круглая,титан,коричневый,Tom Ford,оптика,130,50,16,47252,всесезонная,мужской,пожилой
3003-D01,квадратная,пластик,белый,Gucci,оптика,130,54,18,49782,всесезонная,женский,молодой
3005-09B,квадратная,пластик,синий,Ray-Ban,оптика,140,48,17,13189,всесезонная,женский,пожилой
30MontaigneMini RI-20F1,круглая,металл,серебряный,Polaroid,оптика,145,52,15,19630,всесезонная,мужской,молодой
3169-12A,кошачий_глаз,пластик,серебряный,Tom Ford,оптика,130,48,20,45470,всесезонная,унисекс,пожилой
3176-A01,кошачий_глаз,комбинированный,коричневый,Ray-Ban,оптика,145,48,17,24158,всесезонная,мужской,средний
3182-06A,круглая,пластик,серебряный,Oakley,солнцезащитные,135,46,18,12445,летняя,женский,пожилой
3182-09A,круглая,комбинированный,черный,Valentino,оптика,135,52,19,10530,всесезонная,унисекс,средний
3183-04D,овальная,металл,серый,Tom Ford,оптика,140,52,18,17030,всесезонная,мужской,пожилой
3184-04A,овальная,комбинированный,серебряный,Oakley,солнцезащитные,150,52,14,19981,летняя,мужской,средний
3184-09A,квадратная,комбинированный,золотой,Lacoste,оптика,130,54,20,15120,всесезонная,мужской,пожилой
3272-A01,кошачий_глаз,титан,золотой,Prada,оптика,130,54,15,32284,всесезонная,женский,пожилой
3272-E01,овальная,титан,синий,Valentino,солнцезащитные,150,54,19,48468,летняя,мужской,молодой
3272-T01,квадратная,комбинированный,черный,Gucci,солнцезащитные,140,54,14,40260,летняя,мужской,средний
3342M-02AP,круглая,металл,золотой,Oakley,оптика,145,54,17,23157,всесезонная,женский,пожилой
344-033M,прямоугольная,металл,серебряный,Lacoste,оптика,150,52,17,6792,всесезонная,мужской,средний
344-0492,прямоугольная,металл,коричневый,Prada,оптика,130,46,17,13420,всесезонная,мужской,пожилой
40001I-01A,кошачий_глаз,титан,белый,Lacoste,оптика,145,48,14,11753,всесезонная,унисекс,пожилой
40018I-53S,круглая,металл,коричневый,Valentino,солнцезащитные,140,50,19,33472,летняя,унисекс,средний
40023U-49E,квадратная,титан,золотой,Polaroid,оптика,150,50,19,12876,всесезонная,унисекс,пожилой
40025U-30E,круглая,комбинированный,золотой,Tom Ford,оптика,150,52,18,8922,всесезонная,унисекс,молодой
40029U-17V,прямоугольная,пластик,серебряный,Lacoste,оптика,145,48,17,23623,всесезонная,женский,пожилой
40235U-30N,круглая,титан,коричневый,Tom Ford,оптика,140,50,20,24274,всесезонная,женский,молодой
4075US-30A,овальная,комбинированный,белый,Valentino,оптика,145,52,14,31250,всесезонная,унисекс,молодой
4075US-30V,квадратная,титан,синий,Tom Ford,оптика,150,46,19,24790,всесезонная,унисекс,молодой
4110/S/X-807M9,круглая,металл,серый,Prada,солнцезащитные,150,54,19,43390,летняя,женский,пожилой
4114/S/X-807M9,квадратная,титан,черный,Tom Ford,солнцезащитные,135,50,19,14896,летняя,женский,средний
4153/S-807M9,квадратная,титан,серебряный,Oakley,оптика,135,46,20,16908,всесезонная,женский,молодой
4242-395/S5,круглая,титан,синий,Polaroid,оптика,130,54,20,18869,всесезонная,мужской,пожилой
4244-108/D8,кошачий_глаз,комбинированный,белый,Ray-Ban,оптика,140,48,14,20108,всесезонная,женский,пожилой
4265-Q-395/3,кошачий_глаз,комбинированный,синий,Ray-Ban,солнцезащитные,145,46,19,22044,летняя,мужской,средний
4269-395/S5,круглая,пластик,серый,Tom Ford,оптика,130,50,16,20210,всесезонная,мужской,молодой
491-001,овальная,пластик,коричневый,Tom Ford,оптика,130,54,19,36358,всесезонная,унисекс,средний
5021-405,кошачий_глаз,пластик,синий,Gucci,солнцезащитные,145,52,14,18024,летняя,унисекс,молодой
538-300Y,прямоугольная,титан,серебряный,Lacoste,солнцезащитные,130,48,20,8189,летняя,мужской,молодой
5380-501/S8,кошачий_глаз,титан,черный,Oakley,оптика,145,46,19,9198,всесезонная,женский,средний
5450-1228/S6,овальная,комбинированный,коричневый,Prada,солнцезащитные,140,48,18,29718,летняя,мужской,пожилой
548-005,квадратная,титан,синий,Gucci,оптика,135,48,18,23714,всесезонная,женский,пожилой
548-575,овальная,пластик,синий,Gucci,оптика,140,48,17,45668,всесезонная,женский,пожилой
549-001,прямоугольная,металл,коричневый,Valentino,оптика,150,52,15,47976,всесезонная,унисекс,молодой
549-490,овальная,комбинированный,коричневый,Tom Ford,солнцезащитные,145,46,17,35832,летняя,женский,молодой
558-025,овальная,титан,черный,Lacoste,солнцезащитные,145,46,15,11850,летняя,женский,средний
562-042,круглая,комбинированный,серый,Gucci,солнцезащитные,135,50,14,31232,летняя,унисекс,средний
565-005,квадратная,титан,синий,Oakley,оптика,150,52,18,12531,всесезонная,унисекс,пожилой
566-004,круглая,металл,синий,Prada,солнцезащитные,150,52,15,16800,летняя,женский,молодой
567-001,квадратная,пластик,синий,Prada,оптика,150,46,19,35056,всесезонная,унисекс,пожилой
567-246,овальная,титан,белый,Polaroid,солнцезащитные,140,52,17,18554,летняя,женский,средний
574-001,круглая,пластик,серебряный,Tom Ford,оптика,150,52,16,49280,всесезонная,унисекс,пожилой
576-025,овальная,комбинированный,серебряный,Prada,оптика,145,50,17,30438,всесезонная,мужской,молодой
577-025,прямоугольная,титан,серый,Lacoste,оптика,145,46,18,12316,всесезонная,женский,молодой
579-001,овальная,титан,серый,Polaroid,солнцезащитные,135,46,19,7631,летняя,женский,молодой
580-014,кошачий_глаз,пластик,черный,Prada,оптика,140,50,19,28172,всесезонная,унисекс,молодой
580-061,круглая,комбинированный,коричневый,Ray-Ban,солнцезащитные,140,52,20,10598,летняя,женский,средний
582-012,овальная,титан,белый,Gucci,солнцезащитные,135,46,14,16518,летняя,мужской,пожилой
582-014,кошачий_глаз,пластик,белый,Gucci,оптика,130,52,16,49260,всесезонная,унисекс,молодой
582-061,прямоугольная,пластик,серый,Prada,оптика,150,52,16,35540,всесезонная,мужской,средний
588-088,квадратная,пластик,серебряный,Prada,оптика,145,54,17,31246,всесезонная,унисекс,пожилой
589-001,круглая,титан,серый,Prada,солнцезащитные,150,50,17,24946,летняя,унисекс,молодой
591-575,кошачий_глаз,металл,серебряный,Tom Ford,солнцезащитные,130,52,16,33418,летняя,унисекс,средний
592-001,прямоугольная,титан,золотой,Prada,оптика,150,52,18,10798,всесезонная,мужской,молодой
592-189,квадратная,металл,коричневый,Valentino,солнцезащитные,130,52,17,49736,летняя,унисекс,молодой
592-573,квадратная,пластик,серый,Valentino,оптика,130,46,17,18122,всесезонная,мужской,средний
593-005,круглая,металл,серый,Gucci,солнцезащитные,130,54,16,11444,летняя,мужской,пожилой
593-0ALV,квадратная,комбинированный,белый,Tom Ford,оптика,145,46,16,37084,всесезонная,женский,пожилой
596-012,квадратная,пластик,серебряный,Prada,солнцезащитные,150,54,17,21128,летняя,мужской,молодой
596-014,прямоугольная,пластик,серый,Tom Ford,солнцезащитные,130,46,19,14558,летняя,унисекс,пожилой
597-061,квадратная,комбинированный,белый,Oakley,оптика,150,46,16,7893,всесезонная,унисекс,средний
598-014,квадратная,титан,серый,Ray-Ban,оптика,140,52,17,16476,всесезонная,мужской,молодой
598-015,квадратная,титан,золотой,Polaroid,оптика,135,50,15,4962,всесезонная,мужской,молодой
598-061,квадратная,комбинированный,коричневый,Gucci,оптика,145,52,18,7112,всесезонная,унисекс,молодой
599-014,прямоугольная,титан,белый,Ray-Ban,солнцезащитные,140,48,17,9275,летняя,унисекс,средний
599-061,кошачий_глаз,комбинированный,черный,Valentino,оптика,135,50,20,32318,всесезонная,мужской,пожилой
6-054-3,прямоугольная,комбинированный,белый,Polaroid,солнцезащитные,135,54,14,19220,летняя,унисекс,средний
6-059-8,кошачий_глаз,пластик,белый,Lacoste,солнцезащитные,145,52,19,14902,летняя,унисекс,пожилой
600-005,кошачий_глаз,пластик,коричневый,Lacoste,солнцезащитные,135,48,16,5982,летняя,женский,пожилой
600-250,прямоугольная,пластик,белый,Oakley,оптика,145,48,19,4317,всесезонная,женский,пожилой
600-575,круглая,комбинированный,золотой,Valentino,солнцезащитные,150,54,15,6208,летняя,женский,средний
6015-03,овальная,металл,серебряный,Tom Ford,солнцезащитные,145,54,17,18868,летняя,унисекс,молодой
6017-02,овальная,металл,коричневый,Oakley,оптика,150,50,16,16300,всесезонная,унисекс,средний
6018-002,прямоугольная,титан,серый,Polaroid,оптика,145,48,17,17116,всесезонная,женский,средний
6020-01,кошачий_глаз,металл,белый,Tom Ford,солнцезащитные,135,54,19,21398,летняя,женский,пожилой
6022-01,овальная,комбинированный,черный,Tom Ford,солнцезащитные,135,50,14,44974,летняя,мужской,средний
6023-01,круглая,металл,синий,Lacoste,оптика,135,48,20,23813,всесезонная,женский,молодой
603-005,кошачий_глаз,металл,коричневый,Lacoste,солнцезащитные,135,46,20,13527,летняя,унисекс,пожилой
603-575,прямоугольная,пластик,синий,Gucci,солнцезащитные,150,46,14,36606,летняя,женский,молодой
6036-15,овальная,комбинированный,серый,Oakley,солнцезащитные,150,50,14,19655,летняя,женский,молодой
6039-12,квадратная,титан,синий,Lacoste,оптика,150,52,18,22241,всесезонная,мужской,молодой
605-001,квадратная,пластик,золотой,Tom Ford,солнцезащитные,130,54,18,10276,летняя,мужской,пожилой
605-189,прямоугольная,пластик,белый,Valentino,солнцезащитные,140,50,16,44028,летняя,мужской,пожилой
6050-11,кошачий_глаз,титан,серый,Polaroid,оптика,140,54,16,8144,всесезонная,женский,средний
6052-11,круглая,металл,белый,Oakley,оптика,135,54,15,18283,всесезонная,мужской,молодой
6058-02,прямоугольная,титан,синий,Valentino,солнцезащитные,135,50,15,27024,летняя,женский,молодой
6059-01,прямоугольная,титан,черный,Lacoste,оптика,145,48,18,20924,всесезонная,мужской,пожилой
6059-02,квадратная,пластик,серый,Prada,оптика,135,50,14,35946,всесезонная,женский,молодой
6062-11,прямоугольная,металл,золотой,Gucci,оптика,130,48,14,6930,всесезонная,унисекс,средний
6062-12,квадратная,металл,черный,Valentino,оптика,140,50,20,33196,всесезонная,женский,пожилой
6063-13,квадратная,пластик,черный,Gucci,оптика,150,54,15,38940,всесезонная,мужской,молодой
6066-13,квадратная,титан,коричневый,Valentino,оптика,135,50,19,17560,всесезонная,женский,молодой
6090-12,прямоугольная,металл,черный,Prada,оптика,150,46,20,30756,всесезонная,мужской,молодой
6091-02,овальная,титан,синий,Tom Ford,солнцезащитные,135,54,16,27166,летняя,унисекс,средний
6092-02,овальная,пластик,черный,Valentino,солнцезащитные,135,52,20,18546,летняя,женский,пожилой
6092-03,круглая,комбинированный,синий,Valentino,солнцезащитные,145,52,18,23636,летняя,унисекс,средний
6093-11,кошачий_глаз,пластик,золотой,Lacoste,солнцезащитные,145,48,16,6217,летняя,женский,молодой
6094-02,прямоугольная,комбинированный,золотой,Valentino,солнцезащитные,130,46,17,27846,летняя,женский,средний
6094-03,квадратная,металл,белый,Gucci,оптика,140,54,20,33294,всесезонная,унисекс,молодой
6095-02,круглая,комбинированный,золотой,Polaroid,солнцезащитные,150,48,17,16746,летняя,унисекс,пожилой
6096-12,прямоугольная,титан,серый,Ray-Ban,оптика,145,46,18,20321,всесезонная,мужской,средний
6097-11,кошачий_глаз,металл,черный,Valentino,солнцезащитные,130,48,19,13726,летняя,мужской,молодой
6102-13,квадратная,титан,золотой,Tom Ford,оптика,135,48,14,37488,всесезонная,мужской,молодой
6106-11,кошачий_глаз,титан,серый,Ray-Ban,оптика,130,50,15,8423,всесезонная,мужской,средний
6106-13,прямоугольная,титан,серебряный,Lacoste,солнцезащитные,140,48,15,13493,летняя,женский,пожилой
6108-11,кошачий_глаз,металл,белый,Gucci,оптика,150,52,16,15322,всесезонная,мужской,молодой
6114-01,прямоугольная,комбинированный,коричневый,Prada,оптика,150,50,16,21018,всесезонная,женский,пожилой
6119-13,кошачий_глаз,комбинированный,белый,Ray-Ban,оптика,145,52,17,6878,всесезонная,мужской,молодой
6124-02,квадратная,комбинированный,серебряный,Tom Ford,солнцезащитные,145,52,19,28888,летняя,унисекс,пожилой
6124-03,кошачий_глаз,комбинированный,белый,Lacoste,оптика,150,52,19,21217,всесезонная,унисекс,молодой
6125-03,квадратная,титан,золотой,Prada,оптика,140,46,19,31718,всесезонная,женский,средний
6127-12,кошачий_глаз,металл,черный,Lacoste,оптика,140,46,18,11885,всесезонная,унисекс,средний
6127-13,квадратная,металл,коричневый,Lacoste,солнцезащитные,135,48,20,4189,летняя,мужской,пожилой
6129-11,круглая,металл,черный,Prada,солнцезащитные,145,50,18,25688,летняя,унисекс,молодой
6129-12,кошачий_глаз,металл,золотой,Oakley,оптика,145,46,19,20161,всесезонная,женский,молодой
6129-14,овальная,комбинированный,синий,Valentino,оптика,135,50,19,12534,всесезонная,унисекс,молодой
6130-12,овальная,пластик,коричневый,Oakley,солнцезащитные,130,52,15,10583,летняя,женский,пожилой
6130-13,круглая,металл,серый,Lacoste,солнцезащитные,150,50,16,14960,летняя,унисекс,средний
6131-12,прямоугольная,титан,золотой,Valentino,солнцезащитные,150,50,20,29672,летняя,мужской,молодой
6131-13,квадратная,комбинированный,серый,Prada,солнцезащитные,140,46,14,24010,летняя,унисекс,средний
615-003,овальная,комбинированный,коричневый,Oakley,оптика,145,54,15,12299,всесезонная,женский,средний
615-005,прямоугольная,титан,серый,Ray-Ban,оптика,145,54,17,21039,всесезонная,унисекс,молодой
616-003,круглая,комбинированный,золотой,Gucci,солнцезащитные,135,48,16,43710,летняя,женский,средний
616-549,кошачий_глаз,пластик,коричневый,Tom Ford,оптика,150,54,16,24008,всесезонная,женский,молодой
6169/S-KB7M9,прямоугольная,пластик,коричневый,Prada,оптика,150,48,17,28986,всесезонная,унисекс,молодой
6171/S-010JQ,квадратная,комбинированный,синий,Polaroid,оптика,135,46,17,9701,всесезонная,женский,молодой
6171/S-KJ1C3,кошачий_глаз,титан,синий,Polaroid,солнцезащитные,135,54,17,21234,летняя,мужской,молодой
619-026,круглая,металл,серый,Oakley,солнцезащитные,140,52,17,5595,летняя,женский,пожилой
619-266,квадратная,металл,золотой,Valentino,оптика,135,46,14,35362,всесезонная,унисекс,молодой
6194/S/X-000JQ,кошачий_глаз,пластик,золотой,Oakley,оптика,150,50,19,5675,всесезонная,женский,молодой
6194/S/X-J5GWJ,круглая,титан,белый,Polaroid,оптика,130,48,20,21578,всесезонная,унисекс,молодой
6207/S-807M9,квадратная,титан,коричневый,Prada,солнцезащитные,140,48,15,17516,летняя,женский,молодой
622-009,овальная,титан,белый,Polaroid,солнцезащитные,145,50,14,16781,летняя,мужской,молодой
622-088,круглая,титан,белый,Ray-Ban,оптика,150,54,17,3513,всесезонная,унисекс,молодой
622-594Y,овальная,титан,коричневый,Prada,солнцезащитные,150,50,16,21858,летняя,унисекс,молодой
623-001,круглая,комбинированный,белый,Prada,солнцезащитные,135,54,15,10312,летняя,мужской,пожилой
623-0300,прямоугольная,титан,черный,Lacoste,солнцезащитные,130,50,16,10753,летняя,мужской,средний
624-575,квадратная,пластик,синий,Lacoste,солнцезащитные,140,48,15,15498,летняя,женский,пожилой
626-003,прямоугольная,комбинированный,черный,Oakley,солнцезащитные,135,46,20,5524,летняя,мужской,пожилой
627-0A93,кошачий_глаз,пластик,серебряный,Polaroid,оптика,150,48,20,21225,всесезонная,женский,пожилой
629-0A39,кошачий_глаз,титан,черный,Gucci,солнцезащитные,150,54,16,17064,летняя,унисекс,средний
631-002,круглая,титан,черный,Valentino,солнцезащитные,140,48,14,11310,летняя,женский,молодой
631-003,кошачий_глаз,титан,золотой,Ray-Ban,солнцезащитные,150,48,15,9256,летняя,унисекс,пожилой
632-005,квадратная,пластик,белый,Valentino,оптика,150,46,19,28436,всесезонная,мужской,пожилой
632-024,кошачий_глаз,титан,коричневый,Oakley,оптика,140,48,15,12875,всесезонная,мужской,пожилой
633-001,овальная,титан,коричневый,Tom Ford,солнцезащитные,135,54,16,18926,летняя,унисекс,средний
633-025,овальная,комбинированный,черный,Polaroid,оптика,150,50,18,8406,всесезонная,мужской,пожилой
633-392,круглая,металл,золотой,Gucci,оптика,135,46,15,42248,всесезонная,женский,молодой
634-575,овальная,пластик,золотой,Ray-Ban,оптика,130,54,19,11571,всесезонная,мужской,молодой
635-002,круглая,комбинированный,серый,Gucci,солнцезащитные,145,54,17,39928,летняя,женский,молодой
635-005,прямоугольная,комбинированный,черный,Polaroid,солнцезащитные,140,54,14,4485,летняя,женский,средний
636-575,квадратная,пластик,белый,Tom Ford,солнцезащитные,130,48,17,22136,летняя,унисекс,пожилой
640-189,прямоугольная,металл,серый,Ray-Ban,оптика,135,46,19,9958,всесезонная,мужской,пожилой
642-001,кошачий_глаз,металл,серебряный,Tom Ford,оптика,150,50,17,34352,всесезонная,мужской,средний
642-501,овальная,металл,белый,Gucci,оптика,145,50,20,48186,всесезонная,женский,пожилой
643-001,овальная,комбинированный,черный,Tom Ford,оптика,150,46,14,24014,всесезонная,мужской,молодой
644-001,овальная,металл,коричневый,Gucci,оптика,145,52,18,40084,всесезонная,мужской,средний
645-108,круглая,титан,серый,Gucci,солнцезащитные,150,50,19,8902,летняя,унисекс,пожилой
645-189,квадратная,титан,синий,Polaroid,оптика,135,52,20,19012,всесезонная,унисекс,средний
645-405,прямоугольная,металл,серебряный,Valentino,солнцезащитные,130,46,20,32460,летняя,унисекс,молодой
645-503,овальная,металл,коричневый,Gucci,оптика,140,48,15,47074,всесезонная,унисекс,средний
647-104,круглая,металл,золотой,Ray-Ban,оптика,135,52,14,12005,всесезонная,унисекс,средний
647-189,квадратная,пластик,черный,Lacoste,солнцезащитные,135,48,16,9225,летняя,женский,пожилой
647-604,квадратная,комбинированный,серебряный,Ray-Ban,оптика,130,52,17,6418,всесезонная,женский,молодой
648-001,круглая,пластик,золотой,Tom Ford,солнцезащитные,130,52,15,14140,летняя,женский,молодой
649-103,кошачий_глаз,металл,белый,Polaroid,оптика,145,54,16,18854,всесезонная,унисекс,средний
649-189,овальная,пластик,золотой,Valentino,оптика,135,46,14,21108,всесезонная,унисекс,пожилой
649-547,овальная,металл,серый,Tom Ford,солнцезащитные,145,46,16,38380,летняя,унисекс,пожилой
650/301-12,квадратная,комбинированный,золотой,Gucci,солнцезащитные,130,46,17,6880,летняя,мужской,молодой
65034-01,прямоугольная,металл,белый,Lacoste,оптика,140,48,19,23624,всесезонная,унисекс,молодой
65040-03,прямоугольная,металл,коричневый,Oakley,солнцезащитные,140,48,17,21278,летняя,женский,молодой
65046-03,кошачий_глаз,металл,синий,Prada,оптика,130,54,14,13694,всесезонная,унисекс,молодой
65054-01,круглая,металл,золотой,Lacoste,солнцезащитные,150,46,18,20726,летняя,унисекс,пожилой
65060-03,прямоугольная,титан,серый,Ray-Ban,солнцезащитные,130,54,15,13132,летняя,унисекс,молодой
65093-01,кошачий_глаз,титан,коричневый,Ray-Ban,солнцезащитные,145,52,19,18052,летняя,женский,молодой
651-014,овальная,титан,белый,Ray-Ban,солнцезащитные,150,52,17,24803,летняя,женский,пожилой
65100-03,квадратная,титан,черный,Tom Ford,солнцезащитные,130,54,19,22440,летняя,мужской,пожилой
65101-01,овальная,пластик,коричневый,Ray-Ban,оптика,130,50,15,12441,всесезонная,женский,средний
65104-01,овальная,металл,серый,Oakley,оптика,130,46,17,7866,всесезонная,женский,средний
65105-01,квадратная,комбинированный,серый,Lacoste,солнцезащитные,135,54,15,8011,летняя,женский,молодой
652-014,квадратная,комбинированный,черный,Prada,оптика,150,46,19,6592,всесезонная,женский,молодой
654-061,овальная,титан,коричневый,Ray-Ban,оптика,140,54,15,12499,всесезонная,женский,молодой
656-756,овальная,титан,золотой,Valentino,оптика,150,48,17,39908,всесезонная,унисекс,средний
657-001,прямоугольная,титан,синий,Valentino,солнцезащитные,135,52,15,17176,летняя,мужской,средний
658-163,круглая,комбинированный,белый,Prada,солнцезащитные,140,52,18,28792,летняя,унисекс,пожилой
658-756,кошачий_глаз,титан,серебряный,Valentino,оптика,150,50,16,8148,всесезонная,унисекс,молодой
659-756,прямоугольная,комбинированный,белый,Prada,солнцезащитные,130,54,14,28506,летняя,мужской,пожилой
660-001,прямоугольная,комбинированный,серый,Prada,оптика,130,48,18,20804,всесезонная,женский,пожилой
687/S-807HA,кошачий_глаз,титан,синий,Valentino,оптика,145,50,16,49872,всесезонная,унисекс,средний
694/G/S-80S2K,овальная,титан,синий,Polaroid,оптика,145,54,19,17285,всесезонная,женский,средний
694/G/S-HYMIC,квадратная,титан,коричневый,Tom Ford,солнцезащитные,145,50,14,49678,летняя,унисекс,пожилой
695-9PW,квадратная,комбинированный,серебряный,Lacoste,оптика,150,50,16,15565,всесезонная,мужской,молодой
695/S-NOYHA,кошачий_глаз,титан,золотой,Tom Ford,оптика,150,48,17,46912,всесезонная,унисекс,средний
7002/S-POHU1,овальная,металл,коричневый,Lacoste,солнцезащитные,130,46,19,13544,летняя,женский,молодой
7003-400184,круглая,титан,синий,Prada,оптика,145,50,20,40818,всесезонная,унисекс,молодой
7039-292,квадратная,титан,белый,Polaroid,солнцезащитные,140,54,18,24939,летняя,женский,молодой
7041-151,овальная,комбинированный,белый,Valentino,солнцезащитные,135,46,18,8142,летняя,женский,пожилой
7046-11,кошачий_глаз,титан,серый,Prada,оптика,140,46,14,18860,всесезонная,мужской,молодой
7048/S-003E3,круглая,пластик,коричневый,Gucci,оптика,140,52,16,48332,всесезонная,мужской,средний
7048/S-8LZBG,квадратная,титан,черный,Ray-Ban,оптика,135,54,16,13542,всесезонная,женский,молодой
7048/S-ZX9E3,круглая,титан,серый,Ray-Ban,солнцезащитные,135,54,17,9155,летняя,женский,пожилой
7051-12,круглая,пластик,золотой,Prada,оптика,135,50,17,22240,всесезонная,женский,средний
7051-14,прямоугольная,комбинированный,серебряный,Ray-Ban,оптика,135,52,18,19566,всесезонная,женский,пожилой
7052-11,прямоугольная,комбинированный,черный,Gucci,солнцезащитные,150,46,17,11984,летняя,мужской,молодой
7054-13,прямоугольная,комбинированный,серый,Gucci,солнцезащитные,130,52,14,34994,летняя,мужской,средний
7055-11,круглая,металл,коричневый,Gucci,солнцезащитные,135,46,20,38416,летняя,унисекс,молодой
7059-12,прямоугольная,комбинированный,белый,Lacoste,оптика,135,54,16,17119,всесезонная,унисекс,молодой
7060-11,круглая,комбинированный,синий,Tom Ford,солнцезащитные,135,52,19,42348,летняя,мужской,средний
7064-11,прямоугольная,металл,серый,Oakley,оптика,150,54,15,17099,всесезонная,женский,средний
7070-11,овальная,титан,коричневый,Tom Ford,солнцезащитные,150,54,15,32328,летняя,унисекс,средний
7071-12,квадратная,комбинированный,серый,Oakley,оптика,150,46,16,17850,всесезонная,унисекс,молодой
7072-11,круглая,комбинированный,белый,Lacoste,оптика,130,54,17,8498,всесезонная,женский,средний
7074-12,квадратная,пластик,черный,Gucci,оптика,150,52,17,14650,всесезонная,женский,молодой
7077-11,прямоугольная,титан,коричневый,Ray-Ban,оптика,150,52,18,17537,всесезонная,женский,пожилой
7080-02,овальная,титан,черный,Polaroid,солнцезащитные,140,52,15,17209,летняя,унисекс,молодой
7081-11,квадратная,металл,серый,Ray-Ban,солнцезащитные,130,52,19,23909,летняя,мужской,молодой
7081-12,прямоугольная,комбинированный,белый,Gucci,оптика,135,52,16,35530,всесезонная,женский,пожилой
7084-11,кошачий_глаз,металл,черный,Polaroid,солнцезащитные,130,46,20,10384,летняя,унисекс,пожилой
7085-12,квадратная,титан,золотой,Ray-Ban,оптика,130,48,15,20360,всесезонная,женский,средний
7086-11,квадратная,металл,черный,Polaroid,солнцезащитные,150,54,17,18268,летняя,унисекс,пожилой
7109/S-06JMT,прямоугольная,титан,золотой,Valentino,солнцезащитные,145,52,16,19690,летняя,мужской,молодой
7130-11,прямоугольная,металл,золотой,Oakley,солнцезащитные,140,50,19,8745,летняя,мужской,средний
7144-03,круглая,титан,синий,Polaroid,солнцезащитные,135,48,18,8546,летняя,мужской,молодой
7150-03,кошачий_глаз,металл,черный,Gucci,солнцезащитные,150,54,19,9308,летняя,унисекс,молодой
7160-03,квадратная,металл,серебряный,Prada,оптика,135,52,15,30784,всесезонная,женский,молодой
7163-11,кошачий_глаз,металл,серый,Lacoste,оптика,140,46,20,16251,всесезонная,мужской,пожилой
7167-11,овальная,металл,серый,Gucci,солнцезащитные,140,50,17,10850,летняя,мужской,пожилой
7167-14,квадратная,титан,серебряный,Tom Ford,оптика,150,48,14,22604,всесезонная,унисекс,пожилой
7168-15,прямоугольная,пластик,коричневый,Tom Ford,оптика,145,54,19,43022,всесезонная,унисекс,средний
7169-04,прямоугольная,комбинированный,белый,Gucci,солнцезащитные,145,46,19,48282,летняя,женский,средний
7169-05,круглая,комбинированный,синий,Valentino,оптика,135,52,17,40254,всесезонная,унисекс,пожилой
7171-02,круглая,пластик,синий,Valentino,солнцезащитные,140,50,17,44030,летняя,мужской,пожилой
7172-02,прямоугольная,металл,белый,Gucci,оптика,130,46,19,22822,всесезонная,унисекс,средний
7173-13,овальная,металл,серебряный,Lacoste,солнцезащитные,130,48,15,20280,летняя,мужской,пожилой
7190-03,круглая,титан,черный,Gucci,солнцезащитные,135,50,16,44294,летняя,женский,средний
7194-14,круглая,титан,золотой,Polaroid,солнцезащитные,140,48,20,24125,летняя,мужской,пожилой
7196-11,круглая,металл,коричневый,Prada,оптика,140,46,20,31584,всесезонная,женский,молодой
7198-02,квадратная,титан,серый,Ray-Ban,солнцезащитные,140,46,15,3865,летняя,мужской,средний
7199-02,прямоугольная,комбинированный,черный,Ray-Ban,солнцезащитные,145,52,18,16468,летняя,мужской,пожилой
7200-14,прямоугольная,титан,серый,Gucci,оптика,150,46,14,18976,всесезонная,унисекс,пожилой
7201-11,овальная,титан,белый,Prada,оптика,150,48,15,10700,всесезонная,женский,средний
7201-13,круглая,пластик,белый,Valentino,солнцезащитные,145,50,14,29198,летняя,женский,молодой
7201-14,кошачий_глаз,комбинированный,белый,Gucci,солнцезащитные,145,52,19,31474,летняя,унисекс,средний
7202-11,прямоугольная,комбинированный,коричневый,Valentino,оптика,130,52,20,11322,всесезонная,унисекс,средний
7207-11,квадратная,титан,золотой,Prada,оптика,145,50,17,16020,всесезонная,женский,пожилой
7209-01,прямоугольная,комбинированный,коричневый,Polaroid,оптика,135,54,14,19612,всесезонная,женский,средний
7209-03,круглая,металл,серебряный,Lacoste,солнцезащитные,130,54,15,4294,летняя,женский,молодой
7209-04,квадратная,комбинированный,черный,Ray-Ban,солнцезащитные,130,52,17,21364,летняя,женский,молодой
7215-11,кошачий_глаз,пластик,синий,Gucci,оптика,135,52,16,44842,всесезонная,унисекс,средний
7218-02,круглая,металл,коричневый,Valentino,солнцезащитные,135,48,15,45654,летняя,унисекс,средний
7218-03,овальная,комбинированный,черный,Polaroid,оптика,140,50,14,17862,всесезонная,унисекс,средний
7219-01,квадратная,пластик,коричневый,Oakley,солнцезащитные,145,46,14,6825,летняя,женский,средний
7219-02,овальная,комбинированный,черный,Prada,оптика,145,48,15,41466,всесезонная,унисекс,средний
7220-01,квадратная,титан,серый,Ray-Ban,оптика,135,54,18,10874,всесезонная,женский,пожилой
7221-02,кошачий_глаз,комбинированный,белый,Tom Ford,оптика,150,52,17,25664,всесезонная,мужской,пожилой
7222-01,прямоугольная,пластик,синий,Lacoste,солнцезащитные,130,52,17,20212,летняя,женский,пожилой
7222-03,квадратная,пластик,синий,Ray-Ban,солнцезащитные,130,46,14,6906,летняя,унисекс,молодой
7222-04,кошачий_глаз,комбинированный,черный,Tom Ford,оптика,150,54,15,11272,всесезонная,женский,молодой
7223-01,овальная,металл,белый,Tom Ford,солнцезащитные,140,50,19,49066,летняя,унисекс,пожилой
7224-01,прямоугольная,титан,белый,Lacoste,солнцезащитные,135,54,20,18805,летняя,мужской,пожилой
7224-02,овальная,комбинированный,серебряный,Polaroid,оптика,145,48,15,20207,всесезонная,мужской,средний
7224-03,кошачий_глаз,пластик,черный,Ray-Ban,солнцезащитные,130,54,18,15419,летняя,женский,средний
7225-11,овальная,металл,золотой,Lacoste,оптика,130,48,19,3463,всесезонная,унисекс,молодой
7226-14,прямоугольная,титан,серый,Gucci,оптика,130,54,16,21270,всесезонная,унисекс,средний
7227-14,кошачий_глаз,титан,черный,Oakley,солнцезащитные,140,48,16,18664,летняя,унисекс,пожилой
7228-11,квадратная,комбинированный,коричневый,Tom Ford,солнцезащитные,145,54,18,6216,летняя,унисекс,молодой
7228-12,овальная,титан,белый,Lacoste,солнцезащитные,135,46,16,14788,летняя,женский,молодой
7229-11,прямоугольная,пластик,коричневый,Oakley,оптика,150,54,17,23626,всесезонная,мужской,средний
7229-12,квадратная,титан,серый,Prada,оптика,145,52,15,37698,всесезонная,мужской,молодой
7229-14,квадратная,титан,золотой,Tom Ford,оптика,130,52,15,19398,всесезонная,женский,молодой
723/S-807IR,квадратная,пластик,синий,Polaroid,оптика,145,52,18,22537,всесезонная,унисекс,пожилой
7230-11,овальная,пластик,синий,Valentino,оптика,140,46,20,22484,всесезонная,мужской,молодой
7230-14,прямоугольная,металл,белый,Valentino,оптика,150,50,16,9608,всесезонная,унисекс,пожилой
737/S-RHLJO,квадратная,металл,черный,Gucci,оптика,130,48,15,37944,всесезонная,мужской,молодой
7697-74T,кошачий_глаз,комбинированный,серебряный,Valentino,оптика,130,48,15,36416,всесезонная,мужской,средний
7785-32W,кошачий_глаз,металл,серый,Tom Ford,солнцезащитные,135,48,19,6570,летняя,женский,молодой
799 -06TZ,круглая,пластик,коричневый,Ray-Ban,солнцезащитные,135,46,18,17540,летняя,унисекс,средний
799 -09HP,прямоугольная,металл,синий,Polaroid,оптика,130,48,14,23647,всесезонная,мужской,молодой
80001-02,кошачий_глаз,металл,синий,Lacoste,солнцезащитные,140,48,19,17491,летняя,женский,средний
80003-01,прямоугольная,титан,золотой,Prada,оптика,150,48,15,36528,всесезонная,женский,средний
80004-04,квадратная,пластик,коричневый,Prada,оптика,145,52,18,42554,всесезонная,унисекс,молодой
80005-04,квадратная,титан,белый,Polaroid,оптика,130,46,14,14233,всесезонная,женский,средний
80010-01,прямоугольная,пластик,синий,Valentino,оптика,140,48,20,32112,всесезонная,мужской,молодой
80011-01,прямоугольная,титан,серебряный,Gucci,оптика,150,46,20,17676,всесезонная,унисекс,пожилой
80013-01,квадратная,титан,коричневый,Valentino,солнцезащитные,130,48,15,49860,летняя,мужской,средний
80015-01,овальная,комбинированный,черный,Prada,солнцезащитные,140,50,18,11946,летняя,унисекс,молодой
80018-01,квадратная,металл,серебряный,Tom Ford,солнцезащитные,150,54,18,34460,летняя,женский,молодой
80018-04,овальная,комбинированный,синий,Oakley,солнцезащитные,140,48,19,15182,летняя,женский,молодой
80025-04,круглая,титан,белый,Ray-Ban,оптика,140,54,19,14333,всесезонная,женский,молодой
8004-01,кошачий_глаз,пластик,серебряный,Gucci,оптика,150,46,14,13346,всесезонная,мужской,пожилой
8005-01,квадратная,комбинированный,золотой,Polaroid,солнцезащитные,140,46,14,13090,летняя,мужской,средний
8006-02,кошачий_глаз,титан,серый,Gucci,солнцезащитные,150,48,14,41082,летняя,женский,пожилой
8008-01,круглая,пластик,коричневый,Oakley,оптика,145,54,14,22497,всесезонная,мужской,пожилой
8008-02,квадратная,металл,серый,Prada,солнцезащитные,145,46,14,21700,летняя,мужской,средний
8011-02,овальная,пластик,белый,Ray-Ban,солнцезащитные,130,52,16,8337,летняя,женский,молодой
8011-11,овальная,титан,золотой,Valentino,оптика,145,54,16,34314,всесезонная,женский,средний
8011-12,круглая,металл,золотой,Oakley,оптика,135,50,16,19165,всесезонная,унисекс,пожилой
8013-02,прямоугольная,металл,серебряный,Lacoste,солнцезащитные,145,50,15,23706,летняя,женский,средний
8013-03,круглая,титан,золотой,Lacoste,солнцезащитные,130,50,14,14249,летняя,мужской,молодой
8014-01,квадратная,пластик,серебряный,Gucci,оптика,140,54,16,21776,всесезонная,унисекс,пожилой
8014-02,прямоугольная,пластик,коричневый,Ray-Ban,солнцезащитные,130,50,18,15219,летняя,мужской,молодой
8016-02,кошачий_глаз,пластик,белый,Ray-Ban,солнцезащитные,140,52,16,4187,летняя,женский,пожилой
8019-03,круглая,комбинированный,синий,Valentino,солнцезащитные,145,46,15,28460,летняя,унисекс,молодой
8020/S/SM-C9AOZ,круглая,комбинированный,черный,Valentino,солнцезащитные,130,52,20,8808,летняя,женский,пожилой
8034/S-C9AM9,круглая,титан,золотой,Tom Ford,оптика,135,52,20,17194,всесезонная,женский,молодой
8035/S-PJPM9,кошачий_глаз,титан,синий,Lacoste,солнцезащитные,135,50,17,13222,летняя,мужской,молодой
8057/S-0035X,квадратная,титан,золотой,Lacoste,оптика,140,46,19,18904,всесезонная,унисекс,средний
8190-2540,овальная,титан,золотой,Lacoste,оптика,135,52,15,15961,всесезонная,унисекс,средний
8190-3530,круглая,пластик,белый,Prada,солнцезащитные,130,50,16,41728,летняя,унисекс,молодой
8289 P-33,квадратная,титан,серебряный,Prada,оптика,145,50,16,35444,всесезонная,унисекс,средний
85M-0300,круглая,комбинированный,золотой,Ray-Ban,оптика,145,52,17,24569,всесезонная,мужской,средний
8698-6560,прямоугольная,титан,серебряный,Prada,солнцезащитные,140,48,16,15194,летняя,женский,средний
8720-9030,квадратная,пластик,коричневый,Oakley,оптика,145,52,14,5394,всесезонная,унисекс,пожилой
8722-7530,овальная,металл,черный,Prada,оптика,135,46,18,15390,всесезонная,мужской,пожилой
8727-9040,кошачий_глаз,комбинированный,белый,Gucci,оптика,150,54,20,25122,всесезонная,унисекс,молодой
8739-6560,квадратная,титан,черный,Valentino,солнцезащитные,135,52,18,31306,летняя,унисекс,средний
8739-7630,круглая,пластик,золотой,Valentino,солнцезащитные,130,46,19,42338,летняя,женский,средний
8741-6040,круглая,пластик,черный,Lacoste,оптика,150,50,17,16669,всесезонная,унисекс,пожилой
8741-7210,прямоугольная,металл,серебряный,Lacoste,солнцезащитные,135,50,17,15239,летняя,унисекс,средний
8743-9140,круглая,комбинированный,синий,Gucci,солнцезащитные,140,50,14,25736,летняя,унисекс,средний
885403-1,овальная,титан,коричневый,Gucci,оптика,145,48,15,48668,всесезонная,мужской,молодой
885404-1,круглая,пластик,золотой,Prada,оптика,130,52,14,19360,всесезонная,мужской,пожилой
885404-2,прямоугольная,металл,серебряный,Prada,солнцезащитные,135,46,16,31130,летняя,женский,пожилой
885407-2,кошачий_глаз,комбинированный,золотой,Tom Ford,солнцезащитные,130,46,19,33322,летняя,унисекс,средний
9006-01,прямоугольная,титан,черный,Gucci,оптика,130,48,14,9112,всесезонная,женский,молодой
9007-T04,круглая,пластик,белый,Gucci,оптика,130,50,16,17586,всесезонная,женский,пожилой
9008-A02,кошачий_глаз,пластик,белый,Polaroid,оптика,145,54,20,24175,всесезонная,женский,средний
9015-A01,овальная,металл,коричневый,Gucci,оптика,150,46,20,6430,всесезонная,женский,пожилой
9024-G22,квадратная,металл,коричневый,Polaroid,оптика,150,50,20,5092,всесезонная,мужской,средний
9094-001,круглая,титан,коричневый,Ray-Ban,солнцезащитные,130,54,15,10471,летняя,унисекс,молодой
9179-A01,кошачий_глаз,титан,серый,Tom Ford,солнцезащитные,135,54,15,34674,летняя,женский,пожилой
9185-A01,овальная,комбинированный,серебряный,Tom Ford,оптика,140,52,20,17334,всесезонная,женский,молодой
9190-A02,квадратная,титан,черный,Valentino,солнцезащитные,150,48,19,23368,летняя,мужской,средний
9199-A01,прямоугольная,комбинированный,серебряный,Oakley,оптика,135,48,19,6430,всесезонная,мужской,пожилой
9200-A01,круглая,металл,серый,Valentino,солнцезащитные,140,46,16,39910,летняя,унисекс,средний
9201-A01,кошачий_глаз,титан,коричневый,Oakley,оптика,150,54,18,15891,всесезонная,мужской,молодой
9212-01B,прямоугольная,пластик,коричневый,Tom Ford,солнцезащитные,130,48,17,28618,летняя,мужской,молодой
9216M-A01P,круглая,комбинированный,синий,Gucci,солнцезащитные,130,50,19,45114,летняя,женский,молодой
9216M-T01P,прямоугольная,пластик,белый,Lacoste,солнцезащитные,140,52,15,10078,летняя,унисекс,средний
9218M-A01P,квадратная,титан,черный,Oakley,оптика,135,50,20,17604,всесезонная,женский,молодой
9218M-T02P,круглая,комбинированный,золотой,Valentino,оптика,135,54,18,11226,всесезонная,женский,пожилой
9219M-A01P,прямоугольная,титан,серый,Prada,солнцезащитные,130,52,15,23324,летняя,мужской,пожилой
9219M-T01P,квадратная,комбинированный,синий,Polaroid,оптика,150,54,15,13125,всесезонная,женский,молодой
9219M-T02P,кошачий_глаз,титан,черный,Prada,солнцезащитные,130,54,14,32404,летняя,унисекс,средний
924-03,овальная,металл,коричневый,Ray-Ban,оптика,140,52,17,7359,всесезонная,мужской,молодой
930-01,кошачий_глаз,титан,коричневый,Oakley,оптика,150,48,19,6784,всесезонная,мужской,средний
9348-A01,овальная,комбинированный,золотой,Valentino,оптика,145,50,17,31854,всесезонная,женский,средний
9356-T03,квадратная,пластик,синий,Ray-Ban,солнцезащитные,150,54,20,8535,летняя,унисекс,пожилой
9362-A01,кошачий_глаз,титан,серый,Ray-Ban,оптика,145,54,14,18414,всесезонная,женский,пожилой
9362-H01,круглая,титан,серый,Tom Ford,солнцезащитные,150,52,19,23762,летняя,мужской,средний
9372-E01,кошачий_глаз,комбинированный,черный,Tom Ford,оптика,145,52,20,37726,всесезонная,мужской,пожилой
9387-G21,квадратная,металл,серый,Prada,оптика,140,52,20,22640,всесезонная,мужской,молодой
A2113A,квадратная,пластик,серебряный,Oakley,солнцезащитные,130,50,15,19381,летняя,унисекс,молодой
A2114F,овальная,титан,коричневый,Polaroid,солнцезащитные,145,50,18,6232,летняя,мужской,средний
A2135A,квадратная,титан,синий,Prada,солнцезащитные,130,48,17,20668,летняя,унисекс,средний
A2200D,квадратная,металл,коричневый,Gucci,солнцезащитные,140,52,20,35032,летняя,унисекс,молодой
A2207A,прямоугольная,металл,белый,Valentino,солнцезащитные,130,46,18,18328,летняя,унисекс,молодой
A2209A,овальная,комбинированный,черный,Oakley,оптика,150,52,18,23761,всесезонная,женский,средний
A2304C,прямоугольная,комбинированный,золотой,Polaroid,оптика,145,48,17,24726,всесезонная,мужской,средний
A2307A,кошачий_глаз,металл,серебряный,Gucci,солнцезащитные,145,52,17,48900,летняя,унисекс,пожилой
A2309A,кошачий_глаз,металл,серый,Prada,оптика,150,50,16,40132,всесезонная,унисекс,молодой
A2710C,круглая,металл,синий,Valentino,солнцезащитные,135,48,15,26786,летняя,унисекс,средний
A2913A,прямоугольная,комбинированный,белый,Lacoste,оптика,135,52,18,20846,всесезонная,мужской,пожилой
A2913E,кошачий_глаз,титан,серебряный,Gucci,солнцезащитные,145,52,15,12778,летняя,унисекс,средний
ADMIRABLE-130A,кошачий_глаз,комбинированный,коричневый,Prada,оптика,145,52,17,38344,всесезонная,женский,пожилой
AMI - 01,круглая,металл,синий,Ray-Ban,солнцезащитные,140,50,16,7813,летняя,унисекс,молодой
ASTRO - AS 03,прямоугольная,пластик,черный,Oakley,солнцезащитные,130,54,16,13749,летняя,женский,пожилой
ASTRO - AS 05,кошачий_глаз,титан,черный,Gucci,солнцезащитные,135,50,19,34376,летняя,унисекс,средний
ASTRO -AS 02,квадратная,титан,серебряный,Oakley,солнцезащитные,130,52,15,11997,летняя,мужской,пожилой
ASTRO -AS 04,овальная,комбинированный,черный,Valentino,оптика,140,52,15,42714,всесезонная,мужской,пожилой
B1007B,овальная,титан,коричневый,Polaroid,солнцезащитные,135,52,17,16266,летняя,женский,средний
B1007E,квадратная,титан,серый,Ray-Ban,солнцезащитные,145,48,16,20756,летняя,унисекс,молодой
B1007F,прямоугольная,комбинированный,золотой,Valentino,солнцезащитные,140,46,17,10274,летняя,мужской,средний
B1008F,квадратная,комбинированный,белый,Tom Ford,солнцезащитные,140,52,14,43308,летняя,женский,пожилой
B1014F,кошачий_глаз,комбинированный,серебряный,Lacoste,солнцезащитные,150,54,17,20974,летняя,унисекс,средний
B1100B,овальная,комбинированный,коричневый,Tom Ford,солнцезащитные,145,54,16,10240,летняя,унисекс,средний
B1101A,круглая,титан,золотой,Polaroid,солнцезащитные,135,54,18,11555,летняя,унисекс,средний
B1104D,квадратная,комбинированный,серый,Lacoste,солнцезащитные,140,46,17,10707,летняя,женский,средний
B1122B,круглая,титан,черный,Prada,солнцезащитные,130,48,15,21904,летняя,унисекс,средний
B1126С,круглая,металл,коричневый,Oakley,оптика,130,46,16,20834,всесезонная,женский,молодой
B1201B,квадратная,комбинированный,коричневый,Tom Ford,оптика,150,52,16,37962,всесезонная,женский,пожилой
B1203A,кошачий_глаз,титан,белый,Ray-Ban,оптика,130,54,14,5693,всесезонная,женский,молодой
B1206B,круглая,комбинированный,серебряный,Valentino,оптика,140,46,16,37498,всесезонная,мужской,пожилой
B1206C,кошачий_глаз,металл,синий,Gucci,солнцезащитные,130,46,18,25382,летняя,мужской,молодой
B1207A,круглая,пластик,черный,Tom Ford,солнцезащитные,150,52,18,47342,летняя,мужской,молодой
B1207B,прямоугольная,комбинированный,белый,Prada,солнцезащитные,145,48,14,30270,летняя,женский,пожилой
B1209A,овальная,пластик,черный,Tom Ford,оптика,145,46,14,18170,всесезонная,женский,пожилой
B1209B,прямоугольная,комбинированный,белый,Valentino,оптика,135,46,14,22654,всесезонная,унисекс,средний
B1209C,прямоугольная,пластик,черный,Gucci,солнцезащитные,135,52,16,14718,летняя,унисекс,пожилой
B1210A,овальная,титан,черный,Gucci,оптика,140,46,18,7136,всесезонная,мужской,пожилой
B1210B,квадратная,комбинированный,коричневый,Prada,солнцезащитные,135,54,15,33630,летняя,женский,молодой
B1211B,круглая,пластик,белый,Polaroid,оптика,135,54,20,6928,всесезонная,унисекс,пожилой
B1301A,квадратная,титан,золотой,Tom Ford,солнцезащитные,135,48,17,32226,летняя,мужской,молодой
B1301B,прямоугольная,пластик,черный,Gucci,солнцезащитные,130,54,19,17380,летняя,женский,пожилой
B1303A,круглая,металл,золотой,Gucci,солнцезащитные,140,46,17,43246,летняя,женский,молодой
B1304A,круглая,пластик,белый,Ray-Ban,оптика,145,48,16,17343,всесезонная,мужской,молодой
B1304B,кошачий_глаз,металл,коричневый,Ray-Ban,оптика,145,50,19,10997,всесезонная,женский,средний
B1305A,квадратная,титан,серебряный,Oakley,оптика,145,46,18,23496,всесезонная,мужской,средний
B1308A,квадратная,титан,серебряный,Prada,солнцезащитные,145,46,17,22974,летняя,мужской,пожилой
B1308B,круглая,комбинированный,синий,Polaroid,оптика,150,48,20,20491,всесезонная,женский,пожилой
B1310A,прямоугольная,пластик,белый,Lacoste,солнцезащитные,145,52,20,19174,летняя,мужской,молодой
B1310B,квадратная,титан,серебряный,Tom Ford,оптика,130,50,17,49168,всесезонная,мужской,молодой
B1310C,овальная,металл,черный,Valentino,оптика,130,50,17,24666,всесезонная,мужской,пожилой
B1311B,квадратная,комбинированный,серый,Gucci,оптика,135,48,19,48026,всесезонная,женский,пожилой
B1311C,квадратная,металл,черный,Tom Ford,солнцезащитные,130,50,20,28090,летняя,мужской,пожилой
B1315A,круглая,металл,серебряный,Polaroid,оптика,150,52,16,20476,всесезонная,мужской,средний
B1315B,кошачий_глаз,пластик,коричневый,Ray-Ban,солнцезащитные,145,46,18,18134,летняя,унисекс,средний
B1316A,прямоугольная,пластик,коричневый,Oakley,солнцезащитные,145,48,19,12114,летняя,унисекс,средний
B1316B,овальная,комбинированный,серый,Lacoste,оптика,150,50,17,14412,всесезонная,унисекс,средний
B1317A,прямоугольная,титан,серый,Prada,оптика,150,54,20,7770,всесезонная,унисекс,пожилой
B1317B,круглая,титан,коричневый,Ray-Ban,оптика,150,46,17,4724,всесезонная,мужской,пожилой
B1317C,овальная,титан,белый,Polaroid,солнцезащитные,130,52,19,18081,летняя,унисекс,средний
B1318A,круглая,металл,серебряный,Polaroid,оптика,140,50,18,15089,всесезонная,унисекс,молодой
B1318B,квадратная,комбинированный,серебряный,Tom Ford,солнцезащитные,150,54,16,49988,летняя,женский,пожилой
B1318С,овальная,комбинированный,белый,Ray-Ban,оптика,135,52,18,3112,всесезонная,женский,молодой
B1606A,кошачий_глаз,титан,синий,Oakley,оптика,135,52,20,16003,всесезонная,женский,средний
B1606D,квадратная,металл,серебряный,Polaroid,солнцезащитные,130,46,14,17671,летняя,унисекс,молодой
B1607G,прямоугольная,пластик,синий,Valentino,оптика,140,50,15,38424,всесезонная,женский,молодой
B1607H,квадратная,комбинированный,черный,Tom Ford,солнцезащитные,140,46,18,18504,летняя,женский,средний
B2000A,прямоугольная,комбинированный,черный,Tom Ford,оптика,135,54,14,16484,всесезонная,унисекс,средний
B2102F,овальная,металл,серебряный,Valentino,оптика,140,54,17,35896,всесезонная,мужской,молодой
B2103A,прямоугольная,комбинированный,черный,Gucci,солнцезащитные,140,50,15,29218,летняя,женский,пожилой
B2103C,прямоугольная,комбинированный,золотой,Ray-Ban,оптика,130,52,17,3895,всесезонная,унисекс,пожилой
B2120A,овальная,комбинированный,синий,Prada,оптика,150,48,19,16226,всесезонная,унисекс,пожилой
B2120B,овальная,металл,коричневый,Lacoste,оптика,150,46,14,24718,всесезонная,унисекс,молодой
B2205B,круглая,титан,синий,Ray-Ban,оптика,145,46,20,9419,всесезонная,унисекс,пожилой
B2206B,овальная,металл,синий,Valentino,солнцезащитные,140,50,15,28950,летняя,женский,молодой
B2212B,кошачий_глаз,металл,синий,Valentino,солнцезащитные,145,52,14,6866,летняя,мужской,молодой
B2216D,круглая,металл,белый,Polaroid,оптика,135,46,20,7015,всесезонная,унисекс,пожилой
B2216E,кошачий_глаз,металл,серебряный,Tom Ford,оптика,135,48,18,25600,всесезонная,унисекс,средний
B2217A,прямоугольная,титан,коричневый,Polaroid,оптика,135,52,18,12963,всесезонная,унисекс,молодой
B2217B,квадратная,титан,коричневый,Ray-Ban,солнцезащитные,150,50,20,12705,летняя,женский,средний
B2218A,прямоугольная,пластик,черный,Tom Ford,солнцезащитные,145,46,18,37908,летняя,унисекс,пожилой
B2219A,кошачий_глаз,пластик,коричневый,Prada,оптика,140,48,14,8682,всесезонная,женский,пожилой
B2219D,овальная,металл,синий,Gucci,оптика,135,52,17,22776,всесезонная,мужской,пожилой
B2219E,прямоугольная,комбинированный,синий,Lacoste,оптика,145,52,14,21820,всесезонная,унисекс,пожилой
B2226C,прямоугольная,пластик,серый,Prada,оптика,130,50,20,11818,всесезонная,женский,пожилой
B2228C,прямоугольная,металл,белый,Oakley,солнцезащитные,130,46,20,20987,летняя,мужской,молодой
B2233B,кошачий_глаз,пластик,белый,Ray-Ban,солнцезащитные,140,52,17,12247,летняя,женский,средний
B2234B,кошачий_глаз,металл,синий,Tom Ford,солнцезащитные,150,54,16,6834,летняя,женский,средний
B2241A,круглая,комбинированный,золотой,Gucci,солнцезащитные,150,50,18,24446,летняя,мужской,средний
B2300A,овальная,титан,золотой,Valentino,солнцезащитные,150,48,15,40556,летняя,унисекс,средний
B2300B,прямоугольная,комбинированный,золотой,Valentino,солнцезащитные,130,52,17,11124,летняя,мужской,молодой
B2302B,прямоугольная,титан,серебряный,Valentino,солнцезащитные,150,48,18,10530,летняя,женский,пожилой
B2303A,овальная,пластик,золотой,Prada,оптика,150,48,17,20370,всесезонная,мужской,молодой
B2304A,овальная,титан,синий,Tom Ford,оптика,135,54,17,42598,всесезонная,унисекс,молодой
B2304C,прямоугольная,титан,серебряный,Oakley,оптика,140,54,19,21536,всесезонная,женский,молодой
B2307A,квадратная,пластик,черный,Ray-Ban,оптика,150,52,14,22612,всесезонная,мужской,молодой
B2307B,квадратная,пластик,синий,Polaroid,солнцезащитные,145,46,17,20386,летняя,унисекс,молодой
B2307C,кошачий_глаз,пластик,белый,Lacoste,солнцезащитные,145,48,18,21790,летняя,мужской,средний
B2308A,овальная,пластик,синий,Tom Ford,солнцезащитные,145,52,16,35706,летняя,унисекс,пожилой
B2308B,овальная,комбинированный,золотой,Tom Ford,солнцезащитные,135,46,20,31102,летняя,унисекс,молодой
B2310A,прямоугольная,титан,коричневый,Lacoste,солнцезащитные,145,48,19,6671,летняя,унисекс,пожилой
B2310C,кошачий_глаз,пластик,черный,Tom Ford,солнцезащитные,150,54,15,24844,летняя,женский,пожилой
B2311C,кошачий_глаз,комбинированный,серебряный,Lacoste,солнцезащитные,145,48,15,4875,летняя,женский,средний
B2312A,прямоугольная,металл,серебряный,Oakley,солнцезащитные,145,50,16,3037,летняя,мужской,молодой
B2314A,квадратная,комбинированный,золотой,Polaroid,оптика,150,46,16,7353,всесезонная,унисекс,молодой
B2314B,кошачий_глаз,титан,серый,Oakley,солнцезащитные,130,46,18,9715,летняя,унисекс,пожилой
B2316A,овальная,металл,коричневый,Lacoste,оптика,135,50,14,8720,всесезонная,мужской,средний
B2319A,квадратная,титан,черный,Ray-Ban,оптика,150,50,17,11044,всесезонная,мужской,пожилой
B2319B,круглая,титан,черный,Oakley,оптика,150,48,19,8727,всесезонная,унисекс,средний
B2321A,кошачий_глаз,комбинированный,черный,Tom Ford,оптика,135,48,19,9788,всесезонная,женский,пожилой
B2326A,кошачий_глаз,пластик,серебряный,Oakley,оптика,150,48,19,11469,всесезонная,мужской,молодой
B2326D,кошачий_глаз,комбинированный,синий,Gucci,оптика,140,54,20,39786,всесезонная,унисекс,молодой
B2327A,прямоугольная,металл,серый,Lacoste,солнцезащитные,150,48,18,7771,летняя,женский,пожилой
B2327B,кошачий_глаз,металл,серебряный,Ray-Ban,оптика,130,52,18,13409,всесезонная,женский,пожилой
B2327C,кошачий_глаз,титан,белый,Gucci,солнцезащитные,130,52,19,13510,летняя,унисекс,средний
B2328A,овальная,металл,коричневый,Gucci,солнцезащитные,145,48,18,18520,летняя,унисекс,пожилой
B2330A,круглая,металл,серый,Tom Ford,солнцезащитные,145,54,18,19752,летняя,мужской,молодой
B2330B,квадратная,металл,коричневый,Lacoste,солнцезащитные,140,50,15,10263,летняя,мужской,пожилой
B2333C,кошачий_глаз,титан,белый,Gucci,оптика,130,54,16,30772,всесезонная,мужской,пожилой
B2333D,круглая,пластик,серый,Polaroid,солнцезащитные,150,54,15,6613,летняя,мужской,средний
B2335A,квадратная,титан,серебряный,Prada,оптика,140,48,19,27170,всесезонная,женский,молодой
B2336A,круглая,металл,коричневый,Oakley,солнцезащитные,140,54,16,16067,летняя,унисекс,молодой
B2337A,овальная,металл,золотой,Prada,солнцезащитные,135,54,20,33990,летняя,женский,пожилой
B2338A,прямоугольная,пластик,золотой,Gucci,солнцезащитные,130,50,16,30988,летняя,мужской,средний
B2338B,овальная,титан,серебряный,Valentino,оптика,140,46,18,27678,всесезонная,унисекс,средний
B2339A,прямоугольная,металл,серый,Prada,оптика,135,46,16,46294,всесезонная,мужской,молодой
B2339C,прямоугольная,титан,серебряный,Tom Ford,оптика,140,48,19,48024,всесезонная,мужской,средний
B2340A,прямоугольная,комбинированный,золотой,Polaroid,солнцезащитные,150,46,19,18268,летняя,унисекс,пожилой
B2916E,круглая,пластик,черный,Oakley,оптика,135,52,17,11785,всесезонная,мужской,средний
B2916F,квадратная,титан,черный,Oakley,солнцезащитные,135,54,19,9002,летняя,мужской,пожилой
BALI-G0198TB03S,круглая,титан,синий,Gucci,оптика,150,54,14,45970,всесезонная,женский,средний
BALLARD-CLGD,круглая,титан,синий,Lacoste,солнцезащитные,130,50,15,8617,летняя,женский,пожилой
BELLA-03,овальная,металл,белый,Polaroid,солнцезащитные,130,50,15,23793,летняя,мужской,средний
BELLA-04,круглая,пластик,коричневый,Ray-Ban,солнцезащитные,140,50,17,16911,летняя,мужской,молодой
BIRDIE/S-BKUHA,круглая,пластик,синий,Tom Ford,оптика,145,54,16,21242,всесезонная,женский,пожилой
BLUE JOB-BORHVT/GP,круглая,титан,золотой,Valentino,оптика,145,48,17,49622,всесезонная,унисекс,средний
BONAVISTA-RDWH,овальная,титан,черный,Lacoste,оптика,130,52,16,9647,всесезонная,мужской,средний
BRIGADE-I-110B,круглая,металл,черный,Tom Ford,солнцезащитные,145,52,15,24566,летняя,унисекс,молодой
BRIGADE-I-110C,кошачий_глаз,комбинированный,коричневый,Valentino,солнцезащитные,140,54,14,23260,летняя,женский,средний
CARDUC 023/S-FLLXT,квадратная,комбинированный,золотой,Oakley,солнцезащитные,150,46,17,15047,летняя,мужской,пожилой
CARDUC 028/S-807H4,прямоугольная,металл,серебряный,Lacoste,солнцезащитные,130,50,17,4555,летняя,мужской,средний
CARDUC 029/S-807H4,круглая,титан,серебряный,Valentino,оптика,130,50,19,17450,всесезонная,женский,молодой
CARDUC 037/S-R80H4,овальная,комбинированный,синий,Polaroid,солнцезащитные,150,48,15,20451,летняя,женский,средний
CARPE DIEM-3/S-088/15,круглая,титан,золотой,Ray-Ban,солнцезащитные,135,46,15,4974,летняя,унисекс,молодой
CARRERA 1060/S-2M2HA,прямоугольная,металл,серый,Gucci,оптика,140,52,15,42084,всесезонная,унисекс,средний
CARRERA 1066/S-7C508,круглая,титан,серый,Ray-Ban,оптика,130,46,19,7208,всесезонная,унисекс,пожилой
CD SU-50A4,круглая,комбинированный,серый,Prada,солнцезащитные,145,50,16,49074,летняя,унисекс,молодой
CHELSEA-G0168TB01SP,круглая,пластик,белый,Ray-Ban,оптика,130,52,18,16779,всесезонная,мужской,средний
CLINT SUN-C02-SR,квадратная,металл,золотой,Valentino,солнцезащитные,150,50,19,26930,летняя,мужской,пожилой
CT11022-3,овальная,комбинированный,белый,Prada,солнцезащитные,140,54,15,19244,летняя,унисекс,пожилой
D-DOLL R1U,кошачий_глаз,пластик,черный,Polaroid,оптика,145,52,19,24304,всесезонная,унисекс,молодой
DEEP-563,кошачий_глаз,пластик,белый,Ray-Ban,солнцезащитные,145,46,15,5048,летняя,мужской,средний
DiorEssential Al-85A5,кошачий_глаз,пластик,золотой,Valentino,оптика,140,48,19,30246,всесезонная,унисекс,молодой
DW-5 B,круглая,пластик,коричневый,Lacoste,солнцезащитные,150,48,16,15899,летняя,женский,пожилой
EMMA-G0188TB04S,кошачий_глаз,пластик,синий,Valentino,солнцезащитные,130,48,19,20522,летняя,мужской,молодой
ERIS-505C,кошачий_глаз,металл,серый,Valentino,оптика,140,48,15,29964,всесезонная,мужской,средний
ERIS-TWO-508C,круглая,комбинированный,белый,Polaroid,солнцезащитные,135,50,15,10802,летняя,женский,средний
ETHEREGE-1-53,квадратная,металл,белый,Ray-Ban,оптика,145,50,20,14637,всесезонная,унисекс,пожилой
ETHEREGE-6-51,овальная,пластик,золотой,Polaroid,солнцезащитные,130,50,14,18625,летняя,женский,средний
F83-302P,овальная,металл,синий,Prada,оптика,150,54,15,44192,всесезонная,женский,средний
FLECHE-138C,круглая,комбинированный,коричневый,Lacoste,солнцезащитные,130,52,16,22485,летняя,женский,средний
FLIGHT-SEVEN-11-57-01-PLD,кошачий_глаз,металл,серебряный,Oakley,солнцезащитные,145,52,17,3133,летняя,мужской,средний
FPSN001-BLUE,квадратная,титан,синий,Polaroid,оптика,130,48,15,3405,всесезонная,женский,средний
FPSN001-ORG,квадратная,титан,золотой,Ray-Ban,солнцезащитные,135,46,20,6974,летняя,унисекс,пожилой
FRIDA-PORTRAIT FK-B2 BROW,прямоугольная,комбинированный,черный,Lacoste,оптика,130,50,14,4021,всесезонная,мужской,средний
G33S-0307,квадратная,металл,золотой,Valentino,оптика,150,50,19,12362,всесезонная,унисекс,пожилой
G33S-354,овальная,комбинированный,синий,Gucci,солнцезащитные,150,52,18,9036,летняя,мужской,пожилой
G61-301P,кошачий_глаз,титан,черный,Polaroid,оптика,145,50,15,19844,всесезонная,женский,пожилой
G68S-A32X,круглая,пластик,черный,Lacoste,солнцезащитные,130,50,17,9583,летняя,унисекс,пожилой
G80-8FFK,кошачий_глаз,металл,золотой,Oakley,оптика,150,54,18,13490,всесезонная,унисекс,молодой
GENERATION-EM6-ROSE,овальная,комбинированный,белый,Ray-Ban,солнцезащитные,150,46,17,3368,летняя,женский,пожилой
GENERATION-EM7-TOPAZ,кошачий_глаз,титан,черный,Tom Ford,солнцезащитные,135,48,20,20916,летняя,мужской,молодой
GINZA-1-28F,кошачий_глаз,титан,черный,Oakley,оптика,145,48,20,7320,всесезонная,мужской,пожилой
GRAND PRIX 3-D5108,круглая,комбинированный,золотой,Polaroid,солнцезащитные,140,46,14,23563,летняя,унисекс,молодой
HEIDI-03,квадратная,пластик,синий,Ray-Ban,оптика,145,48,15,21918,всесезонная,женский,пожилой
Helmut Lang HL001-875,круглая,металл,серебряный,Ray-Ban,солнцезащитные,135,46,14,19835,летняя,женский,пожилой
HESTER/S-BKUI4,овальная,титан,серый,Polaroid,оптика,145,54,18,12128,всесезонная,унисекс,пожилой
HIGH-ERA - 01,квадратная,металл,черный,Lacoste,солнцезащитные,150,50,20,4626,летняя,женский,пожилой
HIGH-ERA - 02,овальная,металл,белый,Lacoste,солнцезащитные,145,52,20,18362,летняя,мужской,пожилой
HORT-3-24F,овальная,пластик,серый,Gucci,солнцезащитные,145,54,17,10396,летняя,мужской,пожилой
HOUSTON-G0255TB03SPZ05,квадратная,титан,синий,Gucci,солнцезащитные,135,52,19,7854,летняя,женский,средний
IA22402B,круглая,титан,серый,Ray-Ban,солнцезащитные,150,48,19,19834,летняя,мужской,средний
IA22403A,прямоугольная,титан,белый,Gucci,солнцезащитные,145,54,20,27036,летняя,женский,средний
IA22405B,круглая,титан,черный,Polaroid,солнцезащитные,140,54,14,14005,летняя,мужской,пожилой
IA22407A,овальная,комбинированный,белый,Oakley,солнцезащитные,145,52,14,8624,летняя,унисекс,молодой
IA22407B,круглая,титан,коричневый,Polaroid,оптика,140,52,16,18489,всесезонная,мужской,молодой
IA22419A,квадратная,металл,белый,Ray-Ban,оптика,145,46,15,7141,всесезонная,унисекс,молодой
IB12400A,квадратная,титан,синий,Valentino,солнцезащитные,145,54,16,34350,летняя,унисекс,молодой
IB12401B,кошачий_глаз,титан,серый,Lacoste,солнцезащитные,140,52,19,23085,летняя,мужской,молодой
IB12401C,овальная,комбинированный,белый,Gucci,солнцезащитные,130,54,15,34504,летняя,унисекс,пожилой
IB12402A,прямоугольная,металл,серебряный,Ray-Ban,оптика,145,46,19,10786,всесезонная,женский,средний
IB12402B,прямоугольная,титан,серый,Valentino,солнцезащитные,145,46,14,34760,летняя,мужской,молодой
IB12402C,овальная,металл,золотой,Polaroid,солнцезащитные,130,52,18,11985,летняя,мужской,средний
IB12404C,круглая,титан,черный,Valentino,оптика,135,50,17,19954,всесезонная,женский,молодой
IB12413A,круглая,металл,коричневый,Polaroid,оптика,130,48,20,20676,всесезонная,женский,молодой
IB12413C,кошачий_глаз,комбинированный,черный,Gucci,солнцезащитные,135,54,14,13866,летняя,женский,средний
IB12413D,круглая,титан,черный,Gucci,солнцезащитные,130,54,14,18364,летняя,женский,молодой
IB12414A,прямоугольная,металл,серый,Gucci,оптика,140,54,16,37012,всесезонная,унисекс,средний
IB12414B,квадратная,металл,синий,Tom Ford,оптика,130,52,18,16284,всесезонная,женский,молодой
IB12414C,круглая,пластик,черный,Lacoste,оптика,145,54,16,17250,всесезонная,мужской,молодой
IB12416B,круглая,металл,золотой,Ray-Ban,солнцезащитные,135,46,15,3125,летняя,мужской,молодой
IB12416C,кошачий_глаз,пластик,коричневый,Ray-Ban,оптика,145,52,14,10235,всесезонная,унисекс,молодой
IB22402C,квадратная,металл,черный,Polaroid,оптика,135,48,14,18930,всесезонная,мужской,молодой
IB22405A,овальная,титан,серебряный,Gucci,оптика,145,50,16,14978,всесезонная,мужской,молодой
IB22405B,прямоугольная,металл,серебряный,Lacoste,солнцезащитные,150,50,18,15766,летняя,мужской,пожилой
IB22406A,кошачий_глаз,пластик,черный,Valentino,оптика,140,46,16,48482,всесезонная,мужской,средний
IB22406B,кошачий_глаз,пластик,синий,Valentino,солнцезащитные,145,48,20,7012,летняя,унисекс,средний
IB22411A,квадратная,металл,серебряный,Valentino,оптика,130,50,20,37772,всесезонная,мужской,пожилой
IB22413A,кошачий_глаз,металл,серый,Tom Ford,солнцезащитные,130,48,19,8924,летняя,женский,молодой
IB22413C,овальная,пластик,коричневый,Tom Ford,оптика,140,46,17,37346,всесезонная,мужской,пожилой
IB22414A,круглая,металл,золотой,Gucci,оптика,130,50,17,15052,всесезонная,женский,молодой
IB22414C,круглая,титан,серебряный,Gucci,солнцезащитные,135,48,18,8888,летняя,унисекс,пожилой
IB22415B,круглая,комбинированный,синий,Gucci,оптика,145,48,17,42820,всесезонная,унисекс,молодой
IB22415C,круглая,титан,серебряный,Tom Ford,солнцезащитные,135,54,18,42792,летняя,унисекс,пожилой
IB22416B,круглая,титан,коричневый,Oakley,оптика,145,50,16,7236,всесезонная,унисекс,пожилой
IB22417A,круглая,пластик,черный,Polaroid,солнцезащитные,135,52,16,24135,летняя,женский,пожилой
IB22420A,круглая,пластик,золотой,Oakley,солнцезащитные,150,46,14,13704,летняя,мужской,средний
IB22422A,овальная,пластик,черный,Valentino,солнцезащитные,130,52,16,8600,летняя,унисекс,пожилой
IB22422C,квадратная,пластик,черный,Prada,солнцезащитные,135,48,17,14006,летняя,мужской,пожилой
IB22423A,круглая,металл,синий,Ray-Ban,солнцезащитные,135,52,20,12767,летняя,мужской,средний
IB22424C,прямоугольная,пластик,синий,Lacoste,оптика,150,48,16,21714,всесезонная,унисекс,средний
IB22430B,круглая,пластик,серебряный,Tom Ford,оптика,135,52,16,6806,всесезонная,женский,молодой
IB22431A,прямоугольная,металл,белый,Ray-Ban,солнцезащитные,150,48,15,24657,летняя,унисекс,молодой
IB22440C,квадратная,металл,черный,Valentino,солнцезащитные,145,52,17,37460,летняя,мужской,пожилой
IB22442A,квадратная,металл,серый,Gucci,солнцезащитные,135,50,15,42558,летняя,мужской,средний
IB22444A,прямоугольная,комбинированный,золотой,Prada,оптика,150,52,19,45780,всесезонная,мужской,молодой
IB22444B,кошачий_глаз,пластик,черный,Valentino,солнцезащитные,150,48,14,29564,летняя,женский,средний
IB22445D,прямоугольная,металл,серебряный,Prada,солнцезащитные,130,52,18,13746,летняя,женский,пожилой
IB22446C,квадратная,титан,серый,Gucci,оптика,150,50,19,47616,всесезонная,унисекс,средний
IB22448A,овальная,комбинированный,золотой,Tom Ford,солнцезащитные,145,52,16,20212,летняя,унисекс,средний
IB22448B,овальная,титан,черный,Valentino,оптика,145,54,17,27472,всесезонная,мужской,молодой
IB22451A,квадратная,пластик,синий,Gucci,оптика,130,48,15,46438,всесезонная,мужской,средний
IB22451C,квадратная,пластик,белый,Oakley,солнцезащитные,135,50,19,8388,летняя,женский,молодой
IB22455B,квадратная,комбинированный,белый,Gucci,солнцезащитные,130,54,15,12590,летняя,женский,пожилой
IB22456A,прямоугольная,пластик,серебряный,Polaroid,солнцезащитные,145,54,20,3595,летняя,мужской,пожилой
IB22456C,кошачий_глаз,металл,черный,Oakley,солнцезащитные,135,48,14,16051,летняя,мужской,средний
IB22458C,кошачий_глаз,комбинированный,серый,Tom Ford,солнцезащитные,135,52,16,36106,летняя,унисекс,средний
IB22459A,овальная,комбинированный,золотой,Tom Ford,солнцезащитные,145,46,19,11278,летняя,женский,пожилой
IB22461A,овальная,металл,черный,Oakley,солнцезащитные,150,52,16,3591,летняя,унисекс,пожилой
IB22461B,квадратная,комбинированный,черный,Oakley,оптика,150,50,20,17886,всесезонная,женский,средний
IB22463A,кошачий_глаз,пластик,золотой,Polaroid,оптика,135,50,18,20148,всесезонная,женский,пожилой
IB22463C,круглая,комбинированный,белый,Polaroid,солнцезащитные,150,50,17,11972,летняя,мужской,пожилой
IB22465A,кошачий_глаз,металл,золотой,Ray-Ban,оптика,135,50,15,11627,всесезонная,мужской,средний
IK22401A,круглая,металл,коричневый,Prada,оптика,135,52,17,32646,всесезонная,мужской,молодой
IK22402A,квадратная,комбинированный,золотой,Ray-Ban,солнцезащитные,135,50,15,23694,летняя,мужской,пожилой
IK22405A,круглая,металл,черный,Tom Ford,оптика,145,48,15,36420,всесезонная,унисекс,средний
IK22405B,квадратная,металл,серый,Prada,солнцезащитные,150,46,17,14536,летняя,женский,средний
IK22407B,кошачий_глаз,пластик,белый,Ray-Ban,оптика,140,52,16,14801,всесезонная,женский,пожилой
IK22408A,круглая,титан,серебряный,Lacoste,солнцезащитные,150,50,18,4918,летняя,мужской,молодой
IP22401A,квадратная,титан,серый,Ray-Ban,солнцезащитные,130,48,16,17672,летняя,мужской,пожилой
IP22402A,овальная,комбинированный,серый,Tom Ford,оптика,135,50,15,11772,всесезонная,мужской,молодой
IP22402B,кошачий_глаз,пластик,синий,Lacoste,оптика,150,46,15,24844,всесезонная,мужской,молодой
IP22402C,круглая,комбинированный,черный,Ray-Ban,оптика,130,52,19,19167,всесезонная,женский,молодой
IP22406C,овальная,металл,синий,Polaroid,солнцезащитные,145,50,20,16899,летняя,женский,молодой
IP22407A,кошачий_глаз,пластик,серый,Tom Ford,солнцезащитные,145,50,20,29840,летняя,женский,средний
IP22407C,квадратная,комбинированный,черный,Gucci,оптика,135,50,14,39128,всесезонная,мужской,средний
IP22408A,кошачий_глаз,титан,серый,Prada,оптика,130,48,20,31494,всесезонная,мужской,средний
IP22409A,прямоугольная,металл,синий,Prada,оптика,150,46,17,40958,всесезонная,женский,средний
Jaxon 5184-1,круглая,пластик,черный,Lacoste,солнцезащитные,130,48,16,8079,летняя,женский,средний
JOCKEY-4-42F,круглая,комбинированный,синий,Prada,оптика,135,52,16,18410,всесезонная,женский,пожилой
JONDAL-1-23F,квадратная,пластик,синий,Tom Ford,оптика,135,48,16,10740,всесезонная,унисекс,пожилой
K1100A,кошачий_глаз,пластик,черный,Tom Ford,солнцезащитные,150,50,15,18582,летняя,мужской,пожилой
K1100C,квадратная,титан,золотой,Ray-Ban,оптика,140,46,15,21683,всесезонная,женский,пожилой
K1102B,кошачий_глаз,металл,черный,Polaroid,солнцезащитные,145,54,19,22560,летняя,женский,молодой
K1102C,кошачий_глаз,титан,золотой,Prada,оптика,140,52,14,40622,всесезонная,унисекс,молодой
K1300A,круглая,комбинированный,синий,Oakley,оптика,140,48,17,4110,всесезонная,унисекс,молодой
K1300C,овальная,титан,синий,Prada,оптика,145,50,17,20908,всесезонная,мужской,молодой
K2114A,кошачий_глаз,комбинированный,синий,Valentino,оптика,150,48,16,42956,всесезонная,женский,молодой
K2114B,прямоугольная,титан,серый,Polaroid,оптика,150,54,19,5374,всесезонная,унисекс,средний
K2114D,овальная,комбинированный,синий,Oakley,оптика,130,52,14,22327,всесезонная,унисекс,молодой
K2115D,кошачий_глаз,титан,серый,Valentino,солнцезащитные,130,48,18,17188,летняя,женский,средний
K2115K,кошачий_глаз,пластик,черный,Lacoste,солнцезащитные,130,54,14,23478,летняя,женский,молодой
K2200A,квадратная,титан,коричневый,Polaroid,солнцезащитные,145,48,14,18270,летняя,унисекс,молодой
K2200B,овальная,пластик,белый,Prada,солнцезащитные,150,46,17,37420,летняя,унисекс,молодой
K2200D,квадратная,пластик,золотой,Polaroid,солнцезащитные,130,54,18,23186,летняя,мужской,пожилой
K2202B,квадратная,пластик,серый,Lacoste,солнцезащитные,150,50,14,12153,летняя,женский,средний
K2202E,квадратная,комбинированный,серый,Lacoste,солнцезащитные,135,48,15,18521,летняя,унисекс,средний
K2203B,овальная,титан,серебряный,Tom Ford,солнцезащитные,150,48,16,46630,летняя,мужской,средний
K2203C,овальная,титан,черный,Lacoste,солнцезащитные,145,46,19,22744,летняя,мужской,молодой
K2204B,круглая,комбинированный,серый,Prada,солнцезащитные,140,46,14,45768,летняя,мужской,молодой
K2204C,квадратная,металл,серый,Oakley,оптика,150,50,14,19348,всесезонная,унисекс,молодой
K2204F,кошачий_глаз,комбинированный,серебряный,Polaroid,солнцезащитные,145,48,15,20636,летняя,мужской,молодой
K2301E,кошачий_глаз,титан,белый,Tom Ford,солнцезащитные,145,50,18,6234,летняя,женский,молодой
K2302C,прямоугольная,металл,коричневый,Polaroid,оптика,140,50,17,3150,всесезонная,женский,средний
K2302E,круглая,комбинированный,золотой,Prada,оптика,140,52,20,7360,всесезонная,унисекс,средний
K2303A,овальная,комбинированный,серый,Polaroid,оптика,130,48,18,24438,всесезонная,женский,молодой
K2303C,квадратная,титан,серебряный,Lacoste,солнцезащитные,145,52,20,22009,летняя,унисекс,средний
K2305D,круглая,комбинированный,серый,Polaroid,оптика,140,46,17,20576,всесезонная,женский,средний
K2308A,круглая,металл,коричневый,Oakley,оптика,130,54,19,18446,всесезонная,женский,средний
K2308B,кошачий_глаз,пластик,коричневый,Valentino,солнцезащитные,130,52,17,36994,летняя,женский,молодой
K2308C,круглая,комбинированный,синий,Ray-Ban,оптика,135,52,16,8143,всесезонная,унисекс,молодой
K2402Q2,кошачий_глаз,пластик,черный,Prada,солнцезащитные,150,46,16,20172,летняя,мужской,молодой
K2800J,овальная,титан,черный,Polaroid,оптика,135,52,17,8733,всесезонная,унисекс,пожилой
K2800N,кошачий_глаз,комбинированный,золотой,Valentino,оптика,140,50,18,16666,всесезонная,женский,пожилой
K2903S,прямоугольная,металл,золотой,Oakley,солнцезащитные,145,52,18,5539,летняя,женский,молодой
K2903X,кошачий_глаз,титан,белый,Gucci,солнцезащитные,140,54,19,14806,летняя,мужской,средний
K2903Y,овальная,титан,серебряный,Prada,оптика,150,54,20,32482,всесезонная,унисекс,пожилой
L22-0400,круглая,титан,белый,Tom Ford,солнцезащитные,150,50,15,8328,летняя,мужской,пожилой
LANCIER-705-A-01-BLK-GLD,кошачий_глаз,пластик,серебряный,Polaroid,оптика,150,50,17,14955,всесезонная,мужской,молодой
LANCIER-LSA-103-GUN,квадратная,пластик,коричневый,Tom Ford,оптика,135,48,14,15874,всесезонная,унисекс,пожилой
LANCIER-LSA-708-A-02,кошачий_глаз,металл,золотой,Ray-Ban,солнцезащитные,145,48,16,8213,летняя,женский,средний
LAUREN XS-G0250TB36S,овальная,металл,черный,Gucci,оптика,130,46,15,44032,всесезонная,мужской,пожилой
LAZY SUNDAY - 04,квадратная,металл,черный,Prada,оптика,130,50,17,26202,всесезонная,унисекс,пожилой
LFL-1172/5,прямоугольная,металл,золотой,Prada,солнцезащитные,140,54,19,23242,летняя,мужской,средний
LFL-736/2,овальная,металл,серый,Oakley,солнцезащитные,130,54,15,3286,летняя,унисекс,пожилой
LUGANO-G0321TG04S,квадратная,титан,белый,Tom Ford,солнцезащитные,150,52,20,36042,летняя,мужской,пожилой
LXN-EVO-403-A-03-BLU-GLD,круглая,пластик,серый,Oakley,солнцезащитные,150,54,18,20524,летняя,унисекс,молодой
MACH-SIX-121-05-BLK-GLD,квадратная,комбинированный,серый,Gucci,оптика,135,50,18,9210,всесезонная,мужской,средний
MAMA-001,кошачий_глаз,металл,коричневый,Ray-Ban,солнцезащитные,150,46,17,10324,летняя,унисекс,пожилой
MAVEN - 04,прямоугольная,пластик,золотой,Tom Ford,солнцезащитные,130,46,17,39928,летняя,мужской,пожилой
MELANI-04,прямоугольная,титан,коричневый,Polaroid,оптика,140,50,14,23716,всесезонная,мужской,пожилой
METAMAT-526-59-02-RGD,прямоугольная,титан,черный,Valentino,оптика,135,54,18,21818,всесезонная,женский,средний
N7.2-Sil-GryG,кошачий_глаз,металл,золотой,Tom Ford,оптика,145,52,16,21310,всесезонная,мужской,пожилой
NACHT-TWO-128-01-BLK-GL,прямоугольная,титан,черный,Valentino,оптика,135,48,15,38736,всесезонная,мужской,средний
NARCISSUS-503-GRY-GLD,квадратная,пластик,белый,Polaroid,солнцезащитные,150,48,17,6247,летняя,женский,молодой
NIKI SUN-C03-SR,кошачий_глаз,пластик,золотой,Lacoste,солнцезащитные,135,54,16,6805,летняя,женский,молодой
NOBLE DAY - 05,круглая,пластик,коричневый,Lacoste,оптика,135,48,16,8372,всесезонная,мужской,молодой
ORINATE-TB3-GREY,прямоугольная,металл,белый,Oakley,оптика,145,52,17,23156,всесезонная,мужской,пожилой
ORINATE-TB4-ROSE,овальная,пластик,черный,Oakley,оптика,140,52,18,3196,всесезонная,мужской,молодой
P0401-4EYY2,квадратная,металл,синий,Oakley,солнцезащитные,140,48,19,9692,летняя,мужской,пожилой
P1300A,овальная,комбинированный,коричневый,Valentino,оптика,150,48,19,9068,всесезонная,женский,средний
P1300B,квадратная,пластик,белый,Oakley,оптика,145,46,20,22015,всесезонная,мужской,пожилой
P1300C,овальная,металл,серебряный,Tom Ford,солнцезащитные,150,52,20,19188,летняя,унисекс,молодой
P1301A,прямоугольная,комбинированный,коричневый,Ray-Ban,оптика,140,54,19,5661,всесезонная,женский,средний
P2301A,кошачий_глаз,титан,коричневый,Oakley,оптика,135,50,14,4035,всесезонная,женский,пожилой
P56-GD-BB,квадратная,титан,золотой,Gucci,солнцезащитные,150,46,17,8766,летняя,унисекс,средний
P57-SI-RD,квадратная,металл,серый,Gucci,оптика,150,48,20,39520,всесезонная,мужской,пожилой
P58-BMFX,прямоугольная,комбинированный,белый,Lacoste,оптика,150,50,14,11577,всесезонная,женский,молодой
P8-BMK,прямоугольная,металл,синий,Valentino,солнцезащитные,135,48,14,37942,летняя,мужской,пожилой
PAI - 01,овальная,титан,коричневый,Valentino,солнцезащитные,140,50,14,16220,летняя,мужской,молодой
PAI - 05,квадратная,пластик,серый,Ray-Ban,солнцезащитные,130,48,14,5886,летняя,мужской,пожилой
PANTHERE-1-42,круглая,комбинированный,коричневый,Prada,оптика,135,48,17,39938,всесезонная,женский,средний
PANTHERE-4-44,круглая,металл,черный,Ray-Ban,солнцезащитные,140,48,17,16675,летняя,унисекс,пожилой
PERPLEXER-405-A-01-BLK-GL,прямоугольная,комбинированный,черный,Lacoste,солнцезащитные,135,48,17,21246,летняя,унисекс,средний
PIANO - 01,овальная,комбинированный,серебряный,Polaroid,солнцезащитные,135,46,19,6695,летняя,женский,молодой
PIANO - 03,овальная,титан,черный,Lacoste,солнцезащитные,130,48,14,4214,летняя,мужской,пожилой
RENEE/S-C8W9O,кошачий_глаз,пластик,коричневый,Lacoste,солнцезащитные,150,48,15,4923,летняя,мужской,пожилой
RIDGE-325,кошачий_глаз,пластик,синий,Valentino,оптика,140,50,17,28364,всесезонная,унисекс,пожилой
RODNEY-6-46,круглая,пластик,коричневый,Lacoste,оптика,150,46,16,17032,всесезонная,женский,средний
ROY-4-44F,квадратная,пластик,серый,Lacoste,солнцезащитные,145,48,20,24863,летняя,мужской,молодой
S.EULARIA-18-27F,овальная,комбинированный,белый,Gucci,оптика,145,52,18,13636,всесезонная,унисекс,пожилой
SAN MARCO-G0154TB05S,кошачий_глаз,пластик,белый,Prada,солнцезащитные,140,52,17,30092,летняя,женский,пожилой
SANDRA-03,кошачий_глаз,пластик,черный,Ray-Ban,солнцезащитные,150,52,15,10290,летняя,женский,пожилой
SEAN SUN-C02-SR,овальная,комбинированный,золотой,Polaroid,солнцезащитные,140,52,18,24364,летняя,женский,молодой
SLOOK 15-15003,кошачий_глаз,пластик,серебряный,Valentino,солнцезащитные,140,46,15,49430,летняя,унисекс,молодой
SPRINT-A-504C,прямоугольная,металл,серый,Oakley,солнцезащитные,135,50,15,22191,летняя,мужской,молодой
STANFORD-G0196TB02S,прямоугольная,комбинированный,серебряный,Polaroid,оптика,135,54,17,17338,всесезонная,мужской,молодой
T-1526-1,прямоугольная,пластик,белый,Polaroid,оптика,130,46,19,24886,всесезонная,женский,молодой
T-1873-2,кошачий_глаз,титан,коричневый,Prada,солнцезащитные,130,46,16,48576,летняя,женский,пожилой
T-1878-11,кошачий_глаз,металл,белый,Ray-Ban,солнцезащитные,140,46,19,4295,летняя,унисекс,молодой
T-1878-5,овальная,комбинированный,черный,Oakley,оптика,150,52,15,8795,всесезонная,унисекс,пожилой
T2710A,овальная,пластик,белый,Prada,солнцезащитные,150,52,16,21634,летняя,женский,средний
The Bob-S7905,прямоугольная,металл,белый,Valentino,солнцезащитные,135,48,19,20660,летняя,мужской,молодой
The Brooklyn-S4807,квадратная,пластик,серебряный,Oakley,солнцезащитные,130,54,14,11408,летняя,мужской,пожилой
The Evan-S9275,квадратная,комбинированный,белый,Valentino,оптика,135,46,14,47284,всесезонная,женский,пожилой
THE PRESIDENT I P-WDB-M10,кошачий_глаз,комбинированный,серый,Tom Ford,солнцезащитные,135,46,16,19860,летняя,мужской,средний
TITAN-139B,круглая,титан,черный,Polaroid,солнцезащитные,145,54,18,16147,летняя,унисекс,средний
VERS-TWO-151A-01,квадратная,металл,серый,Gucci,оптика,135,54,16,39052,всесезонная,унисекс,средний
VICTORY C 01/S-00386,овальная,титан,серый,Gucci,солнцезащитные,135,50,18,15816,летняя,женский,пожилой
VICTORY C 03/S-7C508,кошачий_глаз,титан,черный,Prada,оптика,145,54,14,14676,всесезонная,женский,молодой
VICTORY C 03/S-900FQ,прямоугольная,комбинированный,белый,Ray-Ban,оптика,145,50,17,13454,всесезонная,женский,средний
WAZZ 2-4 - WA3SUNPEONY,прямоугольная,титан,синий,Oakley,солнцезащитные,145,50,17,18722,летняя,мужской,средний
WILDER-483,круглая,пластик,черный,Ray-Ban,оптика,130,54,15,15891,всесезонная,женский,средний
WILL-002,овальная,титан,золотой,Tom Ford,оптика,150,52,14,20008,всесезонная,мужской,молодой
WILL-223,квадратная,пластик,синий,Lacoste,оптика,150,50,15,7092,всесезонная,унисекс,средний
WOMAN DiorClub M5U-F0L8,квадратная,металл,белый,Lacoste,солнцезащитные,145,50,20,24337,летняя,женский,молодой
Z1100A,круглая,пластик,черный,Polaroid,оптика,130,52,18,17140,всесезонная,унисекс,средний
Z14-SIV,прямоугольная,металл,синий,Tom Ford,оптика,130,48,19,45440,всесезонная,женский,средний
Z17-BM,прямоугольная,титан,черный,Gucci,солнцезащитные,140,48,16,38440,летняя,мужской,молодой
