Номенклатура.Артикул,Номенклатура.Марка (бренд),Номенклатура.Номенклатура пол,Номенклатура.Номенклатура материал,Номенклатура.Номенклатура тип,Номенклатура.Номенклатура форма,Номенклатура.Номенклатура цвет оправы,Номенклатура.Номенклатура цвет,Номенклатура.Ширина линз,Номенклатура.Ширина моста,Номенклатура.Длина заушника,Цена продажи,Себестоимость,Дата появления в салоне,Клиент.Пол,Клиент.Дата рождения,Подразделение. Место продажи,Документ.Дата продажи
(NOT) COMMON - 06,GAST,универсальные,пластик,ободковая,прямоугольные,бежевый,коричневый градиент,"49,0","22,0",145,,,,Женский,27.06.1961,"Васенко,4 ОиМ",31.10.2023 13:19:27
(NOT) COMMON - 07,GAST,универсальные,пластик,ободковая,прямоугольные,черный/золотой,черный,"49,0","22,0",145,,,,Мужской,02.03.1982,"Васенко,4 ОиМ",28.02.2023 18:39:44
0001/N/S-SZJIR,ISABEL MARANT,женские,пластик,ободковая,капли,,,"57,0","18,0",150,,,,Женский,07.03.1984,"Васенко,4 ОиМ",14.04.2023 10:38:52
0001/S-8079O,ISABEL MARANT,универсальные,пластик,ободковая,капли,,,"57,0","18,0",150,,,,Женский,29.12.1958,"Васенко,4 ОиМ",14.03.2023 19:09:33
0001/S-FWM3X,ISABEL MARANT,женские,пластик,ободковая,капли,,,"57,0","18,0",150,,,,Женский,19.04.1983,"Васенко,4 ОиМ",16.06.2023 15:15:12
0002/S-8079O,ETRO,женские,пластик,ободковая,квадратные,черный,черный градиент,"60,0","18,0",145,,,,,29.08.1996,"Васенко,4 ОиМ",23.07.2024 20:15:39
0008S-002,CHLOE,женские,пластик,ободковая,гексагон,,,"58,0","17,0",140,,,,Женский,19.06.1977,"Васенко,4 ОиМ",17.05.2023 11:31:11
001-PNK,BARBIE,подростковые для девочек,пластик,ободковая,вайфайеры,розовый,серый,"46,0","18,0",124,,,,Мужской,07.03.1960,"40 лет Октября,15 ОиМ",17.08.2024 15:35:11
001-VLT,BARBIE,подростковые для девочек,пластик,ободковая,вайфайеры,фиолетовый,серый,"46,0","18,0",124,,,,Мужской,25.12.2012,"40 лет Октября,15 ОиМ",02.07.2024 15:57:25
0010/S-71CHA,ETRO,женские,пластик,ободковая,бабочка,черный,коричневый градиент,"50,0","24,0",145,,,,Женский,27.08.1976,"Васенко,4 ОиМ",11.11.2024 12:24:46
0010/S-8079O,ETRO,женские,пластик,ободковая,бабочка,черный,черный градиент,"50,0","24,0",145,,,,Женский,17.05.1953,"Васенко,4 ОиМ",05.08.2024 13:51:06
0014/S-000IB,ISABEL MARANT,женские,металл,ободковая,квадратные,золотой,зеленый градиент,"58,0","19,0",145,,,,Женский,18.03.1985,"Васенко,4 ОиМ",08.06.2023 14:00:19
0019S-002,AZZEDINE ALAIA,женские,пластик,ободковая,кошачий глаз,белый,черный,"51,0","17,0",145,,,,Женский,05.10.1974,"Васенко,4 ОиМ",14.06.2024 15:44:37
0019S-003,AZZEDINE ALAIA,женские,пластик,ободковая,кошачий глаз,красный,коричневый,"51,0","17,0",145,,,,Женский,24.02.1989,"Васенко,4 ОиМ",13.01.2024 16:01:39
002-BLK,HOT WHEELS,подростковые для мальчиков,пластик,ободковая,квадратные,черный,серый,"49,0","14,0",118,,,,Женский,30.11.2004,"Комсомольский,33 ОиМ",28.12.2024 16:05:02
002-PNK,BARBIE,подростковые для девочек,пластик,ободковая,кошачий глаз,розовый,серый,"46,0","15,0",129,,,,Женский,20.04.1989,"Комсомольский,33 ОиМ",22.06.2024 12:14:28
0021/S-000UY,ETRO,женские,металл,ободковая,бабочка,золотой,фиолетово-голубой градиент,"60,0","17,0",145,,,,,22.02.1974,"Васенко,4 ОиМ",05.08.2024 12:49:16
0027S-001,AZZEDINE ALAIA,женские,металл,безободковая,кошачий глаз,черный,черный,"99,0","1,0",140,,,,Женский,05.10.1974,"Васенко,4 ОиМ",14.06.2024 15:44:37
0030S-001,AZZEDINE ALAIA,женские,пластик,ободковая,кошачий глаз,черный,черный,"51,0","23,0",145,,,,Женский,09.02.1960,"Васенко,4 ОиМ",23.02.2024 13:10:22
0031RS-002,CARTIER,универсальные,металл,безободковая,овальные,,,"60,0","17,0",140,,,,Мужской,25.08.1974,"Васенко,4 ОиМ",15.06.2024 18:18:32
0031S-001,CHLOE,женские,металл и пластик,ободковая,квадратные,,,"59,0","19,0",140,,,,Женский,29.07.1982,"Васенко,4 ОиМ",21.03.2024 19:06:28
0031S-003,CHLOE,женские,металл и пластик,ободковая,квадратные,,,"59,0","19,0",140,,,,Женский,31.12.1979,"Васенко,4 ОиМ",17.01.2023 19:19:53
0032S-001,AZZEDINE ALAIA,женские,металл,безободковая,панто,черный,черный,"61,0","16,0",140,,,,Женский,30.03.1978,"Васенко,4 ОиМ",17.06.2024 15:35:01
0036-6,VITO FABIUS,подростковые для девочек,пластик,ободковая,бабочка,розовый,серый,"45,0","20,0",134,,,,Женский,27.05.1979,"40 лет Октября,15 ОиМ",06.07.2024 11:34:53
0047-3,VITO FABIUS,подростковые для девочек,пластик,ободковая,гексагон,синий,серый,"48,0","16,0",134,,,,Мужской,30.04.1988,"Комсомольский,33 ОиМ",02.06.2024 12:21:58
005-09YL,PHILIPP PLEIN,универсальные,пластик,ободковая,квадратные,белый,серый,"57,0","18,0",145,,,,Мужской,25.09.1987,"Васенко,4 ОиМ",20.04.2024 16:22:17
005-09YL,PHILIPP PLEIN,универсальные,пластик,ободковая,квадратные,белый,серый,"57,0","18,0",145,,,,Женский,04.04.1958,"Васенко,4 ОиМ",14.01.2023 9:32:15
005-300,ROBERTO CAVALLI,женские,металл,безободковая,необычные,золотой,серый,"59,0","19,0",140,,,,Мужской,17.10.2001,"Васенко,4 ОиМ",13.07.2024 18:07:09
005-400F,ROBERTO CAVALLI,женские,металл,безободковая,необычные,золотой,голубой,"59,0","19,0",140,,,,Мужской,25.05.1991,"Васенко,4 ОиМ",09.02.2024 15:16:50
005-579X,ROBERTO CAVALLI,женские,металл,безободковая,необычные,серебристый,серый зеркальный,"59,0","19,0",140,,,,Женский,03.12.1967,"Васенко,4 ОиМ",18.11.2023 16:48:33
005-594G,ROBERTO CAVALLI,женские,металл,безободковая,необычные,бронзовый,коричневый,"59,0","19,0",140,,,,Женский,,"Васенко,4 ОиМ",25.03.2024 15:25:28
005-BLK,HOT WHEELS,подростковые универсальные,пластик,ободковая,вайфайеры,черный,серый,"53,0","18,0",127,,,,Мужской,03.05.1989,"40 лет Октября,15 ОиМ",11.06.2024 14:44:19
0051/S-1ED9K,ISABEL MARANT,женские,пластик,ободковая,круглые,,,"51,0","24,0",150,,,,Мужской,14.10.1982,"Васенко,4 ОиМ",02.07.2023 16:41:21
006-0300,ROBERTO CAVALLI,женские,металл,безободковая,круглые,золотой,серый,"63,0","17,0",140,,,,Женский,12.06.1978,"Васенко,4 ОиМ",01.07.2024 15:04:54
006-0700,PHILIPP PLEIN,универсальные,пластик,ободковая,маска,черный,серый,"98,0",,,,,,Женский,15.01.1998,"Васенко,4 ОиМ",14.02.2023 19:24:15
006-594B,ROBERTO CAVALLI,женские,металл,безободковая,круглые,серебристый,синий градиент,"63,0","17,0",140,,,,Женский,17.09.1978,"Васенко,4 ОиМ",01.07.2024 12:06:05
007-0302,PHILIPP PLEIN,универсальные,металл,ободковая,капли,золотой,зеленый,"64,0","12,0",145,,,,Женский,04.12.1977,"Васенко,4 ОиМ",25.03.2024 15:19:49
007-0302,PHILIPP PLEIN,универсальные,металл,ободковая,капли,золотой,зеленый,"64,0","12,0",145,,,,Женский,05.12.1983,"Васенко,4 ОиМ",19.03.2023 19:04:15
007-528L,PHILIPP PLEIN,универсальные,металл,ободковая,капли,серебристый,серый зеркальный,"64,0","12,0",145,,,,Мужской,30.01.1983,"Васенко,4 ОиМ",07.05.2023 19:07:02
007-ACQ,BARBIE,подростковые для девочек,пластик,ободковая,панто,оливковый,серый,"51,0","14,0",128,,,,Женский,24.02.1989,"40 лет Октября,15 ОиМ",06.11.2024 14:44:58
007-BLK,HOT WHEELS,подростковые для мальчиков,пластик,ободковая,прямоугольные,черный,серый,"55,0","18,0",125,,,,Женский,03.05.1994,"40 лет Октября,15 ОиМ",22.06.2024 15:14:36
007-FXA,BARBIE,подростковые для девочек,пластик,ободковая,панто,малиновый,серый,"51,0","14,0",128,,,,Женский,06.02.2013,"40 лет Октября,15 ОиМ",01.06.2024 12:54:51
007-L.PNK,BARBIE,подростковые для девочек,пластик,ободковая,панто,розовый,серый,"51,0","14,0",128,,,,Женский,09.03.1992,"Васенко,4 ОиМ",30.06.2024 16:29:42
007-RED,HOT WHEELS,подростковые для мальчиков,пластик,ободковая,прямоугольные,красный,серый,"55,0","18,0",125,,,,Мужской,29.09.1980,"40 лет Октября,15 ОиМ",31.05.2024 18:29:29
0077/G/S-K1GKU,ISABEL MARANT,женские,пластик,ободковая,бабочка,,,"56,0","18,0",140,,,,Женский,06.09.1979,"Васенко,4 ОиМ",16.06.2023 16:00:39
008-BLK,BARBIE,подростковые для девочек,пластик,ободковая,кошачий глаз,черный,серый,"49,0","18,0",136,,,,Женский,23.06.1986,"Комсомольский,33 ОиМ",10.06.2024 17:19:13
008-LIL,BARBIE,подростковые для девочек,пластик,ободковая,кошачий глаз,сиреневый,серый,"49,0","18,0",136,,,,Женский,01.06.1990,"40 лет Октября,15 ОиМ",11.06.2024 14:23:26
0080/S-6LBJP,ISABEL MARANT,женские,металл,безободковая,необычные,,,"60,0","18,0",150,,,,Женский,21.09.1989,"Васенко,4 ОиМ",08.06.2023 18:02:58
0086-21Y,MAX&CO,женские,пластик,ободковая,бабочка,белый,фиолетовый,"54,0","18,0",140,,,,Женский,18.09.1991,"40 лет Октября,15 ОиМ",31.05.2024 10:02:38
009-GRY,HOT WHEELS,подростковые универсальные,пластик,ободковая,панто,серый,серый,"47,0","16,0",133,,,,Женский,28.07.1973,"Васенко,4 ОиМ",07.07.2024 13:24:53
009-GRY,HOT WHEELS,подростковые универсальные,пластик,ободковая,панто,серый,серый,"47,0","16,0",133,,,,Женский,29.11.1998,"Комсомольский,33 ОиМ",14.07.2024 13:59:10
0090-33A,MAX&CO,универсальные,металл,ободковая,прямоугольные,золотой,серый,"54,0","16,0",140,,,,Женский,05.03.1985,"40 лет Октября,15 ОиМ",05.07.2024 16:34:32
0091S-002,MONTBLANC,мужские,металл,ободковая,капли,,,"54,0","16,0",145,,,,Женский,16.05.1975,"Васенко,4 ОиМ",25.10.2024 19:34:02
0096/S-807IR,ISABEL MARANT,мужские,пластик,ободковая,маска,черный,серый,"99,0","1,0",145,,,,Мужской,27.10.1988,"Васенко,4 ОиМ",28.10.2023 13:07:26
009V-0700,ROBERTO CAVALLI,женские,пластик,ободковая,кошачий глаз,черный,серый градиент,"51,0","21,0",140,,,,Женский,28.12.2012,"Васенко,4 ОиМ",20.02.2024 17:16:07
00UW14-EL136,RIGARDS,универсальные,титан,ободковая,круглые,темно-серый,серый,"45,0","25,0",140,,,,Мужской,18.11.1961,"Васенко,4 ОиМ",29.10.2024 12:24:07
01-506 20PZ,MARIO ROSSI,мужские,пластик,ободковая,прямоугольные,,,"57,0","16,0",144,,,,Женский,30.06.1988,"Васенко,4 ОиМ",31.07.2023 18:44:32
01-519 13PZ,MARIO ROSSI,женские,пластик,ободковая,бабочка,,,"57,0","19,0",145,,,,Мужской,08.05.1983,"Комсомольский,33 ОиМ",17.09.2023 10:05:36
01-519 13PZ,MARIO ROSSI,женские,пластик,ободковая,бабочка,,,"57,0","19,0",145,,,,Мужской,06.06.1987,"40 лет Октября,15 ОиМ",19.05.2023 19:41:13
01-519 17PZ,MARIO ROSSI,женские,пластик,ободковая,бабочка,,,"57,0","19,0",145,,,,Женский,11.12.1989,"40 лет Октября,15 ОиМ",29.10.2023 14:35:26
01-528 07P,MARIO ROSSI,женские,пластик,ободковая,круглые,,,"56,0","18,0",140,,,,,12.07.1972,"40 лет Октября,15 ОиМ",05.02.2023 16:03:56
01-528 07P,MARIO ROSSI,женские,пластик,ободковая,круглые,,,"56,0","18,0",140,,,,Женский,26.08.1947,"40 лет Октября,15 ОиМ",05.07.2023 12:09:50
01-528 07P,MARIO ROSSI,женские,пластик,ободковая,круглые,,,"56,0","18,0",140,,,,Женский,02.10.1953,"40 лет Октября,15 ОиМ",25.05.2023 14:52:10
01-528 07P,MARIO ROSSI,женские,пластик,ободковая,круглые,,,"56,0","18,0",140,,,,Женский,25.03.1964,"40 лет Октября,15 ОиМ",31.03.2023 13:01:15
01-528 07P,MARIO ROSSI,женские,пластик,ободковая,круглые,,,"56,0","18,0",140,,,,Женский,08.07.1989,"Комарова,110 ОиМ",27.05.2023 16:36:12
01-528 07P,MARIO ROSSI,женские,пластик,ободковая,круглые,,,"56,0","18,0",140,,,,Женский,14.12.2016,"Комсомольский,33 ОиМ",15.03.2023 12:53:07
01-528 17P,MARIO ROSSI,женские,пластик,ободковая,круглые,,,"56,0","18,0",140,,,,Мужской,08.12.2011,"Комсомольский,33 ОиМ",01.10.2024 9:30:40
01-528 17P,MARIO ROSSI,женские,пластик,ободковая,круглые,,,"56,0","18,0",140,,,,Женский,24.01.1969,"40 лет Октября,15 ОиМ",25.01.2023 10:13:11
01-529 17PZ,MARIO ROSSI,женские,пластик,ободковая,кошачий глаз,,,"57,0","18,0",141,,,,Женский,16.08.1975,"Комсомольский,33 ОиМ",15.06.2023 17:38:17
01-529 17PZ,MARIO ROSSI,женские,пластик,ободковая,кошачий глаз,,,"57,0","18,0",141,,,,Женский,17.03.2016,"Комсомольский,33 ОиМ",01.04.2023 12:44:29
01-529 18PZ,MARIO ROSSI,женские,пластик,ободковая,кошачий глаз,,,"57,0","18,0",141,,,,Мужской,28.03.2011,"40 лет Октября,15 ОиМ",04.04.2023 14:33:10
01-529 18PZ,MARIO ROSSI,женские,пластик,ободковая,кошачий глаз,,,"57,0","18,0",141,,,,Женский,12.05.1941,"Комарова,110 ОиМ",27.08.2023 12:24:50
01-529 18PZ,MARIO ROSSI,женские,пластик,ободковая,кошачий глаз,,,"57,0","18,0",141,,,,Женский,08.10.1952,"40 лет Октября,15 ОиМ",23.01.2023 10:16:12
01-529 18PZ,MARIO ROSSI,женские,пластик,ободковая,кошачий глаз,,,"57,0","18,0",141,,,,Женский,13.08.1971,"40 лет Октября,15 ОиМ",19.07.2023 14:06:24
01-529 18PZ,MARIO ROSSI,женские,пластик,ободковая,кошачий глаз,,,"57,0","18,0",141,,,,Женский,21.05.1983,"Комсомольский,33 ОиМ",28.04.2023 13:13:28
01-529 18PZ,MARIO ROSSI,женские,пластик,ободковая,кошачий глаз,,,"57,0","18,0",141,,,,Женский,13.11.1990,"40 лет Октября,15 ОиМ",03.06.2023 12:49:01
01-547 07P,MARIO ROSSI,женские,пластик,ободковая,бабочка,коричневый,коричневый градиент,"57,0","20,0",140,,,,Мужской,09.01.2014,"Комарова,110 ОиМ",31.05.2024 10:26:25
01-547 07P,MARIO ROSSI,женские,пластик,ободковая,бабочка,коричневый,коричневый градиент,"57,0","20,0",140,,,,Женский,19.07.1983,"40 лет Октября,15 ОиМ",02.03.2024 15:27:06
01-547 17PZ,MARIO ROSSI,женские,пластик,ободковая,бабочка,фиолетовый,серый,"57,0","20,0",140,,,,Мужской,,"Комсомольский,33 ОиМ",24.09.2024 14:16:44
01-547 17PZ,MARIO ROSSI,женские,пластик,ободковая,бабочка,фиолетовый,серый,"57,0","20,0",140,,,,Женский,14.02.1963,"40 лет Октября,15 ОиМ",17.10.2024 13:29:51
01-547 17PZ,MARIO ROSSI,женские,пластик,ободковая,бабочка,фиолетовый,серый,"57,0","20,0",140,,,,Женский,26.08.1969,"40 лет Октября,15 ОиМ",10.06.2024 9:32:51
01-547 21P,MARIO ROSSI,женские,пластик,ободковая,бабочка,коричневый,коричневый градиент,"57,0","20,0",140,,,,Мужской,01.02.1964,"40 лет Октября,15 ОиМ",17.06.2024 12:01:44
01-547 21P,MARIO ROSSI,женские,пластик,ободковая,бабочка,коричневый,коричневый градиент,"57,0","20,0",140,,,,Мужской,22.02.2006,"Комсомольский,33 ОиМ",30.04.2024 17:24:32
0102/S-DOH98,ISABEL MARANT,женские,металл,полуободковая,квадратные,,,"58,0","19,0",145,,,,Женский,19.12.1996,"Васенко,4 ОиМ",25.01.2023 16:58:08
0103/S-086HA,ISABEL MARANT,женские,пластик,ободковая,бабочка,черепаховый,коричневый градиент,"52,0","22,0",145,,,,Женский,26.02.1959,"Васенко,4 ОиМ",25.04.2023 14:37:45
0104-33P,MAX&CO,женские,металл,ободковая,необычные,золотой,сине-зеленый градиент,"57,0","15,0",140,,,,Мужской,19.08.1975,"40 лет Октября,15 ОиМ",28.10.2024 12:25:36
0104/S-1ED9K,ISABEL MARANT,женские,пластик,ободковая,бабочка,зеленый,зеленый градиент,"51,0","24,0",145,,,,Женский,21.07.1963,"40 лет Октября,15 ОиМ",07.06.2023 16:15:05
0104/S-807IR,ISABEL MARANT,женские,пластик,ободковая,бабочка,черный,черный,"51,0","24,0",145,,,,Мужской,21.04.1975,"Васенко,4 ОиМ",23.08.2023 13:17:19
010V-0700,ROBERTO CAVALLI,женские,пластик,ободковая,круглые,черный,серый градиент,"52,0","21,0",140,,,,Мужской,04.04.1973,"Васенко,4 ОиМ",15.03.2024 14:33:07
011-703X,PHILIPP PLEIN,универсальные,пластик,ободковая,маска,,,"55,0","19,0",145,,,,Женский,11.02.1988,"Васенко,4 ОиМ",05.03.2023 16:27:16
011-L.BLUE,BARBIE,подростковые для девочек,пластик,ободковая,вайфайеры,голубой,серый,"53,0","18,0",127,,,,Женский,27.05.1979,"40 лет Октября,15 ОиМ",06.07.2024 11:34:53
0112/S-KDX9O,Carolina Herrera,женские,металл,ободковая,кошачий глаз,,,"58,0","17,0",145,,,,Женский,27.03.1960,"Васенко,4 ОиМ",20.04.2023 15:47:26
012-0523,PHILIPP PLEIN,мужские,металл,ободковая,капли,черный,серый,"61,0","15,0",150,,,,Мужской,27.09.1972,"Васенко,4 ОиМ",11.03.2023 12:20:53
0121S-004,CHLOE,женские,пластик,ободковая,квадратные,зеленый,коричневый,"55,0","18,0",145,,,,Женский,13.06.1983,"Васенко,4 ОиМ",24.03.2023 14:00:15
0124S-004,MONTBLANC,универсальные,пластик,ободковая,вайфайеры,,,"53,0","18,0",155,,,,Мужской,23.01.1982,"Васенко,4 ОиМ",24.04.2023 19:15:20
0146S-004,CHLOE,женские,металл,ободковая,гексагон,золотой,розовый градиент,"58,0","19,0",135,,,,Женский,29.09.1978,"Васенко,4 ОиМ",30.04.2023 13:41:12
015-0300,ROBERTO CAVALLI,женские,металл,безободковая,маска,золотой,серый,"99,0",,130,,,,Женский,13.08.1998,"Васенко,4 ОиМ",17.07.2024 17:54:31
0153S-001,CHLOE,женские,пластик,ободковая,квадратные,черный,серо-розовый градиент,"54,0","22,0",145,,,,Мужской,14.10.1982,"Васенко,4 ОиМ",02.07.2023 16:41:21
0156S-001,CARTIER,женские,металл,ободковая,круглые,,,"56,0","21,0",140,,,,Мужской,12.09.1972,"Васенко,4 ОиМ",20.09.2023 16:24:31
0160S-001,MONTBLANC,мужские,металл,ободковая,овальные,,,"49,0","22,0",145,,,,Женский,16.08.1967,"40 лет Октября,15 ОиМ",24.01.2024 9:15:55
0160S-002,MONTBLANC,мужские,металл,ободковая,овальные,,,"49,0","22,0",145,,,,Мужской,16.12.1975,"Васенко,4 ОиМ",26.07.2023 19:42:45
0175S-001,MONTBLANC,мужские,пластик,ободковая,вайфайеры,,,"50,0","21,0",145,,,,Мужской,27.04.1963,"Васенко,4 ОиМ",29.07.2023 17:56:48
0183/S-RHL9O,Carolina Herrera,женские,металл,ободковая,необычные,черный/золотой,серый градиент,"55,0","18,0",145,,,,Мужской,31.10.2011,"Васенко,4 ОиМ",19.06.2024 14:07:12
02-047 37P,MARIO ROSSI,подростковые для девочек,пластик,ободковая,овальные,,,"50,0","15,0",132,,,,Женский,02.11.1991,"Васенко,4 ОиМ",02.04.2024 16:35:33
02-104 05Z,MARIO ROSSI,мужские,металл,ободковая,овальные,серый,коричневый,"60,0","15,0",141,,,,Мужской,16.10.1970,"Васенко,4 ОиМ",10.03.2023 13:42:32
02-112 01,MARIO ROSSI,женские,металл,ободковая,панто,,,"53,0","19,0",145,,,,Женский,11.09.1971,"40 лет Октября,15 ОиМ",17.04.2023 9:50:47
02-112 02Z,MARIO ROSSI,женские,металл,ободковая,панто,,,"53,0","19,0",145,,,,Мужской,30.03.1992,"40 лет Октября,15 ОиМ",29.03.2023 13:28:05
02-112 02Z,MARIO ROSSI,женские,металл,ободковая,панто,,,"53,0","19,0",145,,,,Женский,02.10.1979,"40 лет Октября,15 ОиМ",02.03.2023 14:29:39
02-118 01Z,MARIO ROSSI,женские,металл,ободковая,круглые,,,"50,0","20,0",145,,,,Мужской,02.02.1998,"40 лет Октября,15 ОиМ",25.04.2023 15:41:36
02-118 01Z,MARIO ROSSI,женские,металл,ободковая,круглые,,,"50,0","20,0",145,,,,Женский,26.05.1940,"40 лет Октября,15 ОиМ",04.04.2024 18:22:42
02-118 01Z,MARIO ROSSI,женские,металл,ободковая,круглые,,,"50,0","20,0",145,,,,Женский,31.07.1971,"Комсомольский,33 ОиМ",22.05.2023 17:23:51
02-118 03Z,MARIO ROSSI,женские,металл,ободковая,круглые,,,"50,0","20,0",145,,,,Мужской,02.02.1998,"40 лет Октября,15 ОиМ",25.04.2023 16:11:25
02-118 03Z,MARIO ROSSI,женские,металл,ободковая,круглые,,,"50,0","20,0",145,,,,Женский,19.04.1981,"Комсомольский,33 ОиМ",08.05.2023 19:30:04
02-118 03Z,MARIO ROSSI,женские,металл,ободковая,круглые,,,"50,0","20,0",145,,,,Женский,14.06.1996,"Комарова,110 ОиМ",16.05.2023 14:48:14
02-119 01Z,MARIO ROSSI,женские,металл,ободковая,панто,,,"54,0","18,0",144,,,,,,"Комсомольский,33 ОиМ",05.05.2023 17:29:22
02-119 01Z,MARIO ROSSI,женские,металл,ободковая,панто,,,"54,0","18,0",144,,,,Мужской,02.10.1977,"40 лет Октября,15 ОиМ",01.06.2023 19:36:34
02-121 07PZ,MARIO ROSSI,женские,металл и пластик,ободковая,кошачий глаз,,,"54,0","21,0",138,,,,Мужской,28.01.1956,"Комарова,110 ОиМ",26.05.2023 12:41:12
02-121 07PZ,MARIO ROSSI,женские,металл и пластик,ободковая,кошачий глаз,,,"54,0","21,0",138,,,,Мужской,14.01.1994,"Комсомольский,33 ОиМ",03.06.2023 17:56:39
02-121 07PZ,MARIO ROSSI,женские,металл и пластик,ободковая,кошачий глаз,,,"54,0","21,0",138,,,,Женский,01.01.1958,"40 лет Октября,15 ОиМ",11.07.2023 9:54:08
02-121 17PZ,MARIO ROSSI,женские,металл и пластик,ободковая,кошачий глаз,,,"54,0","21,0",138,,,,Женский,13.07.1981,"Комарова,110 ОиМ",05.04.2023 14:43:23
02-122 17PZ,MARIO ROSSI,женские,металл и пластик,ободковая,бабочка,,,"52,0","20,0",142,,,,Женский,20.01.1975,"Комарова,110 ОиМ",17.09.2023 11:34:27
02-125 18PZ,MARIO ROSSI,универсальные,пластик,ободковая,овальные,,,"51,0","20,0",140,,,,Женский,22.06.1945,"40 лет Октября,15 ОиМ",08.02.2023 11:21:24
02-128 17PZ,MARIO ROSSI,женские,пластик,ободковая,круглые,,,"55,0","21,0",144,,,,Мужской,06.10.1975,"40 лет Октября,15 ОиМ",04.08.2023 13:38:33
02-128 17PZ,MARIO ROSSI,женские,пластик,ободковая,круглые,,,"55,0","21,0",144,,,,Женский,02.10.1979,"40 лет Октября,15 ОиМ",27.12.2023 13:18:41
02-129 17PZ,MARIO ROSSI,женские,пластик,ободковая,квадратные,,,"55,0","18,0",140,,,,,,"40 лет Октября,15 ОиМ",02.04.2024 19:30:09
02-129 17PZ,MARIO ROSSI,женские,пластик,ободковая,квадратные,,,"55,0","18,0",140,,,,,17.05.1979,"Комсомольский,33 ОиМ",16.12.2023 12:19:10
02-129 18P,MARIO ROSSI,женские,пластик,ободковая,квадратные,,,"55,0","18,0",140,,,,Женский,10.11.1951,"Комарова,110 ОиМ",22.03.2023 11:31:41
02-129 18P,MARIO ROSSI,женские,пластик,ободковая,квадратные,,,"55,0","18,0",140,,,,Женский,15.09.2007,"Комсомольский,33 ОиМ",23.01.2023 16:45:28
02-135 01Z,MARIO ROSSI,мужские,металл,ободковая,квадратные,,,"62,0","16,0",129,,,,,,"Комсомольский,33 ОиМ",22.05.2023 12:23:25
02-138 18Z,MARIO ROSSI,мужские,металл,ободковая,прямоугольные,,,"60,0","15,0",130,,,,Мужской,14.03.1967,"Комсомольский,33 ОиМ",06.05.2023 14:17:00
02-151 17PZ,MARIO ROSSI,женские,пластик,ободковая,квадратные,,,"53,0","19,0",146,,,,Мужской,17.08.1951,"40 лет Октября,15 ОиМ",09.09.2023 10:28:51
02-151 17PZ,MARIO ROSSI,женские,пластик,ободковая,квадратные,,,"53,0","19,0",146,,,,Женский,30.11.1967,"Комсомольский,33 ОиМ",10.08.2023 19:58:08
02-151 17PZ,MARIO ROSSI,женские,пластик,ободковая,квадратные,,,"53,0","19,0",146,,,,Женский,07.05.1995,"40 лет Октября,15 ОиМ",09.08.2024 17:08:54
02-151 17PZ,MARIO ROSSI,женские,пластик,ободковая,квадратные,,,"53,0","19,0",146,,,,Женский,05.09.2009,"40 лет Октября,15 ОиМ",23.03.2023 13:37:41
02-151 19P,MARIO ROSSI,женские,пластик,ободковая,квадратные,,,"53,0","19,0",146,,,,Мужской,03.04.2012,"40 лет Октября,15 ОиМ",12.07.2024 18:50:52
02-152 07P,MARIO ROSSI,женские,пластик,ободковая,гексагон,,,"56,0","19,0",142,,,,Женский,24.06.1967,"40 лет Октября,15 ОиМ",10.02.2023 13:44:47
02-152 08P,MARIO ROSSI,женские,пластик,ободковая,гексагон,,,"56,0","19,0",142,,,,Мужской,17.06.2016,"40 лет Октября,15 ОиМ",26.05.2023 15:43:33
02-152 08P,MARIO ROSSI,женские,пластик,ободковая,гексагон,,,"56,0","19,0",142,,,,Женский,28.03.1979,"40 лет Октября,15 ОиМ",08.03.2023 19:59:01
02-152 17PZ,MARIO ROSSI,женские,пластик,ободковая,гексагон,,,"56,0","19,0",142,,,,Мужской,02.07.1993,"40 лет Октября,15 ОиМ",06.05.2023 12:27:07
02-152 17PZ,MARIO ROSSI,женские,пластик,ободковая,гексагон,,,"56,0","19,0",142,,,,Женский,05.02.1958,"Комарова,110 ОиМ",15.05.2023 15:53:30
02-152 17PZ,MARIO ROSSI,женские,пластик,ободковая,гексагон,,,"56,0","19,0",142,,,,Женский,10.11.1963,"40 лет Октября,15 ОиМ",22.05.2024 18:16:13
02-152 17PZ,MARIO ROSSI,женские,пластик,ободковая,гексагон,,,"56,0","19,0",142,,,,Женский,23.12.1981,"40 лет Октября,15 ОиМ",01.09.2023 10:37:36
02-153 07P,MARIO ROSSI,женские,пластик,ободковая,бабочка,,,"54,0","19,0",145,,,,Женский,18.08.1938,"Комарова,110 ОиМ",21.01.2023 14:19:30
02-153 07P,MARIO ROSSI,женские,пластик,ободковая,бабочка,,,"54,0","19,0",145,,,,Женский,04.03.1960,"40 лет Октября,15 ОиМ",21.03.2023 10:35:46
02-153 07P,MARIO ROSSI,женские,пластик,ободковая,бабочка,,,"54,0","19,0",145,,,,Женский,25.08.1994,"Комсомольский,33 ОиМ",12.06.2023 18:00:05
02-153 13P,MARIO ROSSI,женские,пластик,ободковая,бабочка,,,"54,0","19,0",145,,,,Женский,08.01.1981,"40 лет Октября,15 ОиМ",30.06.2023 17:57:49
02-153 17PZ,MARIO ROSSI,женские,пластик,ободковая,бабочка,,,"54,0","19,0",145,,,,Мужской,28.10.2014,"Комсомольский,33 ОиМ",18.07.2023 19:51:22
02-153 17PZ,MARIO ROSSI,женские,пластик,ободковая,бабочка,,,"54,0","19,0",145,,,,Женский,02.03.1973,"40 лет Октября,15 ОиМ",10.08.2023 11:04:27
02-156 07P,MARIO ROSSI,женские,пластик,ободковая,бабочка,,,"53,0","19,0",145,,,,Женский,04.04.1968,"Комарова,110 ОиМ",28.03.2023 15:52:52
02-156 17PZ,MARIO ROSSI,женские,пластик,ободковая,бабочка,,,"53,0","19,0",145,,,,Женский,02.11.2005,"40 лет Октября,15 ОиМ",08.04.2023 18:06:30
02-156 19P,MARIO ROSSI,женские,пластик,ободковая,бабочка,,,"53,0","19,0",145,,,,Женский,23.07.1964,"40 лет Октября,15 ОиМ",28.04.2023 15:02:39
02-156 19P,MARIO ROSSI,женские,пластик,ободковая,бабочка,,,"53,0","19,0",145,,,,Женский,14.01.1978,"Комарова,110 ОиМ",17.05.2023 12:08:39
02-157 08PZ,MARIO ROSSI,универсальные,пластик,ободковая,трапеция,,,"52,0","20,0",145,,,,Женский,17.05.1947,"Комсомольский,33 ОиМ",23.07.2023 14:42:54
02-157 08PZ,MARIO ROSSI,универсальные,пластик,ободковая,трапеция,,,"52,0","20,0",145,,,,Женский,24.03.1985,"40 лет Октября,15 ОиМ",16.08.2023 10:33:13
02-157 18PZ,MARIO ROSSI,универсальные,пластик,ободковая,трапеция,,,"52,0","20,0",145,,,,Мужской,01.06.1995,"40 лет Октября,15 ОиМ",25.01.2024 12:00:18
02-157 18PZ,MARIO ROSSI,универсальные,пластик,ободковая,трапеция,,,"52,0","20,0",145,,,,Женский,16.04.1969,"Комсомольский,33 ОиМ",11.07.2023 15:16:38
02-158 17PZ,MARIO ROSSI,мужские,пластик,ободковая,прямоугольные,,,"58,0","10,0",140,,,,Мужской,18.03.1999,"40 лет Октября,15 ОиМ",02.04.2023 17:33:03
02-158 17PZ,MARIO ROSSI,мужские,пластик,ободковая,прямоугольные,,,"58,0","10,0",140,,,,Женский,31.12.1994,"40 лет Октября,15 ОиМ",15.09.2023 15:51:07
02-158 20PZ,MARIO ROSSI,мужские,пластик,ободковая,прямоугольные,,,"58,0","10,0",140,,,,Мужской,21.02.1992,"Комсомольский,33 ОиМ",19.04.2024 13:27:12
02-158 20PZ,MARIO ROSSI,мужские,пластик,ободковая,прямоугольные,,,"58,0","10,0",140,,,,Женский,04.10.1945,"40 лет Октября,15 ОиМ",15.09.2023 12:36:18
02-159 08PZ,MARIO ROSSI,универсальные,пластик,ободковая,квадратные,,,"51,0","18,0",145,,,,Мужской,21.01.2001,"40 лет Октября,15 ОиМ",29.07.2023 15:49:12
02-159 08PZ,MARIO ROSSI,универсальные,пластик,ободковая,квадратные,,,"51,0","18,0",145,,,,Женский,19.01.1962,"Комсомольский,33 ОиМ",30.03.2023 16:03:56
02-159 17PZ,MARIO ROSSI,универсальные,пластик,ободковая,квадратные,,,"51,0","18,0",145,,,,Женский,19.04.1981,"Комсомольский,33 ОиМ",04.05.2023 18:41:43
02-159 20PZ,MARIO ROSSI,универсальные,пластик,ободковая,квадратные,,,"51,0","18,0",145,,,,Женский,19.04.1981,"Комсомольский,33 ОиМ",04.05.2023 18:41:43
02-159 20PZ,MARIO ROSSI,универсальные,пластик,ободковая,квадратные,,,"51,0","18,0",145,,,,Женский,21.09.1987,"40 лет Октября,15 ОиМ",14.08.2023 12:17:49
02-161 07P,MARIO ROSSI,женские,пластик,ободковая,прямоугольные,,,"53,0","20,0",143,,,,Женский,18.02.1951,"40 лет Октября,15 ОиМ",29.03.2023 10:31:12
02-161 07P,MARIO ROSSI,женские,пластик,ободковая,прямоугольные,,,"53,0","20,0",143,,,,Женский,21.03.1957,"Комсомольский,33 ОиМ",28.02.2023 17:48:11
02-161 07P,MARIO ROSSI,женские,пластик,ободковая,прямоугольные,,,"53,0","20,0",143,,,,Женский,17.01.1963,"Комарова,110 ОиМ",06.05.2023 10:15:11
02-161 07P,MARIO ROSSI,женские,пластик,ободковая,прямоугольные,,,"53,0","20,0",143,,,,Женский,27.12.1978,"Комсомольский,33 ОиМ",04.02.2023 17:09:05
02-161 07P,MARIO ROSSI,женские,пластик,ободковая,прямоугольные,,,"53,0","20,0",143,,,,Женский,14.06.1988,"Комсомольский,33 ОиМ",05.03.2023 14:39:25
02-161 17PZ,MARIO ROSSI,женские,пластик,ободковая,прямоугольные,,,"53,0","20,0",143,,,,Мужской,15.11.1979,"Комарова,110 ОиМ",30.04.2023 11:01:49
02-161 17PZ,MARIO ROSSI,женские,пластик,ободковая,прямоугольные,,,"53,0","20,0",143,,,,Мужской,11.05.2012,"40 лет Октября,15 ОиМ",06.08.2023 12:09:22
02-161 17PZ,MARIO ROSSI,женские,пластик,ободковая,прямоугольные,,,"53,0","20,0",143,,,,Женский,16.01.1974,"Комсомольский,33 ОиМ",25.03.2023 16:58:29
02-161 17PZ,MARIO ROSSI,женские,пластик,ободковая,прямоугольные,,,"53,0","20,0",143,,,,Женский,04.05.1976,"Комсомольский,33 ОиМ",28.02.2023 19:42:01
02-161 17PZ,MARIO ROSSI,женские,пластик,ободковая,прямоугольные,,,"53,0","20,0",143,,,,Женский,13.03.1983,"40 лет Октября,15 ОиМ",25.05.2023 11:30:10
02-161 21P,MARIO ROSSI,женские,пластик,ободковая,прямоугольные,,,"53,0","20,0",143,,,,Женский,06.02.1938,"Комсомольский,33 ОиМ",21.03.2023 11:29:11
02-161 21P,MARIO ROSSI,женские,пластик,ободковая,прямоугольные,,,"53,0","20,0",143,,,,Женский,01.06.1963,"40 лет Октября,15 ОиМ",06.07.2023 15:54:22
02-161 21P,MARIO ROSSI,женские,пластик,ободковая,прямоугольные,,,"53,0","20,0",143,,,,Женский,18.04.1974,"Комсомольский,33 ОиМ",16.02.2023 14:16:27
02-164 01,MARIO ROSSI,женские,металл,ободковая,бабочка,,,"58,0","15,0",140,,,,Женский,06.09.1968,"Комарова,110 ОиМ",25.05.2023 12:09:02
02-167 03,MARIO ROSSI,женские,металл,безободковая,квадратные,,,"58,0","16,0",145,,,,Женский,09.03.1965,"40 лет Октября,15 ОиМ",23.02.2023 15:52:23
02-167 03,MARIO ROSSI,женские,металл,безободковая,квадратные,,,"58,0","16,0",145,,,,Женский,04.05.1970,"Комарова,110 ОиМ",21.03.2023 17:43:02
02-167 03,MARIO ROSSI,женские,металл,безободковая,квадратные,,,"58,0","16,0",145,,,,Женский,25.06.1984,"40 лет Октября,15 ОиМ",01.07.2023 11:31:36
02-170 08PZ,MARIO ROSSI,мужские,пластик,ободковая,спортивные,,,"62,0","16,0",135,,,,Женский,12.12.1983,"40 лет Октября,15 ОиМ",08.03.2023 14:56:19
02-170 08PZ,MARIO ROSSI,мужские,пластик,ободковая,спортивные,,,"62,0","16,0",135,,,,Женский,08.11.1984,"Комсомольский,33 ОиМ",18.03.2023 16:59:10
02-170 18PZ,MARIO ROSSI,мужские,пластик,ободковая,спортивные,,,"62,0","16,0",135,,,,Мужской,18.12.1938,"40 лет Октября,15 ОиМ",25.05.2023 10:19:35
02-170 18PZ,MARIO ROSSI,мужские,пластик,ободковая,спортивные,,,"62,0","16,0",135,,,,Мужской,22.05.1981,"40 лет Октября,15 ОиМ",05.06.2023 15:05:37
02-170 18PZ,MARIO ROSSI,мужские,пластик,ободковая,спортивные,,,"62,0","16,0",135,,,,Мужской,19.11.1983,"Комсомольский,33 ОиМ",08.04.2023 12:18:22
02-170 18PZ,MARIO ROSSI,мужские,пластик,ободковая,спортивные,,,"62,0","16,0",135,,,,Женский,18.12.1987,"40 лет Октября,15 ОиМ",15.02.2023 12:11:48
02-170 20PZ,MARIO ROSSI,мужские,пластик,ободковая,спортивные,,,"62,0","16,0",135,,,,,14.12.1974,"Комсомольский,33 ОиМ",23.03.2023 19:56:41
02-170 20PZ,MARIO ROSSI,мужские,пластик,ободковая,спортивные,,,"62,0","16,0",135,,,,Женский,14.03.2010,"40 лет Октября,15 ОиМ",11.03.2023 19:47:45
02-172 18PZ,MARIO ROSSI,женские,пластик,ободковая,бабочка,,,"53,0","20,0",142,,,,Женский,14.10.1975,"40 лет Октября,15 ОиМ",21.06.2023 15:32:18
02-173 01Z,MARIO ROSSI,универсальные,металл,ободковая,панто,,,"52,0","19,0",146,,,,Женский,14.03.2000,"40 лет Октября,15 ОиМ",30.04.2023 17:59:09
02-173 06Z,MARIO ROSSI,универсальные,металл,ободковая,панто,,,"52,0","19,0",146,,,,Мужской,07.03.1944,"40 лет Октября,15 ОиМ",09.06.2023 10:36:39
02-173 17Z,MARIO ROSSI,универсальные,металл,ободковая,панто,,,"52,0","19,0",146,,,,Женский,05.11.1976,"Комсомольский,33 ОиМ",03.04.2023 20:10:25
02-173 17Z,MARIO ROSSI,универсальные,металл,ободковая,панто,,,"52,0","19,0",146,,,,Женский,21.11.1986,"40 лет Октября,15 ОиМ",01.02.2023 18:06:34
02-173 17Z,MARIO ROSSI,универсальные,металл,ободковая,панто,,,"52,0","19,0",146,,,,Женский,15.01.1989,"40 лет Октября,15 ОиМ",03.04.2023 19:51:07
02-173 17Z,MARIO ROSSI,универсальные,металл,ободковая,панто,,,"52,0","19,0",146,,,,Женский,22.02.1992,"Комсомольский,33 ОиМ",02.07.2023 19:03:33
02-177 01,MARIO ROSSI,женские,металл,ободковая,бабочка,золотой,серо-зеленый градиент,"60,0","16,0",143,,,,Женский,08.04.1964,"40 лет Октября,15 ОиМ",13.05.2024 15:37:21
02-177 05Z,MARIO ROSSI,женские,металл,ободковая,бабочка,серый,серый,"60,0","16,0",143,,,,Женский,21.01.1979,"40 лет Октября,15 ОиМ",08.08.2024 10:40:22
02-177 05Z,MARIO ROSSI,женские,металл,ободковая,бабочка,серый,серый,"60,0","16,0",143,,,,Женский,16.05.1993,"Комарова,110 ОиМ",02.09.2024 18:59:20
02-181 06Z,MARIO ROSSI,мужские,металл,ободковая,квадратные,серый,серо-зеленый,"59,0","17,0",142,,,,Мужской,21.04.1995,"40 лет Октября,15 ОиМ",17.03.2024 13:20:31
02-181 06Z,MARIO ROSSI,мужские,металл,ободковая,квадратные,серый,серо-зеленый,"59,0","17,0",142,,,,Женский,01.01.1971,"Комсомольский,33 ОиМ",03.07.2024 13:52:46
02-181 06Z,MARIO ROSSI,мужские,металл,ободковая,квадратные,серый,серо-зеленый,"59,0","17,0",142,,,,Женский,27.07.1993,"40 лет Октября,15 ОиМ",17.06.2024 17:41:26
02-181 18Z,MARIO ROSSI,мужские,металл,ободковая,квадратные,черный,серый,"59,0","17,0",142,,,,Мужской,08.11.1998,"Комсомольский,33 ОиМ",10.06.2024 13:20:38
02-181 18Z,MARIO ROSSI,мужские,металл,ободковая,квадратные,черный,серый,"59,0","17,0",142,,,,Женский,23.08.1995,"40 лет Октября,15 ОиМ",22.03.2024 13:08:03
02-182 01,MARIO ROSSI,женские,металл,ободковая,квадратные,золотой,серо-зеленый градиент,"59,0","16,0",145,,,,Мужской,05.03.1998,"40 лет Октября,15 ОиМ",14.06.2024 17:44:16
02-182 01,MARIO ROSSI,женские,металл,ободковая,квадратные,золотой,серо-зеленый градиент,"59,0","16,0",145,,,,Женский,21.03.1971,"Комсомольский,33 ОиМ",10.05.2024 13:01:45
02-182 01,MARIO ROSSI,женские,металл,ободковая,квадратные,золотой,серо-зеленый градиент,"59,0","16,0",145,,,,Женский,11.07.1987,"Комарова,110 ОиМ",04.07.2024 13:30:42
02-182 02,MARIO ROSSI,женские,металл,ободковая,квадратные,золотой,коричневый градиент,"59,0","16,0",145,,,,Женский,18.03.1968,"40 лет Октября,15 ОиМ",11.04.2024 9:59:08
02-182 02,MARIO ROSSI,женские,металл,ободковая,квадратные,золотой,коричневый градиент,"59,0","16,0",145,,,,Женский,29.09.1969,"Комсомольский,33 ОиМ",20.03.2024 19:19:14
02-183 01,MARIO ROSSI,женские,металл,ободковая,квадратные,золотой,коричневый градиент,"58,0","16,0",144,,,,Мужской,13.01.2011,"Комсомольский,33 ОиМ",30.04.2024 11:05:20
02-183 01,MARIO ROSSI,женские,металл,ободковая,квадратные,золотой,коричневый градиент,"58,0","16,0",144,,,,Женский,03.02.1998,"40 лет Октября,15 ОиМ",21.03.2024 12:17:25
02-183 05Z,MARIO ROSSI,женские,металл,ободковая,бабочка,черный/серый,серый,"58,0","16,0",144,,,,Женский,16.02.1955,"40 лет Октября,15 ОиМ",21.04.2024 18:32:32
02-183 05Z,MARIO ROSSI,женские,металл,ободковая,бабочка,черный/серый,серый,"58,0","16,0",144,,,,Женский,24.04.1989,"Комарова,110 ОиМ",23.08.2024 10:08:41
02-184 17,MARIO ROSSI,женские,металл,ободковая,панто,черный,серый градиент,"56,0","16,0",140,,,,Мужской,11.12.1984,"40 лет Октября,15 ОиМ",30.04.2024 15:03:58
02-184 17,MARIO ROSSI,женские,металл,ободковая,панто,черный,серый градиент,"56,0","16,0",140,,,,Женский,26.03.1972,"Комсомольский,33 ОиМ",27.02.2024 10:47:00
02-184 17,MARIO ROSSI,женские,металл,ободковая,панто,черный,серый градиент,"56,0","16,0",140,,,,Женский,26.03.1972,"Комсомольский,33 ОиМ",18.05.2024 10:34:46
02-184 17,MARIO ROSSI,женские,металл,ободковая,панто,черный,серый градиент,"56,0","16,0",140,,,,Женский,28.11.1976,"Комсомольский,33 ОиМ",28.03.2024 19:48:25
02-184 17,MARIO ROSSI,женские,металл,ободковая,панто,черный,серый градиент,"56,0","16,0",140,,,,Женский,20.07.1979,"40 лет Октября,15 ОиМ",18.02.2024 15:22:39
02-184 17,MARIO ROSSI,женские,металл,ободковая,панто,черный,серый градиент,"56,0","16,0",140,,,,Женский,03.04.1981,"Комарова,110 ОиМ",06.04.2024 15:19:02
02-184 25,MARIO ROSSI,женские,металл,ободковая,панто,бронзовый,коричнево-розовый градиент,"56,0","16,0",140,,,,Женский,18.09.1971,"40 лет Октября,15 ОиМ",04.04.2024 10:18:45
02-184 25,MARIO ROSSI,женские,металл,ободковая,панто,бронзовый,коричнево-розовый градиент,"56,0","16,0",140,,,,Женский,07.12.2007,"Комсомольский,33 ОиМ",28.02.2024 17:53:50
02-185 03Z,MARIO ROSSI,универсальные,металл,ободковая,панто,серебристый,серый,"53,0","20,0",145,,,,Женский,12.07.1986,"40 лет Октября,15 ОиМ",05.05.2024 12:05:49
02-186 01,MARIO ROSSI,женские,металл,ободковая,трапеция,желтый,коричневый,"59,0","15,0",143,,,,Женский,05.04.1955,"40 лет Октября,15 ОиМ",02.05.2024 15:52:34
02-186 01,MARIO ROSSI,женские,металл,ободковая,трапеция,желтый,коричневый,"59,0","15,0",143,,,,Женский,16.05.1987,"Комсомольский,33 ОиМ",18.04.2024 13:51:00
02-191 06Z,MARIO ROSSI,мужские,металл,ободковая,капли,серый,серый,"61,0","14,0",143,,,,Мужской,06.06.1962,"40 лет Октября,15 ОиМ",08.08.2024 9:36:43
02-191 06Z,MARIO ROSSI,мужские,металл,ободковая,капли,серый,серый,"61,0","14,0",143,,,,Женский,22.12.1980,"Комсомольский,33 ОиМ",03.08.2024 13:05:33
02-191 17Z,MARIO ROSSI,мужские,металл,ободковая,капли,черный,серый,"61,0","14,0",143,,,,Мужской,19.08.1975,"40 лет Октября,15 ОиМ",28.10.2024 12:25:36
02-191 17Z,MARIO ROSSI,мужские,металл,ободковая,капли,черный,серый,"61,0","14,0",143,,,,Женский,19.03.1990,"40 лет Октября,15 ОиМ",07.06.2024 10:13:00
02-193 05Z,MARIO ROSSI,мужские,металл,ободковая,капли,серый,серый,"58,0","14,0",143,,,,Мужской,07.11.1972,"Комсомольский,33 ОиМ",12.06.2024 11:46:09
02-193 05Z,MARIO ROSSI,мужские,металл,ободковая,капли,серый,серый,"58,0","14,0",143,,,,Мужской,21.10.1994,"Комсомольский,33 ОиМ",18.02.2024 16:30:03
02-193 05Z,MARIO ROSSI,мужские,металл,ободковая,капли,серый,серый,"58,0","14,0",143,,,,Мужской,07.03.1998,"40 лет Октября,15 ОиМ",17.06.2024 13:58:29
02-193 17Z,MARIO ROSSI,мужские,металл,ободковая,капли,серый,серый,"58,0","14,0",143,,,,Мужской,25.12.1962,"Комсомольский,33 ОиМ",07.06.2024 14:25:03
02-193 17Z,MARIO ROSSI,мужские,металл,ободковая,капли,серый,серый,"58,0","14,0",143,,,,Мужской,26.07.1983,"40 лет Октября,15 ОиМ",17.04.2024 9:42:50
02-197 18Z,MARIO ROSSI,универсальные,металл,ободковая,панто,серый,серый,"53,0","20,0",146,,,,Женский,20.07.2001,"40 лет Октября,15 ОиМ",02.06.2024 19:02:18
02-199 01Z,MARIO ROSSI,универсальные,металл,ободковая,панто,желтый,коричневый,"52,0","19,0",146,,,,Женский,22.10.1985,"Комсомольский,33 ОиМ",11.07.2024 12:56:56
02-199 01Z,MARIO ROSSI,универсальные,металл,ободковая,панто,желтый,коричневый,"52,0","19,0",146,,,,Женский,08.12.2000,"40 лет Октября,15 ОиМ",14.04.2024 14:09:43
02-199 03Z,MARIO ROSSI,универсальные,металл,ободковая,панто,серебристый,серый,"52,0","19,0",146,,,,,30.07.1969,"Комсомольский,33 ОиМ",30.03.2024 14:36:12
02-199 03Z,MARIO ROSSI,универсальные,металл,ободковая,панто,серебристый,серый,"52,0","19,0",146,,,,Женский,06.08.1974,"Комсомольский,33 ОиМ",16.05.2024 17:28:45
02-199 03Z,MARIO ROSSI,универсальные,металл,ободковая,панто,серебристый,серый,"52,0","19,0",146,,,,Женский,15.02.1982,"40 лет Октября,15 ОиМ",03.07.2024 15:24:10
02-199 18Z,MARIO ROSSI,универсальные,металл,ободковая,панто,черный,серый,"52,0","19,0",146,,,,Мужской,30.09.1981,"40 лет Октября,15 ОиМ",14.06.2024 12:32:51
02-199 18Z,MARIO ROSSI,универсальные,металл,ободковая,панто,черный,серый,"52,0","19,0",146,,,,Женский,12.07.1947,"Комсомольский,33 ОиМ",13.09.2024 13:13:10
02-203 08P,MARIO ROSSI,женские,пластик,ободковая,бабочка,коричневый,коричневый градиент,"52,0","19,0",142,,,,Женский,28.04.1958,"Комсомольский,33 ОиМ",25.08.2024 14:50:34
02-203 08P,MARIO ROSSI,женские,пластик,ободковая,бабочка,коричневый,коричневый градиент,"52,0","19,0",142,,,,Женский,16.01.1977,"40 лет Октября,15 ОиМ",22.03.2024 16:43:18
02-203 08P,MARIO ROSSI,женские,пластик,ободковая,бабочка,коричневый,коричневый градиент,"52,0","19,0",142,,,,Женский,19.01.1999,"Комарова,110 ОиМ",14.05.2024 15:02:24
02-203 17PZ,MARIO ROSSI,женские,пластик,ободковая,бабочка,черный,черный,"52,0","19,0",142,,,,Мужской,22.11.1991,"40 лет Октября,15 ОиМ",09.03.2024 13:55:42
02-203 17PZ,MARIO ROSSI,женские,пластик,ободковая,бабочка,черный,черный,"52,0","19,0",142,,,,Женский,27.03.1941,"Комарова,110 ОиМ",27.08.2024 16:02:57
02-203 17PZ,MARIO ROSSI,женские,пластик,ободковая,бабочка,черный,черный,"52,0","19,0",142,,,,Женский,31.07.1979,"Комсомольский,33 ОиМ",10.06.2024 17:10:24
02-203 17PZ,MARIO ROSSI,женские,пластик,ободковая,бабочка,черный,черный,"52,0","19,0",142,,,,Женский,06.05.2000,"40 лет Октября,15 ОиМ",08.07.2024 17:05:32
02-205 01,MARIO ROSSI,женские,металл и пластик,безободковая,бабочка,черный,серый градиент,"56,0","17,0",143,,,,Женский,03.02.1964,"Комарова,110 ОиМ",14.06.2024 12:47:54
02-205 01,MARIO ROSSI,женские,металл и пластик,безободковая,бабочка,черный,серый градиент,"56,0","17,0",143,,,,Женский,02.11.1990,"Комсомольский,33 ОиМ",03.07.2024 15:38:43
02-205 01,MARIO ROSSI,женские,металл и пластик,безободковая,бабочка,черный,серый градиент,"56,0","17,0",143,,,,Женский,04.04.1991,"40 лет Октября,15 ОиМ",05.04.2024 12:30:23
02-205 03,MARIO ROSSI,женские,металл и пластик,безободковая,бабочка,синий/серебристый,серый градиент,"56,0","17,0",143,,,,Женский,24.07.1949,"40 лет Октября,15 ОиМ",22.07.2024 14:45:12
02-205 03,MARIO ROSSI,женские,металл и пластик,безободковая,бабочка,синий/серебристый,серый градиент,"56,0","17,0",143,,,,Женский,10.09.1964,"Комсомольский,33 ОиМ",27.02.2024 11:53:58
02-205 25,MARIO ROSSI,женские,металл и пластик,безободковая,бабочка,розовый,коричневый градиент,"56,0","17,0",143,,,,Женский,04.10.1951,"40 лет Октября,15 ОиМ",19.02.2024 12:00:00
02-205 25,MARIO ROSSI,женские,металл и пластик,безободковая,бабочка,розовый,коричневый градиент,"56,0","17,0",143,,,,Женский,11.05.1981,"Комсомольский,33 ОиМ",11.02.2024 13:57:07
0210S-002,CHLOE,женские,пластик,ободковая,бабочка,черепаховый,фиолетово-коричневый градиент,"56,0","16,0",145,,,,Мужской,15.07.1975,"Васенко,4 ОиМ",06.05.2024 11:26:04
0214S-004,MONTBLANC,мужские,металл,ободковая,капли,,,"58,0","16,0",145,,,,Женский,05.11.1982,"Васенко,4 ОиМ",27.08.2023 16:42:41
0221/G/S-3H29O,Carolina Herrera,женские,пластик,ободковая,кошачий глаз,черный/розовый,серый градиент,"50,0","22,0",145,,,,Женский,06.06.1968,"Васенко,4 ОиМ",27.10.2024 15:24:52
0221/G/S-O63HA,Carolina Herrera,женские,пластик,ободковая,кошачий глаз,гавана,коричневый градиент,"50,0","22,0",145,,,,Женский,28.11.1973,"Васенко,4 ОиМ",12.10.2024 13:18:13
0222/S-3H29O,Carolina Herrera,женские,пластик,ободковая,вайфайеры,черный/розовый,серебристо-серый градиент,"47,0","26,0",145,,,,Женский,04.12.1983,"Васенко,4 ОиМ",17.03.2024 12:28:17
0222/S-ACKIR,Carolina Herrera,женские,пластик,ободковая,вайфайеры,зеленый,серо-зеленый,"47,0","26,0",145,,,,Мужской,04.10.1988,"Васенко,4 ОиМ",03.10.2024 10:48:59
0222/S-O63HA,Carolina Herrera,женские,пластик,ободковая,вайфайеры,гавана,коричневый градиент,"47,0","26,0",145,,,,Женский,03.02.1975,"Васенко,4 ОиМ",10.06.2024 15:10:07
0225S-006,GUCCI,женские,металл,ободковая,бабочка,,,"63,0","17,0",130,,,,Женский,16.09.1972,"Васенко,4 ОиМ",15.06.2024 14:49:57
0226S-001,CARTIER,женские,металл,ободковая,бабочка,,,"59,0","20,0",140,,,,Женский,28.12.1979,"Васенко,4 ОиМ",10.09.2023 16:24:37
0226S-007,GUCCI,женские,пластик,ободковая,бабочка,черный,серый градиент,"56,0","22,0",130,,,,Женский,02.10.1984,"Васенко,4 ОиМ",26.04.2023 15:34:03
0227S-001,MONTBLANC,мужские,пластик,ободковая,квадратные,черный,черный,"55,0","18,0",145,,,,Мужской,14.02.1979,"Васенко,4 ОиМ",12.03.2023 12:21:06
023-400C,ROBERTO CAVALLI,универсальные,металл,безободковая,прямоугольные,золотой,зеленый,"59,0","17,0",140,,,,Мужской,14.02.1981,"Васенко,4 ОиМ",26.05.2024 13:05:43
0236SK-003,MONTBLANC,мужские,металл,ободковая,прямоугольные,золотой,зеленый,"60,0","16,0",150,,,,Женский,02.01.1989,"Васенко,4 ОиМ",27.06.2023 16:41:10
0242S-002,CARTIER,мужские,металл и пластик,ободковая,капли,,,"60,0","14,0",140,,,,Мужской,10.03.1998,"Васенко,4 ОиМ",23.12.2023 15:48:56
0250/S-0T59O,Carolina Herrera,женские,пластик,ободковая,кошачий глаз,бордовый,серый градиент,"52,0","19,0",145,,,,Женский,13.07.1971,"Васенко,4 ОиМ",11.06.2024 19:01:51
0250/S-8079O,Carolina Herrera,женские,пластик,ободковая,кошачий глаз,черный/серый,серый градиент,"52,0","19,0",145,,,,Женский,22.04.1962,"Васенко,4 ОиМ",12.06.2024 15:28:44
0263S-001,MONTBLANC,универсальные,пластик,ободковая,вайфайеры,черный,черный,"54,0","18,0",145,,,,Женский,03.03.1980,"Васенко,4 ОиМ",30.09.2024 16:34:51
0264S-001,MONTBLANC,мужские,металл и пластик,ободковая,прямоугольные,черный,серый,"52,0","24,0",145,,,,Мужской,28.10.1981,"Васенко,4 ОиМ",19.08.2023 14:16:58
0264S-002,MONTBLANC,мужские,металл и пластик,ободковая,прямоугольные,черепаховый,сине-зеленый,"52,0","24,0",145,,,,Мужской,29.01.1981,"Васенко,4 ОиМ",19.08.2024 17:57:15
0265S-002,MONTBLANC,универсальные,металл,ободковая,квадратные,серебристый,серый,"54,0","20,0",145,,,,Мужской,21.07.1973,"Васенко,4 ОиМ",18.07.2024 20:12:56
0270S-004,CARTIER,мужские,металл,ободковая,капли,,,"61,0","12,0",145,,,,Мужской,24.08.1980,"Васенко,4 ОиМ",08.02.2023 14:00:40
0278S-001,MONTBLANC,мужские,металл,ободковая,капли,серебристый,серый,"56,0","16,0",145,,,,Мужской,31.10.2011,"Васенко,4 ОиМ",19.06.2024 14:07:12
0278S-003,MONTBLANC,мужские,металл,ободковая,капли,серый,серо-синий,"56,0","16,0",145,,,,Женский,05.08.1976,"Васенко,4 ОиМ",02.09.2024 12:56:20
0279S-001,CARTIER,универсальные,металл,ободковая,круглые,,,"52,0","20,0",145,,,,Женский,18.05.1972,"Васенко,4 ОиМ",02.03.2024 14:31:16
0295S-002,CARTIER,мужские,металл,ободковая,прямоугольные,,,"60,0","17,0",140,,,,Мужской,,"Васенко,4 ОиМ",30.01.2023 18:21:33
0298S-001,MONTBLANC,мужские,пластик,ободковая,вайфайеры,черный,черный,"56,0","16,0",145,,,,Мужской,06.08.1992,"Васенко,4 ОиМ",28.04.2024 18:04:03
0298S-002,MONTBLANC,мужские,пластик,ободковая,вайфайеры,синий,серый,"56,0","16,0",145,,,,Мужской,17.11.1975,"Васенко,4 ОиМ",08.07.2024 19:25:05
0306S-003,CARTIER,мужские,металл,ободковая,капли,,,"59,0","15,0",145,,,,Мужской,29.12.1985,"Васенко,4 ОиМ",14.04.2023 12:53:29
0309S-002,ALEXANDER Mc QUEEN,женские,металл,ободковая,квадратные,,,"62,0","17,0",145,,,,Мужской,28.09.1958,"Васенко,4 ОиМ",08.03.2023 11:14:45
0311S-003,ALEXANDER Mc QUEEN,женские,металл,ободковая,круглые,,,"57,0","19,0",145,,,,Женский,29.05.1975,"Васенко,4 ОиМ",26.04.2023 12:56:43
0316S-001,ALEXANDER Mc QUEEN,мужские,металл,ободковая,капли,,,"61,0","13,0",150,,,,Женский,21.10.1985,"Васенко,4 ОиМ",09.01.2024 12:27:30
0323S-001,CARTIER,мужские,металл,ободковая,капли,,,"62,0","15,0",140,,,,Мужской,23.01.1982,"Васенко,4 ОиМ",18.05.2023 11:17:58
0329S-004,ALEXANDER Mc QUEEN,универсальные,пластик,ободковая,трапеция,,,"56,0","18,0",145,,,,Мужской,21.01.2005,"Васенко,4 ОиМ",23.01.2023 14:40:11
032S-579X,PHILIPP PLEIN,женские,металл,безободковая,маска,серебристый,серый,"99,0",,,,,,Женский,03.03.1977,"Васенко,4 ОиМ",23.09.2023 18:36:03
0330S-004,CARTIER,мужские,металл,безободковая,квадратные,,,"59,0","19,0",145,,,,Мужской,03.08.1977,"Васенко,4 ОиМ",25.02.2023 15:08:12
0330S-004,CARTIER,мужские,металл,безободковая,квадратные,,,"59,0","19,0",145,,,,Женский,13.09.1952,"Васенко,4 ОиМ",10.07.2023 19:31:14
0330S-012,CARTIER,универсальные,металл,безободковая,прямоугольные,золотой,коричнево-розовый,"57,0","18,0",140,,,,Женский,26.07.1969,"Васенко,4 ОиМ",31.07.2024 11:06:11
0337S-003,ALEXANDER Mc QUEEN,мужские,металл,ободковая,необычные,,,"60,0","14,0",150,,,,Женский,30.06.1987,"Васенко,4 ОиМ",26.03.2023 16:08:47
033S-0U28,PHILIPP PLEIN,женские,пластик,,маска,черный,черный,"99,0",,,,,,Женский,03.03.1977,"Васенко,4 ОиМ",23.09.2023 18:37:22
033S-0U28,PHILIPP PLEIN,женские,пластик,,маска,черный,черный,"99,0",,,,,,Женский,02.05.2006,"Васенко,4 ОиМ",10.03.2023 14:31:42
033S-4GRX,PHILIPP PLEIN,женские,пластик,,маска,розовый,серо-розовый зеркальный,,,,,,,Женский,23.11.1957,"Васенко,4 ОиМ",15.07.2023 13:17:21
0356S-001,CARTIER,женские,металл,ободковая,необычные,золотой,серый градиент зеркальный,"63,0","16,0",140,,,,Женский,21.09.1980,"Васенко,4 ОиМ",09.03.2023 11:50:21
0358S-001,CARTIER,женские,пластик,ободковая,прямоугольные,черный,черный зеркальный,"64,0","13,0",145,,,,Мужской,29.05.1999,"Васенко,4 ОиМ",01.05.2023 16:17:15
0361S-001,CARTIER,женские,металл,ободковая,квадратные,золотой,серый градиент зеркальный,"61,0","16,0",140,,,,Женский,17.04.1983,"Васенко,4 ОиМ",28.07.2023 10:21:14
0362S-002,CARTIER,мужские,металл,безободковая,прямоугольные,золотой,зеленый,"54,0","21,0",145,,,,Мужской,19.07.1989,"Васенко,4 ОиМ",25.05.2023 17:17:51
0366S-001,CARTIER,универсальные,металл и пластик,ободковая,клабмастеры,черный/серебристый,серый градиент,"52,0","21,0",145,,,,Женский,06.06.1972,"Васенко,4 ОиМ",20.05.2023 12:15:31
0370S-001,ALEXANDER Mc QUEEN,женские,пластик,ободковая,бабочка,,,"56,0","15,0",145,,,,Женский,07.01.1979,"Васенко,4 ОиМ",09.09.2023 10:39:38
0370S-002,ALEXANDER Mc QUEEN,женские,пластик,ободковая,бабочка,,,"56,0","15,0",145,,,,Женский,25.02.1951,"Васенко,4 ОиМ",26.04.2023 13:15:23
0371S-002,ALEXANDER Mc QUEEN,женские,металл,полуободковая,квадратные,,,"57,0","18,0",145,,,,Женский,20.10.1967,"Васенко,4 ОиМ",19.05.2024 14:25:43
0374S-001,ALEXANDER Mc QUEEN,женские,пластик,ободковая,бабочка,черный,серый градиент,"54,0","21,0",145,,,,Женский,09.04.1980,"Васенко,4 ОиМ",04.04.2023 18:34:19
0375S-002,ALEXANDER Mc QUEEN,женские,пластик,ободковая,бабочка,коричневый,серо-коричневый градиент,"53,0","19,0",145,,,,Женский,24.09.1980,"Васенко,4 ОиМ",03.04.2024 9:19:04
0378S-001,ALEXANDER Mc QUEEN,женские,пластик,ободковая,квадратные,черный,черный градиент,"54,0","22,0",145,,,,Женский,27.05.1978,"Васенко,4 ОиМ",23.04.2023 16:59:52
0378S-001,ALEXANDER Mc QUEEN,женские,пластик,ободковая,квадратные,черный,черный градиент,"54,0","22,0",145,,,,Женский,05.10.1981,"Васенко,4 ОиМ",30.03.2023 18:08:20
0378S-004,ALEXANDER Mc QUEEN,женские,пластик,ободковая,квадратные,серый,коричневый градиент,"54,0","22,0",145,,,,Женский,25.11.2011,"Васенко,4 ОиМ",02.05.2024 16:13:10
038-0700,PHILIPP PLEIN,женские,пластик,ободковая,квадратные,черный,серый градиент,"56,0","20,0",135,,,,Мужской,08.01.1974,"Васенко,4 ОиМ",28.04.2024 13:47:18
0382S-005,ALEXANDER Mc QUEEN,универсальные,пластик,ободковая,вайфайеры,черный,черный,"52,0","18,0",145,,,,Мужской,16.12.1980,"Васенко,4 ОиМ",08.07.2023 9:24:18
0382S-008,ALEXANDER Mc QUEEN,универсальные,пластик,ободковая,вайфайеры,синий,серо-синий,"52,0","18,0",145,,,,Женский,22.06.1952,"Васенко,4 ОиМ",15.07.2023 13:49:41
0385S-001,CARTIER,мужские,металл,полуободковая,квадратные,золотой,серо-коричневый,"60,0","15,0",140,,,,Женский,08.07.1958,"Васенко,4 ОиМ",14.02.2024 14:30:25
0385S-004,CARTIER,мужские,металл,полуободковая,квадратные,серебристый,синий,"60,0","15,0",140,,,,Мужской,26.03.1988,"Васенко,4 ОиМ",08.04.2024 16:12:17
0386S-002,ALEXANDER Mc QUEEN,универсальные,пластик,ободковая,маска,черный,коричневый,"99,0","1,0",145,,,,Женский,,"Васенко,4 ОиМ",13.04.2023 19:59:07
0390S-002,ALEXANDER Mc QUEEN,женские,металл,безободковая,квадратные,золотой,коричневый градиент,"63,0","17,0",145,,,,Женский,02.05.2006,"Васенко,4 ОиМ",10.03.2023 14:31:42
0393S-001,CARTIER,универсальные,титан,безободковая,панто,серебристый,серо-синий,"52,0","20,0",145,,,,Женский,12.02.1988,"Васенко,4 ОиМ",01.04.2024 12:34:36
0394S-002,CARTIER,универсальные,металл,безободковая,квадратные,золотой,коричневый градиент,"58,0","17,0",145,,,,Женский,30.11.1981,"Васенко,4 ОиМ",12.03.2024 16:51:13
039S-700Y,PHILIPP PLEIN,женские,пластик,ободковая,необычные,черный,серый,"53,0","23,0",140,,,,Женский,26.05.1971,"Васенко,4 ОиМ",27.05.2024 19:18:54
04-093 18PZ,MARIO ROSSI,мужские,пластик,ободковая,маска,,,"130,0",,127,,,,Мужской,11.01.1944,"40 лет Октября,15 ОиМ",08.01.2023 13:28:55
04-093 18PZ,MARIO ROSSI,мужские,пластик,ободковая,маска,,,"130,0",,127,,,,Мужской,15.04.1973,"Комсомольский,33 ОиМ",19.02.2023 11:08:39
04-100 01,MARIO ROSSI,женские,металл,ободковая,круглые,золотой,черный градиент,"55,0","19,0",147,,,,Женский,13.06.1978,"Комсомольский,33 ОиМ",25.09.2023 9:17:39
04-100 01,MARIO ROSSI,женские,металл,ободковая,круглые,золотой,черный градиент,"55,0","19,0",147,,,,Женский,27.08.2009,"40 лет Октября,15 ОиМ",11.07.2023 14:20:41
04-100 09,MARIO ROSSI,женские,металл,ободковая,круглые,,,"55,0","19,0",147,,,,Женский,01.03.1974,"40 лет Октября,15 ОиМ",17.04.2023 14:55:19
04-100 09,MARIO ROSSI,женские,металл,ободковая,круглые,,,"55,0","19,0",147,,,,Женский,17.12.1977,"Комарова,110 ОиМ",04.04.2023 18:25:30
04-100 09,MARIO ROSSI,женские,металл,ободковая,круглые,,,"55,0","19,0",147,,,,Женский,29.07.1993,"40 лет Октября,15 ОиМ",29.01.2023 18:35:30
04-104 17PZ,MARIO ROSSI,женские,пластик,ободковая,бабочка,,,"56,0","16,0",145,,,,Женский,13.02.1969,"40 лет Октября,15 ОиМ",16.03.2023 15:46:36
04-104 21PZ,MARIO ROSSI,женские,пластик,ободковая,бабочка,,,"56,0","16,0",145,,,,Женский,27.08.1951,"40 лет Октября,15 ОиМ",13.11.2023 10:22:32
04-104 21PZ,MARIO ROSSI,женские,пластик,ободковая,бабочка,,,"56,0","16,0",145,,,,Женский,28.02.1988,"40 лет Октября,15 ОиМ",07.05.2023 12:28:00
04-107 05Z,MARIO ROSSI,мужские,металл,ободковая,квадратные,,,"59,0","12,0",143,,,,Женский,06.12.1996,"40 лет Октября,15 ОиМ",29.06.2023 18:24:58
04-107 18Z,MARIO ROSSI,мужские,металл,ободковая,квадратные,,,"59,0","12,0",143,,,,Мужской,27.05.1968,"40 лет Октября,15 ОиМ",20.06.2023 19:30:09
04-110 01,MARIO ROSSI,женские,металл и пластик,безободковая,бабочка,черный/желтый,серый,"57,0","16,0",140,,,,Женский,25.08.1960,"40 лет Октября,15 ОиМ",13.11.2024 12:12:53
04-110 01,MARIO ROSSI,женские,металл и пластик,безободковая,бабочка,черный/желтый,серый,"57,0","16,0",140,,,,Женский,02.03.1981,"Комсомольский,33 ОиМ",18.06.2024 14:32:42
04-110 01,MARIO ROSSI,женские,металл и пластик,безободковая,бабочка,черный/желтый,серый,"57,0","16,0",140,,,,Женский,28.11.1988,"Комарова,110 ОиМ",11.06.2024 18:36:35
04-110 01,MARIO ROSSI,женские,металл и пластик,безободковая,бабочка,черный/желтый,серый,"57,0","16,0",140,,,,Женский,21.07.1989,"40 лет Октября,15 ОиМ",10.07.2024 15:03:05
04-110 03,MARIO ROSSI,женские,металл и пластик,безободковая,бабочка,голубой,коричневый,"57,0","16,0",140,,,,Женский,04.10.1959,"40 лет Октября,15 ОиМ",14.12.2024 17:11:00
04-110 21,MARIO ROSSI,женские,металл и пластик,безободковая,бабочка,розовый,коричневый градиент,"57,0","16,0",140,,,,Женский,22.06.1979,"40 лет Октября,15 ОиМ",20.06.2024 13:31:31
040-700Y,PHILIPP PLEIN,универсальные,металл и пластик,ободковая,необычные,черный,серо-синий градиент,"65,0","10,0",135,,,,Женский,27.10.1983,"Васенко,4 ОиМ",08.02.2023 18:04:52
0400S-002,CARTIER,женские,металл,ободковая,необычные,золотой,коричневый градиент,"62,0","17,0",140,,,,Женский,15.07.1982,"Васенко,4 ОиМ",31.07.2024 16:01:47
0401S-002,CARTIER,женские,металл,ободковая,квадратные,золотой,коричневый градиент,"60,0","19,0",140,,,,Женский,16.06.1973,"Васенко,4 ОиМ",12.10.2024 11:52:16
042-700F,PHILIPP PLEIN,мужские,пластик,ободковая,квадратные,черный,серый,"54,0","23,0",145,,,,Мужской,06.05.1960,"Васенко,4 ОиМ",18.03.2023 14:47:55
042-700F,PHILIPP PLEIN,мужские,пластик,ободковая,квадратные,черный,серый,"54,0","23,0",145,,,,Мужской,12.06.1978,"Васенко,4 ОиМ",24.05.2023 10:04:45
0424S-004,ALEXANDER Mc QUEEN,женские,металл,ободковая,кошачий глаз,серебристый,серый зеркальный,"62,0","20,0",145,,,,Мужской,02.02.1979,"Васенко,4 ОиМ",19.04.2024 18:30:48
0426S-001,CARTIER,мужские,металл,полуободковая,капли,золотой,серый,"60,0","15,0",145,,,,Мужской,20.07.1998,"Васенко,4 ОиМ",05.08.2024 14:52:13
043-0300,ROBERTO CAVALLI,женские,металл,безободковая,бабочка,золотой,серый градиент,"62,0","16,0",145,,,,Мужской,10.03.1998,"Васенко,4 ОиМ",09.12.2023 15:07:07
043-400,ROBERTO CAVALLI,женские,металл,безободковая,бабочка,золотой,серый,"62,0","16,0",145,,,,Мужской,18.01.1970,"Васенко,4 ОиМ",05.04.2024 17:02:21
0430S-001,ALEXANDER Mc QUEEN,универсальные,пластик,ободковая,маска,черный,черный,"99,0","1,0",130,,,,Мужской,16.08.2007,"Васенко,4 ОиМ",26.03.2024 16:46:25
0430S-001,CARTIER,универсальные,металл,безободковая,прямоугольные,золотой,серый,"58,0","15,0",140,,,,Женский,24.10.1995,"Васенко,4 ОиМ",22.04.2024 15:23:08
0430S-009,CARTIER,универсальные,металл,безободковая,прямоугольные,золотой,коричнево-розовый,"58,0","15,0",140,,,,Мужской,26.07.1976,"Васенко,4 ОиМ",20.04.2024 18:13:52
0432S-003,CARTIER,женские,металл,безободковая,квадратные,золотой,фиолетовый градиент,"63,0","15,0",140,,,,Мужской,29.05.1999,"Васенко,4 ОиМ",22.05.2024 19:23:41
0433S-001,CARTIER,универсальные,металл,безободковая,ромб,золотой,серый градиент,"55,0","20,0",140,,,,Мужской,30.05.1980,"Васенко,4 ОиМ",13.02.2024 18:00:53
0433S-004,CARTIER,универсальные,металл,безободковая,ромб,золотой,фиолетовый градиент,"55,0","20,0",140,,,,Мужской,28.02.1985,"Васенко,4 ОиМ",23.03.2024 12:23:38
0436S-001,CARTIER,женские,пластик,ободковая,кошачий глаз,черный,серый градиент,"50,0","23,0",140,,,,Женский,05.10.1977,"Васенко,4 ОиМ",19.06.2024 15:33:16
0445S-002,ALEXANDER Mc QUEEN,женские,пластик,ободковая,овальные,гавана,коричневый,"51,0","23,0",140,,,,Женский,22.11.1971,"Васенко,4 ОиМ",28.10.2024 11:20:41
0458S-004,ALEXANDER Mc QUEEN,универсальные,металл,ободковая,капли,серебристый,серый зеркальный,"58,0","18,0",145,,,,Женский,15.06.1976,"Васенко,4 ОиМ",30.09.2024 17:31:05
047-9YLX,PHILIPP PLEIN,универсальные,металл и пластик,ободковая,маска,белый,серый,"99,0",,,,,,Женский,11.08.1999,"Васенко,4 ОиМ",13.10.2024 15:15:19
05-056 01 Z,MARIO ROSSI,мужские,металл,ободковая,квадратные,,,"61,0","19,0",145,,,,Мужской,06.05.1962,"40 лет Октября,15 ОиМ",30.04.2023 11:55:27
06-002-17PZ,ZITRONE,мужские,пластик,ободковая,панто,,черный,"68,0","15,0",130,,,,Женский,23.09.1983,"40 лет Октября,15 ОиМ",04.02.2023 15:49:59
06-002-18PZ,ZITRONE,мужские,пластик,ободковая,спортивные,,черный,"68,0","15,0",130,,,,Женский,06.05.1979,"Комсомольский,33 ОиМ",24.04.2023 18:27:44
06-008-08PZ,ZITRONE,универсальные,пластик,ободковая,панто,,коричневый,"48,0","25,0",143,,,,Мужской,18.06.1966,"40 лет Октября,15 ОиМ",07.03.2023 12:42:23
06-008-18PZ,ZITRONE,универсальные,пластик,ободковая,панто,,черный,"48,0","25,0",143,,,,Женский,15.04.1947,"40 лет Октября,15 ОиМ",18.05.2023 16:00:25
06-013 01Z,MARIO ROSSI,мужские,металл,ободковая,квадратные,,,"58,0","15,0",137,,,,Мужской,29.05.2001,"40 лет Октября,15 ОиМ",22.07.2023 19:16:53
06-014 06,MARIO ROSSI,мужские,металл,ободковая,квадратные,,,"58,0","15,0",144,,,,Женский,13.08.1967,"Комсомольский,33 ОиМ",21.04.2023 13:31:02
06-015 17PZ,MARIO ROSSI,женские,пластик,ободковая,кошачий глаз,,,"54,0","19,0",144,,,,Женский,29.07.1999,"40 лет Октября,15 ОиМ",16.05.2023 11:59:39
06-018 01,MARIO ROSSI,женские,металл,ободковая,квадратные,,,"57,0","17,0",143,,,,Женский,24.07.1956,"40 лет Октября,15 ОиМ",30.04.2023 10:55:04
06-018 01,MARIO ROSSI,женские,металл,ободковая,квадратные,,,"57,0","17,0",143,,,,Женский,24.01.1967,"40 лет Октября,15 ОиМ",16.02.2023 9:07:10
06-018 03,MARIO ROSSI,женские,металл,ободковая,квадратные,,,"57,0","17,0",143,,,,Женский,25.03.1967,"40 лет Октября,15 ОиМ",26.04.2023 16:07:26
06-018 03,MARIO ROSSI,женские,металл,ободковая,квадратные,,,"57,0","17,0",143,,,,Женский,11.12.1986,"40 лет Октября,15 ОиМ",04.03.2023 15:19:30
06-019 06Z,MARIO ROSSI,мужские,металл,ободковая,прямоугольные,,,"59,0","14,0",138,,,,Мужской,24.06.1973,"40 лет Октября,15 ОиМ",02.03.2023 9:31:13
06-019 06Z,MARIO ROSSI,мужские,металл,ободковая,прямоугольные,,,"59,0","14,0",138,,,,Женский,04.09.1967,"40 лет Октября,15 ОиМ",04.02.2023 15:04:02
06-019 06Z,MARIO ROSSI,мужские,металл,ободковая,прямоугольные,,,"59,0","14,0",138,,,,Женский,13.07.1982,"40 лет Октября,15 ОиМ",18.07.2023 12:04:37
06-019 06Z,MARIO ROSSI,мужские,металл,ободковая,прямоугольные,,,"59,0","14,0",138,,,,Женский,15.01.1989,"40 лет Октября,15 ОиМ",27.02.2023 17:52:08
06-019 18Z,MARIO ROSSI,мужские,металл,ободковая,прямоугольные,,,"59,0","14,0",138,,,,Мужской,10.03.1952,"Комсомольский,33 ОиМ",31.07.2023 13:57:46
06-019 18Z,MARIO ROSSI,мужские,металл,ободковая,прямоугольные,,,"59,0","14,0",138,,,,Мужской,22.03.1981,"40 лет Октября,15 ОиМ",11.04.2023 13:42:02
06-020 17Z,MARIO ROSSI,универсальные,металл,ободковая,капли,,,"58,0","13,0",152,,,,Мужской,12.05.1945,"40 лет Октября,15 ОиМ",31.08.2023 9:14:26
06-021 17PZ,MARIO ROSSI,мужские,пластик,ободковая,спортивные,,,"61,0","14,0",139,,,,Мужской,14.12.1969,"40 лет Октября,15 ОиМ",18.09.2023 10:57:16
06-025 02Z,MARIO ROSSI,мужские,металл,ободковая,квадратные,золотой,серый,"59,0","16,0",138,,,,Мужской,07.10.1941,"Комсомольский,33 ОиМ",06.09.2024 14:02:01
06-025 02Z,MARIO ROSSI,мужские,металл,ободковая,квадратные,золотой,серый,"59,0","16,0",138,,,,Женский,30.03.1986,"40 лет Октября,15 ОиМ",26.05.2024 18:31:33
06-025 06Z,MARIO ROSSI,мужские,металл,ободковая,квадратные,серый,серый,"59,0","16,0",138,,,,Мужской,24.02.1977,"40 лет Октября,15 ОиМ",04.07.2024 15:36:53
06-025 06Z,MARIO ROSSI,мужские,металл,ободковая,квадратные,серый,серый,"59,0","16,0",138,,,,Мужской,10.01.1981,"Комсомольский,33 ОиМ",26.08.2024 12:30:37
06-025 18Z,MARIO ROSSI,мужские,металл,ободковая,квадратные,черный,серый,"59,0","16,0",138,,,,Мужской,07.02.1980,"40 лет Октября,15 ОиМ",04.03.2024 15:40:47
0620S-001,GUCCI,женские,металл,ободковая,овальные,серебристый,зеленый,"55,0","22,0",145,,,,Женский,21.01.1992,"Васенко,4 ОиМ",12.02.2024 17:00:59
072-0700,PHILIPP PLEIN,мужские,пластик,ободковая,маска,черный,синий,"57,0","17,0",145,,,,Мужской,03.12.1987,"Васенко,4 ОиМ",23.03.2024 15:48:06
073-0583,PHILIPP PLEIN,универсальные,металл,ободковая,капли,черный/серебристый,серый,"63,0","16,0",145,,,,Мужской,30.08.1952,"Васенко,4 ОиМ",08.09.2023 16:11:34
073-0583,PHILIPP PLEIN,универсальные,металл,ободковая,капли,черный/серебристый,серый,"63,0","16,0",145,,,,Мужской,05.08.1991,"Васенко,4 ОиМ",03.06.2023 18:09:29
073-0583,PHILIPP PLEIN,универсальные,металл,ободковая,капли,черный/серебристый,серый,"63,0","16,0",145,,,,Женский,10.04.1990,"Васенко,4 ОиМ",27.06.2023 16:57:33
078-06AA,PHILIPP PLEIN,универсальные,пластик,ободковая,маска,черный,черный,"99,0",,125,,,,Мужской,22.05.1992,"Васенко,4 ОиМ",29.07.2023 15:15:09
078-6AAX,PHILIPP PLEIN,универсальные,пластик,ободковая,маска,черный,серый зеркальный,,,125,,,,Мужской,19.07.1989,"Васенко,4 ОиМ",25.05.2023 17:17:51
078-7FBF,PHILIPP PLEIN,универсальные,пластик,ободковая,маска,оранжевый,оранжевый зеркальный фотохром,"99,0",,125,,,,,,"Васенко,4 ОиМ",04.04.2024 13:45:23
08S-300,CHOPARD,женские,металл,ободковая,гексагон,,,"58,0","18,0",140,,,,Мужской,15.08.1984,"Васенко,4 ОиМ",08.03.2023 11:23:04
092-700Y,PHILIPP PLEIN,мужские,пластик,ободковая,квадратные,черный,серый,"50,0","25,0",145,,,,Женский,15.12.1986,"Васенко,4 ОиМ",29.05.2024 17:11:55
093-700,PHILIPP PLEIN,мужские,пластик,ободковая,трапеция,черный,серый,"65,0","16,0",145,,,,Женский,04.12.1977,"Васенко,4 ОиМ",25.03.2024 15:19:49
093-703V,PHILIPP PLEIN,мужские,пластик,ободковая,трапеция,черный,сине-серый зеркальный,"65,0","16,0",145,,,,Женский,08.03.1975,"Васенко,4 ОиМ",08.06.2024 18:40:57
094-700,PHILIPP PLEIN,мужские,пластик,ободковая,квадратные,черный,серый градиент,"54,0","18,0",145,,,,Женский,16.09.1991,"Васенко,4 ОиМ",17.10.2024 18:52:09
094-703,PHILIPP PLEIN,мужские,пластик,ободковая,квадратные,черный,серый,"54,0","18,0",145,,,,Мужской,19.04.1986,"Васенко,4 ОиМ",09.06.2024 14:04:46
0956S-008,GUCCI,женские,пластик,ободковая,бабочка,фиолетовый,фиолетово-коричневый,"54,0","19,0",145,,,,Женский,22.11.1971,"Васенко,4 ОиМ",31.05.2024 18:07:24
0962S-011,GUCCI,универсальные,пластик,ободковая,трапеция,,,"55,0","17,0",145,,,,Женский,09.04.1980,"Васенко,4 ОиМ",04.04.2023 18:34:19
0962S-011,GUCCI,универсальные,пластик,ободковая,трапеция,,,"55,0","17,0",145,,,,Женский,10.09.1994,"Васенко,4 ОиМ",25.02.2023 13:13:50
0962S-013,GUCCI,универсальные,пластик,ободковая,трапеция,черный,зеленый зеркальный,"55,0","17,0",145,,,,Женский,03.08.1989,"Васенко,4 ОиМ",04.08.2024 11:40:53
0962S-014,GUCCI,универсальные,пластик,ободковая,трапеция,многоцветный,серо-зеленый,"55,0","17,0",145,,,,Женский,07.12.1983,"Васенко,4 ОиМ",21.06.2024 13:29:30
0972S-003,GUCCI,женские,металл,ободковая,трапеция,,,"60,0","17,0",145,,,,Женский,10.11.1990,"Васенко,4 ОиМ",09.12.2024 13:58:10
0BV8229B-5469E2,BVLGARI,женские,пластик,ободковая,бабочка,фиолетовый,фиолетово-коричневый градиент,"57,0","16,0",145,,,,Женский,11.02.1970,"Васенко,4 ОиМ",11.02.2023 12:04:28
0DG4373-32888G,DOLCE & GABBANA,женские,пластик,ободковая,квадратные,черный,серо-черный градиент,"52,0","21,0",140,,,,Женский,10.09.1972,"40 лет Октября,15 ОиМ",13.03.2023 16:57:45
0MK1090-11538G,MICHAEL KORS,женские,металл,ободковая,квадратные,серебристый,серый градиент,"59,0","20,0",145,,,,Женский,27.11.1982,"Комсомольский,33 ОиМ",01.02.2023 11:21:17
0MU 04ZS-VAU08N,MIU MIU,женские,пластик,ободковая,овальные,гавана,бежевый,"50,0","18,0",140,,,,Мужской,11.04.1972,"40 лет Октября,15 ОиМ",18.12.2024 14:22:59
0MU 56ZS-5AK09Z,MIU MIU,женские,металл,ободковая,ромб,золотой,коричневый,"56,0","17,0",140,,,,Женский,21.04.1987,"Васенко,4 ОиМ",26.12.2024 16:17:00
0OO9098-909801,OAKLEY,универсальные,пластик,безободковая,маска,серый,серый зеркальный,"148,0",,120,,,,Женский,05.12.1974,"Васенко,4 ОиМ",08.08.2024 18:25:51
0OO9102-9102K0,OAKLEY,мужские,пластик,ободковая,квадратные,черный,коричневый зеркальный,"57,0","18,0",137,,,,Мужской,,"Васенко,4 ОиМ",21.07.2024 13:58:41
0OO9102-9102T9,OAKLEY,мужские,пластик,ободковая,квадратные,темно-серый,коричнево-голубой зеркальный,"57,0","18,0",137,,,,Мужской,03.05.1979,"Васенко,4 ОиМ",03.08.2024 19:19:05
0OO9208-9208D0,OAKLEY,мужские,пластик,полуободковая,прямоугольные,желтый,зеркальный,"138,0",,128,,,,Мужской,03.07.1966,"Васенко,4 ОиМ",06.06.2023 16:49:39
0OO9290-929042,OAKLEY,мужские,пластик,ободковая,прямоугольные,голубой,зеленый,"131,0",,121,,,,Мужской,03.07.1966,"Васенко,4 ОиМ",06.06.2023 16:49:39
0OO9290-929060,OAKLEY,мужские,пластик,ободковая,прямоугольные,многоцветный,черный,"131,0",,121,,,,Мужской,03.07.1966,"Васенко,4 ОиМ",06.06.2023 16:49:39
0OO9417-941705,OAKLEY,мужские,пластик,ободковая,квадратные,черный,черный зеркальный,"59,0","18,0",137,,,,Женский,03.11.1968,"Васенко,4 ОиМ",05.07.2024 14:39:10
0OO9417-941733,OAKLEY,мужские,пластик,ободковая,квадратные,серый,цветной зеркальный,"59,0","18,0",137,,,,,,"Васенко,4 ОиМ",08.05.2024 13:51:47
0OO9471-947106,OAKLEY,универсальные,пластик,безободковая,маска,черный,розово-коричневый зеркальный,"136,0",,123,,,,Мужской,31.03.1990,"Васенко,4 ОиМ",26.12.2024 16:01:15
0PR 02YS-03Y5S0,PRADA,женские,пластик,ободковая,круглые,черный,серый,"51,0","19,0",140,,,,Женский,11.09.1971,"40 лет Октября,15 ОиМ",17.04.2023 9:50:47
0PR 04YS-08U08G,PRADA,мужские,пластик,ободковая,прямоугольные,прозрачный,черный,"56,0","19,0",150,,,,Мужской,19.12.1985,"Васенко,4 ОиМ",03.08.2023 15:37:31
0PR 06YS-02Z01O,PRADA,универсальные,пластик,ободковая,прямоугольные,черный,фиолетовый,"53,0","21,0",145,,,,Женский,27.10.1983,"Васенко,4 ОиМ",25.01.2024 14:27:44
0PR 06YS-09Q5S0,PRADA,женские,пластик,ободковая,прямоугольные,черный/белый,черный,"53,0","21,0",145,,,,Женский,09.04.1977,"Васенко,4 ОиМ",05.04.2024 13:06:19
0PR 10ZS-11F5S0,PRADA,универсальные,пластик,ободковая,квадратные,черный/красный,черный,"54,0","20,0",140,,,,Женский,03.12.1967,"Васенко,4 ОиМ",15.10.2024 17:52:31
0PR 14ZS-1AB09S,PRADA,женские,пластик,ободковая,бабочка,черный,серый градиент,"50,0","18,0",140,,,,Мужской,25.09.1977,"Васенко,4 ОиМ",24.02.2024 15:03:14
0PR 14ZS-2AU6S1,PRADA,женские,пластик,ободковая,бабочка,черепаховый,коричневый градиент,"50,0","18,0",140,,,,Женский,21.03.1966,"Васенко,4 ОиМ",11.11.2024 15:21:28
0PR 15YS-2AU05Q,PRADA,женские,пластик,ободковая,прямоугольные,черепаховый,фиолетовый зеркальный,"51,0","21,0",140,,,,Женский,05.02.1987,"Васенко,4 ОиМ",05.04.2024 16:40:35
0PR 16WS-142130,PRADA,женские,пластик,ободковая,необычные,бежевый,серый градиент,"53,0","20,0",145,,,,Мужской,22.05.1966,"Васенко,4 ОиМ",25.01.2023 17:40:04
0PR 17WS-13N5S0,PRADA,женские,пластик,ободковая,прямоугольные,черный/зеленый,черный,"49,0","20,0",145,,,,Мужской,11.04.1972,"Васенко,4 ОиМ",31.08.2024 17:50:37
0PR 17WS-1425S0,PRADA,женские,пластик,ободковая,прямоугольные,бежевый,черный,"49,0","20,0",145,,,,Женский,09.04.1987,"Васенко,4 ОиМ",28.09.2024 13:43:00
0PR 17WS-1AB07Z,PRADA,женские,пластик,ободковая,прямоугольные,черный,черный зеркальный,"49,0","20,0",145,,,,Женский,22.04.1968,"Васенко,4 ОиМ",07.09.2024 13:12:27
0PR 17WS-1AB5S0,PRADA,женские,пластик,ободковая,прямоугольные,черный,серый,"49,0","20,0",145,,,,Мужской,11.06.1991,"Васенко,4 ОиМ",13.03.2024 16:53:22
0PR 17WS-2AU03U,PRADA,женские,пластик,ободковая,прямоугольные,черепаховый,коричневый зеркальный,"49,0","20,0",145,,,,Мужской,23.11.1989,"Васенко,4 ОиМ",24.11.2024 14:56:45
0PR 20ZS-1AB5S0,PRADA,женские,пластик,ободковая,бабочка,черный,черный,"53,0","20,0",140,,,,Женский,11.09.1989,"Васенко,4 ОиМ",14.09.2024 16:46:32
0PR 21XS-2AU6S1,PRADA,женские,пластик,ободковая,прямоугольные,гавана,коричневый градиент,"54,0","19,0",140,,,,Женский,15.03.1982,"40 лет Октября,15 ОиМ",08.05.2023 13:57:25
0PR 23YS-1AB5S0,PRADA,женские,пластик,ободковая,квадратные,черный,черный,"51,0","19,0",140,,,,Женский,22.09.1952,"Васенко,4 ОиМ",02.04.2024 18:16:42
0PR 26ZS-14L09Z,PRADA,женские,пластик,ободковая,кошачий глаз,гавана,коричневый,"55,0","16,0",145,,,,Женский,18.06.1984,"Васенко,4 ОиМ",08.11.2024 14:39:21
0PR 52YS-5AV05C,PRADA,мужские,металл,ободковая,прямоугольные,серебристый,коричневый,"56,0","17,0",145,,,,,,"Васенко,4 ОиМ",10.09.2023 15:34:08
0PR 55AS-15N01T,PRADA,универсальные,металл,безободковая,прямоугольные,золотой,коричневый,"71,0","14,0",115,,,,Женский,09.04.1977,"Васенко,4 ОиМ",27.08.2024 15:13:25
0PR 56AS-15N5S0,PRADA,универсальные,металл,безободковая,прямоугольные,золотой,черный,"71,0","14,0",115,,,,Женский,13.09.1963,"Васенко,4 ОиМ",02.10.2024 16:34:19
0PR 56AS-15N80C,PRADA,универсальные,металл,безободковая,прямоугольные,золотой,серо-желтый зеркальный,"71,0","14,0",115,,,,Женский,03.12.1967,"Васенко,4 ОиМ",15.10.2024 17:52:31
0PS 01US-1AB5Z1,PRADA LINEA ROSSA,мужские,пластик,ободковая,квадратные,черный,серый,"59,0","19,0",145,,,,Женский,10.07.1989,"Васенко,4 ОиМ",18.02.2023 15:08:26
0PS 01US-1AB5Z1,PRADA LINEA ROSSA,мужские,пластик,ободковая,квадратные,черный,серый,"59,0","19,0",145,,,,Женский,10.05.1992,"Васенко,4 ОиМ",20.04.2024 16:39:00
0PS 01US-DG05S0,PRADA LINEA ROSSA,мужские,пластик,ободковая,квадратные,черный,черный,"59,0","19,0",145,,,,Мужской,25.05.1991,"Васенко,4 ОиМ",09.02.2024 15:02:24
0PS 01US-UFK5L0,PRADA LINEA ROSSA,мужские,пластик,ободковая,квадратные,темно-серый,серый зеркальный,"59,0","19,0",145,,,,Мужской,05.02.1972,"Васенко,4 ОиМ",11.02.2024 18:45:18
0PS 01WS-DG002G,PRADA LINEA ROSSA,мужские,пластик,ободковая,прямоугольные,черный,черный,"59,0","17,0",145,,,,Мужской,02.10.1959,"Васенко,4 ОиМ",17.06.2024 12:56:11
0PS 01WS-DG002G,PRADA LINEA ROSSA,мужские,пластик,ободковая,прямоугольные,черный,черный,"59,0","17,0",145,,,,Женский,27.04.1983,"Васенко,4 ОиМ",15.06.2024 13:24:28
0PS 01WS-UFK07H,PRADA LINEA ROSSA,мужские,пластик,ободковая,прямоугольные,темно-серый,серый зеркальный,"59,0","17,0",145,,,,Женский,21.12.1984,"Васенко,4 ОиМ",31.08.2024 14:08:45
0PS 02XS-1AB02G,PRADA LINEA ROSSA,мужские,пластик,ободковая,прямоугольные,черный,серый,"60,0","15,0",145,,,,Мужской,25.01.1988,"Васенко,4 ОиМ",18.03.2023 14:34:23
0PS 03WS-08W06F,PRADA LINEA ROSSA,мужские,пластик,ободковая,прямоугольные,черный,серый,"66,0","16,0",140,,,,Женский,21.12.1971,"Васенко,4 ОиМ",04.11.2023 18:49:35
0PS 03WS-UR701G,PRADA LINEA ROSSA,мужские,пластик,ободковая,прямоугольные,голубой,прозрачный,"66,0","16,0",140,,,,Мужской,,"Васенко,4 ОиМ",08.06.2023 9:40:16
0PS 03YS-17G08F,PRADA LINEA ROSSA,универсальные,пластик,безободковая,спортивные,черный,цветной зеркальный,"64,0","15,0",140,,,,Мужской,06.01.2003,"Васенко,4 ОиМ",05.07.2024 12:06:07
0PS 03YS-17G08F,PRADA LINEA ROSSA,универсальные,пластик,безободковая,спортивные,черный,цветной зеркальный,"64,0","15,0",140,,,,Женский,14.06.1986,"Васенко,4 ОиМ",03.04.2024 19:31:59
0PS 04WS-DG004Q,PRADA LINEA ROSSA,мужские,пластик,безободковая,прямоугольные,черный,,"137,0",,130,,,,Мужской,15.05.1995,"Васенко,4 ОиМ",28.04.2023 14:22:29
0PS 06YS-1AB09U,PRADA LINEA ROSSA,мужские,пластик,ободковая,вайфайеры,черный,серый градиент,"56,0","17,0",145,,,,,03.11.1974,"Васенко,4 ОиМ",22.06.2024 11:57:12
0PS 06YS-DG002G,PRADA LINEA ROSSA,мужские,пластик,ободковая,вайфайеры,черный,черный,"56,0","17,0",145,,,,Женский,09.02.1960,"Васенко,4 ОиМ",23.02.2024 13:10:22
0PS 09WS-DG002S,PRADA LINEA ROSSA,мужские,пластик,безободковая,спортивные,черный,коричневый фотохром,"62,0","14,0",130,,,,,10.07.1972,"Васенко,4 ОиМ",28.11.2024 16:20:42
0PS 10US-DG09Q1,PRADA LINEA ROSSA,мужские,пластик,ободковая,кошачий глаз,черный,сине-серый зеркальный,"130,0",,135,,,,Мужской,17.11.1991,"Васенко,4 ОиМ",25.05.2023 17:05:16
0PS 50WS-DG002G,PRADA LINEA ROSSA,мужские,металл,ободковая,прямоугольные,черный,серый,"59,0","15,0",140,,,,Мужской,08.08.1979,"Васенко,4 ОиМ",13.06.2023 18:01:24
0PS 50YS-17G01V,PRADA LINEA ROSSA,мужские,металл,ободковая,капли,черный,серый,"62,0","16,0",145,,,,Мужской,04.07.1975,"Васенко,4 ОиМ",20.04.2024 17:05:04
0PS 50YS-5AV06G,PRADA LINEA ROSSA,мужские,металл,ободковая,капли,черный/серый,серый градиент,"62,0","16,0",145,,,,,22.10.1981,"Васенко,4 ОиМ",31.05.2024 18:26:45
0PS 51WS-DG006F,PRADA LINEA ROSSA,мужские,металл,ободковая,необычные,черный,серый,"68,0","14,0",120,,,,Мужской,,"Васенко,4 ОиМ",16.07.2023 16:21:36
0PS 52XS-07S08L,PRADA LINEA ROSSA,мужские,металл,ободковая,прямоугольные,серый,зеленый зеркальный,"59,0","16,0",145,,,,Мужской,28.03.1981,"Васенко,4 ОиМ",26.03.2023 16:21:07
0PS 52XS-TWW09L,PRADA LINEA ROSSA,мужские,металл,ободковая,прямоугольные,серый,серебристый зеркальный,"59,0","16,0",145,,,,Мужской,05.07.1973,"Васенко,4 ОиМ",15.05.2023 17:16:32
0PS 52YS-17G01V,PRADA LINEA ROSSA,универсальные,металл,ободковая,капли,черный,черный,"61,0","14,0",145,,,,Мужской,03.01.1961,"Васенко,4 ОиМ",06.04.2024 15:17:32
0PS 52YS-1BC06G,PRADA LINEA ROSSA,универсальные,металл,ободковая,капли,серебристый,серый градиент,"61,0","14,0",145,,,,Мужской,21.07.1973,"Васенко,4 ОиМ",18.07.2024 20:12:56
0PS 52YS-1BC06G,PRADA LINEA ROSSA,универсальные,металл,ободковая,капли,серебристый,серый градиент,"61,0","14,0",145,,,,Женский,20.10.1967,"Васенко,4 ОиМ",16.04.2024 19:22:30
0PS 52YS-5AV07G,PRADA LINEA ROSSA,универсальные,металл,ободковая,капли,серый,черно-серый зеркальный,"61,0","14,0",145,,,,Мужской,17.09.1984,"Васенко,4 ОиМ",27.02.2024 15:10:07
0RB2132-622,RAY BAN,универсальные,пластик,ободковая,вайфайеры,черный,зеленый,"55,0","18,0",145,,,,Мужской,30.04.1975,"Васенко,4 ОиМ",16.09.2024 13:22:05
0RB2140-901,RAY BAN,универсальные,пластик,ободковая,вайфайеры,черный,зеленый,"54,0","18,0",150,,,,Мужской,13.07.1974,"Васенко,4 ОиМ",26.12.2024 14:13:37
0RB2196-13143M,RAY BAN,универсальные,пластик,ободковая,прямоугольные,серый,серо-синий градиент,"64,0","13,0",140,,,,Женский,21.12.1971,"Васенко,4 ОиМ",04.11.2023 18:49:35
0RB2283-1339B1,RAY BAN,мужские,пластик,ободковая,прямоугольные,голубой,серый,"52,0","20,0",145,,,,Женский,04.09.1984,"Васенко,4 ОиМ",19.05.2024 12:08:12
0RB2283-1339B1,RAY BAN,мужские,пластик,ободковая,прямоугольные,голубой,серый,"55,0","20,0",145,,,,Женский,21.12.1971,"Васенко,4 ОиМ",04.11.2023 18:49:35
0RB2283-901/58,RAY BAN,мужские,пластик,ободковая,прямоугольные,черный,зеленый,"52,0","20,0",145,,,,,02.10.1969,"Васенко,4 ОиМ",30.06.2023 17:46:34
0RB2283-901/58,RAY BAN,мужские,пластик,ободковая,прямоугольные,черный,зеленый,"55,0","20,0",145,,,,Женский,25.07.1986,"Васенко,4 ОиМ",17.08.2023 18:22:11
0RB2398-1294/31,RAY BAN,универсальные,пластик,ободковая,необычные,черный/прозрачный,серо-зеленый,"53,0","21,0",145,,,,Мужской,12.05.1991,"Васенко,4 ОиМ",20.04.2024 11:15:30
0RB2398-1376/BH,RAY BAN,универсальные,пластик,ободковая,необычные,зеленый,сине-зеленый градиент,"56,0","21,0",145,,,,Женский,06.09.1968,"Васенко,4 ОиМ",07.03.2024 14:35:04
0RB3016-1255/71,RAY BAN,универсальные,металл и пластик,ободковая,клабмастеры,серый/золотой,серый градиент,"49,0","21,0",140,,,,Мужской,22.04.1983,"Васенко,4 ОиМ",13.04.2024 15:56:55
0RB3016-1366/G6,RAY BAN,универсальные,металл и пластик,ободковая,клабмастеры,синий/серебристый,синий градиент зеркальный,"55,0","21,0",150,,,,Женский,23.06.1993,"Васенко,4 ОиМ",12.04.2024 14:40:04
0RB3016-1368/G4,RAY BAN,универсальные,металл и пластик,ободковая,клабмастеры,зеленый,зеленый градиент зеркальный,"51,0","21,0",145,,,,Женский,27.09.1975,"Васенко,4 ОиМ",29.07.2023 13:12:58
0RB3016-901/BF,RAY BAN,универсальные,металл и пластик,ободковая,клабмастеры,черный/золотой,голубой зеркальный,"51,0","21,0",145,,,,Мужской,17.12.1983,"Васенко,4 ОиМ",28.06.2024 18:06:38
0RB3016-W0365,RAY BAN,универсальные,металл и пластик,ободковая,клабмастеры,черный/золотой,зеленый,"51,0","21,0",145,,,,Мужской,28.06.1988,"Васенко,4 ОиМ",04.07.2024 19:07:26
0RB3016-W0366,RAY BAN,универсальные,металл и пластик,ободковая,клабмастеры,коричневый/золотой,зеленый,"51,0","21,0",145,,,,Мужской,07.10.1965,"Васенко,4 ОиМ",01.08.2024 18:42:32
0RB3016-W0366,RAY BAN,универсальные,металл и пластик,ободковая,клабмастеры,коричневый/золотой,зеленый,"51,0","21,0",145,,,,Мужской,03.07.2004,"Васенко,4 ОиМ",05.07.2024 13:08:37
0RB3025-001/3E,RAY BAN,универсальные,металл,ободковая,авиаторы,золотой,серо-розовый градиент зеркальный,"58,0","14,0",135,,,,Мужской,10.04.1970,"Васенко,4 ОиМ",13.08.2023 14:01:37
0RB3025-001/3F,RAY BAN,универсальные,металл,ободковая,авиаторы,золотой,синий градиент зеркальный,"58,0","14,0",135,,,,Мужской,11.04.1972,"40 лет Октября,15 ОиМ",10.07.2024 10:52:59
0RB3025-001/3F,RAY BAN,универсальные,металл,ободковая,авиаторы,золотой,синий градиент зеркальный,"58,0","14,0",135,,,,Женский,16.11.1977,"Комсомольский,33 ОиМ",11.08.2024 18:42:35
0RB3025-001/51,RAY BAN,универсальные,металл,ободковая,авиаторы,золотой,коричневый градиент,"58,0","14,0",135,,,,Женский,07.08.1962,"40 лет Октября,15 ОиМ",15.03.2024 13:29:31
0RB3025-001/51,RAY BAN,универсальные,металл,ободковая,авиаторы,золотой,коричневый градиент,"58,0","14,0",135,,,,Женский,20.10.1967,"Васенко,4 ОиМ",30.05.2024 10:32:29
0RB3025-001/51,RAY BAN,универсальные,металл,ободковая,авиаторы,золотой,коричневый градиент,"58,0","14,0",135,,,,Женский,29.01.1983,"Васенко,4 ОиМ",15.03.2023 19:29:16
0RB3025-001/51,RAY BAN,универсальные,металл,ободковая,авиаторы,золотой,коричневый градиент,"58,0","14,0",135,,,,Женский,10.03.1987,"Васенко,4 ОиМ",15.06.2023 17:55:31
0RB3025-001/51,RAY BAN,универсальные,металл,ободковая,авиаторы,золотой,коричневый градиент,"62,0","14,0",140,,,,Мужской,05.03.1998,"Васенко,4 ОиМ",30.12.2024 18:33:05
0RB3025-003/32,RAY BAN,универсальные,металл,ободковая,авиаторы,серебристый,серый градиент,"58,0","14,0",135,,,,Женский,28.11.1985,"Васенко,4 ОиМ",17.11.2024 14:56:04
0RB3025-003/32,RAY BAN,универсальные,металл,ободковая,авиаторы,серебристый,серый градиент,"58,0","14,0",135,,,,Женский,02.08.1995,"Васенко,4 ОиМ",12.06.2023 17:11:20
0RB3025-003/32,RAY BAN,универсальные,металл,ободковая,авиаторы,серебристый,серый градиент,"58,0","14,0",135,,,,Женский,15.01.2000,"Васенко,4 ОиМ",01.06.2024 17:11:58
0RB3025-003/3F,RAY BAN,универсальные,металл,ободковая,авиаторы,серебристый,синий градиент,"58,0","14,0",135,,,,Мужской,07.07.1964,"Васенко,4 ОиМ",20.01.2023 18:13:28
0RB3025-003/3F,RAY BAN,универсальные,металл,ободковая,авиаторы,серебристый,синий градиент,"58,0","14,0",135,,,,Мужской,25.08.1992,"Васенко,4 ОиМ",31.08.2023 14:52:20
0RB3025-003/3F,RAY BAN,универсальные,металл,ободковая,авиаторы,серебристый,синий градиент,"58,0","14,0",135,,,,Женский,21.07.1995,"Васенко,4 ОиМ",17.01.2023 14:08:39
0RB3025-003/3F,RAY BAN,универсальные,металл,ободковая,авиаторы,серебристый,синий градиент,"58,0","14,0",135,,,,Женский,28.12.1997,"Васенко,4 ОиМ",14.04.2023 11:03:34
0RB3025-003/3F,RAY BAN,универсальные,металл,ободковая,авиаторы,серебристый,синий градиент,"62,0","14,0",140,,,,Мужской,07.05.1991,"Васенко,4 ОиМ",18.05.2023 19:52:47
0RB3025-003/3F,RAY BAN,универсальные,металл,ободковая,авиаторы,серебристый,синий градиент,"62,0","14,0",140,,,,Женский,22.02.1988,"Васенко,4 ОиМ",13.10.2024 13:35:59
0RB3025-004/51,RAY BAN,универсальные,металл,ободковая,авиаторы,серый,коричневый градиент,"62,0","14,0",140,,,,Мужской,04.07.1974,"Васенко,4 ОиМ",17.09.2023 12:30:03
0RB3025-004/78,RAY BAN,универсальные,металл,ободковая,авиаторы,серый,серо-синий градиент,"58,0","14,0",135,,,,Мужской,22.10.1979,"Васенко,4 ОиМ",26.04.2024 15:48:10
0RB3025-004/78,RAY BAN,универсальные,металл,ободковая,авиаторы,серый,серо-синий градиент,"58,0","14,0",135,,,,Мужской,04.12.2007,"Васенко,4 ОиМ",28.06.2023 14:59:34
0RB3025-004/78,RAY BAN,универсальные,металл,ободковая,авиаторы,серый,серо-синий градиент,"62,0","14,0",140,,,,Мужской,11.02.1977,"Васенко,4 ОиМ",25.03.2023 15:39:02
0RB3025-004/78,RAY BAN,универсальные,металл,ободковая,авиаторы,серый,серо-синий градиент,"62,0","14,0",140,,,,Мужской,08.02.1984,"Васенко,4 ОиМ",12.01.2024 13:14:36
0RB3025-004/78,RAY BAN,универсальные,металл,ободковая,авиаторы,серый,серо-синий градиент,"62,0","14,0",140,,,,Мужской,06.09.1985,"Васенко,4 ОиМ",19.03.2024 15:06:40
0RB3025-004/78,RAY BAN,универсальные,металл,ободковая,авиаторы,серый,серо-синий градиент,"62,0","14,0",140,,,,Женский,03.03.1983,"Васенко,4 ОиМ",30.03.2024 15:41:08
0RB3025-004/78,RAY BAN,универсальные,металл,ободковая,авиаторы,серый,серо-синий градиент,"62,0","14,0",140,,,,Женский,15.08.1996,"Васенко,4 ОиМ",21.02.2024 18:09:22
0RB3025-004/78,RAY BAN,универсальные,металл,ободковая,авиаторы,серый,серо-синий градиент,"62,0","14,0",140,,,,Женский,11.05.1998,"Васенко,4 ОиМ",17.03.2023 16:16:33
0RB3025-9196S2,RAY BAN,универсальные,металл,ободковая,авиаторы,золотой,синий,"58,0","14,0",135,,,,Женский,16.11.1977,"Комсомольский,33 ОиМ",01.09.2023 19:03:24
0RB3025-9221T2,RAY BAN,универсальные,металл,ободковая,авиаторы,красный,коричнево-серый фотохром,"58,0","14,0",135,,,,Женский,07.11.1994,"Васенко,4 ОиМ",27.04.2023 10:33:08
0RB3025-9222T3,RAY BAN,универсальные,металл,ободковая,авиаторы,голубой,фиолетово-серый фотохром,"58,0","14,0",135,,,,Мужской,15.05.1995,"Васенко,4 ОиМ",31.03.2023 13:36:18
0RB3025-L2823,RAY BAN,мужские,металл,ободковая,авиаторы,черный,серо-зеленый,"58,0","14,0",135,,,,Мужской,18.07.1999,"Васенко,4 ОиМ",31.08.2024 14:12:25
0RB3428-9240B1,RAY BAN,мужские,металл,ободковая,авиаторы,золотой,серый,"58,0","18,0",135,,,,Мужской,17.07.1956,"Васенко,4 ОиМ",06.04.2023 14:41:34
0RB3447-001,RAY BAN,мужские,металл,ободковая,круглые,золотой,зеленый,"53,0","21,0",145,,,,Мужской,31.07.1971,"Васенко,4 ОиМ",27.09.2023 18:57:05
0RB3447-001,RAY BAN,мужские,металл,ободковая,круглые,золотой,зеленый,"53,0","21,0",145,,,,Мужской,01.05.1983,"Васенко,4 ОиМ",16.03.2023 13:43:40
0RB3447-001/71,RAY BAN,универсальные,металл,ободковая,круглые,золотой,серый градиент,"50,0","21,0",145,,,,Женский,15.10.1979,"Васенко,4 ОиМ",04.10.2024 12:58:53
0RB3447-029,RAY BAN,мужские,металл,ободковая,круглые,серебристый,зеленый,"53,0","21,0",145,,,,Мужской,17.03.1991,"Васенко,4 ОиМ",23.11.2024 17:33:37
0RB3447-029,RAY BAN,мужские,металл,ободковая,круглые,серебристый,зеленый,"53,0","21,0",145,,,,Женский,22.02.1949,"Васенко,4 ОиМ",26.03.2023 15:36:03
0RB3447-029,RAY BAN,мужские,металл,ободковая,круглые,серебристый,зеленый,"53,0","21,0",145,,,,Женский,29.09.1990,"Васенко,4 ОиМ",20.09.2023 18:27:37
0RB3447-029,RAY BAN,мужские,металл,ободковая,круглые,серебристый,зеленый,"53,0","21,0",145,,,,Женский,05.10.2010,"Васенко,4 ОиМ",12.07.2023 16:18:47
0RB3447N-001/3F,RAY BAN,мужские,металл,ободковая,круглые,золотой,синий градиент,"50,0","21,0",145,,,,Мужской,24.11.1987,"Васенко,4 ОиМ",11.07.2024 16:44:35
0RB3447N-001/3F,RAY BAN,мужские,металл,ободковая,круглые,золотой,синий градиент,"53,0","21,0",145,,,,Женский,02.03.1985,"Васенко,4 ОиМ",18.08.2023 19:24:42
0RB3447N-002/71,RAY BAN,мужские,металл,ободковая,круглые,черный,серый градиент,"53,0","21,0",145,,,,Мужской,05.04.1986,"Васенко,4 ОиМ",06.11.2023 18:45:00
0RB3447N-002/71,RAY BAN,мужские,металл,ободковая,круглые,черный,серый градиент,"53,0","21,0",145,,,,Мужской,29.12.1987,"Васенко,4 ОиМ",07.03.2024 15:27:49
0RB3447N-002/71,RAY BAN,мужские,металл,ободковая,круглые,черный,серый градиент,"53,0","21,0",145,,,,Женский,18.06.1982,"Васенко,4 ОиМ",14.04.2023 15:18:41
0RB3447N-002/71,RAY BAN,мужские,металл,ободковая,круглые,черный,серый градиент,"53,0","21,0",145,,,,Женский,13.05.1985,"Васенко,4 ОиМ",23.05.2023 18:46:56
0RB3447N-002/71,RAY BAN,мужские,металл,ободковая,круглые,черный,серый градиент,"53,0","21,0",145,,,,Женский,08.06.1990,"Васенко,4 ОиМ",29.04.2024 13:24:56
0RB3447N-002/71,RAY BAN,универсальные,металл,ободковая,круглые,черный,серый градиент,"50,0","21,0",145,,,,Мужской,14.01.1994,"Васенко,4 ОиМ",18.06.2024 17:44:56
0RB3447N-002/71,RAY BAN,универсальные,металл,ободковая,круглые,черный,серый градиент,"50,0","21,0",145,,,,Женский,11.10.1975,"Васенко,4 ОиМ",18.09.2023 13:26:17
0RB3447N-004/51,RAY BAN,мужские,металл,ободковая,круглые,серый,коричневый градиент,"53,0","21,0",145,,,,Мужской,17.08.1973,"Васенко,4 ОиМ",21.06.2023 14:18:27
0RB3447N-004/51,RAY BAN,мужские,металл,ободковая,круглые,серый,коричневый градиент,"53,0","21,0",145,,,,Женский,06.10.1964,"Васенко,4 ОиМ",18.06.2023 11:49:50
0RB3447N-004/51,RAY BAN,мужские,металл,ободковая,круглые,серый,коричневый градиент,"53,0","21,0",145,,,,Женский,15.06.1976,"Васенко,4 ОиМ",27.04.2023 11:59:04
0RB3447N-004/51,RAY BAN,мужские,металл,ободковая,круглые,серый,коричневый градиент,"53,0","21,0",145,,,,Женский,09.09.1985,"Васенко,4 ОиМ",24.09.2023 14:39:42
0RB3447N-004/51,RAY BAN,мужские,металл,ободковая,круглые,серый,коричневый градиент,"53,0","21,0",145,,,,Женский,15.10.2011,"Васенко,4 ОиМ",03.06.2023 10:55:19
0RB3447N-004/51,RAY BAN,универсальные,металл,ободковая,круглые,серый,коричневый градиент,"50,0","21,0",145,,,,,28.04.1975,"Васенко,4 ОиМ",25.12.2023 17:22:09
0RB3447N-004/51,RAY BAN,универсальные,металл,ободковая,круглые,серый,коричневый градиент,"50,0","21,0",145,,,,Женский,05.10.1974,"Васенко,4 ОиМ",14.06.2024 15:44:37
0RB3475Q-9041,RAY BAN,универсальные,металл,ободковая,круглые,коричневый/золотой,коричневый,"50,0","21,0",145,,,,Мужской,01.01.1989,"Васенко,4 ОиМ",01.07.2024 18:09:29
0RB3475Q-9041,RAY BAN,универсальные,металл,ободковая,круглые,коричневый/золотой,коричневый,"50,0","21,0",145,,,,Женский,12.12.1991,"40 лет Октября,15 ОиМ",23.05.2024 8:58:37
0RB3539-002/8G,RAY BAN,женские,металл,ободковая,панто,черный,серый градиент,"54,0","19,0",145,,,,Женский,13.09.1952,"Васенко,4 ОиМ",10.07.2023 19:31:14
0RB3539-002/8G,RAY BAN,женские,металл,ободковая,панто,черный,серый градиент,"54,0","19,0",145,,,,Женский,07.05.1978,"Васенко,4 ОиМ",14.08.2023 12:45:15
0RB3547N-002/71,RAY BAN,универсальные,металл,ободковая,овальные,черный,серый градиент,"51,0","21,0",145,,,,Мужской,26.04.1983,"Васенко,4 ОиМ",26.09.2023 18:06:45
0RB3548-001/3F,RAY BAN,универсальные,металл,ободковая,необычные,золотой,синий градиент,"54,0","21,0",145,,,,Мужской,12.08.1985,"Васенко,4 ОиМ",05.05.2023 13:10:37
0RB3548-001/3F,RAY BAN,универсальные,металл,ободковая,необычные,золотой,синий градиент,"54,0","21,0",145,,,,Женский,18.10.1971,"Васенко,4 ОиМ",17.02.2023 16:50:20
0RB3548-001/3F,RAY BAN,универсальные,металл,ободковая,необычные,золотой,синий градиент,"54,0","21,0",145,,,,Женский,17.05.1985,"Васенко,4 ОиМ",11.02.2024 14:23:53
0RB3548-001/3F,RAY BAN,универсальные,металл,ободковая,необычные,золотой,синий градиент,"54,0","21,0",145,,,,Женский,15.04.1994,"Васенко,4 ОиМ",29.04.2023 16:40:00
0RB3548-001/3F,RAY BAN,универсальные,металл,ободковая,необычные,золотой,синий градиент,"54,0","21,0",145,,,,Женский,27.12.1995,"Васенко,4 ОиМ",15.10.2023 12:43:02
0RB3548-001/51,RAY BAN,универсальные,металл,ободковая,необычные,золотой,коричневый градиент,"51,0","21,0",145,,,,Мужской,04.09.1992,"Васенко,4 ОиМ",11.02.2023 18:44:47
0RB3548-001/51,RAY BAN,универсальные,металл,ободковая,необычные,золотой,коричневый градиент,"51,0","21,0",145,,,,Женский,04.10.1997,"Васенко,4 ОиМ",28.05.2023 14:01:08
0RB3548-001/51,RAY BAN,универсальные,металл,ободковая,необычные,золотой,коричневый градиент,"54,0","21,0",145,,,,Мужской,25.04.1977,"Васенко,4 ОиМ",01.05.2024 13:52:33
0RB3548-001/51,RAY BAN,универсальные,металл,ободковая,необычные,золотой,коричневый градиент,"54,0","21,0",145,,,,Мужской,01.04.1994,"Васенко,4 ОиМ",11.04.2023 19:29:13
0RB3548-001/51,RAY BAN,универсальные,металл,ободковая,необычные,золотой,коричневый градиент,"54,0","21,0",145,,,,Женский,29.10.1987,"Васенко,4 ОиМ",09.03.2023 12:53:12
0RB3548-001/51,RAY BAN,универсальные,металл,ободковая,необычные,золотой,коричневый градиент,"54,0","21,0",145,,,,Женский,12.10.1990,"Васенко,4 ОиМ",16.04.2023 18:39:33
0RB3548-001/51,RAY BAN,универсальные,металл,ободковая,необычные,золотой,коричневый градиент,"54,0","21,0",145,,,,Женский,17.01.1997,"40 лет Октября,15 ОиМ",23.03.2024 17:22:18
0RB3548-001/51,RAY BAN,универсальные,металл,ободковая,необычные,золотой,коричневый градиент,"54,0","21,0",145,,,,Женский,04.07.1999,"Васенко,4 ОиМ",01.05.2023 16:20:33
0RB3548-001/51,RAY BAN,универсальные,металл,ободковая,необычные,золотой,коричневый градиент,"54,0","21,0",145,,,,Женский,12.04.2009,"Васенко,4 ОиМ",05.03.2024 14:13:37
0RB3548-002/71,RAY BAN,универсальные,металл,ободковая,необычные,черный,серый градиент,"51,0","21,0",145,,,,Мужской,08.09.1994,"Васенко,4 ОиМ",04.08.2023 11:23:23
0RB3548-002/71,RAY BAN,универсальные,металл,ободковая,необычные,черный,серый градиент,"51,0","21,0",145,,,,Женский,19.12.1979,"Васенко,4 ОиМ",03.07.2023 18:06:05
0RB3548-002/71,RAY BAN,универсальные,металл,ободковая,необычные,черный,серый градиент,"54,0","21,0",145,,,,Мужской,29.05.1999,"Васенко,4 ОиМ",22.05.2024 19:23:41
0RB3548-002/71,RAY BAN,универсальные,металл,ободковая,необычные,черный,серый градиент,"54,0","21,0",145,,,,Женский,11.04.1981,"Васенко,4 ОиМ",24.06.2023 15:58:54
0RB3548-002/71,RAY BAN,универсальные,металл,ободковая,необычные,черный,серый градиент,"54,0","21,0",145,,,,Женский,30.11.1986,"Васенко,4 ОиМ",25.03.2023 14:25:12
0RB3548-9196/31,RAY BAN,универсальные,металл,ободковая,необычные,золотой,зеленый,"51,0","21,0",145,,,,Женский,06.12.1984,"40 лет Октября,15 ОиМ",16.08.2024 11:37:01
0RB3548N-001,RAY BAN,универсальные,металл,ободковая,необычные,бронзовый,серо-зеленый,"54,0","21,0",145,,,,Мужской,16.09.1990,"Васенко,4 ОиМ",02.04.2023 19:31:00
0RB3548N-001,RAY BAN,универсальные,металл,ободковая,необычные,бронзовый,серо-зеленый,"54,0","21,0",145,,,,Женский,06.12.1984,"Васенко,4 ОиМ",29.12.2023 14:24:53
0RB3548N-001/57,RAY BAN,мужские,металл,ободковая,квадратные,золотой,коричневый,"54,0","21,0",145,,,,Мужской,27.09.1993,"Васенко,4 ОиМ",22.09.2024 11:19:17
0RB3548N-002/58,RAY BAN,универсальные,металл,ободковая,необычные,черный,серо-зеленый,"51,0","21,0",145,,,,Женский,15.06.1972,"Васенко,4 ОиМ",27.10.2024 18:54:55
0RB3548N-002/58,RAY BAN,универсальные,металл,ободковая,необычные,черный,серо-зеленый,"54,0","21,0",145,,,,Мужской,19.07.1973,"Васенко,4 ОиМ",30.05.2023 18:13:48
0RB3548N-002/58,RAY BAN,универсальные,металл,ободковая,необычные,черный,серо-зеленый,"54,0","21,0",145,,,,Мужской,29.01.1981,"Васенко,4 ОиМ",19.08.2024 17:57:15
0RB3548N-002/58,RAY BAN,универсальные,металл,ободковая,необычные,черный,серо-зеленый,"54,0","21,0",145,,,,Мужской,05.04.1986,"Васенко,4 ОиМ",29.12.2024 17:09:40
0RB3548N-002/58,RAY BAN,универсальные,металл,ободковая,необычные,черный,серо-зеленый,"54,0","21,0",145,,,,Мужской,06.06.1989,"Васенко,4 ОиМ",24.02.2023 18:26:49
0RB3548N-002/58,RAY BAN,универсальные,металл,ободковая,необычные,черный,серо-зеленый,"54,0","21,0",145,,,,Мужской,17.07.1993,"Васенко,4 ОиМ",12.06.2023 18:48:52
0RB3548N-003/02,RAY BAN,универсальные,металл,ободковая,необычные,серебристый,голубой,"51,0","21,0",145,,,,Мужской,07.03.1990,"Васенко,4 ОиМ",29.09.2024 16:00:23
0RB3548N-004/71,RAY BAN,универсальные,металл,ободковая,необычные,серебристый,серый градиент,"51,0","21,0",145,,,,Мужской,22.02.1978,"Васенко,4 ОиМ",26.08.2024 14:25:46
0RB3548N-004/71,RAY BAN,универсальные,металл,ободковая,необычные,серебристый,серый градиент,"51,0","21,0",145,,,,Мужской,24.07.1993,"Васенко,4 ОиМ",24.01.2023 15:33:44
0RB3548N-004/71,RAY BAN,универсальные,металл,ободковая,необычные,серый,серый градиент,"54,0","21,0",145,,,,Мужской,26.01.1994,"Васенко,4 ОиМ",01.04.2024 11:49:39
0RB3548N-004/71,RAY BAN,универсальные,металл,ободковая,необычные,серый,серый градиент,"54,0","21,0",145,,,,Мужской,11.07.1998,"Васенко,4 ОиМ",06.02.2023 16:47:00
0RB3548N-004/71,RAY BAN,универсальные,металл,ободковая,необычные,серый,серый градиент,"54,0","21,0",145,,,,Мужской,22.10.2003,"Васенко,4 ОиМ",10.02.2024 13:40:37
0RB3548N-004/71,RAY BAN,универсальные,металл,ободковая,необычные,серый,серый градиент,"54,0","21,0",145,,,,Женский,04.01.1974,"40 лет Октября,15 ОиМ",08.04.2024 11:40:11
0RB3548N-004/71,RAY BAN,универсальные,металл,ободковая,необычные,серый,серый градиент,"54,0","21,0",145,,,,Женский,25.12.1975,"Васенко,4 ОиМ",29.06.2023 17:02:50
0RB3548N-004/71,RAY BAN,универсальные,металл,ободковая,необычные,серый,серый градиент,"54,0","21,0",145,,,,Женский,19.06.1981,"Васенко,4 ОиМ",17.01.2023 14:21:58
0RB3548N-004/71,RAY BAN,универсальные,металл,ободковая,необычные,серый,серый градиент,"54,0","21,0",145,,,,Женский,27.03.1982,"Васенко,4 ОиМ",20.10.2024 17:34:48
0RB3548N-004/71,RAY BAN,универсальные,металл,ободковая,необычные,серый,серый градиент,"54,0","21,0",145,,,,Женский,02.09.1993,"Васенко,4 ОиМ",02.10.2023 13:14:06
0RB3548N-91233M,RAY BAN,универсальные,металл,ободковая,необычные,золотой,серо-синий градиент,"51,0","21,0",145,,,,Мужской,28.09.1984,"Васенко,4 ОиМ",11.06.2023 13:26:47
0RB3548N-91233M,RAY BAN,универсальные,металл,ободковая,необычные,золотой,серо-синий градиент,"51,0","21,0",145,,,,Женский,04.05.1986,"Васенко,4 ОиМ",14.01.2023 16:56:09
0RB3548N-91233M,RAY BAN,универсальные,металл,ободковая,необычные,золотой,серо-синий градиент,"54,0","21,0",145,,,,Женский,29.03.1996,"Васенко,4 ОиМ",21.02.2024 18:57:39
0RB3556N-001,RAY BAN,универсальные,металл,ободковая,необычные,золотой,зеленый,"53,0","21,0",145,,,,Мужской,04.09.1992,"Васенко,4 ОиМ",12.03.2023 15:57:11
0RB3556N-004/71,RAY BAN,универсальные,металл,ободковая,гексагон,серый,серый градиент,"53,0","21,0",145,,,,Женский,07.05.1971,"Васенко,4 ОиМ",12.06.2023 14:01:12
0RB3556N-004/71,RAY BAN,универсальные,металл,ободковая,гексагон,серый,серый градиент,"53,0","21,0",145,,,,Женский,16.06.1995,"Васенко,4 ОиМ",05.04.2024 13:11:13
0RB3565-001/51,RAY BAN,универсальные,металл,ободковая,панто,золотой,коричневый градиент,"53,0","20,0",145,,,,Мужской,27.10.1988,"Васенко,4 ОиМ",28.10.2023 13:07:26
0RB3565-001/51,RAY BAN,универсальные,металл,ободковая,панто,золотой,коричневый градиент,"53,0","20,0",145,,,,Мужской,18.07.1999,"Васенко,4 ОиМ",12.06.2023 18:15:10
0RB3565-001/51,RAY BAN,универсальные,металл,ободковая,панто,золотой,коричневый градиент,"53,0","20,0",145,,,,Женский,19.05.1962,"Васенко,4 ОиМ",05.03.2024 15:42:36
0RB3565-001/51,RAY BAN,универсальные,металл,ободковая,панто,золотой,коричневый градиент,"53,0","20,0",145,,,,Женский,30.01.1973,"Васенко,4 ОиМ",01.03.2024 13:22:51
0RB3565-001/51,RAY BAN,универсальные,металл,ободковая,панто,золотой,коричневый градиент,"53,0","20,0",145,,,,Женский,15.06.1995,"Васенко,4 ОиМ",02.05.2023 18:59:49
0RB3565-001/GD,RAY BAN,универсальные,металл,ободковая,необычные,золотой,синий градиент,"53,0","20,0",145,,,,Мужской,26.02.1996,"Васенко,4 ОиМ",29.05.2023 19:46:53
0RB3565-002/GE,RAY BAN,универсальные,металл,ободковая,необычные,черный,розово-голубой градиент,"53,0","20,0",145,,,,Женский,10.01.1982,"Васенко,4 ОиМ",21.04.2024 15:47:28
0RB3565-003/3F,RAY BAN,универсальные,металл,ободковая,необычные,серебристый,синий градиент,"53,0","20,0",145,,,,Мужской,09.02.1969,"Васенко,4 ОиМ",03.04.2024 19:45:40
0RB3565-003/3F,RAY BAN,универсальные,металл,ободковая,необычные,серебристый,синий градиент,"53,0","20,0",145,,,,Мужской,05.09.1995,"Васенко,4 ОиМ",28.10.2024 14:01:52
0RB3582-001/31,RAY BAN,универсальные,металл,ободковая,панто,золотой,зеленый,"53,0","20,0",145,,,,Женский,09.07.1983,"Васенко,4 ОиМ",04.02.2024 15:54:38
0RB3582-001/31,RAY BAN,универсальные,металл,ободковая,панто,золотой,зеленый,"53,0","20,0",145,,,,Женский,15.05.1988,"Васенко,4 ОиМ",21.01.2023 15:33:00
0RB3582-001/3R,RAY BAN,универсальные,металл,ободковая,панто,золотой,синий,"53,0","20,0",145,,,,Мужской,11.05.1975,"Васенко,4 ОиМ",24.07.2023 13:59:20
0RB3582-001/AF,RAY BAN,универсальные,металл,ободковая,панто,золотой,фиолетовый,"51,0","20,0",145,,,,Женский,13.11.1980,"Васенко,4 ОиМ",16.08.2023 12:40:55
0RB3625-9196G6,RAY BAN,универсальные,металл,ободковая,авиаторы,золотой,синий градиент,"58,0","14,0",135,,,,Мужской,05.07.1972,"Васенко,4 ОиМ",02.07.2023 16:13:40
0RB3625-9196G6,RAY BAN,универсальные,металл,ободковая,авиаторы,золотой,синий градиент,"58,0","14,0",135,,,,Мужской,24.11.1987,"Васенко,4 ОиМ",02.08.2024 15:55:21
0RB3636-002/B1,RAY BAN,универсальные,металл,ободковая,квадратные,черный,серый,"58,0","15,0",140,,,,Женский,16.07.1992,"Васенко,4 ОиМ",15.07.2023 11:13:30
0RB3636-9196G6,RAY BAN,универсальные,металл,ободковая,квадратные,золотой,синий градиент,"58,0","15,0",140,,,,Мужской,24.04.1979,"Васенко,4 ОиМ",23.04.2024 18:53:35
0RB3637-919631,RAY BAN,универсальные,металл,ободковая,панто,золотой,зеленый,"50,0","21,0",140,,,,Мужской,29.09.1992,"Васенко,4 ОиМ",10.03.2024 15:24:23
0RB3637-919631,RAY BAN,универсальные,металл,ободковая,панто,золотой,зеленый,"53,0","21,0",140,,,,Женский,20.06.1973,"Васенко,4 ОиМ",17.06.2023 14:17:53
0RB3647N-923871,RAY BAN,универсальные,металл,ободковая,круглые,золотой,серый градиент,"51,0","22,0",145,,,,Мужской,28.03.1988,"Васенко,4 ОиМ",29.03.2023 13:49:36
0RB3648-9230R5,RAY BAN,универсальные,металл,ободковая,необычные,бронзовый,синий,"54,0","21,0",145,,,,Женский,04.05.1986,"Васенко,4 ОиМ",14.01.2023 16:56:09
0RB3663-004/3M,RAY BAN,мужские,металл,ободковая,капли,серый,серо-синий градиент,"60,0","17,0",140,,,,Мужской,19.01.1976,"Васенко,4 ОиМ",06.03.2024 14:32:39
0RB3663-004/3M,RAY BAN,мужские,металл,ободковая,капли,серый,серо-синий градиент,"60,0","17,0",140,,,,Мужской,18.03.1976,"40 лет Октября,15 ОиМ",21.04.2024 13:53:40
0RB3663-004/3M,RAY BAN,мужские,металл,ободковая,капли,серый,серо-синий градиент,"60,0","17,0",140,,,,Мужской,14.08.1976,"Васенко,4 ОиМ",26.06.2024 19:23:29
0RB3663-004/3M,RAY BAN,мужские,металл,ободковая,капли,серый,серо-синий градиент,"60,0","17,0",140,,,,Женский,27.11.1983,"40 лет Октября,15 ОиМ",11.05.2024 12:58:21
0RB3663-004/3M,RAY BAN,мужские,металл,ободковая,капли,серый,серо-синий градиент,"60,0","17,0",140,,,,Женский,27.11.1983,"40 лет Октября,15 ОиМ",11.05.2024 19:18:14
0RB3663-004/3M,RAY BAN,мужские,металл,ободковая,капли,серый,серо-синий градиент,"60,0","17,0",140,,,,Женский,06.10.2000,"Васенко,4 ОиМ",24.04.2023 10:54:00
0RB3664-001/33,RAY BAN,универсальные,металл,ободковая,квадратные,золотой,коричневый,"50,0","19,0",145,,,,Женский,31.01.1993,"Васенко,4 ОиМ",08.02.2023 19:31:17
0RB3664CH-001/BC,RAY BAN,мужские,металл,ободковая,квадратные,золотой,фиолетовый,"50,0","19,0",145,,,,Мужской,31.08.1984,"Васенко,4 ОиМ",19.06.2024 15:05:34
0RB3669-001/Q3,RAY BAN,универсальные,металл,ободковая,прямоугольные,золотой,розово-голубой фотохром,"55,0","20,0",140,,,,Мужской,22.06.1996,"Васенко,4 ОиМ",14.05.2023 16:12:25
0RB3669-001/Q4,RAY BAN,универсальные,металл,ободковая,прямоугольные,золотой,коричневый фотохром,"55,0","20,0",140,,,,Женский,01.12.1993,"Васенко,4 ОиМ",21.03.2023 16:03:40
0RB3669-001/Q5,RAY BAN,универсальные,металл,ободковая,прямоугольные,золотой,зелено-голубой,"55,0","20,0",140,,,,Мужской,15.05.1995,"Васенко,4 ОиМ",31.03.2023 13:36:18
0RB3686-186/31,RAY BAN,мужские,металл,ободковая,трапеция,черный,серо-зеленый,"57,0","19,0",140,,,,Мужской,21.09.1957,"Васенко,4 ОиМ",05.10.2023 11:45:33
0RB3688-001/31,RAY BAN,универсальные,металл,ободковая,квадратные,золотой,зеленый,"55,0","19,0",145,,,,Женский,14.11.1975,"Васенко,4 ОиМ",07.07.2023 11:23:13
0RB3690-001/31,RAY BAN,универсальные,металл,ободковая,прямоугольные,золотой,серо-зеленый,"51,0","21,0",145,,,,Женский,05.07.1988,"Васенко,4 ОиМ",15.05.2024 15:34:59
0RB3706-004/71,RAY BAN,универсальные,металл,ободковая,квадратные,серый,серый градиент,"57,0","20,0",145,,,,Женский,02.02.1995,"Васенко,4 ОиМ",03.07.2024 19:25:37
0RB3916-1303/58,RAY BAN,универсальные,металл и пластик,ободковая,клабмастеры,черный/золотой,серый,"52,0","21,0",145,,,,Мужской,05.07.1991,"Васенко,4 ОиМ",18.05.2024 18:56:46
0RB4147-601/32,RAY BAN,мужские,пластик,ободковая,квадратные,черный,серый градиент,"56,0","15,0",145,,,,Женский,05.05.1993,"Васенко,4 ОиМ",16.03.2024 16:25:48
0RB4147-601/32,RAY BAN,мужские,пластик,ободковая,квадратные,черный,серый градиент,"56,0","15,0",145,,,,Женский,06.02.2012,"40 лет Октября,15 ОиМ",30.03.2024 19:42:28
0RB4147-601/32,RAY BAN,мужские,пластик,ободковая,квадратные,черный,серый градиент,"60,0","15,0",145,,,,Мужской,04.12.1966,"Васенко,4 ОиМ",20.05.2023 13:57:08
0RB4147-601/32,RAY BAN,мужские,пластик,ободковая,квадратные,черный,серый градиент,"60,0","15,0",145,,,,Мужской,25.05.1983,"Васенко,4 ОиМ",05.07.2023 13:01:06
0RB4147-601/32,RAY BAN,мужские,пластик,ободковая,квадратные,черный,серый градиент,"60,0","15,0",145,,,,Мужской,07.05.1991,"Васенко,4 ОиМ",15.08.2024 14:05:33
0RB4147-601/58,RAY BAN,мужские,пластик,ободковая,квадратные,черный,зеленый,"60,0","15,0",145,,,,Мужской,17.08.1976,"Васенко,4 ОиМ",22.08.2023 19:56:13
0RB4147-601/58,RAY BAN,мужские,пластик,ободковая,квадратные,черный,зеленый,"60,0","15,0",145,,,,Женский,04.11.1987,"Васенко,4 ОиМ",22.09.2024 12:11:38
0RB4147-601/80,RAY BAN,мужские,пластик,ободковая,квадратные,черный,синий,"60,0","15,0",145,,,,Мужской,02.02.1979,"Васенко,4 ОиМ",06.07.2023 11:07:44
0RB4147-601/80,RAY BAN,мужские,пластик,ободковая,квадратные,черный,синий,"60,0","15,0",145,,,,Женский,16.03.1957,"Васенко,4 ОиМ",31.07.2023 19:43:34
0RB4147-601/80,RAY BAN,мужские,пластик,ободковая,квадратные,черный,синий,"60,0","15,0",145,,,,Женский,10.05.1992,"Васенко,4 ОиМ",15.11.2024 13:42:59
0RB4147-6171/87,RAY BAN,мужские,пластик,ободковая,квадратные,черный/красный,серый,"60,0","15,0",145,,,,Мужской,23.12.1971,"Васенко,4 ОиМ",01.07.2024 11:44:58
0RB4147-6568/11,RAY BAN,мужские,пластик,ободковая,квадратные,черный/зеленый,серый градиент,"60,0","15,0",145,,,,Мужской,09.02.1995,"Васенко,4 ОиМ",13.08.2024 13:34:04
0RB4147-6569/7N,RAY BAN,мужские,пластик,ободковая,квадратные,,коричневый,"56,0","15,0",145,,,,Женский,01.03.1973,"Васенко,4 ОиМ",18.03.2023 15:23:08
0RB4147-6569/7N,RAY BAN,мужские,пластик,ободковая,квадратные,,коричневый,"60,0","15,0",145,,,,Мужской,25.05.2004,"Васенко,4 ОиМ",29.05.2023 14:29:57
0RB4165-601/8G,RAY BAN,универсальные,пластик,ободковая,квадратные,черный,черный градиент,"54,0","16,0",145,,,,Мужской,20.08.1955,"Васенко,4 ОиМ",13.06.2024 12:41:50
0RB4165-601/8G,RAY BAN,универсальные,пластик,ободковая,квадратные,черный,черный градиент,"54,0","16,0",145,,,,Мужской,17.03.1974,"Васенко,4 ОиМ",18.05.2023 13:10:55
0RB4165-601/8G,RAY BAN,универсальные,пластик,ободковая,квадратные,черный,черный градиент,"54,0","16,0",145,,,,Мужской,16.09.1975,"Васенко,4 ОиМ",27.05.2023 13:52:09
0RB4165-601/8G,RAY BAN,универсальные,пластик,ободковая,квадратные,черный,черный градиент,"54,0","16,0",145,,,,Мужской,15.09.2006,"Васенко,4 ОиМ",23.09.2023 10:43:17
0RB4165-601/8G,RAY BAN,универсальные,пластик,ободковая,квадратные,черный,черный градиент,"54,0","16,0",145,,,,Женский,01.05.1964,"Васенко,4 ОиМ",09.05.2023 16:02:28
0RB4165-601/8G,RAY BAN,универсальные,пластик,ободковая,квадратные,черный,черный градиент,"54,0","16,0",145,,,,Женский,27.08.1986,"Васенко,4 ОиМ",22.04.2023 13:57:12
0RB4165-601/8G,RAY BAN,универсальные,пластик,ободковая,квадратные,черный,черный градиент,"54,0","16,0",145,,,,Женский,15.08.1989,"Васенко,4 ОиМ",11.07.2023 18:01:46
0RB4165-622/2V,RAY BAN,мужские,пластик,ободковая,квадратные,черный,черный,"54,0","16,0",145,,,,Мужской,03.12.1962,"Васенко,4 ОиМ",20.10.2024 14:10:06
0RB4165-622/2V,RAY BAN,мужские,пластик,ободковая,квадратные,черный,черный,"54,0","16,0",145,,,,Мужской,15.08.1988,"Васенко,4 ОиМ",09.09.2023 18:42:23
0RB4165-622/5X,RAY BAN,мужские,пластик,ободковая,квадратные,черный,прозрачный,"54,0","16,0",145,,,,Мужской,02.06.2005,"Васенко,4 ОиМ",28.08.2024 14:40:38
0RB4165-622/6G,RAY BAN,мужские,пластик,ободковая,квадратные,черный,серебристый зеркальный,"54,0","16,0",145,,,,Мужской,13.02.1990,"Васенко,4 ОиМ",21.02.2023 13:26:59
0RB4165-622/6G,RAY BAN,мужские,пластик,ободковая,квадратные,черный,серебристый зеркальный,"54,0","16,0",145,,,,Мужской,24.03.2003,"Васенко,4 ОиМ",06.02.2024 15:56:02
0RB4165-622/6G,RAY BAN,мужские,пластик,ободковая,квадратные,черный,серебристый зеркальный,"54,0","16,0",145,,,,Женский,04.12.1983,"Васенко,4 ОиМ",17.03.2024 12:28:17
0RB4165-622/T3,RAY BAN,мужские,пластик,ободковая,квадратные,черный,серый градиент,"54,0","16,0",145,,,,Мужской,07.12.1985,"Васенко,4 ОиМ",24.03.2023 12:41:58
0RB4165-622/T3,RAY BAN,мужские,пластик,ободковая,квадратные,черный,серый градиент,"54,0","16,0",145,,,,Женский,17.03.1969,"Васенко,4 ОиМ",22.07.2023 16:34:58
0RB4165-622/T3,RAY BAN,мужские,пластик,ободковая,квадратные,черный,серый градиент,"54,0","16,0",145,,,,Женский,23.09.1989,"Васенко,4 ОиМ",17.05.2023 9:03:53
0RB4165-622/T3,RAY BAN,мужские,пластик,ободковая,квадратные,черный,серый градиент,"54,0","16,0",145,,,,Женский,22.02.1999,"Васенко,4 ОиМ",22.11.2024 18:48:06
0RB4165-651180,RAY BAN,мужские,пластик,ободковая,квадратные,голубой,синий,"54,0","16,0",145,,,,Женский,,"Васенко,4 ОиМ",21.01.2023 18:41:23
0RB4165-6512/87,RAY BAN,мужские,пластик,ободковая,квадратные,прозрачный,серый,"54,0","16,0",145,,,,Мужской,06.05.2004,"40 лет Октября,15 ОиМ",18.05.2024 10:29:43
0RB4165-6512/87,RAY BAN,мужские,пластик,ободковая,квадратные,прозрачный,серый,"54,0","16,0",145,,,,Женский,20.06.1988,"Васенко,4 ОиМ",08.03.2024 17:26:33
0RB4165-865/T5,RAY BAN,мужские,пластик,ободковая,прямоугольные,гавана,коричневый градиент,"54,0","16,0",145,,,,Женский,27.09.1953,"Васенко,4 ОиМ",11.10.2023 13:01:28
0RB4171-60028G,RAY BAN,женские,пластик,ободковая,панто,синий,серый градиент,"54,0","18,0",145,,,,Мужской,16.03.1967,"Васенко,4 ОиМ",04.01.2023 11:34:19
0RB4171-622/8G,RAY BAN,женские,пластик,ободковая,панто,черный,серый градиент,"54,0","18,0",145,,,,Мужской,16.09.1975,"Васенко,4 ОиМ",07.08.2023 12:53:32
0RB4171-622/8G,RAY BAN,женские,пластик,ободковая,панто,черный,серый градиент,"54,0","18,0",145,,,,Мужской,08.06.1995,"Васенко,4 ОиМ",20.04.2024 12:47:23
0RB4171-622/8G,RAY BAN,женские,пластик,ободковая,панто,черный,серый градиент,"54,0","18,0",145,,,,Мужской,10.06.2011,"Васенко,4 ОиМ",23.04.2023 15:22:48
0RB4171-622/T3,RAY BAN,женские,пластик,ободковая,панто,черный,серый градиент,"54,0","18,0",145,,,,Мужской,16.09.1975,"Васенко,4 ОиМ",27.05.2023 16:34:32
0RB4171-622/T3,RAY BAN,женские,пластик,ободковая,панто,черный,серый градиент,"54,0","18,0",145,,,,Мужской,25.02.1986,"Васенко,4 ОиМ",28.02.2023 10:32:18
0RB4171-622/T3,RAY BAN,женские,пластик,ободковая,панто,черный,серый градиент,"54,0","18,0",145,,,,Мужской,07.02.2006,"Васенко,4 ОиМ",29.04.2023 15:20:24
0RB4171-622/T3,RAY BAN,женские,пластик,ободковая,панто,черный,серый градиент,"54,0","18,0",145,,,,Женский,16.12.1973,"Васенко,4 ОиМ",09.07.2023 16:28:46
0RB4171-710/T5,RAY BAN,женские,пластик,ободковая,панто,гавана,серо-коричневый градиент,"54,0","18,0",145,,,,Мужской,26.08.1972,"Васенко,4 ОиМ",28.09.2024 16:42:11
0RB4171-710/T5,RAY BAN,женские,пластик,ободковая,панто,гавана,серо-коричневый градиент,"54,0","18,0",145,,,,Женский,22.12.1948,"Васенко,4 ОиМ",08.03.2023 14:14:25
0RB4171-710/T5,RAY BAN,женские,пластик,ободковая,панто,гавана,серо-коричневый градиент,"54,0","18,0",145,,,,Женский,30.10.1985,"Васенко,4 ОиМ",07.05.2023 12:24:45
0RB4171-865/13,RAY BAN,женские,пластик,ободковая,панто,гавана,коричневый градиент,"54,0","18,0",145,,,,Женский,18.03.1965,"Васенко,4 ОиМ",06.06.2023 17:46:37
0RB4171-865/13,RAY BAN,женские,пластик,ободковая,панто,гавана,коричневый градиент,"54,0","18,0",145,,,,Женский,26.07.1973,"Васенко,4 ОиМ",15.08.2023 15:48:49
0RB4171-865/13,RAY BAN,женские,пластик,ободковая,панто,гавана,коричневый градиент,"54,0","18,0",145,,,,Женский,30.05.1989,"Васенко,4 ОиМ",20.06.2024 14:03:14
0RB4171-865/13,RAY BAN,женские,пластик,ободковая,панто,гавана,коричневый градиент,"54,0","18,0",145,,,,Женский,04.04.1997,"Васенко,4 ОиМ",20.04.2023 13:07:04
0RB4264-601/J0,RAY BAN,мужские,пластик,ободковая,квадратные,черный,сине-золотой градиент зеркальный,"58,0","18,0",145,,,,Мужской,10.11.1977,"Васенко,4 ОиМ",03.03.2024 13:08:35
0RB4264-601/J0,RAY BAN,мужские,пластик,ободковая,квадратные,черный,сине-золотой градиент зеркальный,"58,0","18,0",145,,,,Мужской,24.09.1985,"40 лет Октября,15 ОиМ",30.03.2024 15:45:16
0RB4264-601/J0,RAY BAN,мужские,пластик,ободковая,квадратные,черный,сине-золотой градиент зеркальный,"58,0","18,0",145,,,,Мужской,26.07.2002,"Васенко,4 ОиМ",30.04.2023 11:45:58
0RB4264-601S/5J,RAY BAN,мужские,пластик,ободковая,квадратные,черный,серебристый зеркальный,"58,0","18,0",145,,,,Мужской,10.11.1977,"Васенко,4 ОиМ",16.11.2024 16:52:17
0RB4264-601S/5J,RAY BAN,мужские,пластик,ободковая,квадратные,черный,серебристый зеркальный,"58,0","18,0",145,,,,Мужской,19.04.1988,"Васенко,4 ОиМ",25.04.2023 19:49:21
0RB4264-601S/5J,RAY BAN,мужские,пластик,ободковая,квадратные,черный,серебристый зеркальный,"58,0","18,0",145,,,,Женский,22.09.1956,"Васенко,4 ОиМ",21.05.2023 11:29:55
0RB4264-601S/5J,RAY BAN,мужские,пластик,ободковая,квадратные,черный,серебристый зеркальный,"58,0","18,0",145,,,,Женский,24.06.1986,"Васенко,4 ОиМ",07.04.2024 16:52:53
0RB4264-601S/5J,RAY BAN,мужские,пластик,ободковая,квадратные,черный,серебристый зеркальный,"58,0","18,0",145,,,,Женский,03.04.1999,"40 лет Октября,15 ОиМ",02.03.2024 10:12:57
0RB4264-601S/5J,RAY BAN,мужские,пластик,ободковая,квадратные,черный,серебристый зеркальный,"58,0","18,0",145,,,,Женский,01.04.2006,"Васенко,4 ОиМ",17.06.2023 14:25:29
0RB4264-601S/A1,RAY BAN,мужские,пластик,ободковая,квадратные,черный,сине-зеленый зеркальный,"58,0","18,0",145,,,,,,"Васенко,4 ОиМ",19.02.2023 11:29:08
0RB4264-601S/A1,RAY BAN,мужские,пластик,ободковая,квадратные,черный,сине-зеленый зеркальный,"58,0","18,0",145,,,,Мужской,06.11.1960,"Васенко,4 ОиМ",27.11.2024 16:59:17
0RB4264-601S/A1,RAY BAN,мужские,пластик,ободковая,квадратные,черный,сине-зеленый зеркальный,"58,0","18,0",145,,,,Мужской,26.09.1968,"Васенко,4 ОиМ",13.04.2024 13:56:07
0RB4264-601S/A1,RAY BAN,мужские,пластик,ободковая,квадратные,черный,сине-зеленый зеркальный,"58,0","18,0",145,,,,Мужской,18.08.1979,"40 лет Октября,15 ОиМ",08.02.2023 16:07:23
0RB4264-601S/A1,RAY BAN,мужские,пластик,ободковая,квадратные,черный,сине-зеленый зеркальный,"58,0","18,0",145,,,,Женский,21.02.1976,"Васенко,4 ОиМ",22.03.2024 19:03:49
0RB4264-601S/A1,RAY BAN,мужские,пластик,ободковая,квадратные,черный,сине-зеленый зеркальный,"58,0","18,0",145,,,,Женский,25.08.1986,"Васенко,4 ОиМ",06.05.2023 13:54:42
0RB4264-876/6O,RAY BAN,мужские,пластик,ободковая,квадратные,серый,зелено-золотой зеркальный,"58,0","18,0",145,,,,Мужской,08.03.2003,"Васенко,4 ОиМ",08.09.2024 15:44:10
0RB4296-63455A,RAY BAN,универсальные,пластик,ободковая,панто,,золотисто-коричневый зеркальный,"50,0","21,0",150,,,,Мужской,16.03.1967,"Васенко,4 ОиМ",12.03.2023 11:50:56
0RB4306-657780,RAY BAN,универсальные,пластик,ободковая,необычные,серый,синий,"54,0","19,0",145,,,,Мужской,08.09.2001,"Васенко,4 ОиМ",02.06.2023 18:36:12
0RB4385-601S/A1,RAY BAN,мужские,пластик,ободковая,трапеция,черный,зелено-голубой зеркальный,"58,0","18,0",145,,,,Женский,17.04.1989,"Васенко,4 ОиМ",03.08.2023 19:26:17
0RB4416-601/31,RAY BAN,универсальные,металл и пластик,ободковая,клабмастеры,черный/золотой,серо-зеленый,"53,0","20,0",145,,,,Мужской,03.08.1972,"Васенко,4 ОиМ",10.04.2024 16:58:48
0RB4416-710/51,RAY BAN,универсальные,металл и пластик,ободковая,клабмастеры,черепаховый,коричневый градиент,"51,0","20,0",145,,,,Мужской,30.04.1986,"Васенко,4 ОиМ",21.04.2024 14:21:26
0RB8313-004/N5,RAY BAN,мужские,металл,ободковая,авиаторы,серый,серо-зеленый,"61,0","13,0",140,,,,Мужской,20.12.1991,"Васенко,4 ОиМ",15.08.2023 19:41:53
0RJ9071S-702187,RAY BAN,подростковые для девочек,пластик,ободковая,квадратные,фиолетовый,серый,"48,0","18,0",130,,,,Женский,28.10.1988,"Васенко,4 ОиМ",08.06.2023 13:52:45
0TF3078B-61059S,TIFFANY,женские,металл,ободковая,квадратные,серебристый,синий градиент,"60,0","16,0",140,,,,Мужской,03.11.2012,"Васенко,4 ОиМ",08.02.2023 15:30:52
0TF3094-6001/9S,TIFFANY,женские,металл,ободковая,квадратные,серебристый,серо-синий градиент,"58,0","16,0",140,,,,Женский,25.08.1982,"Васенко,4 ОиМ",16.06.2024 14:48:37
0TF3104D-6001/80,TIFFANY,женские,металл,безободковая,овальные,серебристый,синий,"56,0","18,0",140,,,,Женский,01.01.1985,"Васенко,4 ОиМ",17.12.2024 13:32:28
0TF3104D-6021/80,TIFFANY,женские,металл,безободковая,овальные,золотой,синий,"56,0","18,0",140,,,,Мужской,09.06.1978,"Васенко,4 ОиМ",15.08.2024 13:10:06
0TF3104D-6178/11,TIFFANY,женские,металл,безободковая,овальные,золотой,серо-коричневый градиент,"56,0","18,0",140,,,,Женский,02.03.1985,"Васенко,4 ОиМ",10.08.2024 17:02:24
0TF3104D-6216/S4,TIFFANY,женские,металл,безободковая,овальные,золотой,черный,"56,0","18,0",140,,,,Женский,18.03.1991,"Васенко,4 ОиМ",21.08.2024 11:02:21
0TF4170-80019S,TIFFANY,женские,пластик,ободковая,кошачий глаз,черный,голубой градиент,"54,0","18,0",140,,,,Женский,06.09.1979,"Васенко,4 ОиМ",16.06.2023 16:00:39
0TF4197-8015/3G,TIFFANY,женские,пластик,ободковая,прямоугольные,черепаховый,коричневый,"62,0","17,0",140,,,,Женский,29.03.1981,"Васенко,4 ОиМ",09.08.2024 14:16:55
0TF4205-U-8001/S4,TIFFANY,женские,пластик,ободковая,трапеция,черный,черный,"56,0","14,0",140,,,,Мужской,31.12.1988,"Васенко,4 ОиМ",26.05.2024 14:25:02
0VE2150Q-134187,VERSACE,мужские,металл,ободковая,авиаторы,золотой,серый,"62,0","14,0",140,,,,Женский,02.03.1974,"Васенко,4 ОиМ",04.06.2023 12:34:09
0VE2233-1472C8,VERSACE,мужские,металл,ободковая,необычные,красный,красно-розовый зеркальный,"60,0","16,0",145,,,,Женский,15.08.1988,"Васенко,4 ОиМ",20.04.2023 19:48:03
0VE2241-147884,VERSACE,мужские,металл,безободковая,необычные,прозрачный,красный,"143,0",,135,,,,Женский,17.05.1993,"Васенко,4 ОиМ",18.05.2023 10:13:26
0VE4361-GB1/87,VERSACE,универсальные,пластик,ободковая,прямоугольные,черный,серый,"53,0","18,0",140,,,,Женский,06.09.1998,"Васенко,4 ОиМ",03.05.2024 19:45:26
0VE4395-534587,VERSACE,женские,пластик,ободковая,квадратные,черный,серый,"59,0","17,0",145,,,,Мужской,22.01.1962,"Васенко,4 ОиМ",27.05.2023 18:16:27
0VE4428U-5371/25,VERSACE,подростковые для девочек,пластик,ободковая,овальные,зеленый,голубой зеркальный,"45,0","20,0",130,,,,Мужской,03.07.1966,"Васенко,4 ОиМ",15.03.2024 13:42:42
0VE4429U-GB1/87,VERSACE,подростковые для девочек,пластик,ободковая,прямоугольные,черный,серый,"48,0","16,0",130,,,,Мужской,03.07.1966,"Васенко,4 ОиМ",15.03.2024 13:42:42
0VE4430U-5294/87,VERSACE,универсальные,пластик,ободковая,трапеция,синий,серый,"53,0","20,0",140,,,,Мужской,29.04.2005,"Васенко,4 ОиМ",16.11.2024 19:12:09
0VE4434-5382/73,VERSACE,женские,пластик,ободковая,квадратные,бордовый,коричневый,"54,0","20,0",145,,,,Женский,20.06.1959,"Васенко,4 ОиМ",30.06.2024 14:29:33
0VE4434-GB1/87,VERSACE,женские,пластик,ободковая,квадратные,черный,серый,"54,0","20,0",145,,,,Мужской,04.04.1973,"Васенко,4 ОиМ",15.03.2024 14:33:07
0VE4439-5388/87,VERSACE,универсальные,пластик,ободковая,маска,красный,серый,"133,0",,145,,,,Мужской,29.04.2005,"Васенко,4 ОиМ",16.11.2024 19:12:09
0VO2943SB-298911,VOGUE,женские,пластик,ободковая,бабочка,фиолетовый,серый градиент,"55,0","17,0",135,,,,Женский,11.03.1960,"40 лет Октября,15 ОиМ",21.01.2023 14:20:56
0VO4148S-848/11,VOGUE,женские,металл,безободковая,кошачий глаз,золотой,серый градиент,"139,0",,142,,,,Женский,03.05.1981,"Комсомольский,33 ОиМ",22.01.2023 15:03:34
0VO4166S-512284,VOGUE,женские,металл,ободковая,прямоугольные,серебристый,розовый,"49,0","19,0",135,,,,Женский,19.05.2014,"Васенко,4 ОиМ",15.01.2023 15:30:37
0VO4175SB-280/13,VOGUE,женские,металл,ободковая,квадратные,золотой,коричневый градиент,"53,0","17,0",135,,,,Женский,25.07.1956,"40 лет Октября,15 ОиМ",27.03.2023 12:29:06
0VO4175SB-280/13,VOGUE,женские,металл,ободковая,квадратные,золотой,коричневый градиент,"53,0","17,0",135,,,,Женский,08.04.1985,"Комсомольский,33 ОиМ",17.03.2023 10:35:41
0VO4223S-323/11,VOGUE,женские,металл,ободковая,кошачий глаз,черный,серый градиент,"57,0","19,0",135,,,,Женский,16.11.1990,"40 лет Октября,15 ОиМ",22.03.2023 18:38:06
0VO4223S-323/87,VOGUE,женские,металл,ободковая,кошачий глаз,голубой,серый,"57,0","19,0",135,,,,Женский,02.11.1972,"Васенко,4 ОиМ",04.02.2023 18:21:37
0VO4223S-352/14,VOGUE,женские,металл,ободковая,кошачий глаз,бордовый,розово-коричневый градиент,"57,0","19,0",135,,,,Женский,15.11.1966,"Васенко,4 ОиМ",04.02.2023 15:09:33
0VO4223S-352/14,VOGUE,женские,металл,ободковая,кошачий глаз,бордовый,розово-коричневый градиент,"57,0","19,0",135,,,,Женский,26.04.1969,"Комсомольский,33 ОиМ",22.05.2023 16:25:42
0VO4224S-280/71,VOGUE,женские,металл,ободковая,необычные,черный,зеленый,"55,0","19,0",135,,,,Женский,23.06.1979,"40 лет Октября,15 ОиМ",17.06.2023 15:57:12
0VO4224S-280/71,VOGUE,женские,металл,ободковая,необычные,черный,зеленый,"55,0","19,0",135,,,,Женский,12.10.1990,"Васенко,4 ОиМ",16.04.2023 18:39:33
0VO4227S-280/13,VOGUE,женские,металл,ободковая,круглые,золотой,коричневый градиент,"53,0","17,0",135,,,,Мужской,01.05.1971,"Васенко,4 ОиМ",04.03.2023 13:03:52
0VO4227S-323/11,VOGUE,женские,металл,ободковая,круглые,серебристый,серый градиент,"53,0","17,0",135,,,,Женский,27.05.1989,"Комсомольский,33 ОиМ",02.04.2023 10:32:09
0VO4227S-848/4L,VOGUE,женские,металл,ободковая,круглые,золотой,серый градиент,"53,0","17,0",135,,,,Женский,25.04.1975,"40 лет Октября,15 ОиМ",15.07.2023 12:58:35
0VO4232S-515270,VOGUE,женские,металл,ободковая,бабочка,розовый,желтый,"53,0","16,0",135,,,,Женский,22.01.1956,"Васенко,4 ОиМ",21.04.2023 19:32:27
0VO5246S-W44/87,VOGUE,женские,пластик,ободковая,круглые,черный,серый,"53,0","17,0",140,,,,Женский,22.12.1967,"Васенко,4 ОиМ",20.01.2023 14:07:53
0VO5271S-296014,VOGUE,женские,пластик,ободковая,квадратные,бордовый,розово-коричневый градиент,"53,0","20,0",140,,,,Женский,26.08.1960,"Васенко,4 ОиМ",22.04.2023 16:43:01
0VO5353S-238671,VOGUE,женские,пластик,ободковая,квадратные,гавана,зеленый,"54,0","16,0",140,,,,Женский,20.06.1983,"Комсомольский,33 ОиМ",24.05.2024 14:47:17
0VO5353S-298536,VOGUE,женские,пластик,ободковая,квадратные,фиолетовый,серо-розовый градиент,"54,0","16,0",140,,,,Женский,11.02.1984,"Васенко,4 ОиМ",04.03.2023 13:44:54
0VO5361S-W44/87,VOGUE,женские,пластик,ободковая,необычные,черный,серый,"55,0","16,0",140,,,,Женский,28.11.1972,"40 лет Октября,15 ОиМ",11.03.2023 18:57:31
0VO5361S-W44/87,VOGUE,женские,пластик,ободковая,необычные,черный,серый,"55,0","16,0",140,,,,Женский,18.12.1987,"40 лет Октября,15 ОиМ",15.02.2023 12:11:48
0VO5384SB-238673,VOGUE,женские,пластик,ободковая,необычные,гавана,коричневый,"53,0","19,0",135,,,,Женский,10.06.1973,"40 лет Октября,15 ОиМ",05.06.2023 18:06:05
0VO5384SB-238673,VOGUE,женские,пластик,ободковая,необычные,гавана,коричневый,"53,0","19,0",135,,,,Женский,11.08.1974,"Комсомольский,33 ОиМ",21.03.2023 18:43:44
0VO5384SB-W44/11,VOGUE,женские,пластик,ободковая,необычные,черный,серый градиент,"53,0","19,0",135,,,,Женский,20.02.1972,"40 лет Октября,15 ОиМ",01.03.2024 15:05:43
0VO5385SB-2933V1,VOGUE,женские,пластик,ободковая,овальные,фиолетовый,серо-синий градиент,"53,0","19,0",135,,,,Мужской,29.01.1984,"Комсомольский,33 ОиМ",30.04.2024 13:12:47
0VO5385SB-2933V1,VOGUE,женские,пластик,ободковая,овальные,фиолетовый,серо-синий градиент,"53,0","19,0",135,,,,Женский,03.09.1968,"40 лет Октября,15 ОиМ",02.08.2023 18:25:24
0VO5385SB-2933V1,VOGUE,женские,пластик,ободковая,овальные,фиолетовый,серо-синий градиент,"53,0","19,0",135,,,,Женский,12.04.1979,"40 лет Октября,15 ОиМ",13.04.2023 17:09:22
0VO5385SB-2933V1,VOGUE,женские,пластик,ободковая,овальные,фиолетовый,серо-синий градиент,"53,0","19,0",135,,,,Женский,09.10.1992,"Комсомольский,33 ОиМ",10.04.2024 18:33:31
0VO5385SB-293811,VOGUE,женские,пластик,ободковая,овальные,серый,серый градиент,"53,0","19,0",135,,,,Женский,09.09.1939,"40 лет Октября,15 ОиМ",25.01.2024 12:25:37
0VO5385SB-293811,VOGUE,женские,пластик,ободковая,овальные,серый,серый градиент,"53,0","19,0",135,,,,Женский,27.08.1980,"40 лет Октября,15 ОиМ",30.07.2024 13:09:56
0VO5385SB-293811,VOGUE,женские,пластик,ободковая,овальные,серый,серый градиент,"53,0","19,0",135,,,,Женский,21.01.1989,"40 лет Октября,15 ОиМ",06.04.2023 15:22:24
0VO5385SB-W44/87,VOGUE,женские,пластик,ободковая,овальные,черный,серый,"53,0","19,0",135,,,,Мужской,16.01.1989,"40 лет Октября,15 ОиМ",02.04.2023 13:06:44
0VO5385SB-W44/87,VOGUE,женские,пластик,ободковая,овальные,черный,серый,"53,0","19,0",135,,,,Женский,09.12.1961,"Комсомольский,33 ОиМ",25.01.2024 16:18:56
0VO5385SB-W44/87,VOGUE,женские,пластик,ободковая,овальные,черный,серый,"53,0","19,0",135,,,,Женский,01.08.1975,"40 лет Октября,15 ОиМ",27.03.2023 18:01:38
0VO5392S-295180,VOGUE,женские,пластик,ободковая,прямоугольные,голубой,синий,"50,0","20,0",140,,,,Женский,12.03.1986,"Комарова,110 ОиМ",07.04.2024 16:13:40
0VO5392S-295393,VOGUE,женские,пластик,ободковая,прямоугольные,зеленый,коричневый,"50,0","20,0",140,,,,Мужской,16.10.1998,"Комсомольский,33 ОиМ",05.01.2023 18:15:05
0VO5410S-2968I6,VOGUE,женские,пластик,ободковая,квадратные,бордовый,розово-голубой градиент,"56,0","19,0",140,,,,,20.09.1982,"40 лет Октября,15 ОиМ",12.04.2024 11:48:10
0VO5410S-2968I6,VOGUE,женские,пластик,ободковая,квадратные,бордовый,розово-голубой градиент,"56,0","19,0",140,,,,Женский,23.02.1973,"Комсомольский,33 ОиМ",11.04.2024 15:27:57
0VO5410S-W44/71,VOGUE,женские,пластик,ободковая,квадратные,черный,зеленый,"56,0","19,0",140,,,,Женский,23.11.1979,"40 лет Октября,15 ОиМ",05.03.2023 13:21:33
0VO5414S-516369,VOGUE,женские,пластик,ободковая,прямоугольные,розовый,фиолетовый,"51,0","18,0",135,,,,Мужской,24.10.1968,"Васенко,4 ОиМ",26.03.2023 13:46:12
1000/S-807HA,DAVID BECKHAM,мужские,пластик,ободковая,капли,черный,коричневый градиент,"59,0","17,0",145,,,,Женский,15.08.1959,"Васенко,4 ОиМ",24.09.2023 17:50:16
1000/S-807HA,DAVID BECKHAM,мужские,пластик,ободковая,капли,черный,коричневый градиент,"59,0","17,0",145,,,,Женский,19.12.1996,"Васенко,4 ОиМ",09.08.2023 13:23:53
1001/S-J5G9K,DAVID BECKHAM,мужские,металл,полуободковая,квадратные,золотой,зеленый градиент,"55,0","20,0",145,,,,Мужской,11.07.1988,"Васенко,4 ОиМ",09.07.2023 14:01:09
1008ZC-EJ025,RIGARDS,универсальные,титан,ободковая,круглые,серый,серый градиент,"36,0","31,0",145,,,,Женский,23.08.1981,"Васенко,4 ОиМ",27.10.2024 15:16:42
1030-01,FLAMINGO,женские,пластик,ободковая,бабочка,черный,серый градиент,"54,0","17,0",145,,,,Женский,28.02.1988,"40 лет Октября,15 ОиМ",16.04.2023 18:37:02
1031-01,FLAMINGO,женские,пластик,ободковая,квадратные,серый,серо-голубой градиент,"58,0","17,0",140,,,,Женский,05.09.1948,"Комарова,110 ОиМ",31.08.2023 16:14:19
1031-01,FLAMINGO,женские,пластик,ободковая,квадратные,серый,серо-голубой градиент,"58,0","17,0",140,,,,Женский,24.11.1952,"40 лет Октября,15 ОиМ",19.10.2023 9:51:08
1031-01,FLAMINGO,женские,пластик,ободковая,квадратные,серый,серо-голубой градиент,"58,0","17,0",140,,,,Женский,14.01.1968,"40 лет Октября,15 ОиМ",04.06.2023 16:44:28
1031-01,FLAMINGO,женские,пластик,ободковая,квадратные,серый,серо-голубой градиент,"58,0","17,0",140,,,,Женский,15.03.1986,"Комсомольский,33 ОиМ",15.04.2023 11:42:45
1031-02,FLAMINGO,женские,пластик,ободковая,квадратные,темно-серый,серый градиент,"58,0","17,0",140,,,,Женский,29.05.1970,"40 лет Октября,15 ОиМ",14.04.2023 15:38:53
1031-02,FLAMINGO,женские,пластик,ободковая,квадратные,темно-серый,серый градиент,"58,0","17,0",140,,,,Женский,25.01.1990,"Комсомольский,33 ОиМ",20.06.2023 17:59:37
1031-02,FLAMINGO,женские,пластик,ободковая,квадратные,темно-серый,серый градиент,"58,0","17,0",140,,,,Женский,26.11.2004,"40 лет Октября,15 ОиМ",15.08.2023 13:18:22
1031S-010,GUCCI,женские,металл,ободковая,квадратные,,,"59,0","16,0",145,,,,Женский,06.11.1964,"Васенко,4 ОиМ",31.07.2023 13:33:08
1032-01,FLAMINGO,женские,пластик,ободковая,кошачий глаз,черный,серый,"54,0","19,0",144,,,,Женский,07.01.1959,"40 лет Октября,15 ОиМ",19.04.2023 16:50:33
1032-01,FLAMINGO,женские,пластик,ободковая,кошачий глаз,черный,серый,"54,0","19,0",144,,,,Женский,25.06.1972,"Комсомольский,33 ОиМ",10.06.2023 10:49:48
1032-01,FLAMINGO,женские,пластик,ободковая,кошачий глаз,черный,серый,"54,0","19,0",144,,,,Женский,16.11.1988,"40 лет Октября,15 ОиМ",07.09.2023 15:23:11
1036-02,FLAMINGO,женские,пластик,ободковая,бабочка,бордовый,серый,"54,0","18,0",139,,,,Мужской,24.03.1959,"40 лет Октября,15 ОиМ",27.06.2023 18:08:47
1036-02,FLAMINGO,женские,пластик,ободковая,бабочка,бордовый,серый,"54,0","18,0",139,,,,Мужской,11.05.2012,"40 лет Октября,15 ОиМ",06.08.2023 12:09:22
1036-02,FLAMINGO,женские,пластик,ободковая,бабочка,бордовый,серый,"54,0","18,0",139,,,,Женский,05.05.1973,"Комсомольский,33 ОиМ",16.05.2023 19:00:31
1036-02,FLAMINGO,женские,пластик,ободковая,бабочка,бордовый,серый,"54,0","18,0",139,,,,Женский,19.11.1973,"Комарова,110 ОиМ",02.05.2023 14:46:41
1038-01,FLAMINGO,женские,пластик,ободковая,бабочка,темно-серый,серый градиент,"55,0","18,0",141,,,,Женский,20.05.1974,"Комсомольский,33 ОиМ",14.05.2023 12:26:58
1038-01,FLAMINGO,женские,пластик,ободковая,бабочка,темно-серый,серый градиент,"55,0","18,0",141,,,,Женский,27.04.1979,"40 лет Октября,15 ОиМ",11.05.2023 16:05:42
1038-01,FLAMINGO,женские,пластик,ободковая,бабочка,темно-серый,серый градиент,"55,0","18,0",141,,,,Женский,23.06.2016,"40 лет Октября,15 ОиМ",30.07.2023 14:00:54
103S-700G,PHILIPP PLEIN,женские,пластик,ободковая,квадратные,черный,золотой зеркальный,"51,0","21,0",130,,,,Мужской,06.08.1986,"Васенко,4 ОиМ",28.11.2024 19:45:30
1042-01,FLAMINGO,женские,пластик,ободковая,кошачий глаз,черный,серый,"59,0","17,0",144,,,,Женский,15.03.1989,"Комсомольский,33 ОиМ",03.04.2023 12:44:29
1042-03,FLAMINGO,женские,пластик,ободковая,кошачий глаз,бежевый,коричневый,"59,0","17,0",144,,,,,,"40 лет Октября,15 ОиМ",03.08.2023 17:08:17
1042-03,FLAMINGO,женские,пластик,ободковая,кошачий глаз,бежевый,коричневый,"59,0","17,0",144,,,,Мужской,28.05.1969,"Комарова,110 ОиМ",15.07.2023 14:14:57
1042-03,FLAMINGO,женские,пластик,ободковая,кошачий глаз,бежевый,коричневый,"59,0","17,0",144,,,,Женский,28.09.1976,"Комсомольский,33 ОиМ",22.05.2023 14:29:41
1042-03,FLAMINGO,женские,пластик,ободковая,кошачий глаз,бежевый,коричневый,"59,0","17,0",144,,,,Женский,13.06.1980,"40 лет Октября,15 ОиМ",23.04.2023 11:37:25
1044-03,FLAMINGO,женские,пластик,ободковая,квадратные,коричневый,коричневый,"54,0","18,0",140,,,,Женский,01.02.1940,"Комарова,110 ОиМ",13.04.2023 16:21:55
1044-03,FLAMINGO,женские,пластик,ободковая,квадратные,коричневый,коричневый,"54,0","18,0",140,,,,Женский,19.12.1941,"Комсомольский,33 ОиМ",18.04.2023 11:27:07
1044-03,FLAMINGO,женские,пластик,ободковая,квадратные,коричневый,коричневый,"54,0","18,0",140,,,,Женский,09.10.1987,"40 лет Октября,15 ОиМ",20.04.2023 13:30:12
1054/S-2M286,CARRERA,мужские,металл,безободковая,капли,золотой,коричневый градиент,"63,0","12,0",145,,,,Мужской,02.09.1976,"Васенко,4 ОиМ",06.06.2023 14:38:53
1054/S-V81IR,CARRERA,мужские,металл,безободковая,капли,серый,серый,"63,0","12,0",145,,,,Мужской,18.11.1961,"Васенко,4 ОиМ",14.06.2023 14:17:39
1056/S-80S9O,CARRERA,мужские,пластик,полуободковая,маска,черный/белый,черный градиент,"61,0","11,0",145,,,,Мужской,04.08.1982,"Васенко,4 ОиМ",17.09.2023 18:39:20
1058/S-2M2HA,CARRERA,мужские,пластик,полуободковая,маска,черный/оранжевый,черный,"63,0","11,0",135,,,,Мужской,12.02.1984,"Васенко,4 ОиМ",14.07.2023 18:30:18
1058/S-OIT9O,CARRERA,мужские,пластик,полуободковая,маска,черный/красный,черный градиент,"63,0","11,0",135,,,,Женский,05.05.1972,"Васенко,4 ОиМ",09.09.2023 16:32:41
1066/S-00386,CARRERA,мужские,пластик,полуободковая,трапеция,черный,коричневый градиент,"63,0","12,0",145,,,,Женский,16.05.1976,"40 лет Октября,15 ОиМ",18.05.2024 11:21:04
1078/S-31ZHA,DAVID BECKHAM,мужские,металл,безободковая,необычные,серый,коричневый градиент,"53,0","20,0",150,,,,Женский,03.08.1989,"Васенко,4 ОиМ",10.08.2023 10:09:49
1078/S-IDAQZ,DAVID BECKHAM,мужские,металл,безободковая,овальные,,,"53,0","20,0",150,,,,Женский,28.07.1966,"Васенко,4 ОиМ",12.03.2023 14:40:16
1092/S-8079O,DAVID BECKHAM,мужские,пластик,ободковая,квадратные,черный,черный градиент,"55,0","17,0",145,,,,Женский,06.10.1964,"Васенко,4 ОиМ",18.06.2023 11:49:50
1097/S-06JKU,DAVID BECKHAM,мужские,титан,ободковая,гексагон,коричневый,черный,"49,0","24,0",150,,,,Мужской,02.10.1977,"Васенко,4 ОиМ",15.11.2023 15:56:49
1097/S-0NZIR,DAVID BECKHAM,мужские,титан,ободковая,панто,черный/золотой,серый,"49,0","24,0",150,,,,Мужской,03.10.1991,"Васенко,4 ОиМ",24.09.2023 16:17:54
1097/S-763QT,DAVID BECKHAM,мужские,титан,ободковая,гексагон,золотой,зеленый,"49,0","24,0",150,,,,Женский,10.03.1987,"Васенко,4 ОиМ",10.07.2023 14:05:15
1098/S-79UIR,DAVID BECKHAM,мужские,пластик,ободковая,панто,,,"49,0","23,0",150,,,,Мужской,16.10.2001,"Васенко,4 ОиМ",29.03.2023 18:45:42
11-556 13,ENNI MARCO,женские,металл,безободковая,трапеция,серебристый,коричневый градиент,"61,0","17,0",138,,,,Мужской,24.06.1984,"Васенко,4 ОиМ",17.08.2023 14:45:04
11-562 13,ENNI MARCO,женские,металл,ободковая,круглые,,,"54,0","19,0",142,,,,Женский,23.06.1981,"40 лет Октября,15 ОиМ",26.03.2023 14:10:35
11-577 21P,ENNI MARCO,женские,металл и пластик,ободковая,трапеция,,,"54,0","18,0",140,,,,Женский,05.05.1972,"Васенко,4 ОиМ",09.09.2023 16:32:41
11-613-01,EMILIA,женские,металл,ободковая,круглые,черный/золотой,серый градиент,"55,0","15,0",145,,,,Женский,06.11.1992,"Васенко,4 ОиМ",27.03.2023 13:23:49
11-613-19,EMILIA,женские,металл,ободковая,круглые,синий/золотой,серый градиент,"55,0","15,0",145,,,,Женский,12.06.1983,"40 лет Октября,15 ОиМ",19.04.2024 15:46:08
11-622 33P,ENNI MARCO,женские,пластик,ободковая,квадратные,серый,коричневый градиент,"54,0","18,0",142,,,,Женский,16.03.1965,"Васенко,4 ОиМ",01.06.2023 13:28:25
11-622 33P,ENNI MARCO,женские,пластик,ободковая,квадратные,серый,коричневый градиент,"54,0","18,0",142,,,,Женский,27.07.1979,"Комсомольский,33 ОиМ",03.02.2023 16:52:40
11-622 33P,ENNI MARCO,женские,пластик,ободковая,квадратные,серый,коричневый градиент,"54,0","18,0",142,,,,Женский,29.07.1993,"40 лет Октября,15 ОиМ",29.01.2023 18:35:30
11-700 06,ENNI MARCO,мужские,металл и пластик,ободковая,капли,черный,серо-зеленый,"60,0","16,0",145,,,,Мужской,02.01.1949,"40 лет Октября,15 ОиМ",19.04.2023 14:56:22
11-701 18,ENNI MARCO,мужские,металл,ободковая,капли,черный,серо-зеленый,"55,0","17,0",145,,,,Женский,05.10.1974,"40 лет Октября,15 ОиМ",02.06.2023 17:02:46
11-702 02,ENNI MARCO,мужские,металл,ободковая,капли,коричневый,коричневый градиент,"56,0","17,0",145,,,,Женский,11.12.1986,"40 лет Октября,15 ОиМ",27.03.2023 14:45:18
11-702 06,ENNI MARCO,мужские,металл,ободковая,капли,серый,серый,"56,0","17,0",145,,,,Мужской,02.10.1977,"40 лет Октября,15 ОиМ",01.06.2023 19:36:34
11-702 18,ENNI MARCO,мужские,металл,ободковая,капли,черный,серо-зеленый,"56,0","17,0",145,,,,Мужской,11.05.1987,"Васенко,4 ОиМ",18.07.2023 13:44:01
11-702 18,ENNI MARCO,мужские,металл,ободковая,капли,черный,серо-зеленый,"56,0","17,0",145,,,,Женский,01.05.1991,"40 лет Октября,15 ОиМ",18.04.2023 12:49:18
11-704 07P,ENNI MARCO,женские,пластик,ободковая,бабочка,многоцветный,коричневый градиент,"54,0","19,0",145,,,,Женский,17.03.1983,"40 лет Октября,15 ОиМ",18.05.2023 13:18:57
11-704 18P,ENNI MARCO,женские,пластик,ободковая,бабочка,черный,серый градиент,"54,0","19,0",145,,,,Женский,23.06.1939,"40 лет Октября,15 ОиМ",15.01.2024 11:40:26
11-704 18P,ENNI MARCO,женские,пластик,ободковая,бабочка,черный,серый градиент,"54,0","19,0",145,,,,Женский,02.03.1950,"Комсомольский,33 ОиМ",02.09.2024 15:11:48
11-704 18P,ENNI MARCO,женские,пластик,ободковая,бабочка,черный,серый градиент,"54,0","19,0",145,,,,Женский,13.08.1973,"40 лет Октября,15 ОиМ",15.06.2024 17:54:14
11-704 19P,ENNI MARCO,женские,пластик,ободковая,бабочка,многоцветный,серый градиент,"54,0","19,0",145,,,,Женский,22.09.1971,"40 лет Октября,15 ОиМ",18.09.2024 10:44:51
11-704 19P,ENNI MARCO,женские,пластик,ободковая,бабочка,многоцветный,серый градиент,"54,0","19,0",145,,,,Женский,26.10.1976,"40 лет Октября,15 ОиМ",31.10.2024 19:23:24
11-705 19P,ENNI MARCO,женские,пластик,ободковая,кошачий глаз,синий,серо-голубой градиент,"55,0","19,0",145,,,,Мужской,01.03.1979,"Васенко,4 ОиМ",18.03.2023 10:54:06
11-705 19P,ENNI MARCO,женские,пластик,ободковая,кошачий глаз,синий,серо-голубой градиент,"55,0","19,0",145,,,,Женский,27.03.1960,"40 лет Октября,15 ОиМ",06.03.2024 14:04:14
11-705 33P,ENNI MARCO,женские,пластик,ободковая,кошачий глаз,черный,серо-черный градиент,"55,0","19,0",145,,,,Женский,07.08.1937,"Комсомольский,33 ОиМ",19.07.2023 16:42:19
11-705 33P,ENNI MARCO,женские,пластик,ободковая,кошачий глаз,черный,серо-черный градиент,"55,0","19,0",145,,,,Женский,08.04.1961,"40 лет Октября,15 ОиМ",08.06.2023 16:38:34
11-710 05,ENNI MARCO,женские,металл,безободковая,ромб,,серый градиент,"61,0","16,0",140,,,,Женский,13.11.1965,"40 лет Октября,15 ОиМ",27.02.2023 18:43:30
11-710 05,ENNI MARCO,женские,металл,безободковая,ромб,,серый градиент,"61,0","16,0",140,,,,Женский,21.11.1977,"40 лет Октября,15 ОиМ",08.07.2023 19:01:09
11-710 05,ENNI MARCO,женские,металл,безободковая,ромб,,серый градиент,"61,0","16,0",140,,,,Женский,27.08.1985,"40 лет Октября,15 ОиМ",06.05.2023 17:34:29
11-710 10,ENNI MARCO,женские,металл,безободковая,ромб,золотой,коричневый градиент,"61,0","16,0",140,,,,Женский,19.03.1991,"Комсомольский,33 ОиМ",24.06.2023 17:14:30
11-710 10,ENNI MARCO,женские,металл,безободковая,ромб,золотой,коричневый градиент,"61,0","16,0",140,,,,Женский,17.05.1993,"Васенко,4 ОиМ",18.05.2023 10:13:26
11-710 10,ENNI MARCO,женские,металл,безободковая,ромб,золотой,коричневый градиент,"61,0","16,0",140,,,,Женский,14.08.2003,"40 лет Октября,15 ОиМ",20.03.2024 16:38:53
11-711 07P,ENNI MARCO,женские,пластик,ободковая,бабочка,многоцветный,коричневый градиент,"52,0","18,0",145,,,,Женский,02.02.1971,"Васенко,4 ОиМ",12.06.2023 16:10:34
11-711 17P,ENNI MARCO,женские,пластик,ободковая,бабочка,черный,серо-черный градиент,"52,0","18,0",145,,,,Женский,01.01.1979,"Васенко,4 ОиМ",25.04.2023 17:49:35
11-711 19P,ENNI MARCO,женские,пластик,ободковая,бабочка,серый,серый градиент,"52,0","18,0",145,,,,Женский,02.05.2004,"Васенко,4 ОиМ",09.05.2023 15:33:19
11-712 17P,ENNI MARCO,женские,пластик,ободковая,прямоугольные,коричневый,серый градиент,"53,0","18,0",145,,,,Женский,15.04.1977,"40 лет Октября,15 ОиМ",29.06.2023 12:16:34
11-712 17P,ENNI MARCO,женские,пластик,ободковая,прямоугольные,коричневый,серый градиент,"53,0","18,0",145,,,,Женский,04.03.1987,"Васенко,4 ОиМ",18.07.2023 9:47:59
11-717 07,ENNI MARCO,женские,металл,ободковая,квадратные,коричневый,коричневый градиент,"56,0","16,0",140,,,,Мужской,18.11.2009,"Васенко,4 ОиМ",01.04.2023 13:55:04
11-717 07,ENNI MARCO,женские,металл,ободковая,квадратные,коричневый,коричневый градиент,"56,0","16,0",140,,,,Женский,26.03.1972,"40 лет Октября,15 ОиМ",29.03.2023 17:21:19
11-717 10,ENNI MARCO,женские,металл,ободковая,бабочка,розовый,коричневый градиент,"56,0","16,0",140,,,,Женский,19.03.1967,"Васенко,4 ОиМ",04.06.2023 14:28:13
11-717 10,ENNI MARCO,женские,металл,ободковая,бабочка,розовый,коричневый градиент,"56,0","16,0",140,,,,Женский,04.02.1976,"40 лет Октября,15 ОиМ",29.03.2023 14:45:42
11-717 17,ENNI MARCO,женские,металл,ободковая,бабочка,черный/золотой,черный,"56,0","16,0",140,,,,Женский,01.01.1969,"40 лет Октября,15 ОиМ",21.04.2023 18:27:21
11-717 17,ENNI MARCO,женские,металл,ободковая,бабочка,черный/золотой,черный,"56,0","16,0",140,,,,Женский,30.05.1973,"40 лет Октября,15 ОиМ",18.07.2023 17:51:56
11-717 17,ENNI MARCO,женские,металл,ободковая,бабочка,черный/золотой,черный,"56,0","16,0",140,,,,Женский,13.12.1980,"40 лет Октября,15 ОиМ",08.04.2023 10:12:48
11-717 17,ENNI MARCO,женские,металл,ободковая,бабочка,черный/золотой,черный,"56,0","16,0",140,,,,Женский,05.09.2009,"40 лет Октября,15 ОиМ",23.03.2023 13:37:41
11-717 34,ENNI MARCO,женские,металл,ободковая,квадратные,серый,серый градиент,"56,0","16,0",140,,,,Мужской,18.08.1979,"40 лет Октября,15 ОиМ",08.02.2023 16:07:23
11-717 34,ENNI MARCO,женские,металл,ободковая,квадратные,серый,серый градиент,"56,0","16,0",140,,,,Женский,14.02.1953,"Васенко,4 ОиМ",28.02.2023 14:49:45
11-717 34,ENNI MARCO,женские,металл,ободковая,квадратные,серый,серый градиент,"56,0","16,0",140,,,,Женский,23.08.1977,"Васенко,4 ОиМ",07.04.2023 10:20:58
11-721 07,ENNI MARCO,женские,металл,ободковая,панто,коричневый,коричневый градиент,"52,0","22,0",140,,,,Мужской,07.04.1975,"Васенко,4 ОиМ",04.02.2023 18:51:09
11-721 07,ENNI MARCO,женские,металл,ободковая,панто,коричневый,коричневый градиент,"52,0","22,0",140,,,,Женский,14.10.1968,"Комсомольский,33 ОиМ",24.02.2023 17:33:06
11-721 07,ENNI MARCO,женские,металл,ободковая,панто,коричневый,коричневый градиент,"52,0","22,0",140,,,,Женский,05.12.1992,"40 лет Октября,15 ОиМ",11.02.2023 18:00:12
11-721 07,ENNI MARCO,женские,металл,ободковая,панто,коричневый,коричневый градиент,"52,0","22,0",140,,,,Женский,17.02.2003,"Васенко,4 ОиМ",25.03.2023 15:04:15
11-721 10,ENNI MARCO,женские,металл,ободковая,панто,розовый,розовый градиент,"52,0","22,0",140,,,,Женский,28.08.1960,"Васенко,4 ОиМ",06.06.2023 13:46:40
11-721 10,ENNI MARCO,женские,металл,ободковая,панто,розовый,розовый градиент,"52,0","22,0",140,,,,Женский,28.03.1991,"40 лет Октября,15 ОиМ",09.06.2023 18:01:24
11-721 17,ENNI MARCO,женские,металл,ободковая,панто,черный/золотой,черный,"52,0","22,0",140,,,,Мужской,28.09.1984,"Васенко,4 ОиМ",11.06.2023 13:26:47
11-721 17,ENNI MARCO,женские,металл,ободковая,панто,черный/золотой,черный,"52,0","22,0",140,,,,Женский,23.01.1968,"Комсомольский,33 ОиМ",10.05.2023 13:05:48
11-721 17,ENNI MARCO,женские,металл,ободковая,панто,черный/золотой,черный,"52,0","22,0",140,,,,Женский,17.02.1970,"40 лет Октября,15 ОиМ",17.05.2023 16:08:58
11-721 17,ENNI MARCO,женские,металл,ободковая,панто,черный/золотой,черный,"52,0","22,0",140,,,,Женский,22.05.1976,"Васенко,4 ОиМ",29.03.2023 10:40:14
11-721 34,ENNI MARCO,женские,металл,ободковая,панто,серый,серый градиент,"52,0","22,0",140,,,,Женский,13.11.1958,"Васенко,4 ОиМ",23.03.2023 12:42:15
11-721 34,ENNI MARCO,женские,металл,ободковая,панто,серый,серый градиент,"52,0","22,0",140,,,,Женский,05.12.1973,"40 лет Октября,15 ОиМ",04.02.2023 16:18:08
11-721 34,ENNI MARCO,женские,металл,ободковая,панто,серый,серый градиент,"52,0","22,0",140,,,,Женский,17.11.1979,"Васенко,4 ОиМ",23.02.2023 19:05:48
11-725 08,ENNI MARCO,мужские,металл,ободковая,капли,коричневый,серо-зеленый,"58,0","15,0",145,,,,Мужской,25.05.2004,"40 лет Октября,15 ОиМ",05.06.2023 18:54:28
11-725 17,ENNI MARCO,мужские,металл,ободковая,капли,черный/серебристый,серый градиент,"58,0","15,0",145,,,,Мужской,02.09.1976,"Васенко,4 ОиМ",11.03.2023 15:42:58
11-725 17,ENNI MARCO,мужские,металл,ободковая,капли,черный/серебристый,серый градиент,"58,0","15,0",145,,,,Мужской,04.02.2014,"40 лет Октября,15 ОиМ",09.02.2023 15:52:42
11-733 17PZ,ENNI MARCO,универсальные,пластик,ободковая,прямоугольные,черный,черный,"55,0","18,0",145,,,,Мужской,06.12.1975,"40 лет Октября,15 ОиМ",09.05.2023 13:39:28
11-733 17PZ,ENNI MARCO,универсальные,пластик,ободковая,прямоугольные,черный,черный,"55,0","18,0",145,,,,Мужской,04.05.1992,"40 лет Октября,15 ОиМ",14.06.2023 14:54:02
11-733 17PZ,ENNI MARCO,универсальные,пластик,ободковая,прямоугольные,черный,черный,"55,0","18,0",145,,,,Мужской,26.02.1996,"Васенко,4 ОиМ",29.05.2023 19:46:53
11-733 17PZ,ENNI MARCO,универсальные,пластик,ободковая,прямоугольные,черный,черный,"55,0","18,0",145,,,,Мужской,10.06.2011,"Васенко,4 ОиМ",23.04.2023 15:22:48
11-733 17PZ,ENNI MARCO,универсальные,пластик,ободковая,прямоугольные,черный,черный,"55,0","18,0",145,,,,Мужской,10.06.2011,"Васенко,4 ОиМ",24.04.2023 13:26:16
11-733 17PZ,ENNI MARCO,универсальные,пластик,ободковая,прямоугольные,черный,черный,"55,0","18,0",145,,,,Женский,11.05.2011,"40 лет Октября,15 ОиМ",18.03.2023 12:05:07
11-733 18PZ,ENNI MARCO,универсальные,пластик,ободковая,прямоугольные,черный,черный,"55,0","18,0",145,,,,Мужской,28.01.1970,"Васенко,4 ОиМ",18.03.2023 11:05:02
11-733 18PZ,ENNI MARCO,универсальные,пластик,ободковая,прямоугольные,черный,черный,"55,0","18,0",145,,,,Мужской,17.07.1978,"Васенко,4 ОиМ",29.03.2023 11:31:23
11-733 18PZ,ENNI MARCO,универсальные,пластик,ободковая,прямоугольные,черный,черный,"55,0","18,0",145,,,,Мужской,18.11.2009,"Васенко,4 ОиМ",01.04.2023 13:55:04
11-733 18PZ,ENNI MARCO,универсальные,пластик,ободковая,прямоугольные,черный,черный,"55,0","18,0",145,,,,Женский,12.11.1971,"40 лет Октября,15 ОиМ",25.03.2023 17:54:14
11-733 18PZ,ENNI MARCO,универсальные,пластик,ободковая,прямоугольные,черный,черный,"55,0","18,0",145,,,,Женский,18.09.1991,"40 лет Октября,15 ОиМ",24.02.2023 11:56:25
11-733 20PZ,ENNI MARCO,универсальные,пластик,ободковая,прямоугольные,синий,серый градиент,"55,0","18,0",145,,,,Мужской,02.08.1967,"Васенко,4 ОиМ",19.03.2023 13:47:12
11-733 20PZ,ENNI MARCO,универсальные,пластик,ободковая,прямоугольные,синий,серый градиент,"55,0","18,0",145,,,,Мужской,10.12.1975,"40 лет Октября,15 ОиМ",16.02.2023 17:47:55
11-733 20PZ,ENNI MARCO,универсальные,пластик,ободковая,прямоугольные,синий,серый градиент,"55,0","18,0",145,,,,Мужской,01.08.1981,"Васенко,4 ОиМ",01.05.2023 12:29:33
11-733 20PZ,ENNI MARCO,универсальные,пластик,ободковая,прямоугольные,синий,серый градиент,"55,0","18,0",145,,,,Мужской,28.01.1994,"40 лет Октября,15 ОиМ",01.06.2023 16:35:19
11-745-19,EMILIA,женские,металл,безободковая,маска,черный/золотой,серый градиент,,,,,,,Женский,05.12.1983,"Васенко,4 ОиМ",19.03.2023 19:04:15
11-750-07P,EMILIA,женские,пластик,ободковая,бабочка,многоцветный,серо-розовый,"54,0","17,0",140,,,,Женский,13.11.1958,"Васенко,4 ОиМ",23.03.2023 12:42:15
11-750-19P,EMILIA,женские,пластик,ободковая,бабочка,многоцветный,серо-коричневый градиент,"54,0","17,0",140,,,,Женский,02.09.1989,"Васенко,4 ОиМ",19.03.2023 18:11:42
11-750-33P,EMILIA,женские,пластик,ободковая,бабочка,серый,серый градиент,"54,0","17,0",140,,,,Женский,28.05.1966,"Васенко,4 ОиМ",19.03.2023 15:31:54
11-751-01,EMILIA,женские,металл,ободковая,бабочка,черный/золотой,серый градиент,"55,0","17,0",140,,,,Женский,14.03.1950,"Васенко,4 ОиМ",04.02.2023 18:31:04
11-752-07P,EMILIA,женские,пластик,ободковая,бабочка,коричневый,коричневый градиент,"53,0","18,0",145,,,,Мужской,13.04.1985,"Васенко,4 ОиМ",04.04.2023 17:08:15
11-752-07P,EMILIA,женские,пластик,ободковая,бабочка,коричневый,коричневый градиент,"53,0","18,0",145,,,,Женский,28.08.1960,"Васенко,4 ОиМ",03.02.2023 12:46:52
11-752-17P,EMILIA,женские,пластик,ободковая,бабочка,черный/золотой,серый градиент,"53,0","18,0",145,,,,Мужской,14.07.1968,"Васенко,4 ОиМ",11.03.2023 14:26:34
11-755-17,EMILIA,женские,металл,ободковая,панто,черный/розовый,серый градиент,"53,0","19,0",140,,,,Женский,08.10.1996,"Васенко,4 ОиМ",11.03.2023 19:39:44
11-759 18PZ,ENNI MARCO,женские,пластик,ободковая,кошачий глаз,черный,серо-черный градиент,"56,0","17,0",145,,,,Мужской,20.09.1976,"40 лет Октября,15 ОиМ",16.05.2023 14:19:01
11-759 18PZ,ENNI MARCO,женские,пластик,ободковая,кошачий глаз,черный,серо-черный градиент,"56,0","17,0",145,,,,Мужской,29.12.1990,"Васенко,4 ОиМ",19.02.2023 12:42:09
11-759 18PZ,ENNI MARCO,женские,пластик,ободковая,кошачий глаз,черный,серо-черный градиент,"56,0","17,0",145,,,,Женский,18.01.2001,"40 лет Октября,15 ОиМ",06.02.2023 17:36:26
11-761 07PZ,ENNI MARCO,женские,пластик,ободковая,бабочка,коричневый,коричневый градиент,"54,0","17,0",145,,,,Мужской,01.11.1962,"Васенко,4 ОиМ",06.05.2023 19:50:44
11-761 07PZ,ENNI MARCO,женские,пластик,ободковая,бабочка,коричневый,коричневый градиент,"54,0","17,0",145,,,,Мужской,23.10.1976,"Васенко,4 ОиМ",05.03.2023 15:29:20
11-761 07PZ,ENNI MARCO,женские,пластик,ободковая,бабочка,коричневый,коричневый градиент,"54,0","17,0",145,,,,Мужской,16.03.2006,"Васенко,4 ОиМ",07.04.2023 16:21:32
11-761 07PZ,ENNI MARCO,женские,пластик,ободковая,бабочка,коричневый,коричневый градиент,"54,0","17,0",145,,,,Женский,06.06.1969,"40 лет Октября,15 ОиМ",27.04.2023 13:36:49
11-761 17PZ,ENNI MARCO,женские,пластик,ободковая,бабочка,черный,серый градиент,"54,0","17,0",145,,,,Мужской,28.03.1974,"Васенко,4 ОиМ",08.06.2023 11:49:29
11-761 17PZ,ENNI MARCO,женские,пластик,ободковая,бабочка,черный,серый градиент,"54,0","17,0",145,,,,Женский,10.05.1990,"40 лет Октября,15 ОиМ",01.02.2023 10:02:25
11-761 17PZ,ENNI MARCO,женские,пластик,ободковая,бабочка,черный,серый градиент,"54,0","17,0",145,,,,Женский,03.09.2007,"Васенко,4 ОиМ",08.04.2023 13:26:25
11-801 01,ENNI MARCO,женские,металл,ободковая,бабочка,золотой,серый градиент,"57,0","17,0",140,,,,Женский,18.09.1964,"Васенко,4 ОиМ",14.06.2024 14:24:35
11-801 01,ENNI MARCO,женские,металл,ободковая,бабочка,золотой,серый градиент,"57,0","17,0",140,,,,Женский,22.08.1971,"40 лет Октября,15 ОиМ",06.04.2024 13:39:45
11-801 01,ENNI MARCO,женские,металл,ободковая,бабочка,золотой,серый градиент,"57,0","17,0",140,,,,Женский,29.11.2002,"40 лет Октября,15 ОиМ",14.04.2024 19:27:07
11-801 02,ENNI MARCO,женские,металл,ободковая,бабочка,золотой,серо-синий градиент,"57,0","17,0",140,,,,Мужской,09.07.2001,"Васенко,4 ОиМ",23.06.2024 12:52:34
11-801 02,ENNI MARCO,женские,металл,ободковая,бабочка,золотой,серо-синий градиент,"57,0","17,0",140,,,,Женский,09.03.1966,"Васенко,4 ОиМ",16.02.2024 17:52:55
11-801 02,ENNI MARCO,женские,металл,ободковая,бабочка,золотой,серо-синий градиент,"57,0","17,0",140,,,,Женский,02.05.1978,"40 лет Октября,15 ОиМ",14.04.2024 19:39:06
11-801 02,ENNI MARCO,женские,металл,ободковая,бабочка,золотой,серо-синий градиент,"57,0","17,0",140,,,,Женский,17.09.1987,"40 лет Октября,15 ОиМ",17.04.2024 18:12:44
11-801 02,ENNI MARCO,женские,металл,ободковая,бабочка,золотой,серо-синий градиент,"57,0","17,0",140,,,,Женский,11.02.1993,"40 лет Октября,15 ОиМ",02.05.2024 18:50:58
11-801 02,ENNI MARCO,женские,металл,ободковая,бабочка,золотой,серо-синий градиент,"57,0","17,0",140,,,,Женский,21.04.2005,"40 лет Октября,15 ОиМ",04.05.2024 13:24:24
11-802 07,ENNI MARCO,женские,металл,ободковая,необычные,золотой,коричневый градиент,"58,0","16,0",140,,,,Женский,27.07.1962,"40 лет Октября,15 ОиМ",31.03.2024 14:54:11
11-802 07,ENNI MARCO,женские,металл,ободковая,необычные,золотой,коричневый градиент,"58,0","16,0",140,,,,Женский,10.08.2013,"40 лет Октября,15 ОиМ",15.03.2024 17:28:38
11-802 17,ENNI MARCO,женские,металл,ободковая,необычные,черный/золотой,серый градиент,"58,0","16,0",140,,,,Женский,07.11.1950,"Васенко,4 ОиМ",16.02.2024 15:37:28
11-802 17,ENNI MARCO,женские,металл,ободковая,необычные,черный/золотой,серый градиент,"58,0","16,0",140,,,,Женский,21.02.1961,"40 лет Октября,15 ОиМ",05.04.2024 17:01:27
11-802 17,ENNI MARCO,женские,металл,ободковая,необычные,черный/золотой,серый градиент,"58,0","16,0",140,,,,Женский,18.10.1966,"40 лет Октября,15 ОиМ",19.03.2024 17:07:17
11-802 17,ENNI MARCO,женские,металл,ободковая,необычные,черный/золотой,серый градиент,"58,0","16,0",140,,,,Женский,06.12.1976,"40 лет Октября,15 ОиМ",12.03.2024 15:31:27
11-802 17,ENNI MARCO,женские,металл,ободковая,необычные,черный/золотой,серый градиент,"58,0","16,0",140,,,,Женский,11.02.1993,"40 лет Октября,15 ОиМ",02.05.2024 18:50:58
11-802 19,ENNI MARCO,женские,металл,ободковая,необычные,синий/золотой,синий градиент,"58,0","16,0",140,,,,Мужской,06.01.1980,"40 лет Октября,15 ОиМ",03.03.2024 10:59:13
11-803 13P,ENNI MARCO,женские,пластик,ободковая,круглые,фиолетовый,фиолетовый градиент,"50,0","21,0",145,,,,Женский,22.04.1951,"40 лет Октября,15 ОиМ",29.11.2024 16:10:35
11-803 33P,ENNI MARCO,женские,пластик,ободковая,круглые,бордовый,фиолетовый градиент,"50,0","21,0",145,,,,Женский,07.03.1974,"Васенко,4 ОиМ",09.08.2024 14:25:30
11-806 13P,ENNI MARCO,женские,пластик,ободковая,бабочка,фиолетовый,желто-коричневый градиент,"54,0","18,0",145,,,,Мужской,18.05.1978,"40 лет Октября,15 ОиМ",14.03.2024 17:34:26
11-806 13P,ENNI MARCO,женские,пластик,ободковая,бабочка,фиолетовый,желто-коричневый градиент,"54,0","18,0",145,,,,Женский,02.08.1960,"40 лет Октября,15 ОиМ",19.11.2024 12:06:45
11-806 13P,ENNI MARCO,женские,пластик,ободковая,бабочка,фиолетовый,желто-коричневый градиент,"54,0","18,0",145,,,,Женский,25.08.1975,"Васенко,4 ОиМ",11.07.2024 12:11:42
11-806 21P,ENNI MARCO,женские,пластик,ободковая,бабочка,бордовый,серо-коричневый градиент,"54,0","18,0",145,,,,Женский,30.07.1965,"40 лет Октября,15 ОиМ",30.08.2024 10:14:48
11-806 21P,ENNI MARCO,женские,пластик,ободковая,бабочка,бордовый,серо-коричневый градиент,"54,0","18,0",145,,,,Женский,17.09.1970,"Васенко,4 ОиМ",30.04.2024 14:05:45
11-806 33P,ENNI MARCO,женские,пластик,ободковая,бабочка,черный/серый,серый градиент,"54,0","18,0",145,,,,,28.02.1951,"Васенко,4 ОиМ",24.02.2024 15:23:05
11-806 33P,ENNI MARCO,женские,пластик,ободковая,бабочка,черный/серый,серый градиент,"54,0","18,0",145,,,,Мужской,03.05.1991,"Васенко,4 ОиМ",06.06.2024 12:34:11
11-806 33P,ENNI MARCO,женские,пластик,ободковая,бабочка,черный/серый,серый градиент,"54,0","18,0",145,,,,Женский,24.04.1976,"Васенко,4 ОиМ",23.04.2024 9:33:54
11-806 33P,ENNI MARCO,женские,пластик,ободковая,бабочка,черный/серый,серый градиент,"54,0","18,0",145,,,,Женский,07.05.1976,"Васенко,4 ОиМ",24.05.2024 16:27:14
11-807 17,ENNI MARCO,женские,металл,ободковая,круглые,черный/серебристый,синий градиент,"50,0","21,0",140,,,,Женский,01.05.1948,"40 лет Октября,15 ОиМ",23.05.2024 10:16:43
11-807 17,ENNI MARCO,женские,металл,ободковая,круглые,черный/серебристый,синий градиент,"50,0","21,0",140,,,,Женский,01.07.1966,"Васенко,4 ОиМ",16.04.2024 19:02:52
11-807 19,ENNI MARCO,женские,металл,ободковая,круглые,синий/серебристый,серо-синий градиент,"50,0","21,0",140,,,,Женский,05.09.1955,"Васенко,4 ОиМ",12.04.2024 15:35:41
11-807 19,ENNI MARCO,женские,металл,ободковая,круглые,синий/серебристый,серо-синий градиент,"50,0","21,0",140,,,,Женский,10.05.1966,"40 лет Октября,15 ОиМ",26.09.2024 9:46:33
11-807 25,ENNI MARCO,женские,металл,ободковая,круглые,золотой,бежевый,"50,0","21,0",140,,,,Женский,03.08.1960,"40 лет Октября,15 ОиМ",30.03.2024 16:19:08
11-807 25,ENNI MARCO,женские,металл,ободковая,круглые,золотой,бежевый,"50,0","21,0",140,,,,Женский,10.07.1985,"Васенко,4 ОиМ",25.08.2024 17:18:28
11-808 17,ENNI MARCO,женские,металл,ободковая,необычные,черный/серебристый,синий градиент,"55,0","17,0",140,,,,Женский,27.08.1979,"Васенко,4 ОиМ",17.02.2024 11:55:29
11-808 17,ENNI MARCO,женские,металл,ободковая,необычные,черный/серебристый,синий градиент,"55,0","17,0",140,,,,Женский,05.02.1983,"40 лет Октября,15 ОиМ",25.05.2024 12:57:15
11-808 19,ENNI MARCO,женские,металл,ободковая,необычные,синий/серебристый,сине-розовый градиент,"55,0","17,0",140,,,,Мужской,08.06.1983,"40 лет Октября,15 ОиМ",08.05.2024 14:37:54
11-808 19,ENNI MARCO,женские,металл,ободковая,необычные,синий/серебристый,сине-розовый градиент,"55,0","17,0",140,,,,Женский,27.08.1979,"Васенко,4 ОиМ",17.02.2024 11:55:29
11-808 19,ENNI MARCO,женские,металл,ободковая,необычные,синий/серебристый,сине-розовый градиент,"55,0","17,0",140,,,,Женский,25.06.1988,"40 лет Октября,15 ОиМ",02.06.2024 15:38:26
11-808 19,ENNI MARCO,женские,металл,ободковая,необычные,синий/серебристый,сине-розовый градиент,"55,0","17,0",140,,,,Женский,14.10.1991,"Васенко,4 ОиМ",09.06.2024 15:28:28
11-808 63,ENNI MARCO,женские,металл,ободковая,необычные,серебристый,серо-синий,"55,0","17,0",140,,,,Женский,27.06.1947,"Васенко,4 ОиМ",10.04.2024 10:52:47
11-809 13,ENNI MARCO,женские,металл,ободковая,авиаторы,золотой,сине-розовый градиент,"58,0","14,0",140,,,,Мужской,30.11.1969,"Васенко,4 ОиМ",20.03.2024 12:19:57
11-809 13,ENNI MARCO,женские,металл,ободковая,авиаторы,золотой,сине-розовый градиент,"58,0","14,0",140,,,,Женский,24.05.1976,"Васенко,4 ОиМ",09.05.2024 15:07:43
11-809 19,ENNI MARCO,женские,металл,ободковая,авиаторы,синий/серебристый,черный градиент,"58,0","14,0",140,,,,Женский,20.03.1958,"Васенко,4 ОиМ",18.06.2024 18:22:48
11-810 01,ENNI MARCO,женские,металл и пластик,ободковая,панто,черный/серебристый,синий градиент,"53,0","20,0",142,,,,Женский,23.04.1965,"40 лет Октября,15 ОиМ",28.03.2024 10:45:15
11-810 01,ENNI MARCO,женские,металл и пластик,ободковая,панто,черный/серебристый,синий градиент,"53,0","20,0",142,,,,Женский,27.04.1973,"Васенко,4 ОиМ",13.04.2024 17:16:46
11-810 02,ENNI MARCO,женские,металл и пластик,ободковая,панто,фиолетовый,сине-розовый градиент,"53,0","20,0",142,,,,Женский,21.11.1980,"Васенко,4 ОиМ",22.04.2024 18:52:48
11-810 02,ENNI MARCO,женские,металл и пластик,ободковая,панто,фиолетовый,сине-розовый градиент,"53,0","20,0",142,,,,Женский,10.10.1982,"40 лет Октября,15 ОиМ",09.03.2024 14:53:54
11-810 17,ENNI MARCO,женские,металл и пластик,ободковая,панто,черный/красный,синий градиент,"53,0","20,0",142,,,,Мужской,14.03.1979,"Васенко,4 ОиМ",12.04.2024 16:40:52
11-810 17,ENNI MARCO,женские,металл и пластик,ободковая,панто,черный/красный,синий градиент,"53,0","20,0",142,,,,Женский,03.06.1981,"40 лет Октября,15 ОиМ",27.03.2024 16:46:14
11-820 03,ENNI MARCO,универсальные,металл,ободковая,авиаторы,черный/серебристый,серый градиент,"57,0","14,0",145,,,,Женский,07.08.1988,"Васенко,4 ОиМ",01.06.2024 16:18:03
11-820 17,ENNI MARCO,мужские,металл,ободковая,авиаторы,черный/золотой,черный,"57,0","14,0",145,,,,Мужской,28.07.1979,"Васенко,4 ОиМ",26.07.2024 17:42:46
11-825 06,ENNI MARCO,мужские,металл,ободковая,квадратные,серый,коричневый градиент,"56,0","18,0",145,,,,Женский,03.09.1958,"Васенко,4 ОиМ",24.08.2024 16:26:20
11-825 17,ENNI MARCO,женские,металл,ободковая,квадратные,черный/золотой,синий градиент,"56,0","18,0",145,,,,Женский,11.11.1111,"Васенко,4 ОиМ",21.07.2024 18:04:22
11-825 17,ENNI MARCO,женские,металл,ободковая,квадратные,черный/золотой,синий градиент,"56,0","18,0",145,,,,Женский,14.12.1988,"40 лет Октября,15 ОиМ",26.05.2024 13:07:17
11-826 01,ENNI MARCO,мужские,металл,ободковая,прямоугольные,золотой,серо-синий градиент,"60,0","13,0",145,,,,Мужской,31.08.1975,"40 лет Октября,15 ОиМ",02.03.2024 14:10:16
11-826 01,ENNI MARCO,мужские,металл,ободковая,прямоугольные,золотой,серо-синий градиент,"60,0","13,0",145,,,,Мужской,07.06.1989,"Васенко,4 ОиМ",17.02.2024 18:47:32
11-826 04,ENNI MARCO,мужские,металл,ободковая,прямоугольные,серебристый,зеленый,"60,0","13,0",145,,,,Женский,26.05.1983,"40 лет Октября,15 ОиМ",07.03.2024 15:40:41
11-826 18,ENNI MARCO,мужские,металл,ободковая,прямоугольные,черный,черный,"60,0","13,0",145,,,,Мужской,26.04.1971,"40 лет Октября,15 ОиМ",21.03.2024 9:05:57
11-826 18,ENNI MARCO,мужские,металл,ободковая,прямоугольные,черный,черный,"60,0","13,0",145,,,,Мужской,10.04.1974,"Васенко,4 ОиМ",29.04.2024 13:50:08
11-826 18,ENNI MARCO,мужские,металл,ободковая,прямоугольные,черный,черный,"60,0","13,0",145,,,,Мужской,22.01.1983,"40 лет Октября,15 ОиМ",21.04.2024 11:20:17
11-826 18,ENNI MARCO,мужские,металл,ободковая,прямоугольные,черный,черный,"60,0","13,0",145,,,,Женский,23.10.1969,"40 лет Октября,15 ОиМ",06.04.2024 14:38:12
1100/S-807IR,DAVID BECKHAM,мужские,пластик,ободковая,овальные,,,"51,0","21,0",145,,,,Женский,03.11.1996,"Васенко,4 ОиМ",27.03.2023 17:51:22
1101/G/S-J5GIR,DAVID BECKHAM,мужские,металл,безободковая,капли,золотой,серый,"61,0","16,0",145,,,,Мужской,17.05.1986,"Васенко,4 ОиМ",25.11.2023 16:39:24
1101/G/S-J5GMT,DAVID BECKHAM,мужские,металл,безободковая,овальные,золотой,голубой,"61,0","16,0",145,,,,Мужской,01.10.1991,"Васенко,4 ОиМ",06.07.2023 11:22:14
1142/S-AOZ08,DAVID BECKHAM,универсальные,титан,ободковая,панто,золотой,серый градиент,"51,0","21,0",150,,,,Женский,10.03.1976,"Васенко,4 ОиМ",12.05.2024 14:29:48
1169S-002,GUCCI,женские,пластик,ободковая,кошачий глаз,черный,серый градиент,"54,0","20,0",145,,,,Женский,14.08.1961,"Васенко,4 ОиМ",07.02.2023 16:12:41
1169S-002,GUCCI,женские,пластик,ободковая,кошачий глаз,черный,серый градиент,"54,0","20,0",145,,,,Женский,09.04.1980,"Васенко,4 ОиМ",04.04.2023 18:34:19
1170S-002,GUCCI,женские,пластик,ободковая,кошачий глаз,гавана,коричневый градиент,"54,0","19,0",145,,,,Женский,20.09.1979,"Васенко,4 ОиМ",07.03.2023 15:33:21
1171SK-002,GUCCI,женские,пластик,ободковая,бабочка,черный,серо-голубой градиент,"57,0","17,0",145,,,,Женский,26.02.1959,"Васенко,4 ОиМ",22.05.2023 14:18:51
1171SK-003,GUCCI,женские,пластик,ободковая,бабочка,черный,коричневый градиент,"57,0","17,0",145,,,,Женский,03.12.1954,"Васенко,4 ОиМ",03.04.2023 10:27:55
1171SK-004,GUCCI,женские,пластик,ободковая,бабочка,бордовый,фиолетово-коричневый градиент,"57,0","17,0",145,,,,Мужской,31.08.1990,"Васенко,4 ОиМ",08.03.2023 20:02:22
1174S-001,GUCCI,женские,пластик,ободковая,квадратные,,,"54,0","19,0",145,,,,Женский,28.05.1999,"Васенко,4 ОиМ",07.05.2023 16:38:48
1174S-002,GUCCI,женские,пластик,ободковая,квадратные,,,"54,0","19,0",145,,,,Женский,27.04.2002,"Васенко,4 ОиМ",17.04.2023 17:46:43
1175SK-002,GUCCI,универсальные,пластик,ободковая,квадратные,черный,серый,"56,0","18,0",145,,,,Женский,24.05.1965,"Васенко,4 ОиМ",12.03.2023 14:36:19
1178S-002,GUCCI,женские,пластик,ободковая,бабочка,черный,серый градиент,"56,0","20,0",145,,,,Женский,09.01.1974,"Васенко,4 ОиМ",09.07.2023 16:05:24
1178S-002,GUCCI,женские,пластик,ободковая,бабочка,черный,серый градиент,"56,0","20,0",145,,,,Женский,02.05.2006,"Васенко,4 ОиМ",10.03.2023 14:31:42
1180SK-004,GUCCI,женские,пластик,ободковая,панто,гавана,коричневый,"56,0","18,0",145,,,,Мужской,09.03.2011,"Васенко,4 ОиМ",03.03.2023 19:49:28
1184S-002,GUCCI,женские,металл,ободковая,квадратные,желтый,зеленый,"54,0","19,0",145,,,,Женский,05.02.1971,"Васенко,4 ОиМ",08.06.2024 13:23:36
1188S-002,GUCCI,универсальные,пластик,ободковая,квадратные,черный,серый градиент,"58,0","17,0",145,,,,Мужской,05.08.1991,"Васенко,4 ОиМ",03.06.2023 19:56:29
1188S-004,GUCCI,универсальные,пластик,ободковая,капли,черный,серо-синий,"58,0","17,0",140,,,,Мужской,25.11.2009,"Васенко,4 ОиМ",12.05.2023 15:40:40
1189S-003,GUCCI,женские,пластик,ободковая,квадратные,гавана,коричневый градиент,"58,0","17,0",145,,,,Мужской,18.05.1977,"Васенко,4 ОиМ",13.05.2023 14:40:15
1189S-003,GUCCI,женские,пластик,ободковая,квадратные,гавана,коричневый градиент,"58,0","17,0",145,,,,Женский,05.10.1981,"Васенко,4 ОиМ",29.03.2023 16:24:28
1194/S-7C5AO,HUGO,мужские,пластик,ободковая,квадратные,,,"56,0","17,0",145,,,,Мужской,31.08.1990,"Васенко,4 ОиМ",08.03.2023 20:02:22
1194/S-KB7DC,HUGO,мужские,пластик,ободковая,квадратные,синий,черный зеркальный,"56,0","17,0",145,,,,Мужской,01.03.1979,"Васенко,4 ОиМ",18.03.2023 10:54:06
1195/S-7C5AO,HUGO,мужские,пластик,ободковая,маска,черный,серый зеркальный,"60,0","13,0",145,,,,Женский,07.03.1984,"Васенко,4 ОиМ",14.04.2023 10:38:52
1196/S-003AO,HUGO,мужские,металл,ободковая,необычные,,,"54,0","18,0",145,,,,Женский,26.07.1984,"Васенко,4 ОиМ",08.03.2023 17:41:43
1196/S-003AO,HUGO,мужские,металл,ободковая,необычные,,,"54,0","18,0",145,,,,Женский,26.07.1984,"Васенко,4 ОиМ",08.03.2023 17:49:08
1196/S-003AO,HUGO,мужские,металл,ободковая,необычные,,,"54,0","18,0",145,,,,Женский,26.07.1984,"Васенко,4 ОиМ",08.03.2023 17:51:49
1202S-001,GUCCI,женские,пластик,ободковая,круглые,черный,,"57,0","19,0",140,,,,Женский,05.04.1988,"Васенко,4 ОиМ",22.07.2023 15:15:03
1202S-004,GUCCI,женские,пластик,ободковая,круглые,гавана,,"57,0","19,0",140,,,,Женский,04.07.1983,"Васенко,4 ОиМ",07.03.2023 19:56:14
1203S-002,GUCCI,женские,металл,безободковая,необычные,золотой,черный,"65,0","16,0",140,,,,Мужской,25.07.1970,"Васенко,4 ОиМ",08.04.2023 16:01:34
1207/S-R81JW,HUGO,мужские,металл,ободковая,капли,серый,оранжевый,"58,0","15,0",145,,,,Мужской,20.08.1970,"Васенко,4 ОиМ",11.11.2023 11:33:26
1214S-002,BOTTEGA VENETA,универсальные,пластик,ободковая,необычные,,,,,,,,,Мужской,15.05.1995,"40 лет Октября,15 ОиМ",25.01.2024 11:41:03
1219/S-807AO,HUGO,универсальные,пластик,ободковая,прямоугольные,,,"54,0","19,0",145,,,,Женский,25.07.1969,"Васенко,4 ОиМ",04.04.2023 19:18:14
1219/S-807IR,HUGO,универсальные,пластик,ободковая,прямоугольные,черный,серый,"54,0","19,0",145,,,,Мужской,01.11.1982,"Васенко,4 ОиМ",18.04.2023 17:37:14
1221S-001,GUCCI,универсальные,металл,безободковая,прямоугольные,золотой,серый,"56,0","16,0",140,,,,Мужской,05.04.1981,"Васенко,4 ОиМ",15.04.2023 15:18:24
1221S-002,GUCCI,универсальные,металл,безободковая,прямоугольные,золотой,коричнево-розовый,"56,0","16,0",140,,,,Мужской,03.11.1992,"40 лет Октября,15 ОиМ",27.06.2023 12:59:13
1221S-003,GUCCI,универсальные,металл,безободковая,прямоугольные,золотой,зелено-голубой,"56,0","16,0",140,,,,Мужской,27.05.1981,"Васенко,4 ОиМ",25.03.2024 14:09:28
1221S-003,GUCCI,универсальные,металл,безободковая,прямоугольные,золотой,зелено-голубой,"56,0","16,0",140,,,,Мужской,15.05.1995,"40 лет Октября,15 ОиМ",23.06.2023 17:05:35
1221S-004,GUCCI,универсальные,металл,безободковая,прямоугольные,золотой,красно-коричневый градиент зеркальный,"56,0","16,0",140,,,,Женский,29.07.1993,"Васенко,4 ОиМ",16.05.2024 17:21:59
1226S-001,GUCCI,мужские,металл и пластик,полуободковая,клабмастеры,черный/золотой,серо-коричневый,"53,0","20,0",145,,,,Мужской,21.05.1998,"Васенко,4 ОиМ",25.09.2023 16:34:53
1226S-002,GUCCI,мужские,металл и пластик,полуободковая,квадратные,гавана,зеленый,"53,0","20,0",145,,,,Мужской,12.11.1986,"Васенко,4 ОиМ",18.03.2023 11:56:03
1239S-004,GUCCI,универсальные,пластик,ободковая,маска,черный,,"58,0","16,0",145,,,,,01.12.1989,"Васенко,4 ОиМ",24.06.2023 13:25:44
1240S-003,GUCCI,женские,пластик,ободковая,бабочка,многоцветный,желтый,"57,0","20,0",145,,,,Мужской,03.07.1966,"Васенко,4 ОиМ",03.08.2023 13:33:01
1241/S-TBODC,HUGO,мужские,пластик,ободковая,капли,оливковый,серый зеркальный,"56,0","15,0",145,,,,Мужской,01.06.1969,"Васенко,4 ОиМ",13.06.2023 17:54:56
1241S-001,GUCCI,женские,пластик,ободковая,бабочка,черный,коричневый,"56,0","23,0",145,,,,Женский,01.08.1991,"Васенко,4 ОиМ",31.07.2023 19:19:26
1254/S-807IR,HUGO,мужские,пластик,ободковая,овальные,черный,черный,"57,0","19,0",140,,,,Женский,18.04.1986,"Васенко,4 ОиМ",25.09.2024 12:41:51
1257S-003,GUCCI,женские,пластик,ободковая,бабочка,черепаховый,розовый градиент,"53,0","22,0",145,,,,Мужской,10.02.1986,"Васенко,4 ОиМ",08.09.2024 17:24:31
1259/S-807IR,HUGO,универсальные,пластик,ободковая,квадратные,черный,черный,"51,0","21,0",140,,,,Мужской,08.05.1965,"Васенко,4 ОиМ",01.04.2024 18:16:52
1261S-001,GUCCI,женские,пластик,ободковая,трапеция,черный,серый,"54,0","20,0",145,,,,Женский,04.06.1963,"Васенко,4 ОиМ",06.09.2024 13:51:59
1264S-001,GUCCI,женские,пластик,ободковая,бабочка,черный,серый,"52,0","18,0",145,,,,Женский,03.12.1967,"Васенко,4 ОиМ",18.11.2023 16:48:33
1269/S-003IR,HUGO,мужские,металл,ободковая,капли,черный,черный,"57,0","16,0",145,,,,Женский,22.02.1999,"Васенко,4 ОиМ",22.11.2024 18:48:06
1279S-001,GUCCI,женские,металл,безободковая,квадратные,золотой,серый,"54,0","21,0",140,,,,Женский,12.07.1954,"Васенко,4 ОиМ",18.04.2024 13:09:36
1279S-002,GUCCI,женские,металл,безободковая,квадратные,золотой,желто-коричневый,"54,0","21,0",140,,,,Мужской,08.02.1984,"Васенко,4 ОиМ",12.06.2024 19:42:03
1280/S-6LBT4,HUGO,мужские,металл,безободковая,прямоугольные,серый,серый зеркальный,"63,0","17,0",135,,,,Женский,24.12.1961,"Васенко,4 ОиМ",06.05.2024 13:50:15
1280/S-V81IR,HUGO,мужские,металл,безободковая,прямоугольные,темно-серый,серый,"63,0","17,0",135,,,,Мужской,07.06.1976,"Васенко,4 ОиМ",04.03.2024 16:23:27
1289S-001,GUCCI,мужские,металл,ободковая,капли,серый,серый,"62,0","14,0",145,,,,Женский,10.04.1990,"Васенко,4 ОиМ",22.05.2024 16:34:05
1289S-002,GUCCI,мужские,металл,ободковая,капли,золотой,желто-коричневый,"62,0","14,0",145,,,,Женский,12.05.1971,"Васенко,4 ОиМ",27.01.2024 13:30:25
1296/S-OITAO,HUGO,универсальные,пластик,ободковая,авиаторы,черный,фиолетово-золотой зеркальный,"60,0","14,0",145,,,,Мужской,29.04.1995,"Васенко,4 ОиМ",03.05.2024 14:18:49
1300S-001,GUCCI,женские,пластик,ободковая,бабочка,черный,черный,"55,0","19,0",145,,,,Женский,06.09.1979,"Васенко,4 ОиМ",19.01.2024 11:31:26
1300S-004,GUCCI,женские,пластик,ободковая,бабочка,черный,серый градиент,"55,0","19,0",145,,,,Мужской,25.07.1987,"Васенко,4 ОиМ",08.01.2024 14:23:43
1309S-005,GUCCI,универсальные,пластик,ободковая,капли,черный,черный,"57,0","17,0",145,,,,Женский,21.01.1992,"Васенко,4 ОиМ",09.09.2024 11:11:21
1311S-001,GUCCI,универсальные,металл,ободковая,капли,серый,серый,"61,0","15,0",145,,,,Женский,20.10.1967,"Васенко,4 ОиМ",03.10.2024 13:32:23
1314S-005,GUCCI,женские,пластик,ободковая,квадратные,бежевый,коричнево-серый градиент зеркальный,"55,0","19,0",140,,,,Женский,16.09.1970,"Васенко,4 ОиМ",22.10.2023 15:17:33
1319-06,CUTLER AND GROSS,универсальные,пластик,ободковая,необычные,черный,серый градиент зеркальный,"55,0","17,0",145,,,,Женский,08.08.1968,"Васенко,4 ОиМ",21.04.2024 11:16:19
1322SA-002,GUCCI,женские,металл,полуободковая,гексагон,золотой,коричневый градиент,"64,0","16,0",135,,,,Женский,26.09.1972,"Васенко,4 ОиМ",23.06.2024 12:33:52
1331S-006,GUCCI,женские,пластик,ободковая,прямоугольные,многоцветный,коричневый,"54,0","16,0",145,,,,Женский,09.04.1977,"Васенко,4 ОиМ",05.04.2024 13:06:19
1345S-002,GUCCI,универсальные,пластик,ободковая,трапеция,черный,черный,"57,0","16,0",145,,,,Мужской,30.10.2002,"Васенко,4 ОиМ",03.05.2024 17:57:38
1345S-002,GUCCI,универсальные,пластик,ободковая,трапеция,черный,черный,"57,0","16,0",145,,,,Женский,30.08.1987,"Васенко,4 ОиМ",21.09.2024 19:47:12
1345S-004,GUCCI,универсальные,пластик,ободковая,трапеция,синий,серый,"57,0","16,0",145,,,,Женский,23.05.1970,"Васенко,4 ОиМ",24.09.2023 18:24:52
135-92EP,CHOPARD,мужские,пластик,ободковая,прямоугольные,,,"57,0","20,0",140,,,,Мужской,08.10.1968,"Васенко,4 ОиМ",02.11.2023 14:18:25
135-U28P,CHOPARD,мужские,пластик,ободковая,квадратные,черный,серый,"57,0","20,0",140,,,,Мужской,08.08.1979,"Васенко,4 ОиМ",13.12.2023 11:24:41
135-XANP,CHOPARD,мужские,пластик,ободковая,прямоугольные,бордовый,коричневый,"57,0","20,0",140,,,,Мужской,08.10.1968,"Васенко,4 ОиМ",05.11.2024 10:49:07
1368-01,CUTLER AND GROSS,женские,пластик,ободковая,прямоугольные,черный,черный,"53,0","19,0",145,,,,Женский,19.02.1959,"Васенко,4 ОиМ",02.06.2023 18:43:08
1394-04,CUTLER AND GROSS,универсальные,пластик,ободковая,капли,бежевый,серый градиент,"57,0","19,0",150,,,,Мужской,06.05.1960,"Васенко,4 ОиМ",26.09.2023 13:14:26
14-023 17P,MARIO ROSSI,подростковые универсальные,пластик,ободковая,необычные,,черный,"47,0","17,0",130,,,,Мужской,01.09.1990,"40 лет Октября,15 ОиМ",30.04.2023 16:20:42
1401S-001,GUCCI,женские,пластик,ободковая,кошачий глаз,черный,серый,"53,0","19,0",130,,,,Женский,18.03.1991,"Васенко,4 ОиМ",21.08.2024 11:02:21
1401S-002,GUCCI,женские,пластик,ободковая,кошачий глаз,черепаховый,коричневый,"53,0","19,0",130,,,,Женский,03.12.1967,"Васенко,4 ОиМ",15.10.2024 17:52:31
1407S-003,GUCCI,женские,пластик,ободковая,бабочка,черепаховый,коричневый градиент,"54,0","19,0",140,,,,Женский,26.05.1971,"Васенко,4 ОиМ",27.05.2024 19:18:54
1421S-001,GUCCI,женские,пластик,ободковая,бабочка,черный,серый,"51,0","20,0",145,,,,Женский,05.08.1991,"Васенко,4 ОиМ",06.05.2024 14:21:45
1425S-001,GUCCI,женские,пластик,ободковая,прямоугольные,черный,серый,"53,0","21,0",145,,,,Женский,07.06.1994,"Васенко,4 ОиМ",10.06.2024 15:22:29
1427S-001,GUCCI,мужские,пластик,ободковая,трапеция,черный,серый,"53,0","21,0",145,,,,Мужской,25.07.1992,"Васенко,4 ОиМ",15.04.2024 15:24:52
1427S-002,GUCCI,мужские,пластик,ободковая,квадратные,черный,черный,"53,0","21,0",145,,,,Женский,16.06.1994,"Васенко,4 ОиМ",26.04.2024 16:56:35
1434S-003,GUCCI,женские,металл,ободковая,квадратные,золотой,зеленый,"57,0","19,0",145,,,,Мужской,28.12.1956,"Васенко,4 ОиМ",13.06.2024 15:11:01
1434S-003,GUCCI,женские,металл,ободковая,квадратные,золотой,зеленый,"57,0","19,0",145,,,,Женский,28.11.1985,"Васенко,4 ОиМ",17.11.2024 14:56:04
1441/S-086UC,BOSS,мужские,металл,ободковая,прямоугольные,серый,серо-зеленый,"60,0","16,0",150,,,,Женский,08.04.1961,"Васенко,4 ОиМ",08.11.2023 12:30:38
1441/S-807M9,BOSS,мужские,металл,ободковая,прямоугольные,,,"60,0","16,0",150,,,,Женский,12.03.1962,"Васенко,4 ОиМ",06.03.2023 17:47:39
1441/S-807M9,BOSS,мужские,металл,ободковая,прямоугольные,,,"60,0","16,0",150,,,,Женский,08.11.1977,"Васенко,4 ОиМ",30.08.2023 18:27:43
1441S-003,GUCCI,мужские,металл,ободковая,квадратные,серебристый,серо-синий,"58,0","16,0",145,,,,Мужской,03.07.1966,"Васенко,4 ОиМ",01.09.2024 12:56:50
1445/CS-08699,BOSS,мужские,металл и пластик,ободковая,квадратные,,серый,"52,0","20,0",145,,,,Мужской,05.03.1956,"Васенко,4 ОиМ",28.02.2023 19:33:35
1445/CS-80799,BOSS,мужские,металл и пластик,ободковая,квадратные,,,"52,0","20,0",145,,,,Мужской,19.07.1976,"Васенко,4 ОиМ",04.07.2024 14:35:01
1447/S-0031I,BOSS,мужские,металл,ободковая,капли,,,"61,0","14,0",145,,,,Мужской,19.06.1990,"Васенко,4 ОиМ",31.01.2023 15:43:00
1447/S-KJ186,BOSS,мужские,металл,ободковая,капли,серебристый,коричневый градиент,"61,0","14,0",145,,,,Мужской,30.03.1984,"Васенко,4 ОиМ",25.05.2023 14:17:50
1450/S-003M9,BOSS,мужские,пластик,ободковая,квадратные,черный,черный,"57,0","19,0",145,,,,Мужской,26.02.1975,"Васенко,4 ОиМ",04.06.2023 11:36:32
1450/S-O6WIR,BOSS,мужские,пластик,ободковая,трапеция,черный,черный,"57,0","19,0",145,,,,Мужской,18.05.1977,"Васенко,4 ОиМ",13.05.2023 14:40:15
1451/S-O6WIR,BOSS,мужские,пластик,ободковая,трапеция,черный,черный,"59,0","18,0",145,,,,Женский,06.07.1962,"Васенко,4 ОиМ",14.05.2023 11:11:31
1468/F/S-807IR,BOSS,мужские,металл,ободковая,капли,черный,черный,"63,0","14,0",150,,,,Мужской,12.08.1977,"Васенко,4 ОиМ",23.04.2023 14:50:18
1468/F/S-R80IR,BOSS,мужские,металл,ободковая,капли,серый,серый,"63,0","14,0",150,,,,Женский,28.02.1985,"Васенко,4 ОиМ",18.08.2023 18:30:58
1468/F/S-R80T4,BOSS,мужские,металл,ободковая,капли,серый,серый зеркальный,"63,0","14,0",150,,,,Мужской,29.01.1989,"Васенко,4 ОиМ",14.05.2023 18:42:56
1486/S-PTAM9,BOSS,мужские,металл и пластик,ободковая,капли,черный/серый,черный,"54,0","21,0",145,,,,Женский,08.05.2000,"Васенко,4 ОиМ",15.04.2024 17:44:17
1497/S-O6W25,BOSS,мужские,пластик,ободковая,спортивные,черный,черный,"57,0","18,0",140,,,,Мужской,19.10.1979,"Васенко,4 ОиМ",28.06.2023 12:09:01
1544-490,TED BAKER,женские,пластик,ободковая,панто,,,"51,0","19,0",145,,,,Мужской,20.07.1984,"Комсомольский,33 ОиМ",04.06.2023 14:56:04
1544-490,TED BAKER,женские,пластик,ободковая,панто,,,"51,0","19,0",145,,,,Женский,26.03.1972,"Комсомольский,33 ОиМ",20.06.2024 17:34:51
1570-001,TED BAKER,универсальные,металл,ободковая,капли,,,"60,0","15,0",145,,,,Женский,,"Комарова,110 ОиМ",28.04.2023 8:59:23
1574/S-GP770,BOSS,мужские,пластик,ободковая,прямоугольные,зеленый,зеленый,"53,0","19,0",150,,,,Мужской,01.01.1955,"Васенко,4 ОиМ",25.11.2023 18:56:42
1579/S-08A2K,BOSS,мужские,пластик,ободковая,прямоугольные,черный,серый,"57,0","17,0",150,,,,Мужской,09.01.1981,"Васенко,4 ОиМ",28.02.2024 13:04:28
1580/S-V841I,BOSS,мужские,металл,ободковая,прямоугольные,серебристый,серый градиент,"59,0","16,0",145,,,,Мужской,25.07.1979,"Васенко,4 ОиМ",14.03.2024 17:52:56
1596/S-807A9,BOSS,мужские,пластик,ободковая,прямоугольные,черный,серо-синий,"53,0","19,0",145,,,,Мужской,05.04.1984,"Васенко,4 ОиМ",02.05.2024 16:34:00
1607/S-10ATI,BOSS,мужские,пластик,ободковая,маска,коричневый,коричневый зеркальный,"99,0","1,0",125,,,,Мужской,23.03.1969,"Васенко,4 ОиМ",14.08.2024 13:53:45
1607/S-VK6TI,BOSS,мужские,пластик,ободковая,маска,белый,коричневый зеркальный,"99,0","1,0",125,,,,Женский,11.05.1998,"Васенко,4 ОиМ",21.04.2024 18:10:15
1612/F/SK-6LBIR,BOSS,мужские,металл,ободковая,авиаторы,серебристый,серый,"61,0","15,0",145,,,,Мужской,30.03.1984,"Васенко,4 ОиМ",12.02.2024 10:12:48
163/3-065,CAZAL,мужские,пластик,ободковая,необычные,прозрачный,серый зеркальный,"59,0","12,0",135,,,,Мужской,28.03.1988,"Васенко,4 ОиМ",28.03.2023 16:38:02
163/3-1,CAZAL,мужские,пластик,ободковая,квадратные,черный,серый градиент,"59,0","12,0",135,,,,Женский,07.09.1984,"Васенко,4 ОиМ",31.03.2023 14:49:21
1631S-004,GUCCI,универсальные,пластик,безободковая,маска,черный,черный,"99,0","1,0",115,,,,Женский,19.12.1975,"Васенко,4 ОиМ",07.07.2024 15:50:53
1635-101,TED BAKER,универсальные,пластик,ободковая,трапеция,оливковый,серый градиент,"52,0","18,0",145,,,,Мужской,01.05.1977,"Васенко,4 ОиМ",31.08.2024 11:24:01
1635-601,TED BAKER,универсальные,пластик,ободковая,трапеция,серый,серо-синий градиент,"52,0","18,0",145,,,,Мужской,02.03.1986,"Васенко,4 ОиМ",28.02.2024 11:40:27
164/3-002,CAZAL,универсальные,пластик,ободковая,прямоугольные,прозрачный,голубой градиент,"58,0","12,0",135,,,,Мужской,19.04.1972,"Васенко,4 ОиМ",29.04.2023 11:57:07
1641/S-0039O,BOSS,мужские,металл,ободковая,капли,черный,черный градиент,"60,0","14,0",150,,,,Женский,23.01.1998,"Васенко,4 ОиМ",18.08.2024 17:22:29
1641/S-R80HA,BOSS,мужские,металл,ободковая,капли,коричневый,коричневый,"60,0","14,0",150,,,,Мужской,25.07.1979,"Васенко,4 ОиМ",15.07.2024 15:23:55
1647/S-807IR,BOSS,мужские,пластик,ободковая,квадратные,черный,серый,"55,0","18,0",145,,,,Женский,16.11.1982,"Васенко,4 ОиМ",06.04.2024 15:03:51
1655-001,TED BAKER,универсальные,пластик,ободковая,панто,черный,серый,"52,0","19,0",145,,,,Мужской,30.11.1969,"Васенко,4 ОиМ",20.03.2024 12:19:57
1716-401,TED BAKER,женские,металл,безободковая,маска,золотой,серо-зеленый градиент,"142,0",,135,,,,Женский,14.01.1965,"Васенко,4 ОиМ",29.03.2024 16:50:03
1724-001,TED BAKER,универсальные,пластик,ободковая,вайфайеры,черный,серо-зеленый,"53,0","19,0",145,,,,Мужской,31.05.1983,"Васенко,4 ОиМ",29.07.2024 19:08:22
1724-104,TED BAKER,универсальные,пластик,ободковая,вайфайеры,черепаховый,коричневый,"53,0","19,0",145,,,,Женский,04.05.1955,"Васенко,4 ОиМ",08.05.2024 19:40:46
1727-002,TED BAKER,мужские,металл,ободковая,трапеция,черный/золотой,серый,"55,0","16,0",145,,,,Мужской,30.04.1986,"Васенко,4 ОиМ",21.04.2024 14:21:26
1727-104,TED BAKER,мужские,металл,ободковая,трапеция,коричневый,коричневый,"55,0","16,0",145,,,,Мужской,02.03.1986,"Васенко,4 ОиМ",28.02.2024 11:40:27
1729-910,TED BAKER,универсальные,металл,ободковая,прямоугольные,серый,серый,"56,0","17,0",140,,,,Женский,12.01.2002,"Васенко,4 ОиМ",02.02.2024 17:07:32
1732-001,TED BAKER,женские,пластик,ободковая,бабочка,черный,коричневый градиент,"54,0","16,0",140,,,,Женский,31.10.1977,"Васенко,4 ОиМ",23.08.2024 17:59:33
1738-001,TED BAKER,женские,пластик,ободковая,бабочка,черный,серый градиент,"55,0","18,0",140,,,,Мужской,04.07.1974,"Васенко,4 ОиМ",29.04.2024 15:04:27
1738-100,TED BAKER,женские,пластик,ободковая,бабочка,черепаховый,коричневый градиент,"55,0","18,0",140,,,,Женский,14.05.1987,"Васенко,4 ОиМ",09.03.2024 16:16:41
1741-001,TED BAKER,женские,пластик,ободковая,кошачий глаз,черный,серый,"55,0","18,0",140,,,,Женский,13.09.1988,"Васенко,4 ОиМ",22.05.2024 11:11:06
1741-657,TED BAKER,женские,пластик,ободковая,кошачий глаз,синий,серо-синий градиент,"55,0","18,0",140,,,,Мужской,01.01.1967,"40 лет Октября,15 ОиМ",16.03.2024 13:12:21
1742-657,TED BAKER,женские,пластик,ободковая,бабочка,синий,серый градиент,"53,0","17,0",140,,,,Женский,01.03.1961,"Васенко,4 ОиМ",24.12.2024 17:56:35
1743-421,TED BAKER,женские,металл,ободковая,кошачий глаз,золотой,серый градиент,"55,0","16,0",135,,,,Женский,27.04.1985,"Васенко,4 ОиМ",06.04.2024 11:36:46
1744-401,TED BAKER,женские,металл,ободковая,круглые,золотой,коричневый градиент,"54,0","18,0",135,,,,Женский,30.03.1977,"Васенко,4 ОиМ",25.04.2024 11:29:45
1744-421,TED BAKER,женские,металл,ободковая,круглые,золотой,серый градиент,"54,0","18,0",135,,,,Женский,22.06.1996,"Васенко,4 ОиМ",11.05.2024 11:51:03
183 -0594,BLUMARINE,женские,металл,безободковая,прямоугольные,золотой,коричневый градиент,"70,0","16,0",125,,,,Женский,24.01.1967,"Васенко,4 ОиМ",08.03.2023 13:40:17
191 -0300,BLUMARINE,женские,металл,безободковая,квадратные,золотой,коричневый градиент,"58,0","17,0",135,,,,Женский,10.12.1973,"Васенко,4 ОиМ",09.06.2023 14:51:08
192 -0300,BLUMARINE,женские,металл,безободковая,овальные,золотой,коричневый градиент,"61,0","17,0",135,,,,Женский,26.08.2004,"Васенко,4 ОиМ",29.06.2023 14:17:37
192 -579X,BLUMARINE,женские,металл,безободковая,овальные,серебристый,голубой градиент,"61,0","17,0",135,,,,Женский,01.08.1986,"Васенко,4 ОиМ",03.09.2023 18:24:02
199-R43X,FILA,универсальные,пластик,ободковая,спортивные,темно-серый,прозрачный,"99,0",,125,,,,Мужской,03.07.1966,"Васенко,4 ОиМ",03.08.2023 13:33:01
2032-01,NICE,женские,пластик,ободковая,бабочка,черный,серый градиент,"54,0","19,0",147,,,,,07.04.2015,"40 лет Октября,15 ОиМ",21.07.2023 17:54:06
2032-01,NICE,женские,пластик,ободковая,бабочка,черный,серый градиент,"54,0","19,0",147,,,,Женский,08.08.1955,"40 лет Октября,15 ОиМ",13.05.2023 16:32:40
2032-01,NICE,женские,пластик,ободковая,бабочка,черный,серый градиент,"54,0","19,0",147,,,,Женский,21.11.1969,"Комарова,110 ОиМ",29.05.2023 10:20:58
2032-01,NICE,женские,пластик,ободковая,бабочка,черный,серый градиент,"54,0","19,0",147,,,,Женский,16.12.1979,"Комсомольский,33 ОиМ",10.06.2023 15:03:30
2033-01,NICE,женские,пластик,ободковая,бабочка,черный,серый градиент,"59,0","15,0",135,,,,Женский,26.01.1957,"Комсомольский,33 ОиМ",11.07.2023 10:46:58
2033-01,NICE,женские,пластик,ободковая,бабочка,черный,серый градиент,"59,0","15,0",135,,,,Женский,10.01.1959,"Комарова,110 ОиМ",29.04.2023 16:31:55
2033-01,NICE,женские,пластик,ободковая,бабочка,черный,серый градиент,"59,0","15,0",135,,,,Женский,24.08.1964,"40 лет Октября,15 ОиМ",23.05.2023 13:16:07
2033-02,NICE,женские,пластик,ободковая,бабочка,коричневый,коричневый градиент,"59,0","15,0",135,,,,,,"Комсомольский,33 ОиМ",22.05.2023 14:47:39
2033-02,NICE,женские,пластик,ободковая,бабочка,коричневый,коричневый градиент,"59,0","15,0",135,,,,Женский,02.10.1957,"40 лет Октября,15 ОиМ",23.04.2023 11:45:13
2033-02,NICE,женские,пластик,ободковая,бабочка,коричневый,коричневый градиент,"59,0","15,0",135,,,,Женский,07.04.1976,"Комарова,110 ОиМ",13.05.2023 11:40:36
2034-01,FLAMINGO,женские,металл,полуободковая,необычные,серый,розово-голубой градиент,"50,0","20,0",144,,,,Женский,15.05.1963,"Комарова,110 ОиМ",04.04.2023 13:56:11
2034-01,FLAMINGO,женские,металл,полуободковая,необычные,серый,розово-голубой градиент,"50,0","20,0",144,,,,Женский,05.12.1973,"40 лет Октября,15 ОиМ",04.02.2023 16:18:08
2034-01,FLAMINGO,женские,металл,полуободковая,необычные,серый,розово-голубой градиент,"50,0","20,0",144,,,,Женский,17.09.1980,"Комсомольский,33 ОиМ",12.06.2023 15:06:43
2034-01,NICE,женские,пластик,ободковая,бабочка,черный,серый градиент,"55,0","18,0",140,,,,Мужской,16.07.1964,"Комсомольский,33 ОиМ",24.08.2023 11:51:42
2034-01,NICE,женские,пластик,ободковая,бабочка,черный,серый градиент,"55,0","18,0",140,,,,Женский,17.07.2004,"Комарова,110 ОиМ",12.06.2023 17:28:09
2034-02,FLAMINGO,женские,металл,полуободковая,необычные,бронзовый,коричневый градиент,"50,0","20,0",144,,,,Женский,19.05.1998,"Комсомольский,33 ОиМ",23.09.2024 14:44:05
2035-01,NICE,женские,пластик,ободковая,бабочка,черный,серый градиент,"56,0","18,0",145,,,,Женский,10.05.1973,"Комсомольский,33 ОиМ",14.05.2023 11:27:41
2035-01,NICE,женские,пластик,ободковая,бабочка,черный,серый градиент,"56,0","18,0",145,,,,Женский,09.09.1977,"Комарова,110 ОиМ",25.05.2023 19:58:51
2035-01,NICE,женские,пластик,ободковая,бабочка,черный,серый градиент,"56,0","18,0",145,,,,Женский,14.11.1985,"Комарова,110 ОиМ",25.06.2023 12:22:36
2038-01,NICE,женские,пластик,ободковая,бабочка,серый,серый,"54,0","19,0",150,,,,Женский,08.03.1954,"Комсомольский,33 ОиМ",17.04.2023 10:25:30
2038-03,NICE,женские,пластик,ободковая,бабочка,зеленый,серый,"54,0","19,0",150,,,,Женский,22.05.1991,"40 лет Октября,15 ОиМ",23.10.2023 11:59:11
2096/S-807M9,POLAROID,универсальные,пластик,ободковая,панто,,,"48,0","23,0",145,,,,Женский,29.04.1973,"40 лет Октября,15 ОиМ",04.03.2023 11:27:09
2101/S-003UС,POLAROID,мужские,металл,ободковая,квадратные,,,"63,0","14,0",130,,,,Мужской,01.02.1972,"40 лет Октября,15 ОиМ",15.02.2023 13:26:45
2128/S-N6TM9,POLAROID,универсальные,пластик,ободковая,трапеция,,,"55,0","17,0",140,,,,Женский,15.01.1989,"40 лет Октября,15 ОиМ",27.02.2023 17:52:08
2138/S-O6WM9,POLAROID,универсальные,пластик,ободковая,трапеция,черный,черный,"56,0","17,0",140,,,,Женский,15.04.1992,"40 лет Октября,15 ОиМ",08.05.2023 10:05:23
2142/S-RC2M9,POLAROID,мужские,пластик,ободковая,спортивные,черный/оранжевый,серый,"61,0","11,0",135,,,,Мужской,15.10.1976,"40 лет Октября,15 ОиМ",04.06.2023 12:21:26
2142/S-RC2M9,POLAROID,мужские,пластик,ободковая,спортивные,черный/оранжевый,серый,"61,0","11,0",135,,,,Женский,02.02.1986,"40 лет Октября,15 ОиМ",20.06.2024 17:38:59
2149/S-71CEX,POLAROID,мужские,пластик,ободковая,квадратные,черный,серый зеркальный,"57,0","17,0",140,,,,Мужской,14.04.1971,"40 лет Октября,15 ОиМ",06.04.2024 10:43:38
2149/S-8LZM9,POLAROID,мужские,пластик,ободковая,квадратные,черный,черный,"57,0","17,0",140,,,,Мужской,03.04.2012,"40 лет Октября,15 ОиМ",17.03.2024 11:06:28
2150/S-08AM9,POLAROID,универсальные,пластик,ободковая,панто,черный,серый,"52,0","20,0",140,,,,Женский,14.07.2009,"40 лет Октября,15 ОиМ",09.03.2024 18:11:16
2151/S-0VK5X,POLAROID,мужские,пластик,ободковая,спортивные,черный/синий,синий зеркальный,"62,0","11,0",140,,,,Женский,14.12.1975,"40 лет Октября,15 ОиМ",01.03.2024 12:18:54
2153/S-0VKC3,POLAROID,мужские,пластик,ободковая,спортивные,черный/синий,серый,"58,0","16,0",135,,,,Женский,27.04.1992,"40 лет Октября,15 ОиМ",07.08.2024 12:22:56
2154/S-O6WM9,POLAROID,мужские,пластик,ободковая,спортивные,черный,черный,"64,0","17,0",130,,,,Мужской,06.08.1984,"40 лет Октября,15 ОиМ",11.08.2024 13:25:47
21M-531P,CHOPARD,мужские,металл,ободковая,прямоугольные,черный,черный,"60,0","15,0",145,,,,Мужской,31.05.1976,"Васенко,4 ОиМ",02.05.2023 13:13:30
226/3-001,CAZAL,женские,металл,ободковая,необычные,черный/золотой,черный градиент,"61,0","12,0",135,,,,Женский,04.08.1979,"Комарова,110 ОиМ",04.05.2024 14:00:08
2340-2,SANTARELLI,универсальные,металл,ободковая,квадратные,коричневый,желто-коричневый фотохром,"56,0","16,0",140,,,,Женский,29.05.1988,"Комсомольский,33 ОиМ",22.07.2024 15:15:53
288S-0721,CHOPARD,женские,пластик,ободковая,квадратные,черный,серый градиент,"57,0","17,0",140,,,,Женский,30.07.1954,"Васенко,4 ОиМ",11.06.2024 12:59:33
3002-06A,TRUSSARDI,универсальные,металл,ободковая,квадратные,темно-серый,серый градиент,"56,0","18,0",145,,,,Женский,09.02.1961,"Васенко,4 ОиМ",01.06.2024 13:05:29
3002-09A,TRUSSARDI,универсальные,металл,ободковая,квадратные,коричневый/золотой,коричневый градиент,"56,0","18,0",145,,,,Женский,27.10.1980,"Васенко,4 ОиМ",08.03.2024 13:58:49
3003-A01,HICKMANN,женские,металл и пластик,ободковая,необычные,черный/золотой,зеленый градиент,"51,5","19,0",135,,,,Женский,27.05.1999,"Васенко,4 ОиМ",26.04.2024 19:02:19
3003-D01,HICKMANN,женские,металл и пластик,ободковая,необычные,белый,серый,"51,5","19,0",135,,,,Мужской,14.03.1979,"Васенко,4 ОиМ",12.04.2024 16:40:52
3005-09B,TRUSSARDI,женские,металл,ободковая,квадратные,черный/золотой,серый градиент,"61,0","16,0",148,,,,Мужской,14.10.1973,"Васенко,4 ОиМ",10.03.2024 17:34:58
3005-09B,TRUSSARDI,женские,металл,ободковая,квадратные,черный/золотой,серый градиент,"61,0","16,0",148,,,,Женский,10.12.1977,"Васенко,4 ОиМ",04.05.2024 14:26:27
3006-04B,TRUSSARDI,женские,металл,ободковая,прямоугольные,серебристый/золотой,серо-розовый градиент,"57,0","17,0",145,,,,Мужской,25.12.1987,"Васенко,4 ОиМ",30.04.2024 18:22:40
3006-04B,TRUSSARDI,женские,металл,ободковая,прямоугольные,серебристый/золотой,серо-розовый градиент,"57,0","17,0",145,,,,Женский,15.03.1989,"Васенко,4 ОиМ",21.06.2024 16:42:57
3025-004/51,RAY BAN,универсальные,металл,ободковая,авиаторы,серебристый,,"58,0","14,0",,,,,Женский,25.04.1990,"Васенко,4 ОиМ",23.09.2023 17:20:35
30MontaigneMini RI-10A1,DIOR,женские,пластик,ободковая,круглые,,,"51,0","20,0",135,,,,Мужской,04.11.1950,"Васенко,4 ОиМ",18.02.2023 13:16:37
30MontaigneMini RI-20F1,DIOR,женские,пластик,ободковая,круглые,,,"51,0","20,0",135,,,,Женский,23.04.1960,"Васенко,4 ОиМ",08.09.2023 13:45:30
3169-12A,HICKMANN,женские,металл,ободковая,бабочка,черный/золотой,серо-зеленый градиент,"58,0","16,0",142,,,,Мужской,27.05.1976,"Васенко,4 ОиМ",11.06.2023 14:59:24
3171-A01,HICKMANN,женские,металл и пластик,ободковая,квадратные,черный/золотой,черный,"56,5","17,5",142,,,,Мужской,12.11.1989,"Васенко,4 ОиМ",15.08.2023 19:18:03
3176-A01,HICKMANN,женские,металл и пластик,ободковая,квадратные,черный/золотой,серый градиент,"54,0","18,0",140,,,,Женский,22.09.1968,"Васенко,4 ОиМ",05.06.2023 13:06:30
3182-06A,HICKMANN,женские,металл,ободковая,панто,синий/золотой,серый градиент,"56,0","18,0",145,,,,Мужской,15.01.1979,"40 лет Октября,15 ОиМ",29.04.2024 16:42:39
3182-06A,HICKMANN,женские,металл,ободковая,панто,синий/золотой,серый градиент,"56,0","18,0",145,,,,Женский,20.03.1980,"40 лет Октября,15 ОиМ",01.04.2024 11:01:33
3182-09A,HICKMANN,женские,металл,ободковая,панто,черный/золотой,серый градиент,"56,0","18,0",145,,,,Женский,31.03.1996,"Васенко,4 ОиМ",02.04.2024 18:35:13
3183-04D,HICKMANN,женские,металл,ободковая,круглые,золотой,серый градиент,"58,0","17,0",145,,,,Женский,24.03.1983,"40 лет Октября,15 ОиМ",07.07.2024 9:49:10
3184-04A,HICKMANN,женские,металл,ободковая,квадратные,золотой,серо-коричневый градиент,"57,0","15,0",145,,,,Женский,26.05.1985,"Васенко,4 ОиМ",11.04.2024 12:46:54
3184-09A,HICKMANN,женские,металл,ободковая,квадратные,черный,зеленый градиент,"57,0","15,0",145,,,,Мужской,19.06.1976,"40 лет Октября,15 ОиМ",04.04.2024 12:01:39
3184-09A,HICKMANN,женские,металл,ободковая,квадратные,черный,зеленый градиент,"57,0","15,0",145,,,,Женский,29.11.1962,"Васенко,4 ОиМ",13.04.2024 16:07:43
3235-09A,ANA HICKMANN,женские,металл,ободковая,бабочка,черный,серый градиент,"58,0","17,5",142,,,,Мужской,08.11.1981,"40 лет Октября,15 ОиМ",27.02.2023 19:19:17
3264-09A,ANA HICKMANN,женские,металл,ободковая,необычные,черный/золотой,серо-синий градиент,"59,0","16,0",145,,,,Женский,19.07.1980,"Васенко,4 ОиМ",21.06.2023 16:44:02
3271-T01,ANA HICKMANN,женские,металл и пластик,ободковая,гексагон,зеленый,зеленый градиент,"56,0","19,0",145,,,,Мужской,23.02.1977,"Васенко,4 ОиМ",18.03.2024 18:59:13
3271-T01,ANA HICKMANN,женские,металл и пластик,ободковая,гексагон,зеленый,зеленый градиент,"56,0","19,0",145,,,,Женский,24.05.1967,"Васенко,4 ОиМ",19.06.2024 12:50:09
3272-A01,ANA HICKMANN,женские,металл и пластик,ободковая,квадратные,черный/золотой,серо-коричневый градиент,"57,0","19,0",145,,,,Женский,23.07.1953,"Васенко,4 ОиМ",05.05.2024 18:44:24
3272-A01,ANA HICKMANN,женские,металл и пластик,ободковая,квадратные,черный/золотой,серо-коричневый градиент,"57,0","19,0",145,,,,Женский,28.08.1961,"Васенко,4 ОиМ",18.04.2024 16:15:34
3272-E01,ANA HICKMANN,женские,металл и пластик,ободковая,квадратные,коричневый/золотой,коричневый градиент,"57,0","19,0",145,,,,Мужской,11.06.1965,"Васенко,4 ОиМ",06.07.2024 14:31:51
3272-E01,ANA HICKMANN,женские,металл и пластик,ободковая,квадратные,коричневый/золотой,коричневый градиент,"57,0","19,0",145,,,,Женский,28.04.2006,"40 лет Октября,15 ОиМ",12.06.2024 13:42:37
3272-T01,ANA HICKMANN,женские,металл и пластик,ободковая,квадратные,зеленый,зеленый градиент,"57,0","19,0",145,,,,Женский,18.04.1969,"Васенко,4 ОиМ",06.08.2024 12:22:24
3272-T01,ANA HICKMANN,женские,металл и пластик,ободковая,квадратные,зеленый,зеленый градиент,"57,0","19,0",145,,,,Женский,10.01.1977,"40 лет Октября,15 ОиМ",04.06.2024 17:09:08
3341M-04AP,BULGET,мужские,металл,ободковая,квадратные,золотой,серо-зеленый,"61,0","11,0",145,,,,Женский,04.08.1977,"40 лет Октября,15 ОиМ",24.06.2024 10:53:12
3341M-09AP,BULGET,мужские,металл,ободковая,квадратные,темно-серый,серый,"61,0","11,0",145,,,,Женский,11.11.1111,"Васенко,4 ОиМ",21.07.2024 18:04:22
3342M-02AP,BULGET,мужские,металл,ободковая,капли,темно-серый,серо-синий,"58,0","15,0",145,,,,Мужской,27.01.1960,"40 лет Октября,15 ОиМ",19.04.2024 12:39:48
3342M-02AP,BULGET,мужские,металл,ободковая,капли,темно-серый,серо-синий,"58,0","15,0",145,,,,Мужской,03.08.1988,"40 лет Октября,15 ОиМ",26.08.2024 12:34:18
3342M-02AP,BULGET,мужские,металл,ободковая,капли,темно-серый,серо-синий,"58,0","15,0",145,,,,Женский,14.10.1991,"Васенко,4 ОиМ",09.06.2024 15:28:28
3342M-09AP,BULGET,мужские,металл,ободковая,капли,темно-серый,серый,"58,0","15,0",145,,,,Мужской,11.10.1972,"40 лет Октября,15 ОиМ",19.08.2024 9:29:04
3342M-09AP,BULGET,мужские,металл,ободковая,капли,темно-серый,серый,"58,0","15,0",145,,,,Женский,28.06.1999,"Васенко,4 ОиМ",28.09.2024 11:04:17
335S-0700,CHOPARD,женские,пластик,ободковая,бабочка,черный,черный,"52,0","24,0",145,,,,Женский,02.02.1963,"Васенко,4 ОиМ",16.08.2023 17:06:57
340-700P,CHOPARD,мужские,пластик,ободковая,необычные,черный,коричневый,"59,0","13,0",145,,,,Мужской,25.09.1992,"Васенко,4 ОиМ",27.03.2023 15:32:01
344-033M,FURLA,женские,металл,ободковая,панто,золотой,синий градиент,"56,0","17,0",140,,,,Женский,14.01.1984,"Васенко,4 ОиМ",10.08.2023 16:35:45
344-0492,FURLA,женские,металл,ободковая,панто,серый,серый градиент,"56,0","17,0",140,,,,Женский,11.01.1987,"Васенко,4 ОиМ",05.02.2024 12:30:18
347-6X7P,CHOPARD,мужские,пластик,ободковая,квадратные,серый,серо-коричневый,"58,0","15,0",145,,,,Мужской,07.10.1985,"Васенко,4 ОиМ",18.02.2024 13:27:09
37-08FF,CHOPARD,мужские,металл,безободковая,капли,золотой,коричневый градиент,"63,0","13,0",145,,,,Женский,29.06.1986,"Васенко,4 ОиМ",15.04.2023 12:12:57
40001I-01A,BVLGARI,женские,пластик,ободковая,кошачий глаз,черный,черный,"56,0","16,0",140,,,,Женский,21.01.1992,"Васенко,4 ОиМ",09.09.2024 11:07:50
40007U-33W,LOEWE,универсальные,металл и пластик,ободковая,круглые,,,"58,0","17,0",140,,,,Мужской,21.05.2000,"40 лет Октября,15 ОиМ",24.05.2023 17:42:21
40013I-52E,BVLGARI,женские,пластик,ободковая,бабочка,гавана,коричневый,"49,0","23,0",140,,,,Женский,11.09.1989,"Васенко,4 ОиМ",14.09.2024 16:46:32
40018I-53S,FENDI,женские,пластик,ободковая,бабочка,черепаховый,розовый,"54,0","18,0",145,,,,Мужской,30.08.1952,"Васенко,4 ОиМ",08.09.2023 16:11:34
40021U-28T,FRED,женские,металл,ободковая,квадратные,золотой,золотой зеркальный,"57,0","19,0",140,,,,Женский,25.12.1975,"Васенко,4 ОиМ",20.07.2024 17:49:39
40022I-02A,BVLGARI,мужские,пластик,ободковая,квадратные,черный,черный,"56,0","17,0",150,,,,Женский,02.07.1986,"Васенко,4 ОиМ",29.06.2024 16:50:27
40023U-49E,BVLGARI,мужские,металл и пластик,ободковая,капли,коричневый/золотой,коричневый,"54,0","22,0",150,,,,Мужской,22.08.1982,"Васенко,4 ОиМ",07.06.2024 14:24:48
40025U-30E,FRED,мужские,металл,ободковая,овальные,,,"62,0","11,0",150,,,,Женский,18.07.1973,"Васенко,4 ОиМ",01.12.2024 17:29:13
40029U-01A,FRED,универсальные,металл,ободковая,прямоугольные,черный/золотой,серый,"54,0","20,0",150,,,,Мужской,01.04.1992,"Васенко,4 ОиМ",25.06.2024 13:34:20
40029U-01A,FRED,универсальные,металл,ободковая,прямоугольные,черный/золотой,серый,"54,0","20,0",150,,,,Женский,01.11.1968,"40 лет Октября,15 ОиМ",18.08.2023 18:39:07
40029U-16C,FRED,мужские,металл,ободковая,прямоугольные,серебристый,серебристый зеркальный,"54,0","20,0",150,,,,Женский,13.08.1998,"Васенко,4 ОиМ",17.07.2024 17:54:31
40029U-17V,BVLGARI,мужские,титан,безободковая,прямоугольные,серый,серо-синий,"61,0","15,0",145,,,,Мужской,11.08.1977,"Васенко,4 ОиМ",01.09.2024 18:06:50
40030U-16V,FRED,мужские,металл,ободковая,капли,,,"60,0","14,0",150,,,,Женский,01.01.1973,"Васенко,4 ОиМ",30.12.2023 16:41:14
40030U-30E,FRED,мужские,металл,ободковая,капли,золотой,коричневый,"60,0","14,0",150,,,,Женский,21.03.1988,"Васенко,4 ОиМ",25.07.2023 16:58:22
40035U-16V,FRED,мужские,металл,ободковая,прямоугольные,серебристый,синий,"59,0","18,0",150,,,,Мужской,08.01.1974,"Васенко,4 ОиМ",28.04.2024 13:47:18
40036U-16V,FRED,мужские,металл,ободковая,капли,серебристый,синий,"60,0","14,0",150,,,,Мужской,13.11.1962,"Васенко,4 ОиМ",21.04.2023 19:57:43
40036U-30B,FRED,мужские,металл,ободковая,капли,золотой,серый градиент,"60,0","14,0",150,,,,Мужской,03.02.1983,"Васенко,4 ОиМ",20.10.2023 15:49:52
40044U-01C,FENDI,универсальные,пластик,ободковая,овальные,черный,,,,,,,,Мужской,15.05.1995,"40 лет Октября,15 ОиМ",17.05.2024 17:28:20
40235U-30N,CELINE,женские,металл,ободковая,овальные,желтый,зеленый,"54,0","18,0",135,,,,Мужской,03.07.1966,"Васенко,4 ОиМ",01.09.2024 12:56:50
40235U-30N,CELINE,женские,металл,ободковая,овальные,желтый,зеленый,"54,0","18,0",135,,,,Мужской,11.04.1972,"Васенко,4 ОиМ",29.09.2024 17:18:41
40235U-30N,CELINE,женские,металл,ободковая,овальные,желтый,зеленый,"54,0","18,0",135,,,,Мужской,29.01.1981,"Васенко,4 ОиМ",19.08.2024 17:57:15
40235U-30N,CELINE,женские,металл,ободковая,овальные,желтый,зеленый,"54,0","18,0",135,,,,Мужской,26.12.1992,"Васенко,4 ОиМ",31.12.2024 14:45:54
40235U-30N,CELINE,женские,металл,ободковая,овальные,желтый,зеленый,"54,0","18,0",135,,,,Женский,22.03.1954,"Васенко,4 ОиМ",15.06.2024 13:13:59
40235U-30N,CELINE,женские,металл,ободковая,овальные,желтый,зеленый,"54,0","18,0",135,,,,Женский,18.08.1982,"Васенко,4 ОиМ",10.06.2024 18:49:19
40235U-30N,CELINE,женские,металл,ободковая,овальные,желтый,зеленый,"54,0","18,0",135,,,,Женский,18.02.1987,"Васенко,4 ОиМ",09.08.2024 15:12:08
40235U-30N,CELINE,женские,металл,ободковая,овальные,желтый,зеленый,"54,0","18,0",135,,,,Женский,10.03.1987,"Васенко,4 ОиМ",10.06.2024 19:47:13
40235U-30N,CELINE,женские,металл,ободковая,овальные,желтый,зеленый,"54,0","18,0",135,,,,Женский,21.03.2000,"Васенко,4 ОиМ",01.06.2024 13:50:37
4043IK-90X,STELLA Mc CARTNEY,подростковые для девочек,пластик,ободковая,панто,голубой,голубой,"41,0","25,0",125,,,,Мужской,16.01.1984,"Васенко,4 ОиМ",16.08.2023 19:55:11
4075US-30A,FENDI,универсальные,металл,безободковая,овальные,золотой,черный,"54,0","15,0",135,,,,Женский,24.10.1995,"Васенко,4 ОиМ",08.12.2024 15:19:16
4075US-30V,FENDI,универсальные,металл,безободковая,овальные,золотой,серо-синий,"54,0","15,0",135,,,,Мужской,11.04.1972,"40 лет Октября,15 ОиМ",29.09.2024 17:19:46
4075US-30V,FENDI,универсальные,металл,безободковая,овальные,золотой,серо-синий,"54,0","15,0",135,,,,Женский,05.06.1954,"Васенко,4 ОиМ",06.12.2024 15:56:47
4096/X/S-807WJ,POLAROID,женские,пластик,ободковая,бабочка,,,"52,0","20,0",145,,,,Женский,21.06.1966,"40 лет Октября,15 ОиМ",14.06.2023 17:59:07
4110/S/X-807M9,POLAROID,женские,пластик,ободковая,бабочка,,,"51,0","20,0",145,,,,Женский,02.05.1960,"40 лет Октября,15 ОиМ",12.03.2023 11:32:16
4114/S/X-807M9,POLAROID,женские,пластик,ободковая,круглые,черный,серый,"54,0","22,0",145,,,,Женский,23.11.1979,"40 лет Октября,15 ОиМ",05.03.2023 13:21:33
4152/S-807M9,POLAROID,универсальные,пластик,ободковая,необычные,черный,черный,"54,0","19,0",145,,,,Женский,12.08.1984,"40 лет Октября,15 ОиМ",31.01.2024 18:56:59
4153/S-807M9,POLAROID,универсальные,пластик,ободковая,панто,черный,черный,"50,0","21,0",145,,,,Женский,22.02.2011,"40 лет Октября,15 ОиМ",11.02.2024 18:53:37
4158/G/S/X-DDBWJ,POLAROID,женские,металл,ободковая,квадратные,золотой,серый градиент,"58,0","16,0",145,,,,Женский,09.08.1996,"40 лет Октября,15 ОиМ",22.05.2024 16:31:13
4242-395/S5,CHANEL,женские,металл,ободковая,панто,,,"55,0","17,0",135,,,,Женский,17.05.1977,"Васенко,4 ОиМ",11.02.2023 18:02:42
4244-108/D8,CHANEL,женские,металл,безободковая,квадратные,,,"57,0","18,0",140,,,,Мужской,28.09.1984,"Васенко,4 ОиМ",11.06.2023 13:26:47
4247-H-395/S5,CHANEL,женские,металл,ободковая,круглые,,,"52,0","19,0",135,,,,Женский,16.01.1977,"Васенко,4 ОиМ",26.03.2023 11:43:10
4264-101/S4,CHANEL,женские,металл,ободковая,бабочка,,,"56,0","17,0",140,,,,Женский,11.12.1968,"Васенко,4 ОиМ",28.02.2023 13:04:15
4265-Q-395/3,CHANEL,женские,металл,ободковая,круглые,,,"53,0","21,0",135,,,,Женский,07.06.1953,"Васенко,4 ОиМ",07.08.2023 11:27:21
4269-395/S5,CHANEL,женские,металл,ободковая,необычные,,,"55,0","17,0",140,,,,Женский,17.05.1977,"Васенко,4 ОиМ",04.03.2023 15:14:40
47S-300L,CHOPARD,универсальные,металл,ободковая,капли,золотой,коричневый градиент,"59,0","14,0",140,,,,Женский,11.05.1998,"Васенко,4 ОиМ",17.03.2023 16:16:33
491-001,GENEX,женские,пластик,ободковая,бабочка,черный,серый,"52,0","21,0",140,,,,Женский,31.12.1947,"Комсомольский,33 ОиМ",05.04.2023 14:13:55
496/S-RHLVP,MARC JACOBS,женские,металл,ободковая,гексагон,золотой,серо-коричневый зеркальный,"55,0","17,0",140,,,,Женский,02.04.1993,"Васенко,4 ОиМ",31.12.2024 14:06:08
5014-02,NICE,универсальные,пластик,ободковая,трапеция,синий,серый,"55,0","17,0",145,,,,Женский,19.04.1985,"Комсомольский,33 ОиМ",16.07.2023 9:11:51
5021-400,SCOTCH&SODA,женские,металл,ободковая,прямоугольные,золотой,оранжево-коричневый градиент,"54,0","17,0",135,,,,Женский,09.05.1992,"Васенко,4 ОиМ",15.06.2024 11:49:03
5021-405,SCOTCH&SODA,женские,металл,ободковая,прямоугольные,золотой,серый градиент,"54,0","17,0",135,,,,Мужской,08.02.1984,"Васенко,4 ОиМ",12.06.2024 19:42:03
5033-11,VENTO,детские для мальчиков,пластик,ободковая,квадратные,,,"45,0","18,0",130,,,,Женский,19.11.1979,"40 лет Октября,15 ОиМ",23.03.2023 8:55:03
5339-H-501/S6,CHANEL,женские,пластик,ободковая,бабочка,,,"55,0","18,0",140,,,,Женский,26.01.1958,"Васенко,4 ОиМ",26.03.2023 18:36:56
538-300Y,FURLA,женские,металл,ободковая,квадратные,золотой,коричневый,"58,0","16,0",135,,,,,26.06.1947,"Васенко,4 ОиМ",06.08.2023 13:13:57
5380-501/S8,CHANEL,женские,пластик,ободковая,бабочка,,,"56,0","17,0",140,,,,Женский,17.05.1977,"Васенко,4 ОиМ",04.03.2023 14:43:30
5416-1461/S6,CHANEL,женские,пластик,ободковая,овальные,,,"57,0","17,0",140,,,,Женский,24.08.1949,"Васенко,4 ОиМ",23.03.2023 13:24:26
5450-1228/S6,CHANEL,женские,пластик,ободковая,овальные,,,"54,0","17,0",140,,,,Женский,11.12.1985,"Васенко,4 ОиМ",09.07.2023 15:44:04
5451-622/S6,CHANEL,женские,пластик,ободковая,гексагон,,,"56,0","17,0",140,,,,Женский,06.09.1979,"Васенко,4 ОиМ",16.06.2023 16:00:39
5456-QB-501/S5,CHANEL,женские,пластик,ободковая,бабочка,,,"54,0","16,0",140,,,,Женский,22.12.1967,"Васенко,4 ОиМ",20.01.2023 14:07:53
548-005,GENEX,мужские,пластик,ободковая,прямоугольные,черный,коричневый,"55,0","20,0",143,,,,Мужской,,"Комсомольский,33 ОиМ",31.07.2023 12:54:54
548-005,GENEX,мужские,пластик,ободковая,прямоугольные,черный,коричневый,"55,0","20,0",143,,,,Мужской,22.04.1964,"Комсомольский,33 ОиМ",07.07.2023 18:31:26
548-005,GENEX,мужские,пластик,ободковая,прямоугольные,черный,коричневый,"55,0","20,0",143,,,,Женский,23.08.1976,"Комарова,110 ОиМ",13.05.2023 17:36:21
548-575,GENEX,мужские,пластик,ободковая,прямоугольные,черный,серо-зеленый,"55,0","20,0",143,,,,Женский,24.04.1962,"Комсомольский,33 ОиМ",04.09.2023 15:24:52
548-575,GENEX,мужские,пластик,ободковая,прямоугольные,черный,серо-зеленый,"55,0","20,0",143,,,,Женский,19.12.2000,"40 лет Октября,15 ОиМ",16.07.2023 10:40:29
549-001,GENEX,женские,пластик,ободковая,панто,черный,черный,"52,0","21,0",145,,,,Мужской,21.02.1985,"Комарова,110 ОиМ",04.05.2023 16:56:40
549-001,GENEX,женские,пластик,ободковая,панто,черный,черный,"52,0","21,0",145,,,,Женский,04.05.1955,"Комсомольский,33 ОиМ",17.05.2023 18:11:19
549-001,GENEX,женские,пластик,ободковая,панто,черный,черный,"52,0","21,0",145,,,,Женский,17.11.1971,"Комсомольский,33 ОиМ",10.07.2023 9:44:56
549-490,GENEX,женские,пластик,ободковая,панто,коричневый,коричневый,"52,0","21,0",145,,,,Женский,13.05.1988,"Комсомольский,33 ОиМ",11.05.2023 13:33:35
549-490,GENEX,женские,пластик,ободковая,панто,коричневый,коричневый,"52,0","21,0",145,,,,Женский,10.12.1988,"Комарова,110 ОиМ",08.06.2023 18:11:53
552-001,SAINT LAURENT,женские,пластик,ободковая,бабочка,черный,черный,"51,0","22,0",145,,,,Женский,03.01.1990,"Васенко,4 ОиМ",15.03.2023 18:16:47
557-001,GENEX,женские,пластик,ободковая,бабочка,черный,серый,"54,0","18,0",143,,,,Женский,07.05.1985,"Комсомольский,33 ОиМ",26.01.2023 17:18:10
558-025,GENEX,мужские,пластик,ободковая,квадратные,черный,серый,"57,0","16,0",143,,,,Мужской,13.09.2002,"Комсомольский,33 ОиМ",11.07.2023 14:27:22
562-042,GENEX,универсальные,пластик,ободковая,квадратные,черный,серый,"58,0","16,0",142,,,,Женский,12.08.1948,"Комсомольский,33 ОиМ",31.03.2023 12:25:22
562-042,GENEX,универсальные,пластик,ободковая,квадратные,черный,серый,"58,0","16,0",142,,,,Женский,03.08.1989,"Комсомольский,33 ОиМ",03.07.2023 14:09:21
565-001,GENEX,мужские,пластик,ободковая,квадратные,черный,серый,"57,0","17,0",140,,,,Женский,31.01.1987,"Комсомольский,33 ОиМ",18.03.2023 13:43:02
565-005,GENEX,мужские,пластик,ободковая,квадратные,коричневый,коричневый,"57,0","17,0",140,,,,Мужской,02.04.1953,"Комсомольский,33 ОиМ",11.04.2023 10:32:44
566-004,GENEX,женские,пластик,ободковая,бабочка,коричневый,коричневый,"52,0","21,0",142,,,,Женский,04.03.1976,"Комарова,110 ОиМ",03.04.2023 16:47:12
566-004,GENEX,женские,пластик,ободковая,бабочка,коричневый,коричневый,"52,0","21,0",142,,,,Женский,24.03.1990,"Комсомольский,33 ОиМ",23.05.2023 13:31:37
567-001,GENEX,женские,пластик,ободковая,бабочка,темно-серый,черный,"55,0","16,0",145,,,,Женский,13.10.1935,"Комсомольский,33 ОиМ",19.06.2023 16:01:08
567-001,GENEX,женские,пластик,ободковая,бабочка,темно-серый,черный,"55,0","16,0",145,,,,Женский,01.02.1946,"Комсомольский,33 ОиМ",08.05.2023 18:12:54
567-001,GENEX,женские,пластик,ободковая,бабочка,темно-серый,черный,"55,0","16,0",145,,,,Женский,06.10.1947,"Комарова,110 ОиМ",29.04.2023 16:17:42
567-246,GENEX,женские,пластик,ободковая,бабочка,черный,серый,"55,0","16,0",145,,,,Женский,19.04.1971,"Комсомольский,33 ОиМ",04.06.2023 13:24:21
568-001,GENEX,женские,пластик,ободковая,квадратные,,,"55,0","16,0",140,,,,Женский,22.07.1963,"Комарова,110 ОиМ",27.07.2023 11:10:57
568-001,GENEX,женские,пластик,ободковая,квадратные,,,"55,0","16,0",140,,,,Женский,07.07.1978,"Комсомольский,33 ОиМ",26.03.2023 11:26:02
57-night out green lens,EYEREPUBLIC,женские,пластик,ободковая,квадратные,черный,зелено-коричневый градиент,"56,0","17,0",145,,,,Женский,24.06.1980,"40 лет Октября,15 ОиМ",20.05.2024 13:32:51
571-025,GENEX,женские,пластик,ободковая,бабочка,черный,серый,"53,0","17,0",148,,,,Мужской,30.04.1988,"Комсомольский,33 ОиМ",17.01.2023 9:44:33
571-392,GENEX,женские,пластик,ободковая,бабочка,коричневый,коричневый,"53,0","17,0",148,,,,Мужской,26.04.1971,"Комарова,110 ОиМ",21.07.2023 18:32:41
571-392,GENEX,женские,пластик,ободковая,бабочка,коричневый,коричневый,"53,0","17,0",148,,,,Мужской,18.01.1972,"Комарова,110 ОиМ",21.04.2023 12:39:56
571-392,GENEX,женские,пластик,ободковая,бабочка,коричневый,коричневый,"53,0","17,0",148,,,,Женский,28.02.1958,"Комсомольский,33 ОиМ",28.05.2023 16:40:15
571-392,GENEX,женские,пластик,ободковая,бабочка,коричневый,коричневый,"53,0","17,0",148,,,,Женский,21.02.1965,"Комсомольский,33 ОиМ",17.04.2023 16:44:41
574-001,GENEX,женские,пластик,ободковая,панто,черный,черный,"52,0","19,0",145,,,,Женский,25.05.1945,"Комарова,110 ОиМ",03.07.2023 10:04:00
574-001,GENEX,женские,пластик,ободковая,панто,черный,черный,"52,0","19,0",145,,,,Женский,26.03.1980,"Комсомольский,33 ОиМ",29.04.2023 11:38:49
574-001,GENEX,женские,пластик,ободковая,панто,черный,черный,"52,0","19,0",145,,,,Женский,26.06.1994,"Комсомольский,33 ОиМ",07.07.2023 15:32:03
576-025,GENEX,мужские,пластик,ободковая,квадратные,,,"57,0","16,0",140,,,,Мужской,08.12.2011,"Комсомольский,33 ОиМ",06.03.2023 16:07:55
576-025,GENEX,мужские,пластик,ободковая,квадратные,,,"57,0","16,0",140,,,,Женский,10.11.1966,"Комарова,110 ОиМ",17.02.2023 15:06:27
577-025,GENEX,женские,пластик,ободковая,бабочка,черный,черный,"56,0","17,0",145,,,,Женский,,"Комарова,110 ОиМ",14.08.2023 11:55:56
577-025,GENEX,женские,пластик,ободковая,бабочка,черный,черный,"56,0","17,0",145,,,,Женский,07.11.1945,"Комсомольский,33 ОиМ",12.07.2023 13:14:46
577-025,GENEX,женские,пластик,ободковая,бабочка,черный,черный,"56,0","17,0",145,,,,Женский,27.12.1956,"Комсомольский,33 ОиМ",08.05.2023 14:30:00
577-025,GENEX,женские,пластик,ободковая,бабочка,черный,черный,"56,0","17,0",145,,,,Женский,17.08.1957,"Комарова,110 ОиМ",04.05.2023 13:41:25
577-025,GENEX,женские,пластик,ободковая,бабочка,черный,черный,"56,0","17,0",145,,,,Женский,31.07.1971,"Комсомольский,33 ОиМ",22.05.2023 17:23:51
577-392,GENEX,женские,пластик,ободковая,бабочка,коричневый,коричневый,"56,0","17,0",145,,,,Женский,22.03.1961,"Комсомольский,33 ОиМ",28.01.2023 15:21:31
577-545,GENEX,женские,пластик,ободковая,бабочка,фиолетовый,серый,"56,0","17,0",145,,,,Женский,02.09.1980,"Комсомольский,33 ОиМ",18.02.2023 13:47:33
579-001,GENEX,мужские,пластик,ободковая,прямоугольные,черный,черный,"60,0","16,0",135,,,,Мужской,24.11.1962,"Комсомольский,33 ОиМ",12.07.2023 13:05:20
579-025,GENEX,мужские,пластик,ободковая,прямоугольные,,,"60,0","16,0",135,,,,Женский,19.07.1970,"Комсомольский,33 ОиМ",24.03.2023 13:19:26
580-014,GENEX,мужские,металл,ободковая,прямоугольные,коричневый,коричневый,"63,0","18,0",142,,,,Мужской,16.07.1964,"Комсомольский,33 ОиМ",22.08.2023 10:48:02
580-014,GENEX,мужские,металл,ободковая,прямоугольные,коричневый,коричневый,"63,0","18,0",142,,,,Мужской,24.09.1976,"Комарова,110 ОиМ",03.05.2023 13:18:34
580-061,GENEX,мужские,металл,ободковая,прямоугольные,черный,серый,"63,0","18,0",142,,,,,,"Комсомольский,33 ОиМ",12.03.2023 14:55:38
580-061,GENEX,мужские,металл,ободковая,прямоугольные,черный,серый,"63,0","18,0",142,,,,Женский,26.04.1960,"Комарова,110 ОиМ",11.04.2023 11:28:29
581-014,GENEX,мужские,металл,ободковая,прямоугольные,коричневый,коричневый,"63,0","18,0",142,,,,Мужской,01.10.1977,"Комсомольский,33 ОиМ",18.02.2024 10:02:43
581-014,GENEX,мужские,металл,ободковая,прямоугольные,коричневый,коричневый,"63,0","18,0",142,,,,Женский,,"Комарова,110 ОиМ",19.05.2023 17:35:07
581-014,GENEX,мужские,металл,ободковая,прямоугольные,коричневый,коричневый,"63,0","18,0",142,,,,Женский,25.02.1985,"40 лет Октября,15 ОиМ",29.06.2023 19:31:05
581-061,GENEX,мужские,металл,ободковая,прямоугольные,черный,зеленый,"63,0","18,0",142,,,,Женский,22.01.1949,"Комарова,110 ОиМ",27.03.2023 12:55:56
582-012,GENEX,мужские,металл,ободковая,квадратные,черный,серый,"61,0","18,0",142,,,,Мужской,23.03.1954,"Комарова,110 ОиМ",04.02.2023 13:01:42
582-014,GENEX,мужские,металл,ободковая,квадратные,коричневый,коричневый,"61,0","18,0",142,,,,Мужской,08.05.1983,"Комсомольский,33 ОиМ",08.02.2023 10:00:12
582-061,GENEX,мужские,металл,ободковая,квадратные,черный,зеленый,"61,0","18,0",142,,,,,,"Комсомольский,33 ОиМ",28.03.2023 15:28:24
582-061,GENEX,мужские,металл,ободковая,квадратные,черный,зеленый,"61,0","18,0",142,,,,Мужской,23.05.1955,"Комарова,110 ОиМ",10.03.2023 13:58:39
584-392,GENEX,мужские,пластик,ободковая,спортивные,коричневый,коричневый,"67,0","15,0",135,,,,Мужской,21.11.1959,"Комарова,110 ОиМ",27.02.2023 18:32:43
588-088,GENEX,женские,металл,ободковая,бабочка,,,"59,0","19,0",145,,,,Женский,28.12.1983,"Комсомольский,33 ОиМ",12.07.2023 12:25:55
588-088,GENEX,женские,металл,ободковая,бабочка,,,"59,0","19,0",145,,,,Женский,29.08.1986,"Комарова,110 ОиМ",02.04.2023 17:10:36
589-001,GENEX,женские,металл,ободковая,бабочка,коричневый,коричневый,"62,0","16,0",140,,,,Женский,29.08.1986,"Комарова,110 ОиМ",02.04.2023 17:10:36
591-005,GENEX,мужские,пластик,ободковая,квадратные,черный,коричневый,"57,0","18,0",148,,,,Женский,29.07.1978,"Комарова,110 ОиМ",31.05.2023 10:47:46
591-005,GENEX,мужские,пластик,ободковая,квадратные,черный,коричневый,"57,0","18,0",148,,,,Женский,16.02.1995,"Комсомольский,33 ОиМ",26.08.2023 19:48:00
591-575,GENEX,мужские,пластик,ободковая,квадратные,черный,черный,"57,0","18,0",148,,,,Мужской,22.12.1985,"Комсомольский,33 ОиМ",22.07.2023 13:20:55
591-575,GENEX,мужские,пластик,ободковая,квадратные,черный,черный,"57,0","18,0",148,,,,Мужской,03.01.1993,"40 лет Октября,15 ОиМ",23.04.2023 18:14:58
591-575,GENEX,мужские,пластик,ободковая,квадратные,черный,черный,"57,0","18,0",148,,,,Мужской,30.07.2001,"Комсомольский,33 ОиМ",03.05.2023 18:59:44
592-001,GENEX,женские,пластик,ободковая,бабочка,черный,черный,"50,0","21,0",150,,,,Мужской,25.03.1989,"Комарова,110 ОиМ",22.07.2023 18:09:55
592-001,GENEX,женские,пластик,ободковая,бабочка,черный,черный,"50,0","21,0",150,,,,Мужской,25.06.2008,"Комсомольский,33 ОиМ",08.07.2024 19:35:40
592-001,GENEX,женские,пластик,ободковая,бабочка,черный,черный,"50,0","21,0",150,,,,Женский,07.01.1944,"40 лет Октября,15 ОиМ",23.09.2023 18:40:01
592-001,GENEX,женские,пластик,ободковая,бабочка,черный,черный,"50,0","21,0",150,,,,Женский,03.10.1949,"Комсомольский,33 ОиМ",09.06.2023 11:24:56
592-189,GENEX,женские,пластик,ободковая,бабочка,коричневый,коричневый,"50,0","21,0",150,,,,Женский,14.03.1939,"40 лет Октября,15 ОиМ",25.12.2023 14:54:34
592-189,GENEX,женские,пластик,ободковая,бабочка,коричневый,коричневый,"50,0","21,0",150,,,,Женский,20.03.1945,"40 лет Октября,15 ОиМ",04.05.2024 10:04:21
592-189,GENEX,женские,пластик,ободковая,бабочка,коричневый,коричневый,"50,0","21,0",150,,,,Женский,27.11.1947,"40 лет Октября,15 ОиМ",16.06.2023 9:57:58
592-189,GENEX,женские,пластик,ободковая,бабочка,коричневый,коричневый,"50,0","21,0",150,,,,Женский,14.05.1969,"Комсомольский,33 ОиМ",15.09.2023 11:26:55
592-573,GENEX,женские,пластик,ободковая,бабочка,бордовый,серый,"50,0","21,0",150,,,,Женский,03.03.1946,"40 лет Октября,15 ОиМ",07.08.2023 9:34:31
592-573,GENEX,женские,пластик,ободковая,бабочка,бордовый,серый,"50,0","21,0",150,,,,Женский,28.11.1952,"Комарова,110 ОиМ",10.07.2023 12:52:33
592-573,GENEX,женские,пластик,ободковая,бабочка,бордовый,серый,"50,0","21,0",150,,,,Женский,25.04.1967,"Комарова,110 ОиМ",10.06.2023 10:57:03
592-573,GENEX,женские,пластик,ободковая,бабочка,бордовый,серый,"50,0","21,0",150,,,,Женский,22.06.1977,"Комсомольский,33 ОиМ",25.04.2023 17:35:44
592-573,GENEX,женские,пластик,ободковая,бабочка,бордовый,серый,"50,0","21,0",150,,,,Женский,13.05.1988,"Комсомольский,33 ОиМ",26.09.2023 14:40:42
593-005,GENEX,мужские,пластик,ободковая,прямоугольные,черный,коричневый,"57,0","19,0",132,,,,Мужской,12.04.1972,"Комсомольский,33 ОиМ",16.05.2023 12:28:07
593-005,GENEX,мужские,пластик,ободковая,прямоугольные,черный,коричневый,"57,0","19,0",132,,,,Мужской,10.10.1980,"Комсомольский,33 ОиМ",08.07.2023 11:20:37
593-005,GENEX,мужские,пластик,ободковая,прямоугольные,черный,коричневый,"57,0","19,0",132,,,,Женский,13.06.1989,"Комарова,110 ОиМ",13.04.2023 13:53:55
593-0ALV,FURLA,женские,пластик,ободковая,бабочка,розовый,коричневый градиент,"54,0","19,0",135,,,,Женский,30.01.2004,"Васенко,4 ОиМ",12.10.2023 19:23:31
593-575,GENEX,мужские,пластик,ободковая,прямоугольные,черный,серый,"57,0","19,0",132,,,,Мужской,12.10.1973,"Комсомольский,33 ОиМ",31.07.2023 9:21:19
593-575,GENEX,мужские,пластик,ободковая,прямоугольные,черный,серый,"57,0","19,0",132,,,,Женский,16.04.1971,"Комарова,110 ОиМ",30.06.2023 14:48:44
596-012,GENEX,мужские,металл,ободковая,капли,темно-серый,серый,"59,0","18,0",142,,,,Мужской,,"Комсомольский,33 ОиМ",12.01.2024 13:54:24
596-012,GENEX,мужские,металл,ободковая,капли,темно-серый,серый,"59,0","18,0",142,,,,Женский,17.08.1957,"Комарова,110 ОиМ",04.05.2023 13:41:25
596-012,GENEX,мужские,металл,ободковая,капли,темно-серый,серый,"59,0","18,0",142,,,,Женский,23.10.1975,"40 лет Октября,15 ОиМ",20.07.2023 14:03:54
596-014,GENEX,мужские,металл,ободковая,капли,черный,коричневый,"59,0","18,0",142,,,,Мужской,21.04.1983,"Комсомольский,33 ОиМ",27.09.2023 10:56:31
596-014,GENEX,мужские,металл,ободковая,капли,черный,коричневый,"59,0","18,0",142,,,,Мужской,22.04.1996,"Комарова,110 ОиМ",02.08.2023 16:44:35
596-03GF,FURLA,женские,пластик,ободковая,бабочка,белый,коричневый градиент,"52,0","20,0",135,,,,Мужской,15.01.1977,"Васенко,4 ОиМ",21.05.2023 19:37:31
597-014,GENEX,универсальные,металл,ободковая,авиаторы,темно-серый,коричневый,"61,0","17,0",142,,,,Мужской,19.06.1989,"Комсомольский,33 ОиМ",23.05.2024 18:23:45
597-014,GENEX,универсальные,металл,ободковая,авиаторы,темно-серый,коричневый,"61,0","17,0",142,,,,Женский,,"Комарова,110 ОиМ",22.04.2023 11:44:24
597-061,GENEX,универсальные,металл,ободковая,авиаторы,черный,серый,"61,0","17,0",142,,,,Мужской,11.10.1991,"Комарова,110 ОиМ",20.07.2023 16:15:34
597-061,GENEX,универсальные,металл,ободковая,авиаторы,черный,серый,"61,0","17,0",142,,,,Женский,29.04.1980,"Комсомольский,33 ОиМ",01.10.2023 19:04:14
598-012,GENEX,мужские,металл,ободковая,прямоугольные,черный,черный,"61,0","18,0",142,,,,Мужской,16.12.1946,"40 лет Октября,15 ОиМ",13.10.2023 15:46:40
598-012,GENEX,мужские,металл,ободковая,прямоугольные,черный,черный,"61,0","18,0",142,,,,Мужской,03.11.1991,"Комсомольский,33 ОиМ",28.07.2023 12:14:27
598-012,GENEX,мужские,металл,ободковая,прямоугольные,черный,черный,"61,0","18,0",142,,,,Мужской,28.12.1991,"Комарова,110 ОиМ",13.06.2023 19:54:20
598-012,GENEX,мужские,металл,ободковая,прямоугольные,черный,черный,"61,0","18,0",142,,,,Женский,25.08.1954,"Комарова,110 ОиМ",21.06.2023 11:57:20
598-014,GENEX,мужские,металл,ободковая,прямоугольные,темно-серый,коричневый,"61,0","18,0",142,,,,Мужской,31.08.1960,"Комарова,110 ОиМ",06.05.2023 11:22:32
598-014,GENEX,мужские,металл,ободковая,прямоугольные,темно-серый,коричневый,"61,0","18,0",142,,,,Женский,08.01.1981,"Комарова,110 ОиМ",08.07.2023 11:58:27
598-014,GENEX,мужские,металл,ободковая,прямоугольные,темно-серый,коричневый,"61,0","18,0",142,,,,Женский,25.08.1987,"Комсомольский,33 ОиМ",09.06.2024 16:15:06
598-015,GENEX,мужские,металл,ободковая,прямоугольные,темно-серый,серый,"61,0","18,0",142,,,,Мужской,20.02.1965,"Комарова,110 ОиМ",16.06.2023 18:44:26
598-015,GENEX,мужские,металл,ободковая,прямоугольные,темно-серый,серый,"61,0","18,0",142,,,,Мужской,12.07.1992,"Комарова,110 ОиМ",01.05.2023 15:41:47
598-015,GENEX,мужские,металл,ободковая,прямоугольные,темно-серый,серый,"61,0","18,0",142,,,,Женский,11.07.1968,"Комсомольский,33 ОиМ",23.02.2024 12:58:29
598-061,GENEX,мужские,металл,ободковая,прямоугольные,черный,серый,"61,0","18,0",142,,,,Мужской,03.01.1948,"40 лет Октября,15 ОиМ",26.10.2023 14:21:16
598-061,GENEX,мужские,металл,ободковая,прямоугольные,черный,серый,"61,0","18,0",142,,,,Мужской,12.05.1958,"Комарова,110 ОиМ",08.05.2023 10:39:45
598-061,GENEX,мужские,металл,ободковая,прямоугольные,черный,серый,"61,0","18,0",142,,,,Женский,19.01.1957,"Комарова,110 ОиМ",24.07.2023 19:47:16
598-061,GENEX,мужские,металл,ободковая,прямоугольные,черный,серый,"61,0","18,0",142,,,,Женский,15.04.1984,"Комсомольский,33 ОиМ",04.08.2023 19:53:09
599-014,GENEX,мужские,металл,ободковая,прямоугольные,темно-серый,коричневый,"62,0","17,0",142,,,,Женский,02.07.1962,"Комсомольский,33 ОиМ",03.10.2024 10:51:27
599-061,GENEX,мужские,металл,ободковая,прямоугольные,черный,черный,"62,0","17,0",142,,,,Мужской,10.06.1975,"40 лет Октября,15 ОиМ",14.09.2023 8:49:07
599-061,GENEX,мужские,металл,ободковая,прямоугольные,черный,черный,"62,0","17,0",142,,,,Женский,26.04.1967,"Комсомольский,33 ОиМ",02.08.2023 19:11:05
599-061,GENEX,мужские,металл,ободковая,прямоугольные,черный,черный,"62,0","17,0",142,,,,Женский,10.07.1973,"Комсомольский,33 ОиМ",29.04.2023 17:57:48
599-061,GENEX,мужские,металл,ободковая,прямоугольные,черный,черный,"62,0","17,0",142,,,,Женский,22.01.1984,"Комарова,110 ОиМ",21.05.2023 17:13:28
6-054-2,VITO FABIUS,детские универсальные,пластик,ободковая,круглые,зеленый,серый,"38,0","21,0",130,,,,Мужской,19.08.1994,"40 лет Октября,15 ОиМ",16.04.2024 17:07:36
6-054-3,VITO FABIUS,детские универсальные,пластик,ободковая,круглые,оранжевый,серый,"38,0","21,0",130,,,,Женский,26.05.2016,"Комсомольский,33 ОиМ",07.08.2024 19:39:24
6-059-8,VITO FABIUS,детские для девочек,пластик,ободковая,круглые,розовый,серый,"46,0","16,0",121,,,,Женский,03.04.1962,"40 лет Октября,15 ОиМ",09.08.2023 18:04:52
6-059-8,VITO FABIUS,детские для девочек,пластик,ободковая,круглые,розовый,серый,"46,0","16,0",121,,,,Женский,17.04.1989,"Васенко,4 ОиМ",03.08.2023 19:26:17
600-005,GENEX,мужские,пластик,ободковая,спортивные,коричневый,коричневый,"58,0","15,0",142,,,,Мужской,14.10.1968,"Комсомольский,33 ОиМ",21.05.2023 11:45:42
600-005,GENEX,мужские,пластик,ободковая,спортивные,коричневый,коричневый,"58,0","15,0",142,,,,Женский,03.11.1946,"Комсомольский,33 ОиМ",11.08.2023 16:59:04
600-005,GENEX,мужские,пластик,ободковая,спортивные,коричневый,коричневый,"58,0","15,0",142,,,,Женский,10.01.1970,"Комарова,110 ОиМ",02.06.2023 15:10:06
600-250,GENEX,мужские,пластик,ободковая,спортивные,черный,черный,"58,0","15,0",142,,,,Мужской,02.12.1989,"Комсомольский,33 ОиМ",05.08.2023 16:30:13
600-250,GENEX,мужские,пластик,ободковая,спортивные,черный,черный,"58,0","15,0",142,,,,Женский,09.09.1977,"Комарова,110 ОиМ",25.05.2023 20:04:34
600-250,GENEX,мужские,пластик,ободковая,спортивные,черный,черный,"58,0","15,0",142,,,,Женский,09.09.1977,"Комарова,110 ОиМ",26.05.2023 19:39:34
600-575,GENEX,мужские,пластик,ободковая,спортивные,черный,серо-зеленый,"58,0","15,0",142,,,,Мужской,01.10.1966,"Комарова,110 ОиМ",22.06.2023 17:14:42
600-575,GENEX,мужские,пластик,ободковая,спортивные,черный,серо-зеленый,"58,0","15,0",142,,,,Мужской,16.02.1978,"Комсомольский,33 ОиМ",01.08.2023 15:45:57
600-575,GENEX,мужские,пластик,ободковая,спортивные,черный,серо-зеленый,"58,0","15,0",142,,,,Женский,27.06.1973,"Комсомольский,33 ОиМ",03.07.2023 17:33:08
6002-1002/8,SWAROVSKI,женские,пластик,ободковая,овальные,гавана,желтый зеркальный,"53,0","18,0",135,,,,Женский,07.04.1963,"Васенко,4 ОиМ",21.08.2024 13:23:47
6006-100187,SWAROVSKI,женские,пластик,полуободковая,овальные,черный,серый,"54,0","22,0",140,,,,Мужской,24.04.1972,"Васенко,4 ОиМ",28.11.2024 18:17:00
6006-103430,SWAROVSKI,женские,пластик,полуободковая,овальные,зеленый,зеленый зеркальный,"54,0","22,0",140,,,,Мужской,06.08.1986,"Васенко,4 ОиМ",28.11.2024 19:45:30
6015-03,NICE,женские,металл,ободковая,капли,золотой,серый,"54,0","18,0",144,,,,Женский,02.03.1972,"Комсомольский,33 ОиМ",28.06.2023 19:37:07
6015-03,NICE,женские,металл,ободковая,капли,золотой,серый,"54,0","18,0",144,,,,Женский,25.08.1972,"40 лет Октября,15 ОиМ",24.07.2023 12:56:13
6015-03,NICE,женские,металл,ободковая,капли,золотой,серый,"54,0","18,0",144,,,,Женский,30.01.1973,"40 лет Октября,15 ОиМ",05.07.2023 15:07:52
6015-03,NICE,женские,металл,ободковая,капли,золотой,серый,"54,0","18,0",144,,,,Женский,13.09.1983,"Комарова,110 ОиМ",24.04.2023 16:12:10
6017-02,FLAMINGO,универсальные,металл,ободковая,авиаторы,золотой,серый градиент,"60,0","12,0",140,,,,Мужской,23.05.2003,"40 лет Октября,15 ОиМ",11.06.2023 13:59:52
6017-02,FLAMINGO,универсальные,металл,ободковая,авиаторы,золотой,серый градиент,"60,0","12,0",140,,,,Женский,19.02.1968,"Комсомольский,33 ОиМ",30.09.2023 12:31:18
6017-02,FLAMINGO,универсальные,металл,ободковая,авиаторы,золотой,серый градиент,"60,0","12,0",140,,,,Женский,06.06.1980,"40 лет Октября,15 ОиМ",20.09.2023 9:09:35
6018-002,SCOTCH&SODA,универсальные,металл,ободковая,необычные,черный/серый,серо-синий градиент,"56,0","18,0",140,,,,Мужской,05.02.1972,"Васенко,4 ОиМ",08.06.2024 14:45:31
6020-01,NICE,женские,металл,ободковая,квадратные,серебристый,серый градиент,"58,0","19,0",142,,,,Женский,25.06.1961,"40 лет Октября,15 ОиМ",22.07.2023 9:32:36
6020-01,NICE,женские,металл,ободковая,квадратные,серебристый,серый градиент,"58,0","19,0",142,,,,Женский,04.05.1963,"Комсомольский,33 ОиМ",11.04.2023 12:32:18
6020-01,NICE,женские,металл,ободковая,квадратные,серебристый,серый градиент,"58,0","19,0",142,,,,Женский,09.05.1992,"40 лет Октября,15 ОиМ",11.03.2023 13:34:09
6022-01,NICE,женские,металл,ободковая,кошачий глаз,серебристый,серый градиент,"56,0","18,0",145,,,,Женский,02.03.1960,"Комсомольский,33 ОиМ",04.05.2023 17:56:06
6022-01,NICE,женские,металл,ободковая,кошачий глаз,серебристый,серый градиент,"56,0","18,0",145,,,,Женский,12.05.1975,"40 лет Октября,15 ОиМ",21.04.2023 15:42:36
6022-02,NICE,женские,металл,ободковая,кошачий глаз,золотой,серо-розовый градиент,"56,0","18,0",145,,,,Женский,10.11.1996,"Комсомольский,33 ОиМ",31.07.2023 12:03:31
6023-01,NICE,женские,металл,ободковая,бабочка,золотой,желто-коричневый градиент,"59,0","17,0",145,,,,Женский,15.01.1949,"Комсомольский,33 ОиМ",25.05.2023 12:41:39
6023-01,NICE,женские,металл,ободковая,бабочка,золотой,желто-коричневый градиент,"59,0","17,0",145,,,,Женский,22.07.1973,"40 лет Октября,15 ОиМ",13.04.2023 19:23:52
6023-01,NICE,женские,металл,ободковая,бабочка,золотой,желто-коричневый градиент,"59,0","17,0",145,,,,Женский,25.04.1985,"Комарова,110 ОиМ",09.06.2023 16:47:40
6023/3-002,CAZAL,универсальные,пластик,ободковая,прямоугольные,прозрачный,серый градиент,"60,0","11,0",140,,,,Мужской,27.05.1975,"Васенко,4 ОиМ",23.12.2023 9:18:54
603-005,GENEX,мужские,пластик,ободковая,спортивные,черный,коричневый,"58,0","18,0",135,,,,Мужской,13.12.1952,"Комсомольский,33 ОиМ",22.07.2023 17:28:11
603-005,GENEX,мужские,пластик,ободковая,спортивные,черный,коричневый,"58,0","18,0",135,,,,Мужской,12.08.1958,"Комарова,110 ОиМ",09.08.2023 10:59:52
603-005,GENEX,мужские,пластик,ободковая,спортивные,черный,коричневый,"58,0","18,0",135,,,,Мужской,21.11.1986,"Комсомольский,33 ОиМ",06.06.2023 17:52:11
603-575,GENEX,мужские,пластик,ободковая,спортивные,черный,серый,"58,0","18,0",135,,,,Мужской,16.01.1947,"Комсомольский,33 ОиМ",23.04.2023 11:42:17
603-575,GENEX,мужские,пластик,ободковая,спортивные,черный,серый,"58,0","18,0",135,,,,Мужской,06.06.1989,"Комсомольский,33 ОиМ",05.08.2023 12:34:44
603-575,GENEX,мужские,пластик,ободковая,спортивные,черный,серый,"58,0","18,0",135,,,,Женский,15.11.1989,"Комсомольский,33 ОиМ",11.06.2023 15:03:50
6036-15,ESTILO,мужские,пластик,ободковая,прямоугольные,черный,серый,"57,0","17,0",145,,,,Мужской,,"Комсомольский,33 ОиМ",04.04.2023 11:58:45
6036-15,ESTILO,мужские,пластик,ободковая,прямоугольные,черный,серый,"57,0","17,0",145,,,,Мужской,02.12.1983,"Комарова,110 ОиМ",17.04.2024 19:53:46
6036-15,ESTILO,мужские,пластик,ободковая,прямоугольные,черный,серый,"57,0","17,0",145,,,,Мужской,29.09.1988,"40 лет Октября,15 ОиМ",30.03.2024 16:33:49
6036-15,ESTILO,мужские,пластик,ободковая,прямоугольные,черный,серый,"57,0","17,0",145,,,,Мужской,02.04.1993,"40 лет Октября,15 ОиМ",29.04.2023 19:39:36
6036-15,ESTILO,мужские,пластик,ободковая,прямоугольные,черный,серый,"57,0","17,0",145,,,,Мужской,05.02.2001,"Комсомольский,33 ОиМ",02.07.2024 19:05:01
6036-15,ESTILO,мужские,пластик,ободковая,прямоугольные,черный,серый,"57,0","17,0",145,,,,Мужской,14.09.2012,"Комарова,110 ОиМ",27.02.2024 13:42:49
6036-15,ESTILO,мужские,пластик,ободковая,прямоугольные,черный,серый,"57,0","17,0",145,,,,Женский,24.06.1971,"40 лет Октября,15 ОиМ",13.04.2023 12:19:26
6036-15,ESTILO,мужские,пластик,ободковая,прямоугольные,черный,серый,"57,0","17,0",145,,,,Женский,22.02.1986,"Комарова,110 ОиМ",01.07.2023 10:43:25
6036-15,ESTILO,мужские,пластик,ободковая,прямоугольные,черный,серый,"57,0","17,0",145,,,,Женский,06.11.1987,"Комсомольский,33 ОиМ",03.05.2023 19:39:29
6036-16,ESTILO,мужские,пластик,ободковая,прямоугольные,черный,серый градиент,"57,0","17,0",145,,,,Мужской,21.04.1950,"40 лет Октября,15 ОиМ",13.04.2023 9:32:26
6039-12,ESTILO,мужские,пластик,ободковая,спортивные,черный,серый,"61,0","17,0",141,,,,Мужской,01.02.1964,"40 лет Октября,15 ОиМ",17.06.2024 12:01:44
6039-12,ESTILO,мужские,пластик,ободковая,спортивные,черный,серый,"61,0","17,0",141,,,,Женский,11.05.1963,"Комсомольский,33 ОиМ",06.03.2024 17:08:17
6039-12,ESTILO,мужские,пластик,ободковая,спортивные,черный,серый,"61,0","17,0",141,,,,Женский,27.05.1979,"40 лет Октября,15 ОиМ",15.04.2023 11:04:46
6039-12,ESTILO,мужские,пластик,ободковая,спортивные,черный,серый,"61,0","17,0",141,,,,Женский,11.06.1993,"40 лет Октября,15 ОиМ",14.03.2024 13:57:50
605-001,GENEX,женские,пластик,ободковая,бабочка,черный,черный,"55,0","17,0",143,,,,Мужской,16.02.2000,"Комсомольский,33 ОиМ",16.07.2023 16:44:13
605-001,GENEX,женские,пластик,ободковая,бабочка,черный,черный,"55,0","17,0",143,,,,Женский,15.09.1946,"Комсомольский,33 ОиМ",09.07.2023 14:10:03
605-001,GENEX,женские,пластик,ободковая,бабочка,черный,черный,"55,0","17,0",143,,,,Женский,03.12.1959,"Комарова,110 ОиМ",26.06.2023 13:27:42
605-189,GENEX,женские,пластик,ободковая,бабочка,коричневый,коричневый,"55,0","17,0",143,,,,Женский,26.12.1966,"Комсомольский,33 ОиМ",14.06.2023 15:48:11
605-189,GENEX,женские,пластик,ободковая,бабочка,коричневый,коричневый,"55,0","17,0",143,,,,Женский,19.02.1977,"Комсомольский,33 ОиМ",02.08.2023 15:04:30
605-189,GENEX,женские,пластик,ободковая,бабочка,коричневый,коричневый,"55,0","17,0",143,,,,Женский,01.11.1989,"Комарова,110 ОиМ",01.05.2023 10:24:43
6050-11,ESTILO,мужские,пластик,ободковая,квадратные,черный,серый,"57,0","17,0",145,,,,Мужской,28.01.1970,"Комарова,110 ОиМ",19.05.2023 18:05:24
6050-11,ESTILO,мужские,пластик,ободковая,квадратные,черный,серый,"57,0","17,0",145,,,,Мужской,04.12.1977,"40 лет Октября,15 ОиМ",01.07.2023 18:54:31
6050-11,ESTILO,мужские,пластик,ободковая,квадратные,черный,серый,"57,0","17,0",145,,,,Мужской,03.05.1978,"Комарова,110 ОиМ",20.10.2023 13:11:09
6050-11,ESTILO,мужские,пластик,ободковая,квадратные,черный,серый,"57,0","17,0",145,,,,Мужской,16.07.1979,"40 лет Октября,15 ОиМ",08.05.2024 10:09:18
6050-11,ESTILO,мужские,пластик,ободковая,квадратные,черный,серый,"57,0","17,0",145,,,,Мужской,04.11.1991,"40 лет Октября,15 ОиМ",12.02.2024 12:07:37
6050-11,ESTILO,мужские,пластик,ободковая,квадратные,черный,серый,"57,0","17,0",145,,,,Женский,,"Комарова,110 ОиМ",24.07.2024 12:53:53
6050-11,ESTILO,мужские,пластик,ободковая,квадратные,черный,серый,"57,0","17,0",145,,,,Женский,10.07.1973,"Комсомольский,33 ОиМ",26.06.2023 11:02:06
6050-11,ESTILO,мужские,пластик,ободковая,квадратные,черный,серый,"57,0","17,0",145,,,,Женский,19.11.1988,"Комсомольский,33 ОиМ",06.08.2024 16:41:06
6050-11,ESTILO,мужские,пластик,ободковая,квадратные,черный,серый,"57,0","17,0",145,,,,Не указан,06.08.1982,"Комсомольский,33 ОиМ",12.07.2024 14:29:36
6051-11,ESTILO,мужские,пластик,ободковая,квадратные,,,"56,0","15,0",145,,,,Мужской,29.08.1981,"Комарова,110 ОиМ",30.04.2023 9:55:01
6052-11,ESTILO,мужские,пластик,ободковая,прямоугольные,черный,серый,"59,0","16,0",145,,,,Мужской,09.09.1974,"40 лет Октября,15 ОиМ",07.06.2023 18:24:19
6052-11,ESTILO,мужские,пластик,ободковая,прямоугольные,черный,серый,"59,0","16,0",145,,,,Мужской,03.01.1975,"40 лет Октября,15 ОиМ",05.05.2023 11:07:40
6052-11,ESTILO,мужские,пластик,ободковая,прямоугольные,черный,серый,"59,0","16,0",145,,,,Мужской,24.07.1984,"Комарова,110 ОиМ",23.05.2023 13:31:52
6052-11,ESTILO,мужские,пластик,ободковая,прямоугольные,черный,серый,"59,0","16,0",145,,,,Женский,18.08.1976,"40 лет Октября,15 ОиМ",31.07.2023 16:58:09
6052-11,ESTILO,мужские,пластик,ободковая,прямоугольные,черный,серый,"59,0","16,0",145,,,,Женский,17.08.1982,"40 лет Октября,15 ОиМ",18.08.2023 9:06:31
6052-12,ESTILO,мужские,пластик,ободковая,прямоугольные,черный,серый градиент,"59,0","16,0",145,,,,Мужской,04.05.2011,"40 лет Октября,15 ОиМ",26.06.2024 11:37:42
6052-12,ESTILO,мужские,пластик,ободковая,прямоугольные,черный,серый градиент,"59,0","16,0",145,,,,Женский,11.01.1978,"Комсомольский,33 ОиМ",29.04.2024 18:21:05
6053-02,ESTILO,мужские,металл,ободковая,прямоугольные,,,"58,0","17,0",140,,,,Женский,30.07.2012,"Комсомольский,33 ОиМ",18.04.2024 17:28:15
6054-501/S4,CHANEL,женские,пластик,ободковая,бабочка,,,"58,0","16,0",140,,,,Женский,05.11.1982,"Васенко,4 ОиМ",24.02.2023 16:22:53
6058-01,ESTILO,мужские,металл,ободковая,капли,золотой,желто-коричневый,"61,0","14,0",130,,,,Мужской,28.05.1969,"Комарова,110 ОиМ",15.07.2023 14:14:57
6058-01,ESTILO,мужские,металл,ободковая,капли,золотой,желто-коричневый,"61,0","14,0",130,,,,Мужской,18.08.1969,"Комарова,110 ОиМ",04.06.2024 16:20:33
6058-01,ESTILO,мужские,металл,ободковая,капли,золотой,желто-коричневый,"61,0","14,0",130,,,,Женский,03.04.1974,"Комсомольский,33 ОиМ",27.06.2023 12:12:16
6058-02,ESTILO,мужские,металл,ободковая,капли,темно-серый,серый,"61,0","14,0",130,,,,Мужской,03.02.1947,"40 лет Октября,15 ОиМ",08.04.2023 11:32:49
6058-02,ESTILO,мужские,металл,ободковая,капли,темно-серый,серый,"61,0","14,0",130,,,,Мужской,10.02.1960,"40 лет Октября,15 ОиМ",24.03.2023 10:25:34
6058-02,ESTILO,мужские,металл,ободковая,капли,темно-серый,серый,"61,0","14,0",130,,,,Мужской,29.01.1962,"Комсомольский,33 ОиМ",25.09.2023 15:36:46
6058-02,ESTILO,мужские,металл,ободковая,капли,темно-серый,серый,"61,0","14,0",130,,,,Женский,07.02.1968,"Комарова,110 ОиМ",19.07.2023 19:26:40
6058-02,ESTILO,мужские,металл,ободковая,капли,темно-серый,серый,"61,0","14,0",130,,,,Женский,30.04.1985,"40 лет Октября,15 ОиМ",03.08.2023 10:44:49
6059-01,ESTILO,универсальные,металл,ободковая,капли,темно-серый,фиолетово-серый градиент,"62,0","12,0",130,,,,Мужской,,"Комсомольский,33 ОиМ",17.05.2024 18:21:10
6059-01,ESTILO,универсальные,металл,ободковая,капли,темно-серый,фиолетово-серый градиент,"62,0","12,0",130,,,,Мужской,19.02.1975,"Комарова,110 ОиМ",08.03.2023 12:59:13
6059-01,ESTILO,универсальные,металл,ободковая,капли,темно-серый,фиолетово-серый градиент,"62,0","12,0",130,,,,Мужской,08.05.1983,"Комсомольский,33 ОиМ",17.09.2023 10:05:36
6059-01,ESTILO,универсальные,металл,ободковая,капли,темно-серый,фиолетово-серый градиент,"62,0","12,0",130,,,,Мужской,30.03.1997,"40 лет Октября,15 ОиМ",20.02.2024 19:28:28
6059-02,ESTILO,мужские,металл,ободковая,капли,,,"62,0","12,0",130,,,,Мужской,27.03.1965,"40 лет Октября,15 ОиМ",19.10.2023 9:13:51
6059-02,ESTILO,мужские,металл,ободковая,капли,,,"62,0","12,0",130,,,,Мужской,02.06.1980,"40 лет Октября,15 ОиМ",10.08.2023 17:10:34
6059-02,ESTILO,мужские,металл,ободковая,капли,,,"62,0","12,0",130,,,,Мужской,14.09.1983,"40 лет Октября,15 ОиМ",24.06.2023 14:38:23
6060-11,ESTILO,мужские,пластик,ободковая,прямоугольные,,,"58,0","18,0",145,,,,Мужской,,"Комсомольский,33 ОиМ",19.03.2024 13:13:33
6061-13,ESTILO,универсальные,пластик,ободковая,вайфайеры,черный,серый градиент,"50,0","21,0",145,,,,Женский,17.02.1977,"40 лет Октября,15 ОиМ",30.05.2023 17:52:37
6062-11,ESTILO,мужские,пластик,ободковая,квадратные,черный,серый,"56,0","18,0",138,,,,Мужской,19.04.1988,"40 лет Октября,15 ОиМ",09.03.2024 18:42:49
6062-11,ESTILO,мужские,пластик,ободковая,квадратные,черный,серый,"56,0","18,0",138,,,,Женский,08.03.1985,"Комсомольский,33 ОиМ",20.07.2024 14:53:08
6062-12,ESTILO,мужские,пластик,ободковая,квадратные,синий,серо-синий,"56,0","18,0",138,,,,Женский,05.04.1965,"40 лет Октября,15 ОиМ",10.05.2024 13:08:24
6063-12,ESTILO,универсальные,пластик,ободковая,трапеция,черный,серый,"54,0","20,0",145,,,,Женский,11.09.1974,"Комсомольский,33 ОиМ",16.06.2024 17:50:21
6063-13,ESTILO,универсальные,пластик,ободковая,трапеция,черный,серый,"54,0","20,0",145,,,,Мужской,25.12.1949,"40 лет Октября,15 ОиМ",09.09.2024 9:43:05
6063-13,ESTILO,универсальные,пластик,ободковая,трапеция,черный,серый,"54,0","20,0",145,,,,Женский,29.04.1999,"Комсомольский,33 ОиМ",21.06.2024 14:43:54
6064-12,ESTILO,мужские,пластик,ободковая,трапеция,черный,серый,"57,0","16,0",140,,,,Мужской,15.09.1976,"Комсомольский,33 ОиМ",21.04.2024 13:59:26
6065-02,VENTO,универсальные,металл,ободковая,капли,,,"62,0","12,0",145,,,,Мужской,02.07.1952,"40 лет Октября,15 ОиМ",13.01.2023 9:54:43
6065-13,ESTILO,мужские,пластик,ободковая,квадратные,синий,серый,"56,0","18,0",140,,,,Женский,16.07.1966,"40 лет Октября,15 ОиМ",22.07.2024 13:54:40
6065-13,ESTILO,мужские,пластик,ободковая,квадратные,синий,серый,"56,0","18,0",140,,,,Женский,08.03.1985,"Комсомольский,33 ОиМ",20.07.2024 14:53:08
6066-13,ESTILO,мужские,пластик,ободковая,трапеция,черный,серый,"57,0","17,0",140,,,,Женский,28.08.1975,"40 лет Октября,15 ОиМ",05.03.2024 15:38:00
6069-01,ESTILO,универсальные,металл,ободковая,капли,темно-серый,серый,"64,0","13,0",137,,,,Женский,29.06.1998,"40 лет Октября,15 ОиМ",16.03.2024 14:09:33
6069-02,ESTILO,универсальные,металл,ободковая,капли,серый,серый,"64,0","13,0",137,,,,Мужской,08.04.1971,"40 лет Октября,15 ОиМ",25.06.2024 14:44:28
6090-12,VENTO,мужские,пластик,ободковая,квадратные,черный,черный,"55,0","18,0",140,,,,,,"40 лет Октября,15 ОиМ",02.04.2023 12:44:21
6090-12,VENTO,мужские,пластик,ободковая,квадратные,черный,черный,"55,0","18,0",140,,,,Женский,15.05.1975,"40 лет Октября,15 ОиМ",15.04.2024 13:10:46
6090-12,VENTO,мужские,пластик,ободковая,квадратные,черный,черный,"55,0","18,0",140,,,,Женский,08.12.1976,"Комарова,110 ОиМ",03.05.2023 15:44:24
6090-12,VENTO,мужские,пластик,ободковая,квадратные,черный,черный,"55,0","18,0",140,,,,Женский,13.07.1982,"40 лет Октября,15 ОиМ",18.07.2023 12:04:37
6090-12,VENTO,мужские,пластик,ободковая,квадратные,черный,черный,"55,0","18,0",140,,,,Женский,02.04.1984,"Комсомольский,33 ОиМ",14.09.2024 16:58:50
6091-02,VENTO,мужские,металл,ободковая,квадратные,,,"58,0","17,0",140,,,,Мужской,19.10.1991,"Комарова,110 ОиМ",05.07.2023 13:57:32
6092-02,VENTO,универсальные,металл,ободковая,капли,серый,серый градиент,"62,0","13,0",143,,,,Мужской,25.01.2000,"Комарова,110 ОиМ",04.07.2023 11:31:28
6092-02,VENTO,универсальные,металл,ободковая,капли,серый,серый градиент,"62,0","13,0",143,,,,Женский,11.11.1972,"40 лет Октября,15 ОиМ",02.03.2024 14:44:29
6092-03,VENTO,универсальные,металл,ободковая,капли,серебристый,серый,"62,0","13,0",143,,,,Женский,,"Комарова,110 ОиМ",04.05.2023 14:40:35
6093-11,VENTO,мужские,пластик,ободковая,трапеция,черный,серый градиент,"60,0","14,0",140,,,,Женский,,"Комарова,110 ОиМ",26.04.2023 11:47:57
6093-11,VENTO,мужские,пластик,ободковая,трапеция,черный,серый градиент,"60,0","14,0",140,,,,Женский,20.07.1967,"Комсомольский,33 ОиМ",14.06.2023 14:24:31
6093-11,VENTO,мужские,пластик,ободковая,трапеция,черный,серый градиент,"60,0","14,0",140,,,,Женский,09.02.1972,"Комсомольский,33 ОиМ",11.02.2024 19:20:44
6093-11,VENTO,мужские,пластик,ободковая,трапеция,черный,серый градиент,"60,0","14,0",140,,,,Женский,29.06.1990,"40 лет Октября,15 ОиМ",01.07.2023 11:14:20
6094-01,VENTO,мужские,металл,ободковая,квадратные,,,"61,0","17,0",145,,,,Женский,07.03.2002,"Комсомольский,33 ОиМ",30.04.2023 11:06:28
6094-02,VENTO,мужские,металл,ободковая,квадратные,серый,серо-коричневый градиент,"61,0","17,0",145,,,,Мужской,10.10.1978,"Комсомольский,33 ОиМ",08.06.2024 14:54:23
6094-02,VENTO,мужские,металл,ободковая,квадратные,серый,серо-коричневый градиент,"61,0","17,0",145,,,,Мужской,24.12.1982,"40 лет Октября,15 ОиМ",04.04.2024 9:28:01
6094-02,VENTO,мужские,металл,ободковая,квадратные,серый,серо-коричневый градиент,"61,0","17,0",145,,,,Женский,27.03.1954,"40 лет Октября,15 ОиМ",05.04.2023 18:46:21
6094-02,VENTO,мужские,металл,ободковая,квадратные,серый,серо-коричневый градиент,"61,0","17,0",145,,,,Женский,19.08.1977,"40 лет Октября,15 ОиМ",02.04.2023 15:56:31
6094-03,VENTO,мужские,металл,ободковая,квадратные,темно-серый,серый градиент,"61,0","17,0",145,,,,Мужской,15.05.1958,"Комарова,110 ОиМ",01.08.2023 11:49:50
6094-03,VENTO,мужские,металл,ободковая,квадратные,темно-серый,серый градиент,"61,0","17,0",145,,,,Мужской,08.05.1991,"40 лет Октября,15 ОиМ",01.05.2023 17:37:52
6094-03,VENTO,мужские,металл,ободковая,квадратные,темно-серый,серый градиент,"61,0","17,0",145,,,,Мужской,22.04.1997,"Комсомольский,33 ОиМ",28.07.2023 13:25:47
6094-03,VENTO,мужские,металл,ободковая,квадратные,темно-серый,серый градиент,"61,0","17,0",145,,,,Женский,18.04.1955,"40 лет Октября,15 ОиМ",11.05.2023 10:09:59
6094-03,VENTO,мужские,металл,ободковая,квадратные,темно-серый,серый градиент,"61,0","17,0",145,,,,Женский,19.04.1982,"40 лет Октября,15 ОиМ",02.06.2024 12:38:51
6094-03,VENTO,мужские,металл,ободковая,квадратные,темно-серый,серый градиент,"61,0","17,0",145,,,,Женский,21.05.1988,"Комсомольский,33 ОиМ",12.04.2023 14:13:32
6095-01,VENTO,мужские,металл,ободковая,капли,черный,серый,"62,0","15,0",145,,,,Мужской,11.12.1962,"40 лет Октября,15 ОиМ",27.03.2023 16:32:37
6095-01,VENTO,мужские,металл,ободковая,капли,черный,серый,"62,0","15,0",145,,,,Женский,28.04.1948,"Комсомольский,33 ОиМ",14.11.2023 12:51:16
6095-02,VENTO,мужские,металл,ободковая,капли,коричневый,серо-коричневый градиент,"62,0","15,0",145,,,,Мужской,22.03.1970,"Комсомольский,33 ОиМ",07.05.2023 14:05:27
6095-02,VENTO,мужские,металл,ободковая,капли,коричневый,серо-коричневый градиент,"62,0","15,0",145,,,,Женский,16.09.1954,"40 лет Октября,15 ОиМ",05.03.2024 11:10:36
6095-02,VENTO,мужские,металл,ободковая,капли,коричневый,серо-коричневый градиент,"62,0","15,0",145,,,,Женский,26.10.2006,"Комарова,110 ОиМ",02.05.2023 12:52:21
6096-11,VENTO,мужские,пластик,ободковая,спортивные,черный,серый градиент,"58,0","17,0",138,,,,Мужской,21.06.1949,"40 лет Октября,15 ОиМ",16.08.2024 9:32:45
6096-11,VENTO,мужские,пластик,ободковая,спортивные,черный,серый градиент,"58,0","17,0",138,,,,Женский,04.11.1983,"Комарова,110 ОиМ",29.05.2023 17:47:03
6096-12,VENTO,мужские,пластик,ободковая,спортивные,,,"58,0","17,0",138,,,,Мужской,18.08.1937,"Комсомольский,33 ОиМ",29.04.2023 15:38:36
6096-12,VENTO,мужские,пластик,ободковая,спортивные,,,"58,0","17,0",138,,,,Мужской,07.05.1958,"Комсомольский,33 ОиМ",11.01.2023 10:52:14
6097-11,VENTO,мужские,пластик,ободковая,спортивные,,,"60,0","16,0",130,,,,Мужской,10.07.1980,"Комарова,110 ОиМ",12.04.2023 10:16:18
6102-13,VENTO,мужские,пластик,ободковая,прямоугольные,черный,серый градиент,"55,0","15,0",138,,,,Мужской,13.08.1967,"Комсомольский,33 ОиМ",14.07.2023 16:58:34
6102-13,VENTO,мужские,пластик,ободковая,прямоугольные,черный,серый градиент,"55,0","15,0",138,,,,Мужской,17.10.1990,"Комарова,110 ОиМ",05.07.2024 15:49:36
6102-13,VENTO,мужские,пластик,ободковая,прямоугольные,черный,серый градиент,"55,0","15,0",138,,,,Мужской,19.05.2007,"40 лет Октября,15 ОиМ",01.07.2023 19:41:24
6102-13,VENTO,мужские,пластик,ободковая,прямоугольные,черный,серый градиент,"55,0","15,0",138,,,,Женский,10.02.1961,"Комарова,110 ОиМ",04.04.2023 13:35:43
6102-13,VENTO,мужские,пластик,ободковая,прямоугольные,черный,серый градиент,"55,0","15,0",138,,,,Женский,15.08.1977,"40 лет Октября,15 ОиМ",19.03.2024 10:19:50
6106-11,VENTO,универсальные,пластик,ободковая,трапеция,,,"57,0","15,0",145,,,,Женский,13.03.1988,"Комсомольский,33 ОиМ",04.03.2023 14:18:08
6106-11,VENTO,универсальные,пластик,ободковая,трапеция,,,"57,0","15,0",145,,,,Женский,05.07.1996,"Комарова,110 ОиМ",29.03.2023 10:57:47
6106-13,VENTO,универсальные,пластик,ободковая,трапеция,черный,фиолетово-серый градиент,"57,0","15,0",145,,,,Женский,03.04.1956,"40 лет Октября,15 ОиМ",03.06.2024 17:18:14
6106-13,VENTO,универсальные,пластик,ободковая,трапеция,черный,фиолетово-серый градиент,"57,0","15,0",145,,,,Женский,11.10.1979,"40 лет Октября,15 ОиМ",09.07.2023 18:07:12
6106-13,VENTO,универсальные,пластик,ободковая,трапеция,черный,фиолетово-серый градиент,"57,0","15,0",145,,,,Женский,09.07.1996,"Комсомольский,33 ОиМ",01.04.2023 16:15:48
6106-13,VENTO,универсальные,пластик,ободковая,трапеция,черный,фиолетово-серый градиент,"57,0","15,0",145,,,,Женский,19.11.2005,"Комсомольский,33 ОиМ",14.08.2024 12:22:16
6108-11,VENTO,мужские,пластик,ободковая,прямоугольные,черный,серый,"57,0","16,0",145,,,,Мужской,21.01.1975,"40 лет Октября,15 ОиМ",02.06.2024 15:23:31
6108-11,VENTO,мужские,пластик,ободковая,прямоугольные,черный,серый,"57,0","16,0",145,,,,Женский,20.09.1974,"Комсомольский,33 ОиМ",24.03.2023 18:22:20
6111/S-807M9,POLAROID,универсальные,пластик,ободковая,гексагон,,,"51,0","18,0",140,,,,Мужской,12.08.1976,"40 лет Октября,15 ОиМ",22.02.2023 17:36:37
6114-01,VENTO,мужские,металл,ободковая,капли,черный,серо-зеленый,"60,0","16,0",142,,,,Мужской,01.10.1971,"40 лет Октября,15 ОиМ",05.05.2023 15:12:42
6114-01,VENTO,мужские,металл,ободковая,капли,черный,серо-зеленый,"60,0","16,0",142,,,,Мужской,01.06.1995,"Комсомольский,33 ОиМ",18.05.2024 19:47:51
6114-01,VENTO,мужские,металл,ободковая,капли,черный,серо-зеленый,"60,0","16,0",142,,,,Женский,25.08.1987,"Комсомольский,33 ОиМ",03.04.2023 14:27:25
6118-11,VENTO,мужские,пластик,ободковая,прямоугольные,черный,серый,"59,0","16,0",140,,,,Мужской,10.10.1979,"40 лет Октября,15 ОиМ",21.03.2023 13:28:58
6118-11,VENTO,мужские,пластик,ободковая,прямоугольные,черный,серый,"59,0","16,0",140,,,,Мужской,21.11.1991,"40 лет Октября,15 ОиМ",17.06.2023 11:58:40
6118-11,VENTO,мужские,пластик,ободковая,прямоугольные,черный,серый,"59,0","16,0",140,,,,Женский,10.04.1964,"40 лет Октября,15 ОиМ",19.04.2024 12:23:57
6118-11,VENTO,мужские,пластик,ободковая,прямоугольные,черный,серый,"59,0","16,0",140,,,,Женский,11.11.1985,"Комарова,110 ОиМ",23.02.2023 17:57:19
6118-11,VENTO,мужские,пластик,ободковая,прямоугольные,черный,серый,"59,0","16,0",140,,,,Женский,01.01.1986,"Комсомольский,33 ОиМ",30.03.2024 15:47:35
6118-11,VENTO,мужские,пластик,ободковая,прямоугольные,черный,серый,"59,0","16,0",140,,,,Женский,06.12.1990,"Комарова,110 ОиМ",18.03.2023 10:17:57
6119-11,VENTO,мужские,пластик,ободковая,прямоугольные,,,"52,0","20,0",145,,,,Женский,20.04.1966,"40 лет Октября,15 ОиМ",25.03.2023 13:23:43
6119-13,VENTO,мужские,пластик,ободковая,прямоугольные,синий,,"52,0","20,0",145,,,,Женский,18.01.1977,"40 лет Октября,15 ОиМ",27.05.2023 11:20:12
6119-13,VENTO,мужские,пластик,ободковая,прямоугольные,синий,,"52,0","20,0",145,,,,Женский,08.03.1991,"Комсомольский,33 ОиМ",05.03.2023 14:53:39
6124-02,VENTO,мужские,металл,ободковая,капли,,,"60,0","14,0",140,,,,Женский,16.08.1980,"40 лет Октября,15 ОиМ",07.07.2023 19:52:51
6124-02,VENTO,мужские,металл,ободковая,капли,,,"60,0","14,0",140,,,,Женский,21.03.1987,"40 лет Октября,15 ОиМ",15.06.2023 19:00:23
6124-02,VENTO,мужские,металл,ободковая,капли,,,"60,0","14,0",140,,,,Женский,16.06.1992,"40 лет Октября,15 ОиМ",20.02.2023 15:21:03
6124-03,VENTO,мужские,металл,ободковая,капли,темно-серый,серый,"60,0","14,0",140,,,,Мужской,21.12.1951,"Комсомольский,33 ОиМ",09.09.2024 16:10:47
6124-03,VENTO,мужские,металл,ободковая,капли,темно-серый,серый,"60,0","14,0",140,,,,Мужской,18.02.1958,"40 лет Октября,15 ОиМ",03.05.2023 14:15:46
6124-03,VENTO,мужские,металл,ободковая,капли,темно-серый,серый,"60,0","14,0",140,,,,Мужской,17.01.1987,"Комсомольский,33 ОиМ",29.12.2023 19:00:23
6124-03,VENTO,мужские,металл,ободковая,капли,темно-серый,серый,"60,0","14,0",140,,,,Мужской,13.02.1987,"Комарова,110 ОиМ",20.07.2023 9:28:52
6124-03,VENTO,мужские,металл,ободковая,капли,темно-серый,серый,"60,0","14,0",140,,,,Женский,13.11.1965,"40 лет Октября,15 ОиМ",27.02.2023 18:43:30
6124-03,VENTO,мужские,металл,ободковая,капли,темно-серый,серый,"60,0","14,0",140,,,,Женский,20.11.1971,"40 лет Октября,15 ОиМ",04.04.2024 11:48:55
6124-03,VENTO,мужские,металл,ободковая,капли,темно-серый,серый,"60,0","14,0",140,,,,Женский,19.08.1977,"40 лет Октября,15 ОиМ",02.04.2023 15:56:31
6125-03,VENTO,универсальные,металл,ободковая,капли,черный,серый,"60,0","13,0",140,,,,Мужской,20.05.1981,"Комсомольский,33 ОиМ",13.06.2024 11:49:51
6125-03,VENTO,универсальные,металл,ободковая,капли,черный,серый,"60,0","13,0",140,,,,Мужской,29.09.1983,"40 лет Октября,15 ОиМ",12.04.2024 15:34:20
6125-03,VENTO,универсальные,металл,ободковая,капли,черный,серый,"60,0","13,0",140,,,,Женский,19.11.1979,"40 лет Октября,15 ОиМ",02.06.2023 10:40:54
6126-01,VENTO,мужские,металл,ободковая,капли,серый,серый,"58,0","14,0",145,,,,Женский,02.10.1977,"40 лет Октября,15 ОиМ",30.03.2024 15:51:36
6127-11,VENTO,мужские,пластик,ободковая,квадратные,черный,черный,"57,0","16,0",142,,,,Женский,20.04.1989,"Комсомольский,33 ОиМ",26.04.2024 14:18:06
6127-11,VENTO,мужские,пластик,ободковая,квадратные,черный,черный,"57,0","16,0",142,,,,Женский,01.01.2010,"40 лет Октября,15 ОиМ",18.02.2024 16:33:09
6127-12,VENTO,мужские,пластик,ободковая,квадратные,черный,черный градиент,"57,0","16,0",142,,,,Женский,28.05.1964,"Комарова,110 ОиМ",07.03.2024 18:07:51
6127-13,VENTO,мужские,пластик,ободковая,квадратные,коричневый,серо-коричневый градиент,"57,0","16,0",142,,,,Мужской,25.06.1982,"Комарова,110 ОиМ",31.05.2024 15:02:18
6127-13,VENTO,мужские,пластик,ободковая,квадратные,коричневый,серо-коричневый градиент,"57,0","16,0",142,,,,Мужской,26.06.1991,"Комарова,110 ОиМ",13.04.2024 16:40:29
6127-13,VENTO,мужские,пластик,ободковая,квадратные,коричневый,серо-коричневый градиент,"57,0","16,0",142,,,,Женский,23.08.1988,"40 лет Октября,15 ОиМ",08.02.2024 14:04:30
6129-11,VENTO,мужские,пластик,ободковая,спортивные,синий,серо-синий градиент,"57,0","19,0",136,,,,Мужской,17.08.1974,"40 лет Октября,15 ОиМ",10.03.2024 12:54:08
6129-11,VENTO,мужские,пластик,ободковая,спортивные,синий,серо-синий градиент,"57,0","19,0",136,,,,Мужской,16.05.1981,"40 лет Октября,15 ОиМ",18.02.2024 18:01:39
6129-11,VENTO,мужские,пластик,ободковая,спортивные,синий,серо-синий градиент,"57,0","19,0",136,,,,Мужской,01.12.1987,"Комсомольский,33 ОиМ",19.07.2024 10:10:20
6129-12,VENTO,мужские,пластик,ободковая,спортивные,черный,серый градиент,"57,0","19,0",136,,,,Женский,23.05.1955,"Комарова,110 ОиМ",04.08.2024 12:49:04
6129-14,VENTO,мужские,пластик,ободковая,спортивные,синий,серо-синий градиент,"57,0","19,0",136,,,,Мужской,16.02.1966,"Комарова,110 ОиМ",02.05.2024 16:15:39
6129-14,VENTO,мужские,пластик,ободковая,спортивные,синий,серо-синий градиент,"57,0","19,0",136,,,,Мужской,20.07.1989,"Комсомольский,33 ОиМ",28.07.2024 12:38:07
6129-14,VENTO,мужские,пластик,ободковая,спортивные,синий,серо-синий градиент,"57,0","19,0",136,,,,Женский,05.02.1983,"40 лет Октября,15 ОиМ",25.05.2024 12:57:15
6130-11,VENTO,мужские,пластик,ободковая,квадратные,черный,серый,"61,0","15,0",142,,,,Мужской,25.06.1982,"Комарова,110 ОиМ",31.05.2024 15:02:18
6130-11,VENTO,мужские,пластик,ободковая,квадратные,черный,серый,"61,0","15,0",142,,,,Мужской,04.10.2004,"40 лет Октября,15 ОиМ",23.03.2024 14:22:56
6130-11,VENTO,мужские,пластик,ободковая,квадратные,черный,серый,"61,0","15,0",142,,,,Женский,20.04.1989,"Комсомольский,33 ОиМ",22.06.2024 12:14:28
6130-12,VENTO,мужские,пластик,ободковая,квадратные,черный,серый градиент,"61,0","15,0",142,,,,,01.06.1985,"Комарова,110 ОиМ",02.06.2024 13:31:25
6130-13,VENTO,мужские,пластик,ободковая,квадратные,черный/синий,серо-синий градиент,"61,0","15,0",142,,,,Женский,11.04.1987,"40 лет Октября,15 ОиМ",10.06.2024 16:11:41
6131-11,VENTO,мужские,пластик,ободковая,спортивные,черный,серый градиент,"59,0","17,0",140,,,,Мужской,15.02.1981,"Комсомольский,33 ОиМ",17.07.2024 18:12:08
6131-11,VENTO,мужские,пластик,ободковая,спортивные,черный,серый градиент,"59,0","17,0",140,,,,Женский,17.01.1997,"40 лет Октября,15 ОиМ",23.03.2024 17:22:18
6131-12,VENTO,мужские,пластик,ободковая,спортивные,черный,серый градиент,"59,0","17,0",140,,,,Женский,12.07.1986,"40 лет Октября,15 ОиМ",05.05.2024 12:05:49
6131-13,VENTO,мужские,пластик,ободковая,спортивные,коричневый,коричнево-зеленый градиент,"59,0","17,0",140,,,,Женский,15.09.1991,"40 лет Октября,15 ОиМ",06.06.2024 17:51:52
6145/S-2X6M9,POLAROID,женские,металл,ободковая,овальные,,,"56,0","19,0",145,,,,Женский,29.09.1980,"40 лет Октября,15 ОиМ",19.01.2023 19:14:49
615-003,GENEX,мужские,пластик,ободковая,прямоугольные,синий,серый,"58,0","18,0",147,,,,Мужской,03.02.1964,"Комарова,110 ОиМ",16.04.2023 13:23:26
615-003,GENEX,мужские,пластик,ободковая,прямоугольные,синий,серый,"58,0","18,0",147,,,,Мужской,24.05.1971,"Комсомольский,33 ОиМ",18.04.2023 19:22:49
615-003,GENEX,мужские,пластик,ободковая,прямоугольные,синий,серый,"58,0","18,0",147,,,,Женский,12.03.1945,"Комсомольский,33 ОиМ",09.07.2023 19:03:27
615-005,GENEX,мужские,пластик,ободковая,прямоугольные,черный,коричневый,"58,0","18,0",147,,,,Мужской,19.10.1980,"Комсомольский,33 ОиМ",15.08.2023 16:37:39
615-005,GENEX,мужские,пластик,ободковая,прямоугольные,черный,коричневый,"58,0","18,0",147,,,,Мужской,01.12.1987,"Комсомольский,33 ОиМ",07.06.2023 11:49:46
615-005,GENEX,мужские,пластик,ободковая,прямоугольные,черный,коричневый,"58,0","18,0",147,,,,Женский,,"Комарова,110 ОиМ",30.05.2023 18:38:55
615-005,GENEX,мужские,пластик,ободковая,прямоугольные,черный,коричневый,"58,0","18,0",147,,,,Женский,25.07.1952,"40 лет Октября,15 ОиМ",05.05.2023 11:51:06
6151/G/S-KB7M9,POLAROID,универсальные,металл и пластик,ободковая,капли,черный,серо-синий,"59,0","20,0",145,,,,Женский,19.07.1970,"40 лет Октября,15 ОиМ",28.02.2023 15:52:07
616-003,GENEX,женские,пластик,ободковая,кошачий глаз,черный,черный,"52,0","23,0",150,,,,Женский,,"Комарова,110 ОиМ",17.07.2023 11:29:46
616-003,GENEX,женские,пластик,ободковая,кошачий глаз,черный,черный,"52,0","23,0",150,,,,Женский,26.07.1951,"Комсомольский,33 ОиМ",05.08.2023 16:59:48
616-003,GENEX,женские,пластик,ободковая,кошачий глаз,черный,черный,"52,0","23,0",150,,,,Женский,12.02.1956,"Комсомольский,33 ОиМ",27.06.2023 12:57:27
616-003,GENEX,женские,пластик,ободковая,кошачий глаз,черный,черный,"52,0","23,0",150,,,,Женский,20.12.1993,"Комсомольский,33 ОиМ",23.03.2024 10:17:24
616-503,GENEX,женские,пластик,ободковая,кошачий глаз,серый,серый,"52,0","23,0",150,,,,Женский,,"Комарова,110 ОиМ",13.06.2023 17:42:34
616-503,GENEX,женские,пластик,ободковая,кошачий глаз,серый,серый,"52,0","23,0",150,,,,Женский,20.12.1993,"Комсомольский,33 ОиМ",23.07.2023 11:03:58
616-549,GENEX,женские,пластик,ободковая,кошачий глаз,бордовый,серый,"52,0","23,0",150,,,,Женский,01.03.1950,"Комсомольский,33 ОиМ",22.05.2023 12:35:36
616-549,GENEX,женские,пластик,ободковая,кошачий глаз,бордовый,серый,"52,0","23,0",150,,,,Женский,06.04.1953,"Комсомольский,33 ОиМ",26.07.2023 13:56:44
616-549,GENEX,женские,пластик,ободковая,кошачий глаз,бордовый,серый,"52,0","23,0",150,,,,Женский,08.11.1983,"Комарова,110 ОиМ",01.08.2023 17:38:57
6162/S-003HE,POLAROID,женские,пластик,ободковая,панто,,,"52,0","18,0",140,,,,Мужской,14.05.2002,"40 лет Октября,15 ОиМ",17.01.2023 17:27:10
6169/S-KB7M9,POLAROID,женские,пластик,ободковая,кошачий глаз,серый,серый,"55,0","18,0",140,,,,Мужской,16.10.1998,"40 лет Октября,15 ОиМ",05.01.2023 17:44:03
6171/S-010JQ,POLAROID,универсальные,металл,ободковая,панто,серебристый,серо-розовый зеркальный,"51,0","20,0",140,,,,Женский,21.08.2003,"40 лет Октября,15 ОиМ",12.06.2024 13:54:20
6171/S-KJ1C3,POLAROID,универсальные,металл,ободковая,панто,темно-серый,серо-синий,"51,0","20,0",140,,,,Женский,21.10.1991,"40 лет Октября,15 ОиМ",09.03.2024 11:24:51
6187/S-1EDM9,POLAROID,мужские,металл,ободковая,капли,,,"60,0","14,0",145,,,,Мужской,05.10.1987,"Васенко,4 ОиМ",29.04.2023 10:59:58
6189/S-KB7M9,POLAROID,женские,пластик,ободковая,бабочка,серый,серый,"55,0","18,0",140,,,,Женский,,"40 лет Октября,15 ОиМ",20.06.2023 19:55:53
619-026,GENEX,женские,пластик,ободковая,бабочка,зеленый,коричневый,"54,0","20,0",150,,,,Мужской,06.06.1989,"Комсомольский,33 ОиМ",05.08.2023 12:34:44
619-026,GENEX,женские,пластик,ободковая,бабочка,зеленый,коричневый,"54,0","20,0",150,,,,Женский,16.12.1949,"Комсомольский,33 ОиМ",07.05.2023 13:57:55
619-026,GENEX,женские,пластик,ободковая,бабочка,зеленый,коричневый,"54,0","20,0",150,,,,Женский,10.10.1957,"Комарова,110 ОиМ",24.06.2023 12:18:43
619-026,GENEX,женские,пластик,ободковая,бабочка,зеленый,коричневый,"54,0","20,0",150,,,,Женский,13.01.1991,"Комсомольский,33 ОиМ",04.07.2023 11:31:37
619-266,GENEX,женские,пластик,ободковая,бабочка,черный,черный,"54,0","20,0",150,,,,Женский,13.12.1946,"Комсомольский,33 ОиМ",17.05.2023 13:53:08
619-266,GENEX,женские,пластик,ободковая,бабочка,черный,черный,"54,0","20,0",150,,,,Женский,17.06.1954,"Комарова,110 ОиМ",04.08.2023 13:04:22
619-266,GENEX,женские,пластик,ободковая,бабочка,черный,черный,"54,0","20,0",150,,,,Женский,06.05.1979,"Комсомольский,33 ОиМ",01.08.2023 16:55:16
6194/S/X-000JQ,POLAROID,женские,металл,ободковая,квадратные,золотой,серо-розовый зеркальный,"56,0","17,0",145,,,,Женский,14.12.1975,"40 лет Октября,15 ОиМ",01.03.2024 12:18:54
6194/S/X-J5GWJ,POLAROID,женские,металл,ободковая,квадратные,золотой,серый градиент,"56,0","17,0",145,,,,Мужской,19.06.1976,"40 лет Октября,15 ОиМ",04.04.2024 12:01:39
6195/S/X-FLLM9,POLAROID,мужские,металл,ободковая,капли,голубой,серый,"58,0","15,0",145,,,,Мужской,07.07.2008,"40 лет Октября,15 ОиМ",20.05.2023 16:44:51
620-0700,FURLA,женские,пластик,ободковая,бабочка,черный,черный градиент,"56,0","19,0",140,,,,Женский,02.12.1971,"Васенко,4 ОиМ",25.09.2024 18:11:18
6206/S-807M9,POLAROID,универсальные,пластик,ободковая,вайфайеры,черный,черный,"51,0","20,0",145,,,,Мужской,11.02.1985,"40 лет Октября,15 ОиМ",26.02.2024 18:15:02
6207/S-807M9,POLAROID,универсальные,пластик,ободковая,панто,черный,черный,"52,0","21,0",145,,,,Мужской,28.09.1996,"40 лет Октября,15 ОиМ",09.06.2024 18:12:44
621-009,GENEX,женские,металл,ободковая,бабочка,многоцветный,коричневый,"59,0","17,0",140,,,,Женский,02.11.1952,"Комарова,110 ОиМ",17.07.2023 14:31:46
621-009,GENEX,женские,металл,ободковая,бабочка,многоцветный,коричневый,"59,0","17,0",140,,,,Женский,19.02.1977,"Комсомольский,33 ОиМ",20.08.2023 14:29:19
621-009,GENEX,женские,металл,ободковая,бабочка,многоцветный,коричневый,"59,0","17,0",140,,,,Женский,05.10.1989,"Комсомольский,33 ОиМ",26.05.2023 19:11:21
621-009,GENEX,женские,металл,ободковая,бабочка,многоцветный,коричневый,"59,0","17,0",140,,,,Женский,23.04.2003,"Комсомольский,33 ОиМ",20.04.2023 12:32:24
6214/S/X-EYRGC,POLAROID,женские,металл,ободковая,необычные,многоцветный,сине-розовый градиент,"56,0","17,0",145,,,,Женский,09.09.1984,"40 лет Октября,15 ОиМ",27.04.2024 13:30:41
6214/S/X-EYRGC,POLAROID,женские,металл,ободковая,необычные,многоцветный,сине-розовый градиент,"56,0","17,0",145,,,,Женский,17.09.1987,"40 лет Октября,15 ОиМ",17.04.2024 18:12:44
6214/S/X-S9EMF,POLAROID,женские,металл,ободковая,необычные,золотой,фиолетовый зеркальный,"56,0","17,0",145,,,,Женский,25.07.1979,"40 лет Октября,15 ОиМ",28.06.2024 14:37:32
6215/S/X-LKSZ7,POLAROID,женские,металл,ободковая,панто,синий/золотой,синий градиент,"56,0","17,0",145,,,,Мужской,19.11.1987,"40 лет Октября,15 ОиМ",23.08.2024 10:20:48
621V-0C52,FURLA,женские,пластик,ободковая,бабочка,фиолетовый,розовый,"53,0","19,0",140,,,,Женский,28.05.2001,"Васенко,4 ОиМ",29.04.2023 10:30:41
622-009,GENEX,женские,металл,ободковая,бабочка,коричневый/золотой,коричневый,"59,0","17,0",145,,,,Женский,25.05.1963,"Комарова,110 ОиМ",05.06.2023 13:24:20
622-009,GENEX,женские,металл,ободковая,бабочка,коричневый/золотой,коричневый,"59,0","17,0",145,,,,Женский,03.03.1970,"Комсомольский,33 ОиМ",13.08.2023 13:28:14
622-009,GENEX,женские,металл,ободковая,бабочка,коричневый/золотой,коричневый,"59,0","17,0",145,,,,Женский,17.09.1980,"Комсомольский,33 ОиМ",12.06.2023 14:58:15
622-009,GENEX,женские,металл,ободковая,бабочка,коричневый/золотой,коричневый,"59,0","17,0",145,,,,Женский,27.03.1985,"Комсомольский,33 ОиМ",19.05.2023 15:46:11
622-088,GENEX,женские,металл,ободковая,бабочка,многоцветный,серый,"59,0","17,0",145,,,,Женский,16.08.1957,"Комарова,110 ОиМ",15.05.2023 18:04:53
622-088,GENEX,женские,металл,ободковая,бабочка,многоцветный,серый,"59,0","17,0",145,,,,Женский,25.06.1961,"40 лет Октября,15 ОиМ",22.07.2023 9:32:36
622-088,GENEX,женские,металл,ободковая,бабочка,многоцветный,серый,"59,0","17,0",145,,,,Женский,13.11.2004,"Комсомольский,33 ОиМ",11.07.2023 17:36:36
622-594Y,FURLA,женские,пластик,ободковая,бабочка,красный,оранжево-коричневый градиент,"57,0","18,0",135,,,,Мужской,26.01.1976,"Васенко,4 ОиМ",18.02.2023 19:18:41
622-594Y,FURLA,женские,пластик,ободковая,бабочка,красный,оранжево-коричневый градиент,"57,0","18,0",135,,,,Женский,21.09.1989,"Васенко,4 ОиМ",08.06.2023 18:02:58
623-001,GENEX,женские,металл,ободковая,бабочка,черный/золотой,черный,"59,0","17,0",145,,,,Мужской,13.03.2016,"Комсомольский,33 ОиМ",25.06.2023 18:24:01
623-001,GENEX,женские,металл,ободковая,бабочка,черный/золотой,черный,"59,0","17,0",145,,,,Женский,28.01.1953,"Комарова,110 ОиМ",18.08.2023 12:30:04
623-001,GENEX,женские,металл,ободковая,бабочка,черный/золотой,черный,"59,0","17,0",145,,,,Женский,19.11.1985,"Комарова,110 ОиМ",20.05.2023 19:48:24
623-001,GENEX,женские,металл,ободковая,бабочка,черный/золотой,черный,"59,0","17,0",145,,,,Женский,05.11.1987,"Комсомольский,33 ОиМ",11.04.2023 16:42:43
623-0300,FURLA,женские,металл,ободковая,квадратные,черный/золотой,серый градиент,"57,0","16,0",135,,,,Мужской,01.10.1976,"Васенко,4 ОиМ",03.01.2023 15:08:30
623-082,GENEX,женские,металл,ободковая,бабочка,синий/серебристый,черный,"59,0","17,0",145,,,,Женский,12.08.1961,"Комсомольский,33 ОиМ",26.09.2023 18:37:33
623-082,GENEX,женские,металл,ободковая,бабочка,синий/серебристый,черный,"59,0","17,0",145,,,,Женский,02.08.1976,"Комарова,110 ОиМ",13.07.2023 11:36:06
624-005,GENEX,мужские,пластик,ободковая,квадратные,коричневый,коричневый,"57,0","18,0",148,,,,Мужской,04.07.2005,"Комарова,110 ОиМ",25.06.2024 12:10:43
624-575,GENEX,мужские,пластик,ободковая,квадратные,черный,серый,"57,0","18,0",148,,,,Женский,08.09.1960,"Комсомольский,33 ОиМ",04.06.2024 16:30:49
624-575,GENEX,мужские,пластик,ободковая,квадратные,черный,серый,"57,0","18,0",148,,,,Женский,17.11.1981,"Комарова,110 ОиМ",06.07.2024 14:00:47
625-002,GENEX,мужские,пластик,ободковая,трапеция,черный,серый,"57,0","15,0",142,,,,Мужской,13.11.1983,"Комсомольский,33 ОиМ",25.05.2024 19:21:35
625-002,GENEX,мужские,пластик,ободковая,трапеция,черный,серый,"57,0","15,0",142,,,,Мужской,13.11.1983,"Комсомольский,33 ОиМ",25.05.2024 20:43:52
625-002,GENEX,мужские,пластик,ободковая,трапеция,черный,серый,"57,0","15,0",142,,,,Женский,15.05.1961,"Комарова,110 ОиМ",20.04.2024 14:25:20
626-003,GENEX,мужские,пластик,ободковая,спортивные,темно-серый,серый,"64,0","16,0",126,,,,Мужской,30.07.1971,"Комарова,110 ОиМ",09.06.2024 11:54:15
626-024,GENEX,мужские,пластик,ободковая,спортивные,черный,серый,"64,0","16,0",126,,,,Мужской,03.04.1961,"Комарова,110 ОиМ",20.04.2024 11:03:33
626-024,GENEX,мужские,пластик,ободковая,спортивные,черный,серый,"64,0","16,0",126,,,,Мужской,25.03.1971,"Комсомольский,33 ОиМ",20.04.2024 17:22:04
627-0300,FURLA,женские,металл,ободковая,панто,золотой,серый градиент,"57,0","17,0",140,,,,Женский,14.01.1983,"Васенко,4 ОиМ",15.01.2023 14:30:38
627-0A93,FURLA,женские,металл,ободковая,панто,золотой,серый,"57,0","17,0",140,,,,Женский,29.03.1981,"Васенко,4 ОиМ",02.09.2023 13:39:30
629-0A39,FURLA,женские,металл,безободковая,бабочка,сиреневый,серо-розовый градиент,"61,0","14,0",140,,,,Женский,15.10.1963,"Васенко,4 ОиМ",02.04.2023 16:12:30
629-300X,FURLA,женские,металл,безободковая,бабочка,золотой,коричневый градиент зеркальный,"61,0","14,0",140,,,,Мужской,27.06.1978,"Васенко,4 ОиМ",22.05.2023 15:35:41
629-300Y,FURLA,женские,металл,безободковая,бабочка,золотой,коричневый градиент,"61,0","14,0",140,,,,Женский,18.01.1984,"Васенко,4 ОиМ",17.03.2023 10:39:51
630-005,GENEX,мужские,пластик,безободковая,маска,черный,коричневый,"69,0","15,0",132,,,,Мужской,15.09.1968,"Комарова,110 ОиМ",20.04.2024 15:36:36
630-024,GENEX,мужские,пластик,безободковая,маска,черный,серый,"69,0","15,0",132,,,,Женский,29.04.1999,"Комсомольский,33 ОиМ",21.06.2024 14:43:54
631-002,GENEX,мужские,пластик,ободковая,прямоугольные,черный,серый,"56,0","18,0",138,,,,Мужской,29.05.1957,"Комарова,110 ОиМ",20.04.2024 12:37:44
631-002,GENEX,мужские,пластик,ободковая,прямоугольные,черный,серый,"56,0","18,0",138,,,,Мужской,29.05.2012,"Комсомольский,33 ОиМ",28.04.2024 14:58:44
631-002,GENEX,мужские,пластик,ободковая,прямоугольные,черный,серый,"56,0","18,0",138,,,,Женский,16.06.2004,"Комсомольский,33 ОиМ",01.12.2024 11:23:25
631-003,GENEX,мужские,пластик,ободковая,прямоугольные,синий,серый,"56,0","18,0",138,,,,,09.11.1976,"Комарова,110 ОиМ",23.06.2024 15:01:40
631-003,GENEX,мужские,пластик,ободковая,прямоугольные,синий,серый,"56,0","18,0",138,,,,Женский,10.02.1953,"Комсомольский,33 ОиМ",06.09.2024 9:04:44
631-005,GENEX,мужские,пластик,ободковая,прямоугольные,коричневый,коричневый,"56,0","18,0",138,,,,Мужской,16.07.1971,"Комсомольский,33 ОиМ",17.06.2024 12:53:39
631-005,GENEX,мужские,пластик,ободковая,прямоугольные,коричневый,коричневый,"56,0","18,0",138,,,,Мужской,12.04.1997,"Комарова,110 ОиМ",18.07.2024 19:44:50
632-005,GENEX,мужские,пластик,ободковая,спортивные,черный,коричневый,"62,0","19,0",132,,,,Мужской,10.01.1981,"Комсомольский,33 ОиМ",12.06.2024 16:35:43
632-005,GENEX,мужские,пластик,ободковая,спортивные,черный,коричневый,"62,0","19,0",132,,,,Мужской,20.01.1983,"Комарова,110 ОиМ",18.05.2024 11:42:30
632-024,GENEX,мужские,пластик,ободковая,спортивные,черный,серый,"62,0","19,0",132,,,,Мужской,21.11.1942,"Комсомольский,33 ОиМ",05.07.2024 15:27:44
632-024,GENEX,мужские,пластик,ободковая,спортивные,черный,серый,"62,0","19,0",132,,,,Мужской,24.04.1966,"Комарова,110 ОиМ",01.05.2024 11:21:56
633-001,GENEX,мужские,пластик,ободковая,квадратные,черный,серый,"57,0","19,0",143,,,,Женский,,"Комарова,110 ОиМ",08.06.2024 14:11:36
633-001,GENEX,мужские,пластик,ободковая,квадратные,черный,серый,"57,0","19,0",143,,,,Женский,03.10.1986,"Комсомольский,33 ОиМ",25.04.2024 11:38:57
633-001,GENEX,мужские,пластик,ободковая,квадратные,черный,серый,"57,0","19,0",143,,,,Женский,26.12.1991,"Комарова,110 ОиМ",16.07.2024 19:49:19
633-025,GENEX,мужские,пластик,ободковая,квадратные,черный,серый,"57,0","19,0",143,,,,Женский,01.05.1968,"Комарова,110 ОиМ",07.06.2024 9:55:58
633-392,GENEX,мужские,пластик,ободковая,квадратные,коричневый,коричневый,"57,0","19,0",143,,,,Мужской,04.04.1974,"Комсомольский,33 ОиМ",12.06.2024 12:07:09
633-392,GENEX,мужские,пластик,ободковая,квадратные,коричневый,коричневый,"57,0","19,0",143,,,,Мужской,22.10.1983,"Комарова,110 ОиМ",28.04.2024 12:20:53
634-575,GENEX,универсальные,пластик,ободковая,квадратные,черный,серый,"56,0","18,0",143,,,,,01.07.1962,"Комсомольский,33 ОиМ",12.06.2024 19:36:59
635-002,GENEX,мужские,пластик,ободковая,прямоугольные,черный,серый,"58,0","18,0",138,,,,Мужской,10.05.1985,"Комсомольский,33 ОиМ",12.06.2024 19:53:50
635-002,GENEX,мужские,пластик,ободковая,прямоугольные,черный,серый,"58,0","18,0",138,,,,Мужской,08.07.1991,"Комарова,110 ОиМ",07.07.2024 13:42:32
635-005,GENEX,мужские,пластик,ободковая,прямоугольные,черный,коричневый,"58,0","18,0",138,,,,Мужской,17.01.1956,"Комсомольский,33 ОиМ",11.06.2024 10:15:40
635-005,GENEX,мужские,пластик,ободковая,прямоугольные,черный,коричневый,"58,0","18,0",138,,,,Женский,07.06.1984,"Комарова,110 ОиМ",11.06.2024 16:31:31
636-003,GENEX,мужские,пластик,ободковая,прямоугольные,черный,серый,"55,0","20,0",143,,,,Женский,21.06.1955,"Комарова,110 ОиМ",27.07.2024 13:16:04
636-005,GENEX,мужские,пластик,ободковая,прямоугольные,коричневый,коричневый,"55,0","20,0",143,,,,Мужской,24.11.2002,"Комарова,110 ОиМ",21.05.2024 16:39:55
636-575,GENEX,мужские,пластик,ободковая,прямоугольные,черный,серый,"55,0","20,0",143,,,,Мужской,04.10.1940,"Комарова,110 ОиМ",05.04.2024 11:06:22
636-575,GENEX,мужские,пластик,ободковая,прямоугольные,черный,серый,"55,0","20,0",143,,,,Мужской,16.01.1966,"Комсомольский,33 ОиМ",04.04.2024 16:27:22
637-601,GENEX,универсальные,пластик,ободковая,панто,темно-серый,серый,"47,0","24,0",151,,,,Женский,24.09.1999,"Комсомольский,33 ОиМ",17.06.2024 18:29:25
637-604,GENEX,универсальные,пластик,ободковая,панто,оливковый,коричневый,"47,0","24,0",151,,,,Мужской,,"Комарова,110 ОиМ",15.07.2024 16:50:29
637-604,GENEX,универсальные,пластик,ободковая,панто,оливковый,коричневый,"47,0","24,0",151,,,,Женский,14.04.1980,"Комсомольский,33 ОиМ",20.04.2024 13:32:57
639-003,GENEX,мужские,пластик,ободковая,квадратные,синий,серый,"55,0","18,0",145,,,,Мужской,03.09.1984,"Комарова,110 ОиМ",16.06.2024 13:25:42
639-003,GENEX,мужские,пластик,ободковая,квадратные,синий,серый,"55,0","18,0",145,,,,Мужской,03.10.2003,"Комсомольский,33 ОиМ",13.06.2024 15:54:55
640-189,GENEX,женские,пластик,ободковая,круглые,коричневый,коричневый,"50,0","21,0",140,,,,Мужской,,"Комсомольский,33 ОиМ",22.05.2024 12:43:31
640-189,GENEX,женские,пластик,ободковая,круглые,коричневый,коричневый,"50,0","21,0",140,,,,Женский,05.08.1978,"Комарова,110 ОиМ",06.04.2024 18:28:42
640-547,GENEX,женские,пластик,ободковая,круглые,черный,серый,"50,0","21,0",140,,,,Женский,05.10.1993,"Комсомольский,33 ОиМ",30.04.2024 11:10:33
641-189,GENEX,женские,пластик,ободковая,бабочка,коричневый,коричневый,"55,0","18,0",150,,,,Женский,25.07.1973,"Комсомольский,33 ОиМ",21.04.2024 13:40:36
641-189,GENEX,женские,пластик,ободковая,бабочка,коричневый,коричневый,"55,0","18,0",150,,,,Женский,06.10.2002,"Комарова,110 ОиМ",17.05.2024 18:46:45
642-001,GENEX,женские,пластик,ободковая,прямоугольные,черный,серый,"54,0","19,0",146,,,,Женский,21.11.1989,"Комарова,110 ОиМ",12.07.2024 19:22:01
642-001,GENEX,женские,пластик,ободковая,прямоугольные,черный,серый,"54,0","19,0",146,,,,Женский,29.06.1999,"Комсомольский,33 ОиМ",25.04.2024 15:52:45
642-501,GENEX,женские,пластик,ободковая,прямоугольные,бирюзовый,серый,"54,0","19,0",146,,,,,21.07.1963,"Комарова,110 ОиМ",21.06.2024 17:32:16
642-501,GENEX,женские,пластик,ободковая,прямоугольные,бирюзовый,серый,"54,0","19,0",146,,,,Мужской,,"Комсомольский,33 ОиМ",12.09.2024 10:27:11
643-001,GENEX,женские,пластик,ободковая,кошачий глаз,черный,серый,"53,0","18,0",142,,,,Женский,05.11.1974,"Комарова,110 ОиМ",04.05.2024 10:51:09
643-001,GENEX,женские,пластик,ободковая,кошачий глаз,черный,серый,"53,0","18,0",142,,,,Женский,22.10.2005,"Комсомольский,33 ОиМ",11.05.2024 18:50:57
644-001,GENEX,женские,пластик,ободковая,прямоугольные,черный,серый,"53,0","18,0",145,,,,Мужской,15.10.1993,"Комарова,110 ОиМ",30.04.2024 12:44:27
644-001,GENEX,женские,пластик,ободковая,прямоугольные,черный,серый,"53,0","18,0",145,,,,Женский,15.03.1970,"Комсомольский,33 ОиМ",13.05.2024 17:30:49
644-001,GENEX,женские,пластик,ободковая,прямоугольные,черный,серый,"53,0","18,0",145,,,,Женский,23.06.1986,"Комсомольский,33 ОиМ",10.06.2024 17:19:13
644-189,GENEX,женские,пластик,ободковая,прямоугольные,коричневый,коричневый,"53,0","18,0",145,,,,Женский,04.06.1939,"Комсомольский,33 ОиМ",21.06.2024 12:43:04
645-108,GENEX,женские,пластик,ободковая,бабочка,черный,серый,"53,0","18,0",142,,,,Женский,16.12.1955,"Комарова,110 ОиМ",08.07.2024 15:24:09
645-108,GENEX,женские,пластик,ободковая,бабочка,черный,серый,"53,0","18,0",142,,,,Женский,28.10.1970,"Комсомольский,33 ОиМ",07.05.2024 19:30:00
645-189,GENEX,женские,пластик,ободковая,бабочка,коричневый,коричневый,"53,0","18,0",142,,,,Мужской,27.06.1961,"Комарова,110 ОиМ",20.04.2024 12:13:46
645-189,GENEX,женские,пластик,ободковая,бабочка,коричневый,коричневый,"53,0","18,0",142,,,,Женский,27.08.1941,"Комсомольский,33 ОиМ",06.05.2024 13:09:01
645-405,GENEX,женские,пластик,ободковая,бабочка,бирюзовый,серый,"53,0","18,0",142,,,,Мужской,16.09.1978,"Комарова,110 ОиМ",12.05.2024 14:21:19
645-405,GENEX,женские,пластик,ободковая,бабочка,бирюзовый,серый,"53,0","18,0",142,,,,Женский,09.10.1946,"Комсомольский,33 ОиМ",05.08.2024 13:15:50
645-405,GENEX,женские,пластик,ободковая,бабочка,бирюзовый,серый,"53,0","18,0",142,,,,Женский,20.05.1967,"Комсомольский,33 ОиМ",24.05.2024 19:31:05
645-503,GENEX,женские,пластик,ободковая,бабочка,темно-серый,серый,"53,0","18,0",142,,,,Женский,22.06.1950,"Комсомольский,33 ОиМ",22.10.2024 17:34:32
645-503,GENEX,женские,пластик,ободковая,бабочка,темно-серый,серый,"53,0","18,0",142,,,,Женский,07.06.1984,"Комарова,110 ОиМ",11.06.2024 16:31:31
645-503,GENEX,женские,пластик,ободковая,бабочка,темно-серый,серый,"53,0","18,0",142,,,,Женский,25.08.1987,"Комсомольский,33 ОиМ",08.08.2024 9:30:48
646-189,GENEX,женские,пластик,ободковая,прямоугольные,коричневый,коричневый,"54,0","18,0",189,,,,Женский,22.03.1955,"Комсомольский,33 ОиМ",21.06.2024 12:00:32
646-189,GENEX,женские,пластик,ободковая,прямоугольные,коричневый,коричневый,"54,0","18,0",189,,,,Женский,22.11.1963,"Комарова,110 ОиМ",31.05.2024 17:57:51
647-104,GENEX,женские,пластик,ободковая,бабочка,серый,серый,"54,0","17,0",142,,,,Женский,15.03.1967,"Комарова,110 ОиМ",01.07.2024 13:24:22
647-189,GENEX,женские,пластик,ободковая,бабочка,коричневый,коричневый,"54,0","17,0",142,,,,Мужской,16.01.1966,"Комсомольский,33 ОиМ",04.04.2024 16:27:22
647-189,GENEX,женские,пластик,ободковая,бабочка,коричневый,коричневый,"54,0","17,0",142,,,,Мужской,07.08.1975,"Комарова,110 ОиМ",31.05.2024 13:31:17
647-604,GENEX,женские,пластик,ободковая,бабочка,оливковый,серый,"54,0","17,0",142,,,,Мужской,15.09.2001,"Комарова,110 ОиМ",09.07.2024 18:24:57
647-604,GENEX,женские,пластик,ободковая,бабочка,оливковый,серый,"54,0","17,0",142,,,,Женский,09.11.1989,"Комсомольский,33 ОиМ",26.05.2024 14:29:37
648-001,CAZAL,универсальные,металл и пластик,ободковая,квадратные,черный/золотой,серый градиент,"56,0","25,0",145,,,,Женский,24.03.1973,"Васенко,4 ОиМ",22.03.2023 11:28:31
648-001,GENEX,женские,пластик,ободковая,бабочка,черный,серый,"54,0","17,0",142,,,,Женский,03.06.1984,"Комарова,110 ОиМ",12.06.2024 12:50:50
648-001,GENEX,женские,пластик,ободковая,бабочка,черный,серый,"54,0","17,0",142,,,,Женский,10.01.1988,"Комсомольский,33 ОиМ",19.04.2024 13:15:42
648-003,CAZAL,универсальные,металл и пластик,ободковая,квадратные,золотой,серый градиент,"56,0","25,0",145,,,,Женский,30.09.1974,"Васенко,4 ОиМ",24.10.2023 13:27:09
648-082,GENEX,женские,пластик,ободковая,бабочка,серый,серый,"54,0","17,0",142,,,,Женский,08.10.1970,"Комсомольский,33 ОиМ",17.05.2024 12:03:42
648-189,GENEX,женские,пластик,ободковая,бабочка,черный,коричневый,"54,0","17,0",142,,,,Женский,14.03.1979,"Комсомольский,33 ОиМ",14.04.2024 15:48:23
648-189,GENEX,женские,пластик,ободковая,бабочка,черный,коричневый,"54,0","17,0",142,,,,Женский,26.01.1989,"Комарова,110 ОиМ",16.05.2024 18:58:23
649-103,GENEX,женские,пластик,ободковая,кошачий глаз,бордовый,серый,"56,0","17,0",142,,,,Мужской,25.11.1945,"Комсомольский,33 ОиМ",25.04.2024 12:25:22
649-103,GENEX,женские,пластик,ободковая,кошачий глаз,бордовый,серый,"56,0","17,0",142,,,,Женский,18.09.1959,"Комарова,110 ОиМ",07.06.2024 14:20:56
649-189,GENEX,женские,пластик,ободковая,кошачий глаз,коричневый,коричневый,"56,0","17,0",142,,,,,,"Васенко,4 ОиМ",21.06.2024 17:52:18
649-189,GENEX,женские,пластик,ободковая,кошачий глаз,коричневый,коричневый,"56,0","17,0",142,,,,Женский,10.07.1958,"Васенко,4 ОиМ",08.07.2024 13:51:07
649-189,GENEX,женские,пластик,ободковая,кошачий глаз,коричневый,коричневый,"56,0","17,0",142,,,,Женский,22.11.1967,"Комсомольский,33 ОиМ",12.04.2024 19:47:19
649-189,GENEX,женские,пластик,ободковая,кошачий глаз,коричневый,коричневый,"56,0","17,0",142,,,,Женский,01.06.1975,"Комсомольский,33 ОиМ",07.05.2024 18:24:41
649-189,GENEX,женские,пластик,ободковая,кошачий глаз,коричневый,коричневый,"56,0","17,0",142,,,,Женский,18.11.1987,"Комарова,110 ОиМ",23.05.2024 16:12:43
649-501,GENEX,женские,пластик,ободковая,кошачий глаз,бирюзовый,серый,"56,0","17,0",142,,,,Мужской,04.01.1978,"Комарова,110 ОиМ",13.07.2024 18:46:14
649-501,GENEX,женские,пластик,ободковая,кошачий глаз,бирюзовый,серый,"56,0","17,0",142,,,,Женский,05.10.1976,"Комарова,110 ОиМ",16.05.2024 17:05:41
649-547,GENEX,женские,пластик,ободковая,кошачий глаз,черный,серый,"56,0","17,0",142,,,,Женский,27.11.1964,"Комсомольский,33 ОиМ",04.06.2024 20:06:28
649-547,GENEX,женские,пластик,ободковая,кошачий глаз,черный,серый,"56,0","17,0",142,,,,Женский,25.07.1982,"Комарова,110 ОиМ",21.06.2024 18:44:27
6490-923,EMMANUELLE KHANH,женские,пластик,ободковая,бабочка,розовый,розовый градиент,"54,0","23,0",140,,,,Женский,26.05.1971,"Васенко,4 ОиМ",27.05.2024 19:18:54
650/301-12,CAZAL,мужские,пластик,ободковая,квадратные,черный,серый,"58,0","15,0",145,,,,Мужской,16.02.1974,"Васенко,4 ОиМ",03.06.2024 16:25:58
65033-02,ZILLI,мужские,титан,ободковая,капли,золотой,желто-коричневый градиент,"61,0","18,0",145,,,,Мужской,07.06.1982,"Васенко,4 ОиМ",25.12.2023 13:55:36
65034-01,ZILLI,мужские,металл,ободковая,квадратные,,,"62,0","15,0",145,,,,Мужской,08.02.1984,"Васенко,4 ОиМ",11.02.2023 14:52:20
65040-03,ZILLI,мужские,металл,безободковая,квадратные,,,"60,0","18,0",145,,,,Мужской,15.04.1981,"Васенко,4 ОиМ",12.02.2023 17:25:49
65044-01,ZILLI,мужские,металл и пластик,ободковая,квадратные,,,"60,0","15,0",145,,,,Женский,23.05.1970,"Васенко,4 ОиМ",24.09.2023 18:24:52
65046-03,ZILLI,мужские,металл и пластик,ободковая,капли,черный/серебристый,черный,"60,0","16,0",145,,,,Мужской,18.01.1971,"Васенко,4 ОиМ",09.09.2023 15:59:08
65054-01,ZILLI,мужские,титан,безободковая,прямоугольные,золотой,черный градиент,"61,0","18,0",150,,,,Мужской,13.11.1978,"Васенко,4 ОиМ",03.10.2023 15:47:10
65060-03,ZILLI,мужские,пластик,ободковая,квадратные,черный,черный,"60,0","14,0",145,,,,Женский,11.12.1968,"Васенко,4 ОиМ",08.09.2023 13:26:13
65071-03,ZILLI,мужские,титан,безободковая,капли,серебристый,серо-голубой градиент,"61,0","15,0",145,,,,Мужской,26.12.1991,"Васенко,4 ОиМ",16.07.2023 11:01:55
65091-02,ZILLI,мужские,титан,ободковая,капли,золотой,коричневый,"61,0","15,0",145,,,,Мужской,08.02.1984,"Васенко,4 ОиМ",23.05.2024 19:07:37
65093-01,ZILLI,универсальные,титан,безободковая,капли,золотой,серо-зеленый,"62,0","14,0",145,,,,Мужской,,"Васенко,4 ОиМ",12.06.2024 14:26:32
65093-02,ZILLI,универсальные,титан,безободковая,капли,золотой,серо-коричневый градиент,"62,0","14,0",145,,,,Мужской,16.04.1983,"Васенко,4 ОиМ",30.04.2024 13:30:05
65094-04,ZILLI,мужские,титан,ободковая,прямоугольные,серебристый,серо-синий,"61,0","16,0",145,,,,Мужской,24.08.1984,"Васенко,4 ОиМ",30.04.2024 10:13:49
651-014,GENEX,мужские,металл,ободковая,прямоугольные,темно-серый,коричневый,"62,0","18,0",145,,,,Женский,,"Комарова,110 ОиМ",07.07.2024 11:35:23
651-015,GENEX,мужские,металл,ободковая,прямоугольные,черный,серый,"62,0","18,0",145,,,,Мужской,17.11.1973,"Комарова,110 ОиМ",14.05.2024 18:16:53
651-015,GENEX,мужские,металл,ободковая,прямоугольные,черный,серый,"62,0","18,0",145,,,,Мужской,22.11.1983,"Комсомольский,33 ОиМ",20.04.2024 13:45:56
65100-02,ZILLI,мужские,металл и пластик,ободковая,прямоугольные,черный/золотой,серо-синий,"58,0","17,0",145,,,,Мужской,02.09.1983,"Васенко,4 ОиМ",29.12.2024 13:01:41
65100-03,ZILLI,мужские,металл и пластик,ободковая,прямоугольные,черный/золотой,черный градиент,"58,0","17,0",145,,,,Мужской,29.09.1984,"Васенко,4 ОиМ",02.05.2024 16:43:17
65101-01,ZILLI,мужские,титан,безободковая,капли,золотой,коричневый градиент,"60,0","17,0",145,,,,Мужской,11.06.1965,"Васенко,4 ОиМ",06.07.2024 14:31:51
65101-02,ZILLI,мужские,титан,безободковая,капли,серебристый,серый градиент,"60,0","17,0",145,,,,Мужской,15.02.1978,"Васенко,4 ОиМ",25.07.2024 11:36:19
65102-01,ZILLI,мужские,титан,безободковая,прямоугольные,золотой,серо-коричневый градиент,"57,0","18,0",145,,,,Мужской,15.11.1985,"Васенко,4 ОиМ",31.05.2024 9:10:02
65102-03,ZILLI,мужские,титан,безободковая,прямоугольные,золотой,серо-коричневый градиент,"57,0","18,0",145,,,,Мужской,01.04.1992,"Васенко,4 ОиМ",25.06.2024 13:34:20
65104-01,ZILLI,мужские,пластик,ободковая,квадратные,черный,коричневый,"55,0","21,0",145,,,,Женский,16.02.1976,"Васенко,4 ОиМ",08.05.2024 14:44:02
65105-01,ZILLI,мужские,металл и пластик,ободковая,маска,черный/золотой,коричневый градиент,"133,0",,145,,,,Мужской,04.06.1983,"Васенко,4 ОиМ",04.03.2024 14:54:41
652-014,GENEX,мужские,металл,ободковая,капли,коричневый,коричневый,"61,0","17,0",145,,,,Женский,,"Комарова,110 ОиМ",20.08.2024 15:13:42
652-014,GENEX,мужские,металл,ободковая,капли,коричневый,коричневый,"61,0","17,0",145,,,,Женский,22.09.1990,"Комсомольский,33 ОиМ",08.11.2024 13:21:21
652-061,GENEX,мужские,металл,ободковая,капли,черный,серый,"61,0","17,0",145,,,,Мужской,16.01.2001,"Комсомольский,33 ОиМ",18.05.2024 15:15:04
652-061,GENEX,мужские,металл,ободковая,капли,черный,серый,"61,0","17,0",145,,,,Женский,16.11.1965,"40 лет Октября,15 ОиМ",31.10.2024 10:54:58
653-014,GENEX,мужские,металл,ободковая,прямоугольные,темно-серый,коричневый,"62,0","17,0",140,,,,Мужской,05.10.1959,"Комсомольский,33 ОиМ",20.07.2024 11:04:16
653-014,GENEX,мужские,металл,ободковая,прямоугольные,темно-серый,коричневый,"62,0","17,0",140,,,,Мужской,28.11.1977,"Комарова,110 ОиМ",14.06.2024 10:04:14
653-015,GENEX,мужские,металл,ободковая,прямоугольные,темно-серый,серый,"62,0","17,0",140,,,,Мужской,27.11.1989,"Комарова,110 ОиМ",23.04.2024 15:02:38
653-015,GENEX,мужские,металл,ободковая,прямоугольные,темно-серый,серый,"62,0","17,0",140,,,,Мужской,27.01.1997,"Комарова,110 ОиМ",22.08.2024 19:17:51
653-015,GENEX,мужские,металл,ободковая,прямоугольные,темно-серый,серый,"62,0","17,0",140,,,,Женский,25.08.1987,"Комсомольский,33 ОиМ",22.05.2024 11:46:04
653-061,GENEX,мужские,металл,ободковая,прямоугольные,черный,серый,"62,0","17,0",140,,,,Мужской,,"Комарова,110 ОиМ",15.04.2024 14:59:41
653-061,GENEX,мужские,металл,ободковая,прямоугольные,черный,серый,"62,0","17,0",140,,,,Мужской,28.10.1954,"Комсомольский,33 ОиМ",28.06.2024 9:11:26
654-014,GENEX,универсальные,металл,ободковая,капли,темно-серый,коричневый,"61,0","17,0",140,,,,Мужской,19.08.1948,"Комсомольский,33 ОиМ",21.12.2024 11:06:56
654-061,GENEX,универсальные,металл,ободковая,капли,черный,серый,"61,0","17,0",140,,,,Женский,,"Комарова,110 ОиМ",18.04.2024 16:30:49
654-061,GENEX,универсальные,металл,ободковая,капли,черный,серый,"61,0","17,0",140,,,,Женский,04.04.2010,"Комсомольский,33 ОиМ",04.06.2024 18:38:30
655-061,GENEX,мужские,металл,ободковая,прямоугольные,черный,серый,"62,0","18,0",140,,,,Женский,01.05.1968,"Комарова,110 ОиМ",25.06.2024 11:56:10
656-001,GENEX,женские,металл,ободковая,капли,черный/золотой,серый градиент,"60,0","12,0",140,,,,Женский,18.03.1983,"Комсомольский,33 ОиМ",28.04.2024 15:57:47
656-756,GENEX,женские,металл,ободковая,капли,коричневый/золотой,коричневый градиент,"60,0","12,0",140,,,,Женский,31.01.1979,"Комсомольский,33 ОиМ",20.04.2024 11:54:37
656-756,GENEX,женские,металл,ободковая,капли,коричневый/золотой,коричневый градиент,"60,0","12,0",140,,,,Женский,23.10.1990,"Комсомольский,33 ОиМ",12.05.2024 13:38:36
657-001,GENEX,женские,металл и пластик,ободковая,круглые,черный/золотой,серый,"52,0","23,0",140,,,,Мужской,23.12.1972,"Комсомольский,33 ОиМ",01.09.2024 14:49:23
657-004,GENEX,женские,металл и пластик,ободковая,круглые,черный/серый,серый,"52,0","23,0",140,,,,Мужской,31.07.1998,"Комсомольский,33 ОиМ",21.05.2024 15:29:10
657-004,GENEX,женские,металл и пластик,ободковая,круглые,черный/серый,серый,"52,0","23,0",140,,,,Женский,02.11.1984,"Комсомольский,33 ОиМ",24.04.2024 11:52:54
658-163,GENEX,женские,металл,ободковая,бабочка,синий/золотой,серый градиент,"59,0","17,0",140,,,,Женский,08.09.1971,"Комсомольский,33 ОиМ",08.05.2024 10:19:58
658-163,GENEX,женские,металл,ободковая,бабочка,синий/золотой,серый градиент,"59,0","17,0",140,,,,Женский,08.11.1983,"Комарова,110 ОиМ",17.06.2024 17:08:00
658-163,GENEX,женские,металл,ободковая,бабочка,синий/золотой,серый градиент,"59,0","17,0",140,,,,Женский,19.11.1988,"Комсомольский,33 ОиМ",06.08.2024 16:41:06
658-756,GENEX,женские,металл,ободковая,бабочка,коричневый/золотой,коричневый градиент,"59,0","17,0",140,,,,Мужской,23.07.1992,"Комарова,110 ОиМ",08.06.2024 15:07:50
658-756,GENEX,женские,металл,ободковая,бабочка,коричневый/золотой,коричневый градиент,"59,0","17,0",140,,,,Женский,27.05.1973,"Комсомольский,33 ОиМ",12.06.2024 15:06:07
658-756,GENEX,женские,металл,ободковая,бабочка,коричневый/золотой,коричневый градиент,"59,0","17,0",140,,,,Женский,18.03.1985,"Комсомольский,33 ОиМ",12.04.2024 9:38:29
659-006,GENEX,женские,металл,ободковая,квадратные,черный/золотой,серый градиент,"59,0","17,0",140,,,,Женский,17.01.1992,"Комарова,110 ОиМ",16.07.2024 19:02:14
659-756,GENEX,женские,металл,ободковая,квадратные,черный/золотой,коричневый градиент,"59,0","17,0",140,,,,,11.08.1975,"Комсомольский,33 ОиМ",08.05.2024 19:21:30
660-001,GENEX,женские,металл,ободковая,бабочка,черный/золотой,серый градиент,"59,0","16,0",145,,,,Женский,17.12.1977,"Комсомольский,33 ОиМ",31.07.2024 18:46:50
660-001,GENEX,женские,металл,ободковая,бабочка,черный/золотой,серый градиент,"59,0","16,0",145,,,,Женский,27.04.1982,"Комарова,110 ОиМ",03.05.2024 15:44:12
660-082,GENEX,женские,металл,ободковая,бабочка,синий/серебристый,серый градиент,"59,0","16,0",145,,,,Женский,15.09.1966,"Комарова,110 ОиМ",20.04.2024 14:08:08
660-082,GENEX,женские,металл,ободковая,бабочка,синий/серебристый,серый градиент,"59,0","16,0",145,,,,Женский,03.02.1979,"Комарова,110 ОиМ",25.06.2024 17:45:54
660-082,GENEX,женские,металл,ободковая,бабочка,синий/серебристый,серый градиент,"59,0","16,0",145,,,,Женский,25.07.1983,"Комсомольский,33 ОиМ",31.05.2024 13:56:10
660-756,GENEX,женские,металл,ободковая,бабочка,черный/красный,коричневый градиент,"59,0","16,0",145,,,,Женский,10.07.1967,"Комсомольский,33 ОиМ",14.06.2024 15:23:54
661-163,GENEX,женские,металл,ободковая,бабочка,синий/золотой,серый градиент,"59,0","18,0",140,,,,Женский,20.06.1977,"Комарова,110 ОиМ",20.04.2024 13:40:55
669-003,CAZAL,мужские,металл и пластик,ободковая,квадратные,,,"56,0","18,0",140,,,,Женский,18.07.1979,"40 лет Октября,15 ОиМ",13.06.2023 18:15:00
677-001,CAZAL,универсальные,металл и пластик,ободковая,гексагон,,,"46,0","22,0",140,,,,Женский,18.02.1972,"Васенко,4 ОиМ",24.05.2023 19:27:43
677-002,CAZAL,универсальные,металл и пластик,ободковая,гексагон,красный,серый градиент,"46,0","22,0",140,,,,Женский,24.03.1973,"Васенко,4 ОиМ",22.03.2023 11:28:31
685-752,FURLA,женские,пластик,ободковая,квадратные,гавана,коричневый градиент,"54,0","19,0",135,,,,Женский,02.12.1971,"Васенко,4 ОиМ",19.04.2024 16:01:59
687/S-807HA,MARC JACOBS,женские,пластик,ободковая,бабочка,черный,коричневый градиент,"54,0","19,0",145,,,,Женский,23.07.1953,"Васенко,4 ОиМ",05.05.2024 18:44:24
692-300,FURLA,женские,металл,ободковая,бабочка,золотой,коричневый,"58,0","16,0",135,,,,Женский,19.06.1978,"Васенко,4 ОиМ",18.10.2023 16:41:10
693/S-80S2K,MARC JACOBS,женские,пластик,ободковая,прямоугольные,черный,серый,"55,0","17,0",145,,,,Женский,11.03.1987,"Васенко,4 ОиМ",16.03.2024 13:44:40
693/S-HYMIC,MARC JACOBS,женские,пластик,ободковая,прямоугольные,белый,серый градиент зеркальный,"55,0","17,0",145,,,,Женский,11.03.1987,"Васенко,4 ОиМ",16.03.2024 15:13:06
694-700,FURLA,женские,пластик,ободковая,бабочка,черный/белый,серый градиент,"55,0","18,0",140,,,,Мужской,01.12.1966,"Васенко,4 ОиМ",21.01.2024 15:20:16
694/G/S-80S2K,MARC JACOBS,женские,пластик,ободковая,кошачий глаз,черный,серый,"54,0","21,0",145,,,,Мужской,07.12.2021,"Васенко,4 ОиМ",11.05.2024 17:58:35
694/G/S-HYMIC,MARC JACOBS,женские,пластик,ободковая,кошачий глаз,белый,серый градиент зеркальный,"54,0","21,0",145,,,,Женский,14.06.1986,"Васенко,4 ОиМ",03.04.2024 19:31:59
694/G/S-NOYHA,MARC JACOBS,женские,пластик,ободковая,кошачий глаз,коричневый,коричневый градиент,"54,0","21,0",145,,,,Женский,11.10.1963,"Васенко,4 ОиМ",22.06.2024 13:32:38
695-9PW,FURLA,женские,пластик,ободковая,квадратные,сиреневый,серый градиент,"55,0","19,0",140,,,,Женский,14.02.1967,"Васенко,4 ОиМ",06.01.2024 13:12:44
695/S-NOYHA,MARC JACOBS,женские,пластик,ободковая,кошачий глаз,коричневый,коричневый градиент,"55,0","16,0",145,,,,Женский,24.12.1961,"Васенко,4 ОиМ",06.05.2024 13:50:15
7002/S-POHU1,DAVID BECKHAM,мужские,металл и пластик,ободковая,квадратные,серый,фиолетовый,"54,0","22,0",140,,,,Женский,09.07.1983,"Васенко,4 ОиМ",04.02.2024 15:54:38
7003-400184,SWAROVSKI,женские,металл,ободковая,кошачий глаз,серебристый,розовый,"57,0","18,0",130,,,,Женский,22.04.2003,"Васенко,4 ОиМ",09.07.2024 19:02:47
7018/N/S-0VK5X,POLAROID,универсальные,пластик,безободковая,спортивные,черный,синий зеркальный,"68,0","9,0",130,,,,Мужской,07.03.1973,"40 лет Октября,15 ОиМ",17.05.2024 9:33:09
7039-113,SCOTCH&SODA,женские,металл и пластик,ободковая,овальные,черепаховый,цветной градиент,"51,0","18,0",140,,,,Женский,07.11.1970,"Васенко,4 ОиМ",17.05.2024 18:53:30
7039-292,SCOTCH&SODA,женские,металл и пластик,ободковая,овальные,золотой,розово-коричневый градиент,"51,0","18,0",140,,,,Женский,10.03.1971,"Васенко,4 ОиМ",10.09.2024 13:11:55
7041-151,SCOTCH&SODA,женские,пластик,ободковая,прямоугольные,черепаховый,фиолетово-серый градиент,"52,0","23,0",140,,,,Женский,28.04.1985,"Васенко,4 ОиМ",01.05.2024 15:50:21
7041/S-1EDIR,DAVID BECKHAM,мужские,пластик,ободковая,панто,зеленый,серый,"48,0","24,0",145,,,,Мужской,22.06.1993,"Васенко,4 ОиМ",17.10.2023 17:34:13
7041/S-40G-9O,DAVID BECKHAM,универсальные,пластик,ободковая,панто,горчичный,серый,"48,0","24,0",145,,,,Мужской,22.09.1982,"Васенко,4 ОиМ",25.12.2023 12:31:59
7046-11,ESTILO,женские,пластик,ободковая,круглые,черный,коричнево-розовый градиент,"54,0","21,0",147,,,,Женский,30.01.1976,"40 лет Октября,15 ОиМ",05.02.2024 15:25:01
7046-11,ESTILO,женские,пластик,ободковая,круглые,черный,коричнево-розовый градиент,"54,0","21,0",147,,,,Женский,25.10.1980,"40 лет Октября,15 ОиМ",28.07.2023 17:31:04
7046-11,ESTILO,женские,пластик,ободковая,круглые,черный,коричнево-розовый градиент,"54,0","21,0",147,,,,Женский,03.09.1988,"40 лет Октября,15 ОиМ",02.07.2023 13:24:02
7047/S-WR7W7,DAVID BECKHAM,мужские,пластик,ободковая,квадратные,черный,,"51,0","22,0",145,,,,Женский,10.11.1981,"Васенко,4 ОиМ",20.04.2023 16:05:47
7048/S-003E3,POLAROID,мужские,пластик,ободковая,спортивные,черный,серый,"65,0","14,0",130,,,,Женский,13.03.1963,"40 лет Октября,15 ОиМ",08.06.2023 10:57:55
7048/S-8LZBG,POLAROID,универсальные,пластик,безободковая,спортивные,черный,серо-золотой зеркальный,"65,0","14,0",130,,,,Мужской,26.05.1983,"40 лет Октября,15 ОиМ",08.07.2024 14:38:22
7048/S-J5GQZ,DAVID BECKHAM,мужские,металл,ободковая,прямоугольные,золотой,голубой,"56,0","18,0",140,,,,Женский,11.03.1987,"Васенко,4 ОиМ",16.03.2024 13:44:40
7048/S-ZX9E3,POLAROID,универсальные,пластик,безободковая,спортивные,синий,серо-синий,"65,0","14,0",130,,,,Мужской,11.07.1982,"40 лет Октября,15 ОиМ",11.02.2024 15:22:43
7049/S-003E3,POLAROID,мужские,пластик,ободковая,спортивные,черный,серый,"62,0","17,0",130,,,,Женский,26.04.1984,"40 лет Октября,15 ОиМ",22.05.2023 12:38:05
7051-12,ESTILO,женские,пластик,ободковая,квадратные,черный,серый градиент,"54,0","21,0",150,,,,Мужской,01.02.1959,"40 лет Октября,15 ОиМ",03.05.2023 17:04:04
7051-14,ESTILO,женские,пластик,ободковая,квадратные,коричневый,коричнево-розовый градиент,"54,0","21,0",150,,,,Женский,15.04.1992,"40 лет Октября,15 ОиМ",08.05.2023 10:05:23
7052-11,ESTILO,женские,пластик,ободковая,овальные,черный,серый градиент,"54,0","19,0",143,,,,Женский,22.04.1951,"40 лет Октября,15 ОиМ",17.04.2023 14:00:11
7052-11,ESTILO,женские,пластик,ободковая,овальные,черный,серый градиент,"54,0","19,0",143,,,,Женский,29.06.1952,"40 лет Октября,15 ОиМ",29.05.2023 9:15:06
7052-11,ESTILO,женские,пластик,ободковая,овальные,черный,серый градиент,"54,0","19,0",143,,,,Женский,04.10.1970,"Комсомольский,33 ОиМ",10.06.2023 14:15:04
7054-12,ESTILO,женские,пластик,ободковая,квадратные,бордовый,коричневый,"51,0","23,0",141,,,,Женский,03.02.1998,"40 лет Октября,15 ОиМ",21.03.2024 12:17:25
7054-13,ESTILO,женские,пластик,ободковая,квадратные,,,"51,0","23,0",141,,,,Мужской,06.07.1977,"Комсомольский,33 ОиМ",10.03.2023 18:56:52
7054-13,ESTILO,женские,пластик,ободковая,квадратные,,,"51,0","23,0",141,,,,Женский,04.01.1973,"40 лет Октября,15 ОиМ",13.02.2023 13:21:19
7054-14,ESTILO,женские,пластик,ободковая,квадратные,,,"51,0","23,0",141,,,,Женский,24.09.2007,"40 лет Октября,15 ОиМ",27.08.2023 13:30:36
7055-11,ESTILO,женские,пластик,ободковая,бабочка,черный,серый градиент,"64,0","14,0",148,,,,Женский,04.05.1964,"40 лет Октября,15 ОиМ",30.07.2023 14:52:22
7055-11,ESTILO,женские,пластик,ободковая,бабочка,черный,серый градиент,"64,0","14,0",148,,,,Женский,23.06.1968,"Комарова,110 ОиМ",05.07.2023 11:38:55
7055-11,ESTILO,женские,пластик,ободковая,бабочка,черный,серый градиент,"64,0","14,0",148,,,,Женский,06.06.1983,"40 лет Октября,15 ОиМ",16.05.2023 10:48:03
7057-03,ESTILO,женские,металл,ободковая,бабочка,,,"58,0","16,0",140,,,,Мужской,08.06.1987,"Комсомольский,33 ОиМ",29.04.2023 12:25:43
7057-03,ESTILO,женские,металл,ободковая,бабочка,,,"58,0","16,0",140,,,,Женский,27.08.1969,"40 лет Октября,15 ОиМ",28.06.2023 18:24:05
7058-01,ESTILO,женские,металл,ободковая,бабочка,золотой,коричневый градиент,"59,0","17,0",140,,,,Женский,16.11.1990,"40 лет Октября,15 ОиМ",22.03.2023 18:38:06
7058-02,ESTILO,женские,металл,ободковая,бабочка,,,"59,0","17,0",140,,,,Мужской,06.12.1975,"40 лет Октября,15 ОиМ",09.05.2023 13:39:28
7058-02,ESTILO,женские,металл,ободковая,бабочка,,,"59,0","17,0",140,,,,Женский,03.02.1970,"Комсомольский,33 ОиМ",04.03.2023 13:54:08
7058-02,ESTILO,женские,металл,ободковая,бабочка,,,"59,0","17,0",140,,,,Женский,05.01.1974,"Комсомольский,33 ОиМ",21.05.2023 15:48:13
7058-03,ESTILO,женские,металл,ободковая,бабочка,,,"59,0","17,0",140,,,,Женский,12.03.1986,"Комсомольский,33 ОиМ",14.05.2023 17:22:40
7059-12,ESTILO,женские,пластик,ободковая,бабочка,,,"57,0","15,0",140,,,,Женский,27.10.1971,"40 лет Октября,15 ОиМ",10.03.2023 15:10:18
7060-11,ESTILO,женские,пластик,ободковая,бабочка,,,"65,0","12,0",147,,,,Женский,25.11.1957,"40 лет Октября,15 ОиМ",10.06.2023 13:32:21
7060-11,ESTILO,женские,пластик,ободковая,бабочка,,,"65,0","12,0",147,,,,Женский,27.03.1983,"Комсомольский,33 ОиМ",04.06.2023 10:55:32
7060-12,ESTILO,женские,пластик,ободковая,бабочка,,,"65,0","12,0",147,,,,Женский,29.05.1954,"40 лет Октября,15 ОиМ",21.05.2023 11:35:18
7060-12,ESTILO,женские,пластик,ободковая,бабочка,,,"65,0","12,0",147,,,,Женский,21.03.1957,"Комсомольский,33 ОиМ",28.02.2023 17:48:11
7060-12,ESTILO,женские,пластик,ободковая,бабочка,,,"65,0","12,0",147,,,,Женский,27.10.1977,"40 лет Октября,15 ОиМ",30.03.2023 10:57:42
7060-13,ESTILO,женские,пластик,ободковая,бабочка,,,"65,0","12,0",147,,,,Женский,05.12.1983,"Комсомольский,33 ОиМ",20.07.2023 9:36:32
7060-13,ESTILO,женские,пластик,ободковая,бабочка,,,"65,0","12,0",147,,,,Женский,12.04.2009,"40 лет Октября,15 ОиМ",18.02.2023 10:47:49
7061-13,ESTILO,женские,пластик,ободковая,бабочка,,,"53,0","19,0",146,,,,Женский,02.12.1957,"40 лет Октября,15 ОиМ",19.03.2023 15:54:17
7062-11,ESTILO,женские,пластик,ободковая,панто,,,"57,0","19,0",147,,,,Женский,20.09.1974,"Комсомольский,33 ОиМ",24.03.2023 18:22:20
7064-11,ESTILO,женские,пластик,ободковая,кошачий глаз,,,"54,0","22,0",148,,,,Мужской,04.10.1991,"Комсомольский,33 ОиМ",25.07.2023 14:07:28
7064-11,ESTILO,женские,пластик,ободковая,кошачий глаз,,,"54,0","22,0",148,,,,Женский,15.02.1966,"Комсомольский,33 ОиМ",06.03.2023 17:47:19
7064-11,ESTILO,женские,пластик,ободковая,кошачий глаз,,,"54,0","22,0",148,,,,Женский,19.07.1970,"40 лет Октября,15 ОиМ",28.02.2023 15:52:07
7064-11,ESTILO,женские,пластик,ободковая,кошачий глаз,,,"54,0","22,0",148,,,,Женский,16.02.1976,"40 лет Октября,15 ОиМ",26.04.2023 10:20:52
7067-11,ESTILO,женские,пластик,ободковая,гексагон,серый,серый градиент,"55,0","17,0",145,,,,Женский,09.11.1980,"Комсомольский,33 ОиМ",19.07.2023 11:25:45
7067-12,ESTILO,женские,пластик,ободковая,гексагон,зеленый,зеленый градиент,"55,0","17,0",145,,,,Женский,21.03.1988,"40 лет Октября,15 ОиМ",25.05.2023 10:30:33
7068-11,ESTILO,женские,пластик,ободковая,кошачий глаз,многоцветный,серый градиент,"52,0","19,0",145,,,,Женский,04.05.1964,"40 лет Октября,15 ОиМ",30.07.2023 14:52:22
7070-11,ESTILO,женские,пластик,ободковая,бабочка,черный,серый градиент,"52,0","20,0",145,,,,Женский,24.12.1969,"40 лет Октября,15 ОиМ",07.07.2024 17:47:50
7070-11,ESTILO,женские,пластик,ободковая,бабочка,черный,серый градиент,"52,0","20,0",145,,,,Женский,02.06.1984,"Комсомольский,33 ОиМ",08.07.2024 14:36:58
7071-12,ESTILO,женские,пластик,ободковая,кошачий глаз,черепаховый,коричневый градиент,"53,0","19,0",145,,,,Женский,25.01.1951,"40 лет Октября,15 ОиМ",11.04.2024 16:02:22
7071-12,ESTILO,женские,пластик,ободковая,кошачий глаз,черепаховый,коричневый градиент,"53,0","19,0",145,,,,Женский,26.02.1976,"Комсомольский,33 ОиМ",13.02.2024 18:03:07
7071-13,ESTILO,женские,пластик,ободковая,кошачий глаз,черный,серо-зеленый градиент,"53,0","19,0",145,,,,Женский,27.12.1948,"Комсомольский,33 ОиМ",19.02.2024 13:55:24
7071-13,ESTILO,женские,пластик,ободковая,кошачий глаз,черный,серо-зеленый градиент,"53,0","19,0",145,,,,Женский,13.02.1980,"40 лет Октября,15 ОиМ",25.03.2024 13:38:08
7072-11,ESTILO,женские,пластик,ободковая,кошачий глаз,черный,серый градиент,"53,0","18,0",139,,,,Женский,01.04.1939,"40 лет Октября,15 ОиМ",02.05.2024 14:46:33
7072-11,ESTILO,женские,пластик,ободковая,кошачий глаз,черный,серый градиент,"53,0","18,0",139,,,,Женский,04.11.1975,"Комсомольский,33 ОиМ",02.03.2024 15:35:37
7074-12,ESTILO,женские,пластик,ободковая,прямоугольные,синий,серо-синий,"53,0","21,0",140,,,,Мужской,27.05.1995,"40 лет Октября,15 ОиМ",09.05.2024 12:43:46
7074-12,ESTILO,женские,пластик,ободковая,прямоугольные,синий,серо-синий,"53,0","21,0",140,,,,Женский,04.09.1990,"Комсомольский,33 ОиМ",01.08.2024 18:26:54
7075-11,ESTILO,женские,пластик,ободковая,прямоугольные,серый,серый градиент,"55,0","20,0",145,,,,Женский,13.01.1991,"Комсомольский,33 ОиМ",15.06.2024 16:47:27
7076/S-C9BQZ,DAVID BECKHAM,мужские,пластик,ободковая,квадратные,,,"50,0","23,0",145,,,,Женский,24.03.1973,"Васенко,4 ОиМ",22.03.2023 11:28:31
7077-11,ESTILO,женские,пластик,ободковая,бабочка,черный,серый градиент,"50,0","22,0",138,,,,Мужской,08.05.1973,"Комсомольский,33 ОиМ",03.11.2024 14:27:14
7077-11,ESTILO,женские,пластик,ободковая,бабочка,черный,серый градиент,"50,0","22,0",138,,,,Женский,26.07.1956,"40 лет Октября,15 ОиМ",19.06.2024 14:52:25
7077-12,ESTILO,женские,пластик,ободковая,бабочка,многоцветный,серый градиент,"50,0","22,0",138,,,,Женский,22.07.1953,"Комсомольский,33 ОиМ",25.12.2024 17:10:53
7077-14,ESTILO,женские,пластик,ободковая,бабочка,серый,серый,"50,0","22,0",138,,,,Женский,05.11.1973,"40 лет Октября,15 ОиМ",27.02.2024 17:45:10
7079-02,VENTO,женские,металл,ободковая,круглые,бежевый,коричневый градиент,"56,0","19,0",140,,,,Женский,10.03.1982,"Комарова,110 ОиМ",18.01.2023 14:13:11
7080-02,ESTILO,женские,металл,ободковая,прямоугольные,золотой,коричневый градиент,"61,0","16,0",145,,,,Женский,23.01.1963,"40 лет Октября,15 ОиМ",02.03.2024 14:21:58
7081-11,ESTILO,женские,пластик,ободковая,квадратные,бежевый,коричневый градиент,"53,0","20,0",142,,,,Мужской,19.07.1985,"40 лет Октября,15 ОиМ",12.07.2024 14:54:38
7081-12,ESTILO,женские,пластик,ободковая,квадратные,черный,серый градиент,"53,0","20,0",142,,,,Женский,23.07.1960,"40 лет Октября,15 ОиМ",09.05.2024 18:13:09
7083-13,ESTILO,женские,пластик,ободковая,бабочка,коричневый,коричневый градиент,"54,0","19,0",145,,,,Мужской,12.12.1991,"40 лет Октября,15 ОиМ",14.03.2024 16:44:18
7084-11,ESTILO,женские,пластик,ободковая,бабочка,серый,серый градиент,"53,0","17,0",145,,,,Женский,06.05.1989,"Комсомольский,33 ОиМ",01.05.2024 16:00:16
7084-11,ESTILO,женские,пластик,ободковая,бабочка,серый,серый градиент,"53,0","17,0",145,,,,Женский,28.04.1994,"40 лет Октября,15 ОиМ",05.06.2024 16:15:46
7085-12,ESTILO,женские,пластик,ободковая,бабочка,черный,серо-коричневый градиент,"51,0","20,0",145,,,,Мужской,18.11.1984,"40 лет Октября,15 ОиМ",01.06.2024 12:13:17
7085-12,ESTILO,женские,пластик,ободковая,бабочка,черный,серо-коричневый градиент,"51,0","20,0",145,,,,Женский,08.08.1985,"Комсомольский,33 ОиМ",06.06.2024 13:12:29
7086-11,ESTILO,женские,пластик,ободковая,овальные,черный,серый градиент,"55,0","21,0",140,,,,Женский,30.07.1956,"40 лет Октября,15 ОиМ",04.10.2024 11:27:59
7086-11,ESTILO,женские,пластик,ободковая,овальные,черный,серый градиент,"55,0","21,0",140,,,,Женский,03.10.1986,"Комсомольский,33 ОиМ",05.03.2024 15:04:50
7086-11,ESTILO,женские,пластик,ободковая,овальные,черный,серый градиент,"55,0","21,0",140,,,,Женский,15.09.1991,"40 лет Октября,15 ОиМ",06.06.2024 17:51:52
7086-12,ESTILO,женские,пластик,ободковая,овальные,коричневый,коричневый градиент,"55,0","21,0",140,,,,Женский,15.03.1974,"Комсомольский,33 ОиМ",18.03.2024 11:40:50
7109/S-06JMT,DAVID BECKHAM,мужские,металл,безободковая,прямоугольные,золотой,серо-зеленый,"56,0","20,0",145,,,,Женский,15.08.1988,"Васенко,4 ОиМ",28.02.2024 12:02:23
7109/S-06JMT,DAVID BECKHAM,мужские,металл,безободковая,прямоугольные,золотой,серо-зеленый,"56,0","20,0",145,,,,Женский,15.10.1995,"Васенко,4 ОиМ",04.07.2024 17:06:47
7109/S-LOJ4S,DAVID BECKHAM,мужские,металл,безободковая,прямоугольные,золотой,фиолетовый,"56,0","20,0",145,,,,Женский,30.06.1955,"Васенко,4 ОиМ",15.03.2024 18:58:20
7130-11,VENTO,женские,пластик,ободковая,бабочка,черный,серый градиент,"58,0","17,0",145,,,,Женский,04.07.1986,"40 лет Октября,15 ОиМ",05.06.2023 12:21:15
7130-11,VENTO,женские,пластик,ободковая,бабочка,черный,серый градиент,"58,0","17,0",145,,,,Женский,08.07.2002,"Комсомольский,33 ОиМ",19.08.2023 14:45:22
7130-11,VENTO,женские,пластик,ободковая,бабочка,черный,серый градиент,"58,0","17,0",145,,,,Женский,14.03.2009,"40 лет Октября,15 ОиМ",03.01.2023 16:52:15
7144-03,VENTO,женские,металл и пластик,ободковая,круглые,,,"54,0","19,0",147,,,,Женский,18.02.1967,"40 лет Октября,15 ОиМ",05.04.2023 16:07:58
7150-03,VENTO,женские,металл,ободковая,бабочка,,,"55,0","18,0",140,,,,Женский,03.02.1977,"Комсомольский,33 ОиМ",01.06.2023 16:27:27
7150-03,VENTO,женские,металл,ободковая,бабочка,,,"55,0","18,0",140,,,,Женский,05.10.1988,"Комарова,110 ОиМ",01.04.2023 17:18:55
7156-01,VENTO,женские,металл и пластик,ободковая,бабочка,черный/золотой,серый градиент,"56,0","17,0",143,,,,Женский,01.03.1983,"Комарова,110 ОиМ",17.05.2023 18:51:27
7156-01,VENTO,женские,металл и пластик,ободковая,бабочка,черный/золотой,серый градиент,"56,0","17,0",143,,,,Женский,03.09.1988,"40 лет Октября,15 ОиМ",14.08.2023 10:32:00
7160-03,VENTO,женские,металл,ободковая,круглые,,,"56,0","19,0",140,,,,Женский,30.01.1973,"40 лет Октября,15 ОиМ",05.07.2023 15:07:52
7163-11,VENTO,женские,пластик,ободковая,бабочка,черный/золотой,серо-коричневый градиент,"55,0","21,0",140,,,,Женский,23.04.1975,"40 лет Октября,15 ОиМ",11.02.2023 13:59:59
7167-11,VENTO,женские,пластик,ободковая,прямоугольные,черный,серый градиент,"54,0","20,0",140,,,,Мужской,13.04.1969,"40 лет Октября,15 ОиМ",04.05.2023 10:13:13
7167-11,VENTO,женские,пластик,ободковая,прямоугольные,черный,серый градиент,"54,0","20,0",140,,,,Женский,08.06.1984,"40 лет Октября,15 ОиМ",02.08.2023 12:24:02
7167-11,VENTO,женские,пластик,ободковая,прямоугольные,черный,серый градиент,"54,0","20,0",140,,,,Женский,20.03.1985,"Комарова,110 ОиМ",08.05.2023 16:46:49
7167-14,VENTO,женские,пластик,ободковая,прямоугольные,черный/серый,серый градиент,"54,0","20,0",140,,,,Женский,29.11.1962,"40 лет Октября,15 ОиМ",03.11.2023 14:21:30
7167-14,VENTO,женские,пластик,ободковая,прямоугольные,черный/серый,серый градиент,"54,0","20,0",140,,,,Женский,10.02.1971,"Комсомольский,33 ОиМ",26.08.2023 10:01:49
7167-14,VENTO,женские,пластик,ободковая,прямоугольные,черный/серый,серый градиент,"54,0","20,0",140,,,,Женский,17.10.1977,"Комарова,110 ОиМ",06.05.2023 10:44:21
7167-14,VENTO,женские,пластик,ободковая,прямоугольные,черный/серый,серый градиент,"54,0","20,0",140,,,,Женский,13.04.2009,"40 лет Октября,15 ОиМ",06.08.2023 12:25:15
7168-12,VENTO,женские,пластик,ободковая,квадратные,зеленый,зеленый градиент,"63,0","15,0",147,,,,Мужской,06.06.1978,"40 лет Октября,15 ОиМ",24.04.2023 14:50:03
7168-14,VENTO,женские,пластик,ободковая,квадратные,черный,серый градиент,"63,0","15,0",147,,,,Женский,07.06.1975,"Комсомольский,33 ОиМ",26.07.2023 14:54:28
7168-15,VENTO,женские,пластик,ободковая,квадратные,серый,серый градиент,"63,0","15,0",147,,,,Мужской,08.05.1991,"40 лет Октября,15 ОиМ",01.05.2023 17:37:52
7168-15,VENTO,женские,пластик,ободковая,квадратные,серый,серый градиент,"63,0","15,0",147,,,,Женский,12.07.1974,"40 лет Октября,15 ОиМ",20.09.2023 9:47:44
7168-15,VENTO,женские,пластик,ободковая,квадратные,серый,серый градиент,"63,0","15,0",147,,,,Женский,08.05.2004,"Комарова,110 ОиМ",05.04.2023 14:35:38
7168-15,VENTO,женские,пластик,ободковая,квадратные,серый,серый градиент,"63,0","15,0",147,,,,Женский,07.08.2009,"Комсомольский,33 ОиМ",10.08.2024 12:48:42
7169-04,VENTO,женские,металл,ободковая,квадратные,темно-серый,серо-синий градиент,"60,0","16,0",141,,,,Женский,13.09.1959,"40 лет Октября,15 ОиМ",04.04.2023 15:00:20
7169-04,VENTO,женские,металл,ободковая,квадратные,темно-серый,серо-синий градиент,"60,0","16,0",141,,,,Женский,03.10.1970,"Комарова,110 ОиМ",25.04.2023 19:12:56
7169-04,VENTO,женские,металл,ободковая,квадратные,темно-серый,серо-синий градиент,"60,0","16,0",141,,,,Женский,13.07.1981,"Комарова,110 ОиМ",05.04.2023 14:43:23
7169-04,VENTO,женские,металл,ободковая,квадратные,темно-серый,серо-синий градиент,"60,0","16,0",141,,,,Женский,05.01.1984,"40 лет Октября,15 ОиМ",13.06.2023 13:27:03
7169-05,VENTO,женские,металл,ободковая,квадратные,темно-серый,серо-синий градиент,"60,0","16,0",141,,,,Женский,02.01.1948,"40 лет Октября,15 ОиМ",17.08.2023 16:06:29
7169-05,VENTO,женские,металл,ободковая,квадратные,темно-серый,серо-синий градиент,"60,0","16,0",141,,,,Женский,01.03.1974,"40 лет Октября,15 ОиМ",17.04.2023 14:55:19
7169-05,VENTO,женские,металл,ободковая,квадратные,темно-серый,серо-синий градиент,"60,0","16,0",141,,,,Женский,11.10.1979,"40 лет Октября,15 ОиМ",09.07.2023 18:07:12
7169-05,VENTO,женские,металл,ободковая,квадратные,темно-серый,серо-синий градиент,"60,0","16,0",141,,,,Женский,30.03.2006,"Комсомольский,33 ОиМ",11.04.2023 10:07:59
7171-02,VENTO,женские,металл,полуободковая,бабочка,серебристый,серый градиент,"62,0","15,0",148,,,,Мужской,03.03.1964,"40 лет Октября,15 ОиМ",03.05.2023 19:36:25
7171-02,VENTO,женские,металл,полуободковая,бабочка,серебристый,серый градиент,"62,0","15,0",148,,,,Мужской,14.03.1967,"Комсомольский,33 ОиМ",06.05.2023 14:17:00
7171-02,VENTO,женские,металл,полуободковая,бабочка,серебристый,серый градиент,"62,0","15,0",148,,,,Женский,01.03.1950,"40 лет Октября,15 ОиМ",26.07.2023 12:35:20
7171-02,VENTO,женские,металл,полуободковая,бабочка,серебристый,серый градиент,"62,0","15,0",148,,,,Женский,14.01.1978,"Комарова,110 ОиМ",17.05.2023 12:08:39
7171-04,VENTO,женские,металл,полуободковая,бабочка,бронзовый,желто-коричневый градиент,"62,0","15,0",148,,,,Женский,17.03.1963,"40 лет Октября,15 ОиМ",20.04.2023 16:38:01
7172-02,VENTO,женские,металл,ободковая,квадратные,,,"59,0","17,0",143,,,,Женский,24.01.1981,"Комсомольский,33 ОиМ",09.05.2023 14:16:54
7173-11,VENTO,женские,пластик,ободковая,необычные,черный,черный,"62,0","14,0",145,,,,Женский,03.12.1970,"40 лет Октября,15 ОиМ",13.04.2023 17:00:13
7173-11,VENTO,женские,пластик,ободковая,необычные,черный,черный,"62,0","14,0",145,,,,Женский,25.02.1974,"40 лет Октября,15 ОиМ",26.10.2023 9:05:40
7173-13,VENTO,женские,пластик,ободковая,необычные,темно-серый,серый градиент,"62,0","14,0",145,,,,Женский,25.04.1967,"Комсомольский,33 ОиМ",10.08.2023 14:38:35
7173-13,VENTO,женские,пластик,ободковая,необычные,темно-серый,серый градиент,"62,0","14,0",145,,,,Женский,17.09.1972,"40 лет Октября,15 ОиМ",14.04.2023 17:31:58
7173-13,VENTO,женские,пластик,ободковая,необычные,темно-серый,серый градиент,"62,0","14,0",145,,,,Женский,11.04.1975,"Комарова,110 ОиМ",30.03.2023 12:36:27
7173-13,VENTO,женские,пластик,ободковая,необычные,темно-серый,серый градиент,"62,0","14,0",145,,,,Женский,09.09.1977,"Комарова,110 ОиМ",26.05.2023 10:16:49
7173-13,VENTO,женские,пластик,ободковая,необычные,темно-серый,серый градиент,"62,0","14,0",145,,,,Женский,20.03.1984,"Комсомольский,33 ОиМ",08.05.2023 19:09:28
7189-11,VENTO,женские,пластик,ободковая,бабочка,,,"59,0","19,0",148,,,,Мужской,28.10.1945,"40 лет Октября,15 ОиМ",25.04.2023 15:23:55
7189-11,VENTO,женские,пластик,ободковая,бабочка,,,"59,0","19,0",148,,,,Мужской,17.06.1979,"40 лет Октября,15 ОиМ",19.03.2023 14:28:55
7190-02,VENTO,женские,металл,ободковая,необычные,,,"58,0","17,0",143,,,,Мужской,07.01.2008,"Комсомольский,33 ОиМ",24.03.2023 12:12:04
7190-02,VENTO,женские,металл,ободковая,необычные,,,"58,0","17,0",143,,,,Женский,11.03.1991,"40 лет Октября,15 ОиМ",17.03.2023 18:57:57
7190-03,VENTO,женские,металл,ободковая,необычные,,,"58,0","17,0",143,,,,Женский,12.07.1962,"40 лет Октября,15 ОиМ",18.02.2023 12:40:19
7190-03,VENTO,женские,металл,ободковая,необычные,,,"58,0","17,0",143,,,,Женский,28.05.1992,"Комсомольский,33 ОиМ",02.06.2023 9:36:00
7194-12,VENTO,женские,пластик,ободковая,прямоугольные,,,"51,0","21,0",145,,,,Женский,13.01.1991,"Комсомольский,33 ОиМ",22.03.2024 9:45:52
7194-12,VENTO,женские,пластик,ободковая,прямоугольные,,,"51,0","21,0",145,,,,Женский,07.06.2008,"40 лет Октября,15 ОиМ",29.03.2023 18:09:14
7194-13,VENTO,женские,пластик,ободковая,прямоугольные,,,"51,0","21,0",145,,,,Женский,28.09.1987,"40 лет Октября,15 ОиМ",26.03.2023 16:05:15
7194-13,VENTO,женские,пластик,ободковая,прямоугольные,,,"51,0","21,0",145,,,,Женский,01.07.1997,"Комсомольский,33 ОиМ",22.02.2023 19:43:32
7194-14,VENTO,женские,пластик,ободковая,прямоугольные,,,"51,0","21,0",145,,,,Женский,25.11.1981,"Комсомольский,33 ОиМ",07.06.2023 19:27:39
7196-11,VENTO,женские,пластик,ободковая,бабочка,,,"61,0","15,0",140,,,,Мужской,27.08.1971,"Комарова,110 ОиМ",20.05.2023 11:54:55
7196-11,VENTO,женские,пластик,ободковая,бабочка,,,"61,0","15,0",140,,,,Женский,04.05.1978,"40 лет Октября,15 ОиМ",11.03.2023 14:59:02
7196-11,VENTO,женские,пластик,ободковая,бабочка,,,"61,0","15,0",140,,,,Женский,01.08.1998,"Комсомольский,33 ОиМ",23.02.2023 16:09:53
7196-11,VENTO,женские,пластик,ободковая,бабочка,,,"61,0","15,0",140,,,,Женский,21.03.2003,"Комсомольский,33 ОиМ",22.03.2023 19:47:00
7198-02,VENTO,женские,металл,ободковая,бабочка,,,"57,0","16,0",144,,,,Женский,18.03.1966,"40 лет Октября,15 ОиМ",24.04.2023 20:08:36
7198-02,VENTO,женские,металл,ободковая,бабочка,,,"57,0","16,0",144,,,,Женский,11.04.1987,"40 лет Октября,15 ОиМ",10.06.2024 16:11:41
7199-02,VENTO,женские,металл,ободковая,бабочка,,,"59,0","18,0",143,,,,Мужской,07.08.1976,"Комсомольский,33 ОиМ",08.07.2023 11:08:08
7199-02,VENTO,женские,металл,ободковая,бабочка,,,"59,0","18,0",143,,,,Мужской,03.01.1991,"Комарова,110 ОиМ",22.03.2023 15:25:11
7199-02,VENTO,женские,металл,ободковая,бабочка,,,"59,0","18,0",143,,,,Женский,27.06.1988,"40 лет Октября,15 ОиМ",21.07.2023 11:59:28
7200-14,VENTO,женские,пластик,ободковая,бабочка,,,"57,0","17,0",140,,,,Мужской,20.05.1976,"40 лет Октября,15 ОиМ",09.04.2023 15:29:45
7200-14,VENTO,женские,пластик,ободковая,бабочка,,,"57,0","17,0",140,,,,Мужской,13.05.1988,"40 лет Октября,15 ОиМ",28.02.2023 16:35:46
7200-14,VENTO,женские,пластик,ободковая,бабочка,,,"57,0","17,0",140,,,,Женский,11.02.1968,"40 лет Октября,15 ОиМ",14.07.2023 17:53:09
7200-14,VENTO,женские,пластик,ободковая,бабочка,,,"57,0","17,0",140,,,,Женский,13.12.1983,"Комсомольский,33 ОиМ",08.07.2023 15:03:12
7201-11,VENTO,женские,пластик,ободковая,прямоугольные,,,"51,0","20,0",150,,,,Женский,12.02.1959,"40 лет Октября,15 ОиМ",12.10.2023 12:47:49
7201-11,VENTO,женские,пластик,ободковая,прямоугольные,,,"51,0","20,0",150,,,,Женский,29.04.1980,"Комсомольский,33 ОиМ",01.10.2023 19:04:14
7201-11,VENTO,женские,пластик,ободковая,прямоугольные,,,"51,0","20,0",150,,,,Женский,24.11.1988,"Комарова,110 ОиМ",23.09.2023 10:00:06
7201-13,VENTO,женские,пластик,ободковая,прямоугольные,,,"51,0","20,0",150,,,,Женский,04.09.1991,"40 лет Октября,15 ОиМ",02.05.2023 15:20:00
7201-13,VENTO,женские,пластик,ободковая,прямоугольные,,,"51,0","20,0",150,,,,Женский,21.01.1997,"40 лет Октября,15 ОиМ",24.06.2023 15:33:28
7201-14,VENTO,женские,пластик,ободковая,прямоугольные,,,"51,0","20,0",150,,,,,,"40 лет Октября,15 ОиМ",08.06.2023 17:25:22
7202-11,VENTO,женские,пластик,ободковая,прямоугольные,,,"55,0","18,0",135,,,,Женский,01.11.2012,"40 лет Октября,15 ОиМ",04.04.2023 18:43:50
7203-02,VENTO,женские,металл,ободковая,квадратные,,,"61,0","17,0",145,,,,Женский,14.01.1974,"40 лет Октября,15 ОиМ",14.02.2023 12:28:16
7203-02,VENTO,женские,металл,ободковая,квадратные,,,"61,0","17,0",145,,,,Женский,12.12.1978,"Комсомольский,33 ОиМ",25.03.2023 16:41:19
7207-11,VENTO,женские,пластик,ободковая,кошачий глаз,,,"61,0","14,0",142,,,,Мужской,22.12.1985,"Комсомольский,33 ОиМ",22.07.2023 13:20:55
7207-11,VENTO,женские,пластик,ободковая,кошачий глаз,,,"61,0","14,0",142,,,,Женский,26.09.1955,"40 лет Октября,15 ОиМ",14.12.2023 14:12:34
7207-11,VENTO,женские,пластик,ободковая,кошачий глаз,,,"61,0","14,0",142,,,,Женский,23.07.1960,"40 лет Октября,15 ОиМ",09.05.2023 17:13:58
7207-11,VENTO,женские,пластик,ободковая,кошачий глаз,,,"61,0","14,0",142,,,,Женский,30.05.1966,"40 лет Октября,15 ОиМ",24.03.2023 17:18:07
7207-11,VENTO,женские,пластик,ободковая,кошачий глаз,,,"61,0","14,0",142,,,,Женский,25.06.1972,"Комсомольский,33 ОиМ",24.03.2023 13:41:07
7207-11,VENTO,женские,пластик,ободковая,кошачий глаз,,,"61,0","14,0",142,,,,Женский,20.01.1977,"Комарова,110 ОиМ",09.04.2023 16:06:22
7209-01,VENTO,женские,металл,ободковая,бабочка,,,"61,0","16,0",142,,,,Мужской,30.03.1997,"40 лет Октября,15 ОиМ",07.05.2024 19:42:52
7209-01,VENTO,женские,металл,ободковая,бабочка,,,"61,0","16,0",142,,,,Женский,17.03.1963,"40 лет Октября,15 ОиМ",20.04.2023 16:38:01
7209-01,VENTO,женские,металл,ободковая,бабочка,,,"61,0","16,0",142,,,,Женский,20.04.1966,"Комарова,110 ОиМ",17.03.2023 18:50:44
7209-01,VENTO,женские,металл,ободковая,бабочка,,,"61,0","16,0",142,,,,Женский,28.08.1984,"Комсомольский,33 ОиМ",02.07.2023 10:36:05
7209-03,VENTO,женские,металл,ободковая,бабочка,,,"61,0","16,0",142,,,,Женский,24.07.1965,"40 лет Октября,15 ОиМ",12.03.2023 18:59:31
7209-03,VENTO,женские,металл,ободковая,бабочка,,,"61,0","16,0",142,,,,Женский,17.11.1971,"Комсомольский,33 ОиМ",13.07.2023 18:24:58
7209-04,VENTO,женские,металл,ободковая,бабочка,,,"61,0","16,0",142,,,,Женский,15.12.1986,"40 лет Октября,15 ОиМ",05.03.2023 15:58:08
7209-04,VENTO,женские,металл,ободковая,бабочка,,,"61,0","16,0",142,,,,Женский,15.03.2009,"Комсомольский,33 ОиМ",15.04.2023 18:17:48
7215-11,VENTO,женские,пластик,ободковая,бабочка,черный,серый градиент,"59,0","16,0",140,,,,Женский,,"Комарова,110 ОиМ",05.07.2024 17:25:52
7215-11,VENTO,женские,пластик,ободковая,бабочка,черный,серый градиент,"59,0","16,0",140,,,,Женский,01.04.1971,"40 лет Октября,15 ОиМ",11.03.2024 13:30:45
7215-11,VENTO,женские,пластик,ободковая,бабочка,черный,серый градиент,"59,0","16,0",140,,,,Женский,03.10.1976,"40 лет Октября,15 ОиМ",13.04.2024 14:45:50
7215-11,VENTO,женские,пластик,ободковая,бабочка,черный,серый градиент,"59,0","16,0",140,,,,Женский,02.01.1991,"Комсомольский,33 ОиМ",20.04.2024 18:05:34
7215-12,VENTO,женские,пластик,ободковая,бабочка,коричневый,коричневый градиент,"59,0","16,0",140,,,,Женский,22.12.1947,"Комсомольский,33 ОиМ",24.02.2024 12:32:58
7215-12,VENTO,женские,пластик,ободковая,бабочка,коричневый,коричневый градиент,"59,0","16,0",140,,,,Женский,26.11.1974,"40 лет Октября,15 ОиМ",16.03.2024 16:12:20
7218-02,VENTO,женские,металл,ободковая,овальные,серый/золотой,серый градиент,"57,0","17,0",140,,,,Женский,15.03.1977,"40 лет Октября,15 ОиМ",02.03.2024 11:46:10
7218-02,VENTO,женские,металл,ободковая,овальные,серый/золотой,серый градиент,"57,0","17,0",140,,,,Женский,08.08.1985,"Комсомольский,33 ОиМ",06.06.2024 13:12:29
7218-03,VENTO,женские,металл,ободковая,овальные,коричневый/золотой,коричнево-розовый градиент,"57,0","17,0",140,,,,Женский,07.01.1959,"40 лет Октября,15 ОиМ",20.02.2024 17:26:53
7218-03,VENTO,женские,металл,ободковая,овальные,коричневый/золотой,коричнево-розовый градиент,"57,0","17,0",140,,,,Женский,12.06.1978,"Комсомольский,33 ОиМ",09.07.2024 10:58:01
7218-04,VENTO,женские,металл,ободковая,овальные,серый,черный градиент,"57,0","17,0",140,,,,Мужской,26.02.1977,"Комсомольский,33 ОиМ",30.06.2024 16:20:29
7218-04,VENTO,женские,металл,ободковая,овальные,серый,черный градиент,"57,0","17,0",140,,,,Женский,06.03.1956,"40 лет Октября,15 ОиМ",15.02.2024 10:23:19
7218-04,VENTO,женские,металл,ободковая,овальные,серый,черный градиент,"57,0","17,0",140,,,,Женский,13.03.1978,"Комарова,110 ОиМ",19.03.2024 19:37:26
7219-01,VENTO,женские,металл,ободковая,бабочка,золотой,серо-коричневый градиент,"59,0","16,0",145,,,,Женский,06.01.1958,"40 лет Октября,15 ОиМ",18.04.2024 13:01:43
7219-01,VENTO,женские,металл,ободковая,бабочка,золотой,серо-коричневый градиент,"59,0","16,0",145,,,,Женский,01.02.1983,"Комсомольский,33 ОиМ",06.06.2024 16:26:05
7219-02,VENTO,женские,металл,ободковая,бабочка,темно-серый,серый градиент,"59,0","16,0",145,,,,Женский,22.01.1986,"40 лет Октября,15 ОиМ",17.02.2024 15:36:36
7219-02,VENTO,женские,металл,ободковая,бабочка,темно-серый,серый градиент,"59,0","16,0",145,,,,Женский,11.05.1986,"Комсомольский,33 ОиМ",10.03.2024 17:22:13
7219-03,VENTO,женские,металл,ободковая,бабочка,розовый,серо-розовый градиент,"59,0","16,0",145,,,,Женский,25.09.1980,"40 лет Октября,15 ОиМ",31.01.2024 12:48:26
7219-03,VENTO,женские,металл,ободковая,бабочка,розовый,серо-розовый градиент,"59,0","16,0",145,,,,Женский,12.06.1996,"Комсомольский,33 ОиМ",27.02.2024 11:41:04
7220-01,VENTO,женские,металл,ободковая,бабочка,золотой,серо-коричневый градиент,"57,0","16,0",137,,,,Мужской,25.02.1988,"40 лет Октября,15 ОиМ",07.05.2024 18:45:36
7220-01,VENTO,женские,металл,ободковая,бабочка,золотой,серо-коричневый градиент,"57,0","16,0",137,,,,Женский,08.09.1990,"40 лет Октября,15 ОиМ",02.08.2024 10:28:32
7220-01,VENTO,женские,металл,ободковая,бабочка,золотой,серо-коричневый градиент,"57,0","16,0",137,,,,Женский,16.01.1991,"Комсомольский,33 ОиМ",20.02.2024 17:36:00
7220-04,VENTO,женские,металл,ободковая,бабочка,черный,черный градиент,"57,0","16,0",137,,,,Женский,29.09.1969,"Комсомольский,33 ОиМ",21.03.2024 18:56:42
7220-04,VENTO,женские,металл,ободковая,бабочка,черный,черный градиент,"57,0","16,0",137,,,,Женский,02.10.1977,"40 лет Октября,15 ОиМ",30.03.2024 15:51:36
7221-02,VENTO,женские,металл и пластик,ободковая,квадратные,черный/золотой,серо-коричневый градиент,"60,0","15,0",145,,,,Мужской,09.12.1976,"Комсомольский,33 ОиМ",08.04.2024 16:09:16
7221-02,VENTO,женские,металл и пластик,ободковая,квадратные,черный/золотой,серо-коричневый градиент,"60,0","15,0",145,,,,Женский,02.07.1952,"Комарова,110 ОиМ",05.02.2024 11:44:12
7221-02,VENTO,женские,металл и пластик,ободковая,квадратные,черный/золотой,серо-коричневый градиент,"60,0","15,0",145,,,,Женский,26.04.1984,"40 лет Октября,15 ОиМ",23.04.2024 14:18:35
7221-03,VENTO,женские,металл и пластик,ободковая,квадратные,коричневый/серебристый,розово-коричневый градиент,"60,0","15,0",145,,,,Женский,26.03.1972,"Комсомольский,33 ОиМ",19.02.2024 14:35:43
7221-03,VENTO,женские,металл и пластик,ободковая,квадратные,коричневый/серебристый,розово-коричневый градиент,"60,0","15,0",145,,,,Женский,19.01.1987,"40 лет Октября,15 ОиМ",21.03.2024 11:28:05
7221-04,VENTO,женские,металл и пластик,ободковая,квадратные,коричневый/золотой,коричневый градиент,"60,0","15,0",145,,,,Женский,22.12.1947,"Комсомольский,33 ОиМ",24.02.2024 12:32:58
7221-04,VENTO,женские,металл и пластик,ободковая,квадратные,коричневый/золотой,коричневый градиент,"60,0","15,0",145,,,,Женский,01.09.1974,"40 лет Октября,15 ОиМ",19.02.2024 12:00:52
7221-04,VENTO,женские,металл и пластик,ободковая,квадратные,коричневый/золотой,коричневый градиент,"60,0","15,0",145,,,,Женский,07.03.1990,"Комарова,110 ОиМ",18.03.2024 15:13:43
7222-01,VENTO,женские,металл,ободковая,квадратные,золотой,серо-коричневый градиент,"59,0","16,0",145,,,,Женский,20.03.1973,"Комарова,110 ОиМ",01.06.2024 11:43:06
7222-01,VENTO,женские,металл,ободковая,квадратные,золотой,серо-коричневый градиент,"59,0","16,0",145,,,,Женский,12.09.1975,"40 лет Октября,15 ОиМ",21.02.2024 11:41:53
7222-01,VENTO,женские,металл,ободковая,квадратные,золотой,серо-коричневый градиент,"59,0","16,0",145,,,,Женский,21.03.1995,"Комсомольский,33 ОиМ",13.04.2024 14:31:50
7222-03,VENTO,женские,металл,ободковая,квадратные,серый,серо-розовый градиент,"59,0","16,0",145,,,,Мужской,31.08.1975,"40 лет Октября,15 ОиМ",02.03.2024 14:10:16
7222-03,VENTO,женские,металл,ободковая,квадратные,серый,серо-розовый градиент,"59,0","16,0",145,,,,Женский,19.06.1959,"Комсомольский,33 ОиМ",28.04.2024 15:29:33
7222-04,VENTO,женские,металл,ободковая,квадратные,черный,серый градиент,"59,0","16,0",145,,,,Женский,28.05.1964,"Комарова,110 ОиМ",07.03.2024 18:07:51
7222-04,VENTO,женские,металл,ободковая,квадратные,черный,серый градиент,"59,0","16,0",145,,,,Женский,06.03.1972,"40 лет Октября,15 ОиМ",21.03.2024 12:04:15
7223-01,VENTO,женские,металл,ободковая,кошачий глаз,серебристый,серый градиент,"63,0","16,0",142,,,,Мужской,25.10.1980,"40 лет Октября,15 ОиМ",08.03.2024 18:22:34
7223-01,VENTO,женские,металл,ободковая,кошачий глаз,серебристый,серый градиент,"63,0","16,0",142,,,,Женский,10.09.1976,"Комсомольский,33 ОиМ",22.03.2024 14:14:26
7223-03,VENTO,женские,металл,ободковая,кошачий глаз,золотой,коричнево-розовый градиент,"63,0","16,0",142,,,,Женский,12.05.1956,"Комсомольский,33 ОиМ",14.02.2024 15:43:09
7223-03,VENTO,женские,металл,ободковая,кошачий глаз,золотой,коричнево-розовый градиент,"63,0","16,0",142,,,,Женский,10.07.2001,"40 лет Октября,15 ОиМ",24.03.2024 14:43:12
7223-03,VENTO,женские,металл,ободковая,кошачий глаз,золотой,коричнево-розовый градиент,"63,0","16,0",142,,,,Женский,07.08.2009,"Комсомольский,33 ОиМ",22.03.2024 13:15:58
7224-01,VENTO,женские,металл,ободковая,квадратные,черный,серый градиент,"59,0","16,0",143,,,,Женский,27.10.1966,"40 лет Октября,15 ОиМ",10.02.2024 11:26:39
7224-01,VENTO,женские,металл,ободковая,квадратные,черный,серый градиент,"59,0","16,0",143,,,,Женский,20.03.1991,"Комсомольский,33 ОиМ",21.03.2024 18:23:09
7224-02,VENTO,женские,металл,ободковая,квадратные,золотой,серо-коричневый градиент,"59,0","16,0",143,,,,Женский,13.02.1955,"Комсомольский,33 ОиМ",04.04.2024 13:26:19
7224-02,VENTO,женские,металл,ободковая,квадратные,золотой,серо-коричневый градиент,"59,0","16,0",143,,,,Женский,30.10.1963,"40 лет Октября,15 ОиМ",09.04.2024 13:36:19
7224-02,VENTO,женские,металл,ободковая,квадратные,золотой,серо-коричневый градиент,"59,0","16,0",143,,,,Женский,06.05.1983,"Комарова,110 ОиМ",22.05.2024 17:57:47
7224-03,VENTO,женские,металл,ободковая,квадратные,розовый,розово-коричневый градиент,"59,0","16,0",143,,,,Женский,05.12.1971,"40 лет Октября,15 ОиМ",23.03.2024 10:48:28
7224-03,VENTO,женские,металл,ободковая,квадратные,розовый,розово-коричневый градиент,"59,0","16,0",143,,,,Женский,02.08.1976,"Комсомольский,33 ОиМ",03.03.2024 16:52:14
7224-03,VENTO,женские,металл,ободковая,квадратные,розовый,розово-коричневый градиент,"59,0","16,0",143,,,,Женский,17.01.1990,"Комсомольский,33 ОиМ",11.04.2024 12:06:31
7225-11,VENTO,женские,пластик,ободковая,бабочка,черный,серый градиент,"54,0","18,0",143,,,,Женский,10.06.1971,"Комарова,110 ОиМ",16.05.2024 14:23:00
7225-11,VENTO,женские,пластик,ободковая,бабочка,черный,серый градиент,"54,0","18,0",143,,,,Женский,19.10.1982,"40 лет Октября,15 ОиМ",26.04.2024 14:44:20
7225-11,VENTO,женские,пластик,ободковая,бабочка,черный,серый градиент,"54,0","18,0",143,,,,Женский,16.04.1997,"Комсомольский,33 ОиМ",02.08.2024 11:16:35
7225-13,VENTO,женские,пластик,ободковая,бабочка,коричневый,коричневый градиент,"54,0","18,0",143,,,,Женский,05.01.1947,"40 лет Октября,15 ОиМ",18.04.2024 15:17:13
7225-13,VENTO,женские,пластик,ободковая,бабочка,коричневый,коричневый градиент,"54,0","18,0",143,,,,Женский,25.05.1989,"Комсомольский,33 ОиМ",30.03.2024 13:20:18
7226-11,VENTO,женские,пластик,ободковая,кошачий глаз,черный,черный градиент,"51,0","21,0",145,,,,Женский,30.10.1937,"Комсомольский,33 ОиМ",16.07.2024 15:32:22
7226-11,VENTO,женские,пластик,ободковая,кошачий глаз,черный,черный градиент,"51,0","21,0",145,,,,Женский,30.06.1952,"40 лет Октября,15 ОиМ",17.03.2024 13:58:02
7226-11,VENTO,женские,пластик,ободковая,кошачий глаз,черный,черный градиент,"51,0","21,0",145,,,,Женский,25.03.1958,"Комарова,110 ОиМ",26.03.2024 13:43:43
7226-12,VENTO,женские,пластик,ободковая,кошачий глаз,бордовый,коричневый градиент,"51,0","21,0",145,,,,Женский,06.01.1948,"40 лет Октября,15 ОиМ",26.02.2024 10:08:21
7226-12,VENTO,женские,пластик,ободковая,кошачий глаз,бордовый,коричневый градиент,"51,0","21,0",145,,,,Женский,09.02.1974,"Комсомольский,33 ОиМ",15.03.2024 10:21:22
7226-13,VENTO,женские,пластик,ободковая,кошачий глаз,бежевый,серо-розовый градиент,"51,0","21,0",145,,,,Женский,30.12.1991,"40 лет Октября,15 ОиМ",24.02.2024 14:26:16
7226-13,VENTO,женские,пластик,ободковая,кошачий глаз,бежевый,серо-розовый градиент,"51,0","21,0",145,,,,Женский,03.03.1998,"Комсомольский,33 ОиМ",20.06.2024 10:58:04
7226-14,VENTO,женские,пластик,ободковая,кошачий глаз,коричневый,серо-коричневый градиент,"51,0","21,0",145,,,,Женский,13.12.1961,"Комсомольский,33 ОиМ",07.02.2024 11:36:35
7226-14,VENTO,женские,пластик,ободковая,кошачий глаз,коричневый,серо-коричневый градиент,"51,0","21,0",145,,,,Женский,22.05.1995,"40 лет Октября,15 ОиМ",22.03.2024 16:25:01
7227-14,VENTO,женские,пластик,ободковая,бабочка,коричневый,серо-коричневый градиент,"57,0","16,0",145,,,,Женский,01.01.1958,"Комсомольский,33 ОиМ",10.03.2024 12:18:58
7227-14,VENTO,женские,пластик,ободковая,бабочка,коричневый,серо-коричневый градиент,"57,0","16,0",145,,,,Женский,31.05.1980,"40 лет Октября,15 ОиМ",22.02.2024 14:59:18
7228-11,VENTO,женские,пластик,ободковая,бабочка,черный,серый градиент,"64,0","12,0",140,,,,Мужской,13.05.2010,"Комсомольский,33 ОиМ",07.04.2024 16:43:01
7228-11,VENTO,женские,пластик,ободковая,бабочка,черный,серый градиент,"64,0","12,0",140,,,,Женский,21.04.1962,"40 лет Октября,15 ОиМ",06.06.2024 9:58:05
7228-11,VENTO,женские,пластик,ободковая,бабочка,черный,серый градиент,"64,0","12,0",140,,,,Женский,04.04.1966,"Комарова,110 ОиМ",09.07.2024 18:39:46
7228-11,VENTO,женские,пластик,ободковая,бабочка,черный,серый градиент,"64,0","12,0",140,,,,Женский,04.04.1966,"Комарова,110 ОиМ",08.08.2024 17:16:49
7228-12,VENTO,женские,пластик,ободковая,бабочка,коричневый,коричневый градиент,"64,0","12,0",140,,,,Женский,21.03.1951,"Комсомольский,33 ОиМ",02.02.2024 12:18:08
7228-12,VENTO,женские,пластик,ободковая,бабочка,коричневый,коричневый градиент,"64,0","12,0",140,,,,Женский,09.10.1965,"Комсомольский,33 ОиМ",02.03.2024 18:28:38
7228-12,VENTO,женские,пластик,ободковая,бабочка,коричневый,коричневый градиент,"64,0","12,0",140,,,,Женский,05.02.1971,"Комарова,110 ОиМ",19.04.2024 12:21:12
7228-12,VENTO,женские,пластик,ободковая,бабочка,коричневый,коричневый градиент,"64,0","12,0",140,,,,Женский,28.07.2009,"40 лет Октября,15 ОиМ",29.02.2024 18:30:04
7228-13,VENTO,женские,пластик,ободковая,бабочка,бежевый,розово-коричневый градиент,"64,0","12,0",140,,,,Женский,20.08.1974,"40 лет Октября,15 ОиМ",19.04.2024 15:39:23
7228-14,VENTO,женские,пластик,ободковая,бабочка,серый,серо-коричневый градиент,"64,0","12,0",140,,,,Женский,04.04.1948,"40 лет Октября,15 ОиМ",21.05.2024 10:59:13
7228-14,VENTO,женские,пластик,ободковая,бабочка,серый,серо-коричневый градиент,"64,0","12,0",140,,,,Женский,12.05.1960,"Комсомольский,33 ОиМ",25.03.2024 11:22:35
7229-11,VENTO,женские,пластик,ободковая,прямоугольные,черный,серый градиент,"55,0","20,0",145,,,,Женский,15.04.1974,"40 лет Октября,15 ОиМ",25.02.2024 11:38:57
7229-11,VENTO,женские,пластик,ободковая,прямоугольные,черный,серый градиент,"55,0","20,0",145,,,,Женский,30.08.1975,"Комсомольский,33 ОиМ",04.06.2024 10:39:18
7229-12,VENTO,женские,пластик,ободковая,прямоугольные,коричневый,коричневый градиент,"55,0","20,0",145,,,,Мужской,17.05.2005,"40 лет Октября,15 ОиМ",20.02.2024 16:14:11
7229-12,VENTO,женские,пластик,ободковая,прямоугольные,коричневый,коричневый градиент,"55,0","20,0",145,,,,Женский,02.08.1976,"Комсомольский,33 ОиМ",03.03.2024 16:52:14
7229-12,VENTO,женские,пластик,ободковая,прямоугольные,коричневый,коричневый градиент,"55,0","20,0",145,,,,Женский,19.12.1983,"Комсомольский,33 ОиМ",29.04.2024 19:10:06
7229-14,VENTO,женские,пластик,ободковая,прямоугольные,коричневый,серо-коричневый градиент,"55,0","20,0",145,,,,Женский,16.09.1954,"40 лет Октября,15 ОиМ",05.03.2024 11:20:16
7229-14,VENTO,женские,пластик,ободковая,прямоугольные,коричневый,серо-коричневый градиент,"55,0","20,0",145,,,,Женский,03.10.1958,"40 лет Октября,15 ОиМ",22.02.2024 9:19:51
723/S-807IR,MARC JACOBS,женские,пластик,ободковая,бабочка,черный,серый,"53,0","21,0",135,,,,Женский,07.01.1979,"Васенко,4 ОиМ",09.04.2024 13:45:06
7230-11,VENTO,женские,пластик,ободковая,кошачий глаз,серый,серый градиент,"54,0","20,0",145,,,,Женский,30.12.1953,"Комсомольский,33 ОиМ",23.04.2024 11:10:13
7230-11,VENTO,женские,пластик,ободковая,кошачий глаз,серый,серый градиент,"54,0","20,0",145,,,,Женский,04.02.1957,"Комарова,110 ОиМ",14.04.2024 18:58:02
7230-11,VENTO,женские,пластик,ободковая,кошачий глаз,серый,серый градиент,"54,0","20,0",145,,,,Женский,10.01.1961,"40 лет Октября,15 ОиМ",05.04.2024 16:16:03
7230-14,VENTO,женские,пластик,ободковая,кошачий глаз,коричневый,коричневый градиент,"54,0","20,0",145,,,,Женский,08.08.1961,"40 лет Октября,15 ОиМ",04.03.2024 16:06:12
7230-14,VENTO,женские,пластик,ободковая,кошачий глаз,коричневый,коричневый градиент,"54,0","20,0",145,,,,Женский,02.06.1963,"Комсомольский,33 ОиМ",28.03.2024 18:10:19
7230-14,VENTO,женские,пластик,ободковая,кошачий глаз,коричневый,коричневый градиент,"54,0","20,0",145,,,,Женский,10.10.1980,"Комсомольский,33 ОиМ",09.02.2024 16:20:11
737/S-RHLJO,MARC JACOBS,женские,металл,безободковая,маска,серый,серо-золотой зеркальный,"99,0","1,0",130,,,,Мужской,18.01.1970,"Васенко,4 ОиМ",05.04.2024 17:02:21
739/S-80SHA,MARC JACOBS,женские,пластик,ободковая,квадратные,черный,желто-коричневый градиент,"54,0","19,0",145,,,,Женский,17.03.1979,"Васенко,4 ОиМ",28.05.2024 19:07:30
7697-74T,GUESS,женские,металл,ободковая,круглые,,,"60,0","20,0",140,,,,Женский,27.11.1982,"Комсомольский,33 ОиМ",01.02.2023 11:21:17
7785-32W,GUESS,женские,металл,ободковая,бабочка,,,"63,0","17,0",140,,,,Мужской,08.05.1985,"40 лет Октября,15 ОиМ",11.02.2023 15:22:50
781 -09AJ,BLUMARINE,женские,пластик,ободковая,квадратные,гавана,коричневый градиент,"55,0","19,0",120,,,,Женский,06.09.1979,"Васенко,4 ОиМ",19.01.2024 11:31:26
795 -0700,BLUMARINE,женские,пластик,ободковая,бабочка,черный,серый градиент,"51,0","21,0",140,,,,Женский,09.07.1975,"Васенко,4 ОиМ",21.04.2023 15:12:26
799 -06TZ,BLUMARINE,женские,металл,безободковая,маска,зеленый,зеленый,"99,0","1,0",135,,,,Женский,05.03.1984,"Васенко,4 ОиМ",27.08.2023 16:52:15
799 -06TZ,BLUMARINE,женские,металл,безободковая,маска,зеленый,зеленый,"99,0","1,0",135,,,,Женский,28.05.1999,"Васенко,4 ОиМ",07.05.2023 16:38:48
799 -09HP,BLUMARINE,женские,металл,безободковая,маска,серый,серый градиент,"99,0","1,0",135,,,,Женский,05.03.1961,"Васенко,4 ОиМ",12.04.2023 14:54:53
799 -09HP,BLUMARINE,женские,металл,безободковая,маска,серый,серый градиент,"99,0","1,0",135,,,,Женский,17.09.1978,"Васенко,4 ОиМ",26.03.2023 14:19:47
799 -09HP,BLUMARINE,женские,металл,безободковая,маска,серый,серый градиент,"99,0","1,0",135,,,,Женский,01.08.1986,"Васенко,4 ОиМ",03.09.2023 18:24:02
800 -0700,BLUMARINE,женские,пластик,ободковая,бабочка,черный,серо-черный градиент,"56,0","17,0",135,,,,Женский,10.12.1974,"Васенко,4 ОиМ",19.01.2023 15:27:06
80001-02,CERRUTI,мужские,металл,ободковая,квадратные,серебристый,зеленый,"60,0","17,0",145,,,,Мужской,06.10.1943,"Васенко,4 ОиМ",12.12.2024 15:49:08
80003-01,CERRUTI,мужские,пластик,ободковая,квадратные,черный/золотой,серый,"55,0","21,0",145,,,,Мужской,03.08.1972,"Васенко,4 ОиМ",10.04.2024 16:58:48
80004-01,CERRUTI,мужские,пластик,ободковая,квадратные,черный,черный зеркальный,"55,0","19,0",140,,,,Мужской,17.04.1992,"Васенко,4 ОиМ",29.05.2024 14:13:21
80004-04,CERRUTI,мужские,пластик,ободковая,квадратные,черный,серый,"55,0","19,0",140,,,,Женский,27.11.1983,"40 лет Октября,15 ОиМ",11.05.2024 12:58:21
80004-04,CERRUTI,мужские,пластик,ободковая,квадратные,черный,серый,"55,0","19,0",140,,,,Женский,27.11.1983,"40 лет Октября,15 ОиМ",11.05.2024 19:18:14
80005-03,CERRUTI,мужские,металл,безободковая,квадратные,серебристый,коричневый,"59,0","19,0",140,,,,Женский,15.06.1976,"Васенко,4 ОиМ",30.09.2024 17:31:05
80005-04,CERRUTI,мужские,металл,безободковая,квадратные,черный/серебристый,серый зеркальный,"59,0","19,0",140,,,,Женский,12.06.1962,"Васенко,4 ОиМ",04.07.2024 12:16:52
80010-01,CERRUTI,мужские,пластик,ободковая,квадратные,черный,серый,"54,0","18,0",145,,,,Мужской,27.04.1960,"40 лет Октября,15 ОиМ",04.04.2024 16:24:58
80010-01,CERRUTI,мужские,пластик,ободковая,квадратные,черный,серый,"54,0","18,0",145,,,,Женский,03.03.1980,"Васенко,4 ОиМ",30.09.2024 16:34:51
80011-01,CERRUTI,мужские,пластик,ободковая,вайфайеры,черный,зеленый,"53,0","18,0",145,,,,Мужской,16.09.2000,"Васенко,4 ОиМ",07.10.2024 9:25:42
80013-01,CERRUTI,мужские,металл и пластик,ободковая,вайфайеры,черный/серебристый,серый,"55,0","20,0",145,,,,Мужской,01.08.1982,"Васенко,4 ОиМ",01.06.2024 14:38:28
80015-01,CERRUTI,мужские,пластик,ободковая,вайфайеры,черный,серый градиент,"55,0","18,0",145,,,,Мужской,29.05.1973,"40 лет Октября,15 ОиМ",04.07.2024 14:05:50
80018-01,CERRUTI,мужские,металл,безободковая,прямоугольные,серебристый,серый градиент,"56,0","21,0",145,,,,Мужской,23.01.1984,"Васенко,4 ОиМ",04.06.2024 14:52:33
80018-04,CERRUTI,мужские,металл,безободковая,прямоугольные,золотой,серый,"56,0","21,0",145,,,,Женский,21.03.2001,"Васенко,4 ОиМ",08.04.2024 16:57:00
80020-03,CERRUTI,универсальные,металл,безободковая,овальные,золотой,коричневый,"55,0","20,0",145,,,,Мужской,,"Васенко,4 ОиМ",23.06.2024 12:30:08
80020-04,CERRUTI,универсальные,металл,безободковая,овальные,серый,синий,"55,0","20,0",145,,,,Женский,13.02.1960,"40 лет Октября,15 ОиМ",18.07.2024 19:46:55
80025-04,CERRUTI,мужские,металл,ободковая,капли,черный,серый градиент,"59,0","17,0",145,,,,Мужской,05.11.1992,"Васенко,4 ОиМ",12.06.2024 13:40:36
8004-01,VENTO,универсальные,металл,ободковая,панто,,,"52,0","22,0",143,,,,Женский,21.09.1978,"40 лет Октября,15 ОиМ",25.04.2023 13:26:26
8004-01,VENTO,универсальные,металл,ободковая,панто,,,"52,0","22,0",143,,,,Женский,21.07.2002,"Комсомольский,33 ОиМ",07.04.2023 11:35:00
8005-01,VENTO,женские,металл,ободковая,панто,,,"52,0","20,0",143,,,,Женский,20.07.1975,"Комсомольский,33 ОиМ",05.04.2023 14:39:37
8005-01,VENTO,женские,металл,ободковая,панто,,,"52,0","20,0",143,,,,Женский,28.03.1991,"40 лет Октября,15 ОиМ",09.06.2023 18:01:24
8005-03,VENTO,универсальные,металл,ободковая,панто,серый,фиолетово-серый градиент,"52,0","20,0",143,,,,Женский,22.04.1949,"Комсомольский,33 ОиМ",25.02.2024 11:57:45
8005-03,VENTO,универсальные,металл,ободковая,панто,серый,фиолетово-серый градиент,"52,0","20,0",143,,,,Женский,01.05.1968,"Комарова,110 ОиМ",19.04.2024 11:54:13
8005-03,VENTO,универсальные,металл,ободковая,панто,серый,фиолетово-серый градиент,"52,0","20,0",143,,,,Женский,26.04.1983,"40 лет Октября,15 ОиМ",15.04.2024 11:38:01
8006-02,VENTO,универсальные,металл,ободковая,гексагон,,,"48,0","21,0",140,,,,Мужской,09.02.2011,"40 лет Октября,15 ОиМ",10.01.2023 16:11:03
8007-03,VENTO,универсальные,металл,ободковая,панто,серый,фиолетово-серый градиент,"53,0","22,0",143,,,,Мужской,22.09.1971,"40 лет Октября,15 ОиМ",22.04.2024 12:52:26
8007-03,VENTO,универсальные,металл,ободковая,панто,серый,фиолетово-серый градиент,"53,0","22,0",143,,,,Мужской,21.07.1982,"Комсомольский,33 ОиМ",29.05.2023 17:45:35
8008-01,NICE,женские,металл,ободковая,необычные,золотой,коричневый градиент,"53,0","18,0",140,,,,Женский,24.09.1944,"40 лет Октября,15 ОиМ",31.05.2023 10:56:45
8008-01,NICE,женские,металл,ободковая,необычные,золотой,коричневый градиент,"53,0","18,0",140,,,,Женский,05.03.1965,"Комарова,110 ОиМ",30.04.2023 13:35:50
8008-01,NICE,женские,металл,ободковая,необычные,золотой,коричневый градиент,"53,0","18,0",140,,,,Женский,05.03.1965,"Комарова,110 ОиМ",02.05.2023 17:50:59
8008-01,NICE,женские,металл,ободковая,необычные,золотой,коричневый градиент,"53,0","18,0",140,,,,Женский,03.04.1975,"Комсомольский,33 ОиМ",18.04.2023 16:25:28
8008-02,FLAMINGO,мужские,пластик,ободковая,спортивные,черный,серый,"59,0","20,0",140,,,,Женский,02.03.1960,"Комсомольский,33 ОиМ",08.09.2024 14:54:31
8008-02,FLAMINGO,мужские,пластик,ободковая,спортивные,черный,серый,"59,0","20,0",140,,,,Женский,03.09.1988,"40 лет Октября,15 ОиМ",14.08.2023 10:32:00
8008-02,NICE,женские,металл,ободковая,необычные,серый,серо-зеленый градиент,"53,0","18,0",140,,,,Женский,02.03.1972,"Комсомольский,33 ОиМ",28.06.2023 19:37:07
8008-02,NICE,женские,металл,ободковая,необычные,серый,серо-зеленый градиент,"53,0","18,0",140,,,,Женский,13.10.1978,"40 лет Октября,15 ОиМ",29.06.2023 12:06:49
8008-02,NICE,женские,металл,ободковая,необычные,серый,серо-зеленый градиент,"53,0","18,0",140,,,,Женский,18.05.1982,"Комарова,110 ОиМ",18.05.2023 16:22:28
8008-02,NICE,женские,металл,ободковая,необычные,серый,серо-зеленый градиент,"53,0","18,0",140,,,,Женский,24.02.1987,"40 лет Октября,15 ОиМ",13.07.2023 18:38:38
8011-02,NICE,универсальные,металл,ободковая,гексагон,золотой,коричневый,"51,0","18,0",145,,,,Женский,23.08.1989,"Комсомольский,33 ОиМ",06.05.2023 17:55:42
8011-11,VENTO,универсальные,пластик,ободковая,маска,черный,серый градиент,"137,0",,140,,,,Мужской,23.08.1972,"40 лет Октября,15 ОиМ",22.02.2024 14:46:54
8011-11,VENTO,универсальные,пластик,ободковая,маска,черный,серый градиент,"137,0",,140,,,,Женский,15.12.1972,"Комсомольский,33 ОиМ",10.03.2024 13:56:13
8011-11,VENTO,универсальные,пластик,ободковая,маска,черный,серый градиент,"137,0",,140,,,,Женский,11.05.1981,"40 лет Октября,15 ОиМ",08.05.2023 17:04:25
8011-11,VENTO,универсальные,пластик,ободковая,маска,черный,серый градиент,"137,0",,140,,,,Женский,17.01.1990,"Комсомольский,33 ОиМ",08.03.2023 12:26:40
8011-12,VENTO,универсальные,пластик,ободковая,маска,черный,серый,"137,0",,140,,,,Мужской,15.04.1973,"Комсомольский,33 ОиМ",19.02.2023 11:08:39
8011-12,VENTO,универсальные,пластик,ободковая,маска,черный,серый,"137,0",,140,,,,Женский,15.03.1984,"40 лет Октября,15 ОиМ",03.02.2024 16:58:42
8013-01,VENTO,универсальные,металл,ободковая,панто,серый,серый,"54,0","18,0",145,,,,Женский,23.09.2000,"Комсомольский,33 ОиМ",31.05.2024 17:51:56
8013-02,VENTO,универсальные,металл,ободковая,панто,черный,серый,"54,0","18,0",145,,,,Мужской,24.02.1974,"40 лет Октября,15 ОиМ",06.03.2024 12:37:11
8013-03,VENTO,универсальные,металл,ободковая,панто,синий,серый,"54,0","18,0",145,,,,Мужской,17.05.1977,"40 лет Октября,15 ОиМ",02.04.2024 19:32:26
8014-01,ESTILO,универсальные,металл,ободковая,овальные,золотой,желто-коричневый,"51,0","21,0",145,,,,,,"Васенко,4 ОиМ",21.06.2024 17:52:18
8014-01,ESTILO,универсальные,металл,ободковая,овальные,золотой,желто-коричневый,"51,0","21,0",145,,,,Мужской,17.10.1988,"40 лет Октября,15 ОиМ",04.06.2023 17:11:30
8014-01,ESTILO,универсальные,металл,ободковая,овальные,золотой,желто-коричневый,"51,0","21,0",145,,,,Женский,31.08.1962,"Комсомольский,33 ОиМ",18.07.2023 15:39:07
8014-01,ESTILO,универсальные,металл,ободковая,овальные,золотой,желто-коричневый,"51,0","21,0",145,,,,Женский,10.07.1969,"Комарова,110 ОиМ",30.03.2023 15:33:47
8014-02,ESTILO,универсальные,металл,ободковая,овальные,серый,серый зеркальный,"51,0","21,0",145,,,,Мужской,28.04.1997,"Комарова,110 ОиМ",03.06.2023 12:31:31
8014-02,ESTILO,универсальные,металл,ободковая,овальные,серый,серый зеркальный,"51,0","21,0",145,,,,Женский,16.08.1967,"40 лет Октября,15 ОиМ",28.04.2023 16:27:25
8014-02,ESTILO,универсальные,металл,ободковая,овальные,серый,серый зеркальный,"51,0","21,0",145,,,,Женский,22.02.1992,"Комсомольский,33 ОиМ",02.07.2023 19:03:33
8014-02,ESTILO,универсальные,металл,ободковая,овальные,серый,серый зеркальный,"51,0","21,0",145,,,,Женский,07.08.1997,"Комсомольский,33 ОиМ",30.04.2023 10:53:33
8014-03,ESTILO,универсальные,металл,ободковая,овальные,серебристый,серо-синий,"51,0","21,0",145,,,,Женский,27.07.1967,"40 лет Октября,15 ОиМ",15.03.2023 11:40:17
8014-11,VENTO,универсальные,пластик,ободковая,круглые,черный,серый,"51,0","22,0",143,,,,Женский,23.09.1973,"40 лет Октября,15 ОиМ",15.02.2024 15:02:58
8014-11,VENTO,универсальные,пластик,ободковая,круглые,черный,серый,"51,0","22,0",143,,,,Женский,31.01.1979,"Комсомольский,33 ОиМ",20.04.2024 11:54:37
8014/S-MBTAI,POLAROID,детские универсальные,пластик,ободковая,панто,,,"46,0","18,0",127,,,,Женский,19.04.1983,"Васенко,4 ОиМ",31.03.2023 18:03:39
8016-02,ESTILO,универсальные,металл,ободковая,панто,темно-серый,серо-голубой градиент,"53,0","19,0",143,,,,Мужской,13.03.1974,"40 лет Октября,15 ОиМ",22.05.2024 12:04:49
8016-02,ESTILO,универсальные,металл,ободковая,панто,темно-серый,серо-голубой градиент,"53,0","19,0",143,,,,Женский,22.01.1986,"40 лет Октября,15 ОиМ",01.05.2023 14:05:37
8016-03,ESTILO,универсальные,металл,ободковая,панто,черный,серо-зеленый,"53,0","19,0",143,,,,Мужской,26.06.1991,"Комарова,110 ОиМ",13.04.2024 16:40:29
8016-03,ESTILO,универсальные,металл,ободковая,панто,черный,серо-зеленый,"53,0","19,0",143,,,,Женский,22.03.1984,"40 лет Октября,15 ОиМ",13.04.2023 13:11:46
8019 /S-ZDI JY,POLAROID,детские универсальные,пластик,ободковая,панто,,,"45,0","19,0",125,,,,Женский,06.05.1981,"40 лет Октября,15 ОиМ",30.04.2023 11:57:21
8019-03,ESTILO,универсальные,металл,ободковая,панто,,,"49,0","20,0",140,,,,Мужской,08.04.1991,"Комсомольский,33 ОиМ",02.06.2023 18:52:36
8019-03,ESTILO,универсальные,металл,ободковая,панто,,,"49,0","20,0",140,,,,Женский,09.11.1978,"Комсомольский,33 ОиМ",04.03.2023 19:09:19
8019-03,ESTILO,универсальные,металл,ободковая,панто,,,"49,0","20,0",140,,,,Женский,06.04.1995,"40 лет Октября,15 ОиМ",11.04.2023 16:22:51
8020/S/SM-C9AOZ,POLAROID,детские для девочек,пластик,ободковая,овальные,,,"43,0","16,0",120,,,,Мужской,11.06.1998,"40 лет Октября,15 ОиМ",02.05.2023 19:45:35
8021-02,ESTILO,универсальные,металл,ободковая,капли,,,"58,0","13,0",142,,,,Мужской,03.02.1975,"40 лет Октября,15 ОиМ",15.07.2024 13:55:35
8021-03,ESTILO,универсальные,металл,ободковая,капли,,,"58,0","13,0",142,,,,Женский,20.09.1974,"Комсомольский,33 ОиМ",24.03.2023 18:22:20
8034/S-C9AM9,POLAROID,подростковые для девочек,металл,ободковая,капли,,,"55,0","9,0",130,,,,Мужской,18.11.1984,"40 лет Октября,15 ОиМ",01.06.2024 12:13:17
8034/S-PJP5X,POLAROID,детские универсальные,металл,ободковая,капли,,,"55,0","9,0",130,,,,Женский,03.07.2012,"40 лет Октября,15 ОиМ",18.06.2024 10:31:32
8035/S-PJPM9,POLAROID,детские для мальчиков,пластик,ободковая,овальные,,,"45,0","17,0",125,,,,Мужской,15.03.1988,"40 лет Октября,15 ОиМ",11.01.2023 18:46:14
8040-001,CAZAL,мужские,металл и пластик,ободковая,квадратные,черный,серый,"59,0","16,0",145,,,,Мужской,30.12.1985,"Васенко,4 ОиМ",16.05.2023 12:05:59
8040/S-2X6M9,POLAROID,детские универсальные,пластик,ободковая,панто,,,"44,0","19,0",126,,,,Женский,27.05.1990,"40 лет Октября,15 ОиМ",18.03.2023 11:48:16
8049/S-CLPC3,POLAROID,детские универсальные,пластик,ободковая,вайфайеры,синий,серый,"49,0","16,0",130,,,,,,"40 лет Октября,15 ОиМ",24.05.2023 14:39:37
8057/S-0035X,POLAROID,детские универсальные,пластик,ободковая,вайфайеры,черный,синий зеркальный,"50,0","13,0",130,,,,Мужской,24.05.1979,"40 лет Октября,15 ОиМ",08.03.2024 18:44:21
8060/S-D51Z0,CARRERA,универсальные,пластик,ободковая,маска,черный,синий зеркальный,"99,0","1,0",145,,,,Мужской,10.12.1981,"Васенко,4 ОиМ",26.04.2024 10:48:10
8065-55,EMMANUELLE KHANH,женские,пластик,ободковая,квадратные,многоцветный,коричневый,"53,0","24,0",140,,,,Женский,13.03.1992,"Васенко,4 ОиМ",28.03.2024 17:50:41
8144-6220,SILHOUETTE,женские,металл,безободковая,бабочка,серый,серый зеркальный,,,,,,,Женский,02.12.1978,"Васенко,4 ОиМ",29.05.2023 15:24:48
8162-7730,SILHOUETTE,женские,титан,безободковая,бабочка,,,,,,,,,Мужской,19.01.1985,"Васенко,4 ОиМ",21.02.2024 12:12:42
8189-7000,SILHOUETTE,женские,титан,безободковая,квадратные,серый,серый градиент,,,,,,,Женский,01.01.1970,"Васенко,4 ОиМ",13.10.2024 16:57:33
8190-2540,SILHOUETTE,женские,титан,безободковая,круглые,бронзовый,желто-коричневый градиент,,,,,,,Мужской,14.03.2005,"Васенко,4 ОиМ",12.08.2023 13:31:49
8190-3530,SILHOUETTE,женские,титан,безободковая,круглые,бронзовый,коричневый,,,,,,,Мужской,29.05.2001,"Васенко,4 ОиМ",11.03.2023 12:18:46
8191-4040,SILHOUETTE,женские,титан,безободковая,квадратные,фиолетовый,серый зеркальный,,,,,,,Женский,10.06.1969,"Васенко,4 ОиМ",28.09.2024 11:36:15
8191-7530,SILHOUETTE,женские,титан,безободковая,квадратные,золотой,желто-коричневый градиент,,,,,,,Мужской,30.08.1972,"Васенко,4 ОиМ",19.04.2023 17:13:10
82-K56P,CHOPARD,мужские,металл,ободковая,капли,черный,серый градиент,"62,0","13,0",145,,,,Женский,20.10.1967,"Васенко,4 ОиМ",19.05.2024 14:25:43
8289 P-28,NIKITANA,детские универсальные,пластик,ободковая,круглые,,,"44,0","18,0",125,,,,Мужской,21.10.1994,"Комсомольский,33 ОиМ",18.02.2024 16:30:03
8289 P-33,NIKITANA,детские универсальные,пластик,ободковая,круглые,,,"44,0","18,0",125,,,,Женский,05.07.1963,"Комсомольский,33 ОиМ",06.07.2023 14:35:56
83M-584P,CHOPARD,женские,титан,ободковая,капли,серый,зеленый,"60,0","16,0",145,,,,Мужской,14.08.1986,"Васенко,4 ОиМ",15.06.2023 16:38:13
85M-0300,CHOPARD,женские,титан,ободковая,квадратные,золотой,фиолетовый,"58,0","18,0",135,,,,Мужской,25.04.1977,"Васенко,4 ОиМ",01.05.2024 13:52:33
8697-6140,SILHOUETTE,универсальные,титан,безободковая,капли,бронзовый,серый,,,,,,,Мужской,03.12.1962,"Васенко,4 ОиМ",20.10.2024 14:10:06
8697-6660,SILHOUETTE,универсальные,титан,безободковая,капли,серый,серый градиент,,,,,,,Женский,28.05.1966,"Васенко,4 ОиМ",19.03.2023 15:31:54
8698-6560,SILHOUETTE,мужские,титан,безободковая,прямоугольные,,,,,,,,,Мужской,16.05.1975,"Васенко,4 ОиМ",09.04.2023 17:58:55
8698-6560,SILHOUETTE,мужские,титан,безободковая,прямоугольные,,,,,,,,,Мужской,12.07.1985,"40 лет Октября,15 ОиМ",25.01.2023 12:20:16
8698-6560,SILHOUETTE,мужские,титан,безободковая,прямоугольные,,,,,,,,,Женский,23.12.1973,"Васенко,4 ОиМ",24.06.2023 12:26:37
8708-6560,SILHOUETTE,мужские,титан,безободковая,квадратные,,зеленый,,,,,,,Мужской,24.06.1980,"Васенко,4 ОиМ",17.06.2023 15:40:52
8719-9040,SILHOUETTE,универсальные,титан,безободковая,капли,,,,,,,,,Мужской,30.08.1964,"Васенко,4 ОиМ",24.02.2023 10:21:06
8720-9030,SILHOUETTE,универсальные,титан,безободковая,круглые,черный,зеленый,,,,,,,Мужской,10.11.1968,"Васенко,4 ОиМ",08.03.2023 16:46:46
8722-6560,SILHOUETTE,мужские,титан,безободковая,спортивные,серый,серый градиент зеркальный,,,,,,,Мужской,28.10.1981,"Васенко,4 ОиМ",18.08.2023 10:30:26
8722-7530,SILHOUETTE,мужские,титан,безободковая,прямоугольные,,коричневый градиент,,,,,,,Мужской,10.11.1968,"Васенко,4 ОиМ",08.03.2023 16:46:46
8722-9040,SILHOUETTE,мужские,титан,безободковая,прямоугольные,черный,черный,,,,,,,Женский,20.02.1974,"Васенко,4 ОиМ",25.03.2023 15:56:15
8727-9040,SILHOUETTE,универсальные,титан,безободковая,прямоугольные,,,,,,,,,Мужской,11.05.1980,"Васенко,4 ОиМ",07.08.2023 17:39:34
8728-7210,SILHOUETTE,универсальные,титан,безободковая,квадратные,,,,,,,,,Женский,29.06.1967,"Васенко,4 ОиМ",23.02.2023 13:13:35
8739-6560,SILHOUETTE,мужские,титан,безободковая,капли,серый,серый градиент,,,,,,,Мужской,31.05.1974,"Васенко,4 ОиМ",24.05.2024 19:16:37
8739-6560,SILHOUETTE,мужские,титан,безободковая,капли,серый,серый градиент,,,,,,,Мужской,10.11.1977,"Васенко,4 ОиМ",16.11.2024 16:52:17
8739-6560,SILHOUETTE,мужские,титан,безободковая,капли,серый,серый градиент,,,,,,,Женский,28.12.1979,"Васенко,4 ОиМ",10.09.2023 16:24:37
8739-7630,SILHOUETTE,мужские,титан,безободковая,капли,бронзовый,коричневый,,,,,,,Женский,17.09.1977,"Васенко,4 ОиМ",12.03.2023 13:09:29
8741-6040,SILHOUETTE,мужские,титан,безободковая,прямоугольные,коричневый,коричневый градиент,,,,,,,Мужской,02.03.1988,"40 лет Октября,15 ОиМ",03.07.2024 10:59:51
8741-7210,SILHOUETTE,мужские,титан,безободковая,прямоугольные,серый,серый градиент,,,,,,,Женский,27.03.1961,"Васенко,4 ОиМ",03.11.2024 12:28:09
8741-9040,SILHOUETTE,мужские,титан,безободковая,прямоугольные,черный,черный,,,,,,,Мужской,11.08.1977,"Васенко,4 ОиМ",30.07.2024 11:34:07
8741-9040,SILHOUETTE,мужские,титан,безободковая,прямоугольные,черный,черный,,,,,,,Мужской,07.06.1982,"Васенко,4 ОиМ",15.12.2024 16:51:34
8741-9040,SILHOUETTE,мужские,титан,безободковая,прямоугольные,черный,черный,,,,,,,Женский,01.01.1970,"Васенко,4 ОиМ",13.10.2024 16:57:33
8743-7210,SILHOUETTE,универсальные,титан,безободковая,капли,серый,черный градиент,,,,,,,Женский,23.01.1975,"Васенко,4 ОиМ",30.05.2024 18:41:31
8743-9040,SILHOUETTE,универсальные,титан,безободковая,капли,черный,черный,,,,,,,Мужской,15.05.1995,"Васенко,4 ОиМ",21.08.2024 10:46:53
8743-9140,SILHOUETTE,мужские,титан,безободковая,трапеция,серый,серый градиент зеркальный,,,,,,,Женский,04.11.1969,"Васенко,4 ОиМ",07.04.2024 12:04:53
8743-9140,SILHOUETTE,мужские,титан,безободковая,трапеция,серый,серый градиент зеркальный,,,,,,,Женский,06.10.2000,"Васенко,4 ОиМ",14.10.2024 16:12:57
8744-7210,SILHOUETTE,универсальные,титан,безободковая,авиаторы,серый,серый градиент,,,,,,,Мужской,10.02.1986,"Васенко,4 ОиМ",30.09.2024 15:00:39
8744-7310,SILHOUETTE,универсальные,титан,безободковая,авиаторы,серебристый,черный,,,,,,,Мужской,07.06.1980,"Васенко,4 ОиМ",13.10.2024 12:22:51
8744-7830,SILHOUETTE,универсальные,титан,безободковая,авиаторы,золотой,зеленый градиент,,,,,,,Мужской,03.12.1980,"Васенко,4 ОиМ",16.05.2024 18:56:12
8744-7830,SILHOUETTE,универсальные,титан,безободковая,авиаторы,золотой,зеленый градиент,,,,,,,Женский,29.12.1967,"Васенко,4 ОиМ",13.10.2024 12:08:58
885401-1,SENSE EYEWEAR,универсальные,металл,ободковая,капли,золотой,серо-зеленый,"58,0","14,0",140,,,,Мужской,05.09.1948,"40 лет Октября,15 ОиМ",26.08.2024 11:13:09
885401-1,SENSE EYEWEAR,универсальные,металл,ободковая,капли,золотой,серо-зеленый,"58,0","14,0",140,,,,Женский,12.07.1993,"40 лет Октября,15 ОиМ",23.07.2024 16:43:57
885402-3,SENSE EYEWEAR,универсальные,металл,ободковая,квадратные,золотой,серый,"58,0","15,0",140,,,,Мужской,19.02.2004,"Комарова,110 ОиМ",18.06.2024 11:54:07
885402-3,SENSE EYEWEAR,универсальные,металл,ободковая,квадратные,золотой,серый,"58,0","15,0",140,,,,Женский,15.10.1941,"40 лет Октября,15 ОиМ",16.07.2024 10:36:56
885403-1,SENSE EYEWEAR,универсальные,металл,ободковая,круглые,золотой,серо-зеленый,"50,0","21,0",145,,,,Женский,16.04.1978,"40 лет Октября,15 ОиМ",12.06.2024 16:44:52
885403-1,SENSE EYEWEAR,универсальные,металл,ободковая,круглые,золотой,серо-зеленый,"50,0","21,0",145,,,,Женский,31.07.1997,"Комсомольский,33 ОиМ",26.12.2024 15:43:24
885404-1,SENSE EYEWEAR,универсальные,металл,ободковая,овальные,золотой,серо-зеленый,"48,0","21,0",145,,,,Мужской,20.03.1994,"40 лет Октября,15 ОиМ",04.07.2024 17:58:18
885404-1,SENSE EYEWEAR,универсальные,металл,ободковая,овальные,золотой,серо-зеленый,"48,0","21,0",145,,,,Женский,24.07.1956,"Комсомольский,33 ОиМ",29.11.2024 12:07:46
885404-1,SENSE EYEWEAR,универсальные,металл,ободковая,овальные,золотой,серо-зеленый,"48,0","21,0",145,,,,Женский,08.09.1996,"40 лет Октября,15 ОиМ",14.09.2024 12:49:33
885404-2,SENSE EYEWEAR,универсальные,металл,ободковая,овальные,золотой,серо-синий градиент,"48,0","21,0",145,,,,Женский,15.05.1963,"Комарова,110 ОиМ",26.07.2024 16:23:01
885404-2,SENSE EYEWEAR,универсальные,металл,ободковая,овальные,золотой,серо-синий градиент,"48,0","21,0",145,,,,Женский,22.04.1995,"Комсомольский,33 ОиМ",07.12.2024 19:13:47
885405-1,SENSE EYEWEAR,универсальные,металл,ободковая,необычные,золотой,серо-зеленый,"51,0","21,0",145,,,,Женский,31.12.1954,"Комсомольский,33 ОиМ",12.11.2024 12:22:02
885406-1,SENSE EYEWEAR,универсальные,металл,ободковая,необычные,золотой,серо-зеленый,"53,0","21,0",145,,,,Женский,05.10.1974,"40 лет Октября,15 ОиМ",21.06.2024 12:07:53
885407-1,SENSE EYEWEAR,универсальные,металл,ободковая,квадратные,золотой,серо-зеленый,"51,0","20,0",145,,,,Женский,23.06.1949,"40 лет Октября,15 ОиМ",28.06.2024 12:35:32
885407-2,SENSE EYEWEAR,универсальные,металл,ободковая,квадратные,золотой,серо-синий,"51,0","20,0",145,,,,Мужской,23.07.1997,"40 лет Октября,15 ОиМ",04.08.2024 15:49:10
9002-G21,TRUSSARDI,мужские,пластик,ободковая,квадратные,черепаховый,коричневый градиент,"57,0","14,0",145,,,,Мужской,24.07.1998,"Васенко,4 ОиМ",20.05.2024 15:22:38
9006-01,FLAMINGO,универсальные,пластик,полуободковая,маска,черный,сине-серый зеркальный,"139,0",,131,,,,Мужской,20.05.1973,"40 лет Октября,15 ОиМ",28.06.2023 14:33:43
9006-01,FLAMINGO,универсальные,пластик,полуободковая,маска,черный,сине-серый зеркальный,"139,0",,131,,,,Мужской,30.06.2012,"40 лет Октября,15 ОиМ",10.04.2023 12:34:14
9006-02,FLAMINGO,универсальные,пластик,полуободковая,маска,синий,серый зеркальный,"139,0",,131,,,,Женский,01.05.1991,"40 лет Октября,15 ОиМ",18.04.2023 12:49:18
9006-G21,TRUSSARDI,мужские,пластик,ободковая,квадратные,черепаховый,коричневый градиент,"57,0","15,0",145,,,,Мужской,20.09.1998,"Васенко,4 ОиМ",13.06.2024 14:18:01
9007-T04,TRUSSARDI,мужские,пластик,ободковая,прямоугольные,синий,серый градиент,"55,0","17,0",142,,,,Женский,03.08.1989,"Васенко,4 ОиМ",04.08.2024 11:40:53
9008-A02,TRUSSARDI,универсальные,пластик,ободковая,панто,черный,серый градиент,"51,0","21,0",142,,,,,09.07.1970,"Васенко,4 ОиМ",08.03.2024 13:48:29
9008-E03,TRUSSARDI,универсальные,пластик,ободковая,панто,черный/синий,серый градиент,"51,0","21,0",142,,,,Мужской,09.01.1997,"Васенко,4 ОиМ",29.06.2024 18:39:36
9015-A01,TRUSSARDI,мужские,пластик,ободковая,квадратные,черный,серый градиент,"59,0","12,0",145,,,,Женский,03.11.1968,"Васенко,4 ОиМ",05.07.2024 14:39:10
9015-G21,TRUSSARDI,мужские,пластик,ободковая,квадратные,черепаховый,коричневый градиент,"59,0","12,0",145,,,,Женский,11.03.1987,"Васенко,4 ОиМ",19.03.2024 20:08:22
9017-T03,TRUSSARDI,женские,пластик,ободковая,овальные,бордовый,серо-розовый градиент,"54,0","19,0",145,,,,Женский,19.05.1942,"Васенко,4 ОиМ",29.07.2024 11:10:07
9017-T03,TRUSSARDI,женские,пластик,ободковая,овальные,бордовый,серо-розовый градиент,"54,0","19,0",145,,,,Женский,01.01.1949,"Васенко,4 ОиМ",14.04.2024 14:52:03
9022-G22,TRUSSARDI,женские,пластик,ободковая,кошачий глаз,черепаховый,коричневый градиент,"58,0","16,0",145,,,,Женский,23.01.1986,"Васенко,4 ОиМ",25.08.2024 15:14:55
9023-G22,TRUSSARDI,женские,пластик,ободковая,бабочка,черепаховый,коричневый градиент,"55,0","17,0",145,,,,Женский,11.11.1958,"Васенко,4 ОиМ",30.05.2024 15:37:22
9024-A02,TRUSSARDI,женские,пластик,ободковая,бабочка,черный,серый градиент,"54,0","17,0",145,,,,Женский,19.06.1963,"Васенко,4 ОиМ",23.03.2024 16:02:27
9024-A02,TRUSSARDI,женские,пластик,ободковая,бабочка,черный,серый градиент,"54,0","17,0",145,,,,Женский,11.10.1963,"Васенко,4 ОиМ",22.06.2024 13:32:38
9024-G22,TRUSSARDI,женские,пластик,ободковая,бабочка,гавана,коричневый градиент,"54,0","17,0",145,,,,Женский,31.05.1993,"Васенко,4 ОиМ",11.09.2024 18:42:21
9046-E01,HICKMANN,женские,пластик,ободковая,гексагон,черепаховый,серо-зеленый градиент,"61,5","14,0",147,,,,Женский,07.02.1967,"Васенко,4 ОиМ",13.08.2023 12:52:49
9094-001,CAZAL,мужские,металл и пластик,ободковая,прямоугольные,черный/золотой,серый градиент,"56,0","21,0",140,,,,Мужской,18.11.1961,"Васенко,4 ОиМ",06.05.2023 11:37:11
9104-001,CAZAL,мужские,металл и пластик,ободковая,квадратные,черный/золотой,серый градиент,"54,0","21,0",140,,,,Женский,10.09.1994,"Васенко,4 ОиМ",25.02.2023 13:13:50
9104-002,CAZAL,мужские,металл и пластик,ободковая,квадратные,серый,серый градиент,"54,0","21,0",140,,,,Женский,29.03.1981,"Васенко,4 ОиМ",24.05.2024 16:49:48
9173-P01,HICKMANN,женские,пластик,ободковая,бабочка,черный/розовый,серый градиент,"54,5","17,5",142,,,,Мужской,13.04.1987,"Васенко,4 ОиМ",15.09.2024 13:10:50
9173-P01,HICKMANN,женские,пластик,ободковая,бабочка,черный/розовый,серый градиент,"54,5","17,5",142,,,,Мужской,19.11.1987,"40 лет Октября,15 ОиМ",23.08.2024 10:20:48
9173-P02,HICKMANN,женские,пластик,ободковая,бабочка,черепаховый,серый градиент,"54,5","17,5",142,,,,Женский,13.09.1981,"Васенко,4 ОиМ",18.04.2024 15:16:57
9179-A01,HICKMANN,женские,пластик,ободковая,бабочка,черный,черный,"51,5","20,0",142,,,,Женский,02.02.1971,"Васенко,4 ОиМ",12.06.2023 16:10:34
9183-A01,HICKMANN,женские,пластик,ободковая,квадратные,черный,серо-желтый градиент,"57,0","19,0",147,,,,Женский,29.07.1993,"Васенко,4 ОиМ",16.05.2024 17:21:59
9183-D01,HICKMANN,женские,пластик,ободковая,квадратные,зеленый,зеленый градиент,"57,0","19,0",147,,,,Женский,30.11.1976,"40 лет Октября,15 ОиМ",23.09.2024 15:35:57
9184-A01,HICKMANN,женские,пластик,ободковая,круглые,черный,серо-коричневый градиент,"60,0","19,0",147,,,,Женский,10.10.1975,"Васенко,4 ОиМ",27.05.2024 11:00:04
9185-A01,HICKMANN,женские,пластик,ободковая,кошачий глаз,черный,серый,"56,0","16,0",142,,,,Женский,03.08.1969,"Васенко,4 ОиМ",02.09.2024 17:40:35
9185-C01,HICKMANN,женские,пластик,ободковая,кошачий глаз,многоцветный,цветной градиент,"56,0","16,0",142,,,,Мужской,28.06.1979,"Васенко,4 ОиМ",14.05.2024 20:38:41
9186-C01,HICKMANN,женские,пластик,ободковая,гексагон,многоцветный,цветной градиент,"55,0","15,0",142,,,,Женский,30.07.1981,"Васенко,4 ОиМ",28.03.2024 14:41:55
9188-A01,HICKMANN,женские,пластик,ободковая,бабочка,черный,серо-коричневый градиент,"54,0","16,0",143,,,,Женский,09.05.1992,"Васенко,4 ОиМ",15.06.2024 11:49:03
9189-A02,HICKMANN,женские,пластик,ободковая,бабочка,черный,серо-коричневый градиент,"56,0","16,0",144,,,,Женский,05.09.1966,"Васенко,4 ОиМ",31.03.2024 14:19:29
9189-T03,HICKMANN,женские,пластик,ободковая,бабочка,зеленый,зеленый градиент,"56,0","16,0",144,,,,Женский,17.03.1979,"Васенко,4 ОиМ",28.05.2024 19:07:30
9189-T03,HICKMANN,женские,пластик,ободковая,бабочка,зеленый,зеленый градиент,"56,0","16,0",144,,,,Женский,02.06.1994,"40 лет Октября,15 ОиМ",31.05.2024 20:01:27
9190-A02,HICKMANN,женские,пластик,ободковая,кошачий глаз,черный,серо-коричневый градиент,"57,0","16,0",144,,,,Женский,04.11.1969,"Васенко,4 ОиМ",07.04.2024 12:04:53
9190-A02,HICKMANN,женские,пластик,ободковая,кошачий глаз,черный,серо-коричневый градиент,"57,0","16,0",144,,,,Женский,14.06.1986,"Васенко,4 ОиМ",03.04.2024 19:31:59
9199-A01,HICKMANN,женские,пластик,ободковая,прямоугольные,черный,серо-розовый градиент,"53,0","19,0",142,,,,Мужской,22.08.1982,"Васенко,4 ОиМ",07.06.2024 14:24:48
9199-A01,HICKMANN,женские,пластик,ободковая,прямоугольные,черный,серо-розовый градиент,"53,0","19,0",142,,,,Мужской,11.02.1984,"Васенко,4 ОиМ",28.03.2024 18:57:10
9199-A01,HICKMANN,женские,пластик,ободковая,прямоугольные,черный,серо-розовый градиент,"53,0","19,0",142,,,,Женский,22.02.1960,"40 лет Октября,15 ОиМ",11.08.2024 13:25:41
9200-A01,HICKMANN,женские,пластик,ободковая,бабочка,черный,серо-желтый градиент,"53,0","17,0",142,,,,Женский,28.05.1962,"40 лет Октября,15 ОиМ",08.05.2024 12:47:25
9201-A01,HICKMANN,женские,пластик,ободковая,бабочка,черный,серо-коричневый градиент,"51,0","19,0",142,,,,Женский,24.05.1975,"Васенко,4 ОиМ",19.04.2024 15:43:51
9201-A01,HICKMANN,женские,пластик,ободковая,бабочка,черный,серо-коричневый градиент,"51,0","19,0",142,,,,Женский,01.08.1986,"Васенко,4 ОиМ",13.05.2024 19:55:39
9201-A01,HICKMANN,женские,пластик,ободковая,бабочка,черный,серо-коричневый градиент,"51,0","19,0",142,,,,Женский,28.04.2006,"40 лет Октября,15 ОиМ",12.06.2024 13:42:37
9211-90B,GUESS,подростковые универсальные,пластик,ободковая,квадратные,,,"49,0","15,0",135,,,,Женский,05.10.1981,"Васенко,4 ОиМ",29.03.2023 16:24:28
9212-01B,GUESS,подростковые универсальные,пластик,ободковая,панто,,,"46,0","18,0",135,,,,Женский,14.02.1953,"Васенко,4 ОиМ",08.06.2023 14:40:39
9212-90V,GUESS,подростковые универсальные,пластик,ободковая,панто,,,"46,0","18,0",135,,,,Женский,12.07.1985,"Васенко,4 ОиМ",25.06.2023 14:30:24
9216M-A01P,BULGET,универсальные,пластик,ободковая,квадратные,черный,серый,"55,5","17,5",145,,,,Мужской,30.07.1997,"40 лет Октября,15 ОиМ",12.06.2024 15:41:36
9216M-T01P,BULGET,универсальные,пластик,ободковая,квадратные,синий,серо-синий,"55,0","17,0",145,,,,Мужской,20.06.1981,"Васенко,4 ОиМ",20.06.2024 17:04:41
9216M-T01P,BULGET,универсальные,пластик,ободковая,квадратные,синий,серо-синий,"55,0","17,0",145,,,,Мужской,21.04.1984,"Васенко,4 ОиМ",04.08.2024 15:10:36
9216M-T01P,BULGET,универсальные,пластик,ободковая,квадратные,синий,серо-синий,"55,0","17,0",145,,,,Мужской,06.05.2000,"40 лет Октября,15 ОиМ",01.05.2024 18:16:10
9218M-A01P,BULGET,универсальные,пластик,ободковая,панто,черный,серо-синий,"52,0","18,0",142,,,,Мужской,13.03.1960,"40 лет Октября,15 ОиМ",06.05.2024 13:47:30
9218M-A01P,BULGET,универсальные,пластик,ободковая,панто,черный,серо-синий,"52,0","18,0",142,,,,Мужской,20.02.2021,"Васенко,4 ОиМ",02.07.2024 14:40:41
9218M-A01P,BULGET,универсальные,пластик,ободковая,панто,черный,серо-синий,"52,0","18,0",142,,,,Женский,10.05.1951,"40 лет Октября,15 ОиМ",16.08.2024 9:55:22
9218M-T02P,BULGET,универсальные,пластик,ободковая,панто,синий,серый,"52,0","18,0",142,,,,Мужской,08.10.1981,"40 лет Октября,15 ОиМ",07.08.2024 19:42:30
9218M-T02P,BULGET,универсальные,пластик,ободковая,панто,синий,серый,"52,0","18,0",142,,,,Женский,18.04.1984,"Васенко,4 ОиМ",01.05.2024 13:20:51
9219M-A01P,BULGET,универсальные,пластик,ободковая,панто,черный,серый,"51,0","20,0",142,,,,Женский,04.05.1964,"40 лет Октября,15 ОиМ",12.06.2024 14:18:30
9219M-A01P,BULGET,универсальные,пластик,ободковая,панто,черный,серый,"51,0","20,0",142,,,,Женский,06.02.1976,"40 лет Октября,15 ОиМ",02.05.2024 13:29:46
9219M-A01P,BULGET,универсальные,пластик,ободковая,панто,черный,серый,"51,0","20,0",142,,,,Женский,01.08.1988,"Васенко,4 ОиМ",03.08.2024 18:22:25
9219M-T01P,BULGET,универсальные,пластик,ободковая,панто,зеленый,зеленый градиент,"51,0","20,0",142,,,,Мужской,22.09.1978,"Васенко,4 ОиМ",22.07.2024 14:02:41
9219M-T01P,BULGET,универсальные,пластик,ободковая,панто,зеленый,зеленый градиент,"51,0","20,0",142,,,,Женский,04.08.1977,"40 лет Октября,15 ОиМ",26.05.2024 14:36:11
9219M-T01P,BULGET,универсальные,пластик,ободковая,панто,зеленый,зеленый градиент,"51,0","20,0",142,,,,Женский,27.05.1979,"40 лет Октября,15 ОиМ",06.07.2024 11:34:53
9219M-T02P,BULGET,универсальные,пластик,ободковая,панто,прозрачный,серый градиент,"51,0","20,0",142,,,,Мужской,13.09.1988,"Васенко,4 ОиМ",10.07.2024 18:43:40
922-01,FLAMINGO,детские для девочек,пластик,ободковая,панто,,,"52,0","15,0",132,,,,Мужской,21.04.1984,"Васенко,4 ОиМ",22.01.2023 16:24:27
924-03,FLAMINGO,детские для девочек,пластик,ободковая,необычные,,,"48,0","15,0",131,,,,Женский,05.03.1961,"Васенко,4 ОиМ",12.04.2023 14:54:53
930-01,FLAMINGO,детские для мальчиков,пластик,ободковая,спортивные,,,"53,0","14,0",105,,,,Мужской,30.04.1988,"Комсомольский,33 ОиМ",10.03.2023 9:14:34
930-02,FLAMINGO,детские для мальчиков,пластик,ободковая,спортивные,,,"53,0","14,0",105,,,,Мужской,19.06.1980,"40 лет Октября,15 ОиМ",29.06.2024 17:23:42
930-02,FLAMINGO,детские для мальчиков,пластик,ободковая,спортивные,,,"53,0","14,0",105,,,,Мужской,13.03.2016,"Комсомольский,33 ОиМ",25.06.2023 18:24:01
930-03,FLAMINGO,детские для мальчиков,пластик,ободковая,спортивные,,,"53,0","14,0",105,,,,Женский,01.07.1963,"Васенко,4 ОиМ",21.03.2023 14:33:51
930-03,FLAMINGO,детские для мальчиков,пластик,ободковая,спортивные,,,"53,0","14,0",105,,,,Женский,05.11.1982,"40 лет Октября,15 ОиМ",13.09.2023 18:49:14
9348-A01,ANA HICKMANN,женские,пластик,ободковая,бабочка,черный,серый градиент,"55,0","17,0",143,,,,Женский,09.11.1965,"Васенко,4 ОиМ",05.05.2023 18:06:31
9355-A01,ANA HICKMANN,женские,пластик,ободковая,бабочка,черный,серый градиент,"53,5","18,0",142,,,,Мужской,18.05.1977,"Васенко,4 ОиМ",13.05.2023 14:40:15
9355-E02,ANA HICKMANN,женские,пластик,ободковая,бабочка,зеленый,зеленый градиент,"53,5","18,0",142,,,,Женский,08.08.1989,"Васенко,4 ОиМ",16.07.2023 15:35:22
9356-T02,ANA HICKMANN,женские,пластик,ободковая,бабочка,зеленый,зелено-коричневый градиент,"53,5","17,5",142,,,,Мужской,29.03.1979,"Васенко,4 ОиМ",13.04.2024 14:14:07
9356-T02,ANA HICKMANN,женские,пластик,ободковая,бабочка,зеленый,зелено-коричневый градиент,"53,5","17,5",142,,,,Женский,05.05.1993,"Васенко,4 ОиМ",16.03.2024 16:25:48
9356-T02,ANA HICKMANN,женские,пластик,ободковая,бабочка,зеленый,зелено-коричневый градиент,"53,5","17,5",142,,,,Женский,10.08.2013,"40 лет Октября,15 ОиМ",15.03.2024 17:28:38
9356-T03,ANA HICKMANN,женские,пластик,ободковая,бабочка,коричневый,серо-коричневый градиент,"53,5","17,5",142,,,,Женский,02.09.1980,"40 лет Октября,15 ОиМ",05.04.2024 16:03:03
9356-T03,ANA HICKMANN,женские,пластик,ободковая,бабочка,коричневый,серо-коричневый градиент,"53,5","17,5",142,,,,Женский,21.01.1981,"Васенко,4 ОиМ",21.03.2024 19:08:52
9362-A01,ANA HICKMANN,женские,пластик,ободковая,квадратные,черный,серо-коричневый градиент,"54,0","17,0",138,,,,Женский,01.04.1973,"Васенко,4 ОиМ",09.06.2024 13:07:06
9362-A01,ANA HICKMANN,женские,пластик,ободковая,квадратные,черный,серо-коричневый градиент,"54,0","17,0",138,,,,Женский,22.03.2006,"40 лет Октября,15 ОиМ",29.05.2024 11:45:43
9362-H01,ANA HICKMANN,женские,пластик,ободковая,квадратные,многоцветный,коричневый градиент,"54,0","17,0",138,,,,Женский,17.04.1979,"Васенко,4 ОиМ",07.06.2024 17:40:35
9362-H02,ANA HICKMANN,женские,пластик,ободковая,квадратные,черный/прозрачный,серый градиент,"54,0","17,0",138,,,,Мужской,07.03.1960,"40 лет Октября,15 ОиМ",17.08.2024 15:35:11
9362-H02,ANA HICKMANN,женские,пластик,ободковая,квадратные,черный/прозрачный,серый градиент,"54,0","17,0",138,,,,Женский,06.07.1981,"Васенко,4 ОиМ",19.03.2024 11:17:51
9372-A01,ANA HICKMANN,женские,пластик,ободковая,бабочка,черный,серый градиент,"50,0","19,0",142,,,,Женский,16.11.1985,"Васенко,4 ОиМ",19.05.2024 12:55:07
9372-E01,ANA HICKMANN,женские,пластик,ободковая,бабочка,черепаховый,серо-коричневый градиент,"50,0","19,0",142,,,,,05.05.1971,"40 лет Октября,15 ОиМ",02.05.2024 12:24:04
9372-E01,ANA HICKMANN,женские,пластик,ободковая,бабочка,черепаховый,серо-коричневый градиент,"50,0","19,0",142,,,,Женский,20.03.1980,"40 лет Октября,15 ОиМ",01.04.2024 11:01:33
9372-E01,ANA HICKMANN,женские,пластик,ободковая,бабочка,черепаховый,серо-коричневый градиент,"50,0","19,0",142,,,,Женский,04.06.1983,"Васенко,4 ОиМ",21.04.2024 18:33:08
9387-A01,ANA HICKMANN,женские,пластик,ободковая,бабочка,черный,серо-желтый градиент,"55,0","19,0",143,,,,Мужской,,"Васенко,4 ОиМ",19.04.2024 15:02:42
9387-G21,ANA HICKMANN,женские,пластик,ободковая,бабочка,черепаховый,серо-розовый градиент,"55,0","19,0",143,,,,Женский,07.07.1956,"40 лет Октября,15 ОиМ",03.05.2024 10:38:36
9389-C01,ANA HICKMANN,женские,пластик,ободковая,квадратные,многоцветный,серо-коричневый градиент,"57,0","17,0",143,,,,Мужской,21.04.1975,"Васенко,4 ОиМ",14.05.2024 16:19:13
A2105M,INVU,мужские,пластик,ободковая,спортивные,черный,серый,,,,,,,Мужской,26.02.1951,"40 лет Октября,15 ОиМ",18.04.2024 16:46:52
A2105M,INVU,мужские,пластик,ободковая,спортивные,черный,серый,,,,,,,Мужской,09.06.2009,"40 лет Октября,15 ОиМ",14.05.2024 17:27:49
A2105M,INVU,мужские,пластик,ободковая,спортивные,черный,серый,,,,,,,Женский,19.06.1983,"40 лет Октября,15 ОиМ",13.07.2024 16:05:03
A2113A,INVU,мужские,пластик,ободковая,спортивные,черный,серый,"59,0","17,0",,,,,Мужской,14.08.1958,"Комсомольский,33 ОиМ",29.07.2023 9:52:55
A2113A,INVU,мужские,пластик,ободковая,спортивные,черный,серый,"59,0","17,0",,,,,Мужской,04.07.1961,"40 лет Октября,15 ОиМ",30.08.2023 17:21:07
A2113A,INVU,мужские,пластик,ободковая,спортивные,черный,серый,"59,0","17,0",,,,,Мужской,10.09.1989,"Комсомольский,33 ОиМ",16.09.2023 13:10:23
A2113A,INVU,мужские,пластик,ободковая,спортивные,черный,серый,"59,0","17,0",,,,,Женский,10.11.1966,"Комарова,110 ОиМ",08.06.2023 15:32:55
A2113A,INVU,мужские,пластик,ободковая,спортивные,черный,серый,"59,0","17,0",,,,,Женский,10.12.1988,"Комсомольский,33 ОиМ",13.02.2023 16:37:47
A2113A,INVU,мужские,пластик,ободковая,спортивные,черный,серый,"59,0","17,0",,,,,Женский,03.02.2001,"Васенко,4 ОиМ",08.08.2023 18:46:54
A2114F,INVU,универсальные,пластик,ободковая,квадратные,,,,,,,,,Женский,19.11.1979,"40 лет Октября,15 ОиМ",08.07.2023 9:48:08
A2135A,INVU,мужские,пластик,полуободковая,спортивные,синий,серый,,,,,,,,02.10.1971,"Комсомольский,33 ОиМ",27.05.2023 11:28:26
A2135A,INVU,мужские,пластик,полуободковая,спортивные,синий,серый,,,,,,,Мужской,26.05.1979,"40 лет Октября,15 ОиМ",20.05.2023 13:40:05
A2135A,INVU,мужские,пластик,полуободковая,спортивные,синий,серый,,,,,,,Мужской,11.05.1980,"Васенко,4 ОиМ",07.08.2023 17:39:34
A2135A,INVU,мужские,пластик,полуободковая,спортивные,синий,серый,,,,,,,Мужской,11.06.1981,"40 лет Октября,15 ОиМ",04.08.2023 16:38:58
A2200A,INVU,универсальные,пластик,ободковая,вайфайеры,,,,,,,,,Женский,12.02.1967,"40 лет Октября,15 ОиМ",27.02.2023 18:47:48
A2200D,INVU,универсальные,пластик,ободковая,вайфайеры,черный,зеленый,"53,0","20,0",,,,,Мужской,23.11.1978,"40 лет Октября,15 ОиМ",05.05.2023 13:40:30
A2200D,INVU,универсальные,пластик,ободковая,вайфайеры,черный,зеленый,"53,0","20,0",,,,,Мужской,26.05.1979,"40 лет Октября,15 ОиМ",20.05.2023 13:40:05
A2200D,INVU,универсальные,пластик,ободковая,вайфайеры,черный,зеленый,"53,0","20,0",,,,,Мужской,26.07.1981,"Васенко,4 ОиМ",08.05.2023 15:25:17
A2200D,INVU,универсальные,пластик,ободковая,вайфайеры,черный,зеленый,"53,0","20,0",,,,,Женский,23.06.1981,"40 лет Октября,15 ОиМ",26.03.2023 14:10:35
A2200D,INVU,универсальные,пластик,ободковая,вайфайеры,черный,зеленый,"53,0","20,0",,,,,Женский,31.01.1993,"Васенко,4 ОиМ",08.02.2023 19:31:17
A2207A,INVU,мужские,пластик,ободковая,спортивные,черный,серый зеркальный,"64,0","15,0",132,,,,Мужской,24.11.1963,"40 лет Октября,15 ОиМ",12.04.2023 10:53:50
A2207A,INVU,мужские,пластик,ободковая,спортивные,черный,серый зеркальный,"64,0","15,0",132,,,,Мужской,01.02.1972,"40 лет Октября,15 ОиМ",15.02.2023 13:26:45
A2207A,INVU,мужские,пластик,ободковая,спортивные,черный,серый зеркальный,"64,0","15,0",132,,,,Мужской,20.10.1978,"40 лет Октября,15 ОиМ",26.02.2023 18:30:35
A2207A,INVU,мужские,пластик,ободковая,спортивные,черный,серый зеркальный,"64,0","15,0",132,,,,Мужской,08.03.2010,"Комсомольский,33 ОиМ",26.04.2023 13:34:23
A2207A,INVU,мужские,пластик,ободковая,спортивные,черный,серый зеркальный,"64,0","15,0",132,,,,Женский,13.04.2009,"40 лет Октября,15 ОиМ",06.08.2023 12:25:15
A2209A,INVU,мужские,пластик,ободковая,спортивные,черный,зеленый,"61,0","17,0",,,,,Мужской,18.09.1969,"40 лет Октября,15 ОиМ",16.06.2023 18:18:30
A2209A,INVU,мужские,пластик,ободковая,спортивные,черный,зеленый,"61,0","17,0",,,,,Мужской,06.02.1977,"Комсомольский,33 ОиМ",09.04.2023 16:29:35
A2209A,INVU,мужские,пластик,ободковая,спортивные,черный,зеленый,"61,0","17,0",,,,,Мужской,26.01.1978,"40 лет Октября,15 ОиМ",11.02.2023 11:03:52
A2209A,INVU,мужские,пластик,ободковая,спортивные,черный,зеленый,"61,0","17,0",,,,,Мужской,23.03.1978,"40 лет Октября,15 ОиМ",21.07.2023 16:10:53
A2209A,INVU,мужские,пластик,ободковая,спортивные,черный,зеленый,"61,0","17,0",,,,,Женский,23.06.1949,"Комсомольский,33 ОиМ",18.03.2023 11:38:40
A2304C,INVU,мужские,пластик,ободковая,спортивные,,,,,,,,,Мужской,29.10.1966,"Комарова,110 ОиМ",08.03.2023 15:55:30
A2307A,INVU,мужские,пластик,ободковая,квадратные,,,,,,,,,Мужской,30.12.1970,"40 лет Октября,15 ОиМ",03.04.2023 11:28:07
A2307A,INVU,мужские,пластик,ободковая,квадратные,,,,,,,,,Мужской,05.07.1989,"Комсомольский,33 ОиМ",11.07.2023 13:22:02
A2307A,INVU,мужские,пластик,ободковая,квадратные,,,,,,,,,Женский,27.09.1955,"Васенко,4 ОиМ",26.03.2023 13:46:41
A2307A,INVU,мужские,пластик,ободковая,квадратные,,,,,,,,,Женский,04.05.1976,"Комсомольский,33 ОиМ",28.02.2023 19:42:01
A2309A,INVU,мужские,пластик,ободковая,квадратные,,,,,,,,,Женский,10.03.1965,"40 лет Октября,15 ОиМ",17.02.2023 12:57:04
A2309A,INVU,мужские,пластик,ободковая,квадратные,,,,,,,,,Женский,18.02.1983,"40 лет Октября,15 ОиМ",17.08.2023 13:41:26
A2309A,INVU,мужские,пластик,ободковая,квадратные,,,,,,,,,Женский,08.11.1990,"Васенко,4 ОиМ",04.02.2023 12:47:27
A2309A,INVU,мужские,пластик,ободковая,квадратные,,,,,,,,,Женский,04.04.1997,"Васенко,4 ОиМ",20.04.2023 13:07:04
A2309D,INVU,мужские,пластик,ободковая,квадратные,,,,,,,,,Мужской,30.01.1981,"40 лет Октября,15 ОиМ",30.06.2023 10:48:00
A2311B,INVU,мужские,пластик,ободковая,квадратные,,,,,,,,,Женский,28.11.1982,"40 лет Октября,15 ОиМ",15.07.2023 19:05:49
A2710C,INVU,мужские,пластик,ободковая,спортивные,черный,желтый,,,,,,,Мужской,25.09.1963,"Комсомольский,33 ОиМ",12.04.2024 16:03:45
A2710C,INVU,мужские,пластик,ободковая,спортивные,черный,желтый,,,,,,,Мужской,28.07.1976,"40 лет Октября,15 ОиМ",03.05.2024 14:25:18
A2711C,INVU,мужские,пластик,ободковая,спортивные,черный,желтый,,,,,,,Мужской,09.06.2009,"40 лет Октября,15 ОиМ",14.05.2024 17:27:49
A2711C,INVU,мужские,пластик,ободковая,спортивные,черный,желтый,,,,,,,Женский,02.02.1986,"40 лет Октября,15 ОиМ",20.06.2024 17:38:59
A2913A,INVU,мужские,пластик,ободковая,спортивные,черный,серо-зеленый,,,,,,,Мужской,01.05.1079,"Васенко,4 ОиМ",26.03.2023 11:54:36
A2913A,INVU,мужские,пластик,ободковая,спортивные,черный,серо-зеленый,,,,,,,Мужской,27.05.1968,"40 лет Октября,15 ОиМ",14.06.2023 16:03:19
A2913A,INVU,мужские,пластик,ободковая,спортивные,черный,серо-зеленый,,,,,,,Мужской,02.08.1985,"40 лет Октября,15 ОиМ",11.04.2024 14:35:49
A2913A,INVU,мужские,пластик,ободковая,спортивные,черный,серо-зеленый,,,,,,,Мужской,17.11.2017,"Комсомольский,33 ОиМ",16.04.2024 12:07:57
A2913A,INVU,мужские,пластик,ободковая,спортивные,черный,серо-зеленый,,,,,,,Женский,05.05.1960,"40 лет Октября,15 ОиМ",02.08.2023 12:57:02
A2913A,INVU,мужские,пластик,ободковая,спортивные,черный,серо-зеленый,,,,,,,Женский,29.04.1973,"40 лет Октября,15 ОиМ",04.03.2023 11:27:09
A2913A,INVU,мужские,пластик,ободковая,спортивные,черный,серо-зеленый,,,,,,,Женский,13.03.1976,"Васенко,4 ОиМ",26.05.2023 18:45:59
A2913E,INVU,мужские,пластик,ободковая,спортивные,черный,серый фотохром,,,,,,,Мужской,23.11.1953,"Комсомольский,33 ОиМ",05.04.2024 12:07:01
A2913E,INVU,мужские,пластик,ободковая,спортивные,черный,серый фотохром,,,,,,,Мужской,07.08.1957,"40 лет Октября,15 ОиМ",29.05.2023 12:50:27
A2913E,INVU,мужские,пластик,ободковая,спортивные,черный,серый фотохром,,,,,,,Мужской,03.01.1977,"Васенко,4 ОиМ",19.07.2023 11:14:30
A2913E,INVU,мужские,пластик,ободковая,спортивные,черный,серый фотохром,,,,,,,Мужской,18.08.1981,"40 лет Октября,15 ОиМ",11.08.2023 10:54:25
A2913E,INVU,мужские,пластик,ободковая,спортивные,черный,серый фотохром,,,,,,,Мужской,09.06.2009,"40 лет Октября,15 ОиМ",14.05.2024 17:27:49
A2913E,INVU,мужские,пластик,ободковая,спортивные,черный,серый фотохром,,,,,,,Женский,21.01.1966,"Комсомольский,33 ОиМ",06.02.2023 11:27:13
A2913E,INVU,мужские,пластик,ободковая,спортивные,черный,серый фотохром,,,,,,,Женский,02.08.1976,"Комсомольский,33 ОиМ",03.03.2024 16:52:14
ADMIRABLE-130A,BALMAIN,женские,металл и пластик,ободковая,бабочка,черный/золотой,черный,"52,0","20,0",142,,,,Женский,11.06.1969,"Васенко,4 ОиМ",02.04.2023 9:00:11
AGORA-4-25,EYEPETIZER,универсальные,титан,ободковая,ромб,золотой,зеленый градиент зеркальный,"49,0","22,0",145,,,,Мужской,02.02.1979,"Васенко,4 ОиМ",19.04.2024 18:30:48
ALBA-G0036TB02SZ10,GRESSO,женские,титан,полуободковая,бабочка,черный/розовый,серый градиент,"53,0","22,0",140,,,,Женский,29.06.1960,"Васенко,4 ОиМ",14.06.2024 17:13:32
AMEDEO-047,NOBIKA,женские,пластик,ободковая,квадратные,,,"52,0","18,0",143,,,,Женский,27.09.1968,"Васенко,4 ОиМ",22.10.2023 18:28:12
AMI - 01,GAST,женские,пластик,ободковая,прямоугольные,черный,черный,"52,0","21,0",145,,,,Женский,17.08.1988,"Васенко,4 ОиМ",08.05.2023 18:36:25
ANNA-01,WOODYS,женские,металл и пластик,ободковая,гексагон,черный/золотой,серый градиент,"51,0","20,0",140,,,,Мужской,15.08.1984,"Васенко,4 ОиМ",24.08.2024 13:41:44
ANNA-02,WOODYS,женские,металл и пластик,ободковая,гексагон,черепаховый,коричневый градиент,"51,0","20,0",140,,,,Женский,27.09.1953,"Васенко,4 ОиМ",19.04.2024 9:52:04
ANNA-03,WOODYS,женские,металл и пластик,ободковая,гексагон,зеленый,коричневый градиент,"51,0","20,0",140,,,,Мужской,19.07.1976,"Васенко,4 ОиМ",15.06.2024 15:35:59
ANTARES-G07TG030S2,GRESSO,мужские,титан,полуободковая,необычные,золотой,коричневый,"60,0","14,0",140,,,,Мужской,22.05.1992,"Васенко,4 ОиМ",14.05.2023 19:16:29
ARISE-3041-A-T-BLK-GLD,DITA,женские,металл,полуободковая,бабочка,золотой,серый градиент,"54,0","17,0",141,,,,Женский,23.11.1986,"Васенко,4 ОиМ",18.11.2023 15:14:49
Arlette 5183-5,PEPE JEANS,женские,металл,ободковая,круглые,черный,,"53,0","18,0",140,,,,Женский,16.09.1975,"40 лет Октября,15 ОиМ",13.06.2023 18:39:21
ASHER-2,KREUZBERGKINDER,мужские,пластик,ободковая,прямоугольные,черный/синий,серый градиент,"55,0","19,0",145,,,,Мужской,01.10.1971,"Васенко,4 ОиМ",21.12.2023 12:19:19
ASTRO - AS 03,GAST,универсальные,металл,безободковая,прямоугольные,серебристый,фиолетовый,"53,0","22,0",145,,,,Мужской,26.12.1992,"Васенко,4 ОиМ",01.07.2024 18:32:16
ASTRO - AS 03,GAST,универсальные,металл,безободковая,прямоугольные,серебристый,фиолетовый,"53,0","22,0",145,,,,Женский,16.04.1980,"Васенко,4 ОиМ",09.03.2024 15:08:43
ASTRO - AS 05,GAST,универсальные,металл,безободковая,прямоугольные,золотой,оранжевый,"53,0","22,0",145,,,,Мужской,03.12.1986,"Васенко,4 ОиМ",02.04.2024 16:41:22
ASTRO - AS 05,GAST,универсальные,металл,безободковая,прямоугольные,золотой,оранжевый,"53,0","22,0",145,,,,Женский,05.10.1974,"Васенко,4 ОиМ",14.06.2024 15:44:37
ASTRO -AS 02,GAST,универсальные,металл,безободковая,прямоугольные,золотой,серо-зеленый,"53,0","22,0",145,,,,Мужской,13.11.1962,"Васенко,4 ОиМ",05.10.2024 15:55:39
ASTRO -AS 02,GAST,универсальные,металл,безободковая,прямоугольные,золотой,серо-зеленый,"53,0","22,0",145,,,,Мужской,05.01.1983,"Васенко,4 ОиМ",04.06.2024 12:43:35
ASTRO -AS 02,GAST,универсальные,металл,безободковая,прямоугольные,золотой,серо-зеленый,"53,0","22,0",145,,,,Женский,30.04.1981,"Васенко,4 ОиМ",18.02.2024 10:15:37
ASTRO -AS 02,GAST,универсальные,металл,безободковая,прямоугольные,золотой,серо-зеленый,"53,0","22,0",145,,,,Женский,15.01.1998,"Васенко,4 ОиМ",04.02.2024 18:17:03
ASTRO -AS 04,GAST,универсальные,металл,безободковая,прямоугольные,золотой,синий градиент,"53,0","22,0",145,,,,Мужской,17.01.1980,"Васенко,4 ОиМ",06.04.2024 15:59:14
ASTRO -AS 04,GAST,универсальные,металл,безободковая,прямоугольные,золотой,синий градиент,"53,0","22,0",145,,,,Мужской,24.12.1997,"Васенко,4 ОиМ",04.06.2024 19:17:33
ASTRO -AS 04,GAST,универсальные,металл,безободковая,прямоугольные,золотой,синий градиент,"53,0","22,0",145,,,,Женский,15.08.1988,"Васенко,4 ОиМ",27.02.2024 13:29:07
B-II-101A,BALMAIN,женские,пластик,ободковая,бабочка,,,"55,0","18,0",145,,,,Женский,22.05.1972,"Васенко,4 ОиМ",19.05.2024 17:54:25
B-VII-131B,BALMAIN,женские,пластик,ободковая,трапеция,,,"55,0","17,0",145,,,,Мужской,24.08.1970,"Васенко,4 ОиМ",13.09.2024 16:59:55
B1007B,INVU,мужские,металл,ободковая,прямоугольные,серый,серый,"63,0","14,0",,,,,Мужской,16.05.1954,"40 лет Октября,15 ОиМ",28.05.2023 11:24:35
B1007B,INVU,мужские,металл,ободковая,прямоугольные,серый,серый,"63,0","14,0",,,,,Мужской,16.05.1954,"40 лет Октября,15 ОиМ",15.06.2023 14:38:46
B1007B,INVU,мужские,металл,ободковая,прямоугольные,серый,серый,"63,0","14,0",,,,,Мужской,03.01.1976,"Комарова,110 ОиМ",07.06.2023 14:37:35
B1007E,INVU,мужские,металл,ободковая,прямоугольные,темно-серый,серый,,,,,,,Мужской,22.08.1975,"40 лет Октября,15 ОиМ",12.06.2024 11:37:42
B1007E,INVU,мужские,металл,ободковая,прямоугольные,темно-серый,серый,,,,,,,Мужской,17.11.1982,"40 лет Октября,15 ОиМ",26.05.2024 12:44:09
B1007E,INVU,мужские,металл,ободковая,прямоугольные,темно-серый,серый,,,,,,,Женский,29.09.1969,"Комсомольский,33 ОиМ",20.03.2024 19:09:24
B1007E,INVU,мужские,металл,ободковая,прямоугольные,темно-серый,серый,,,,,,,Женский,29.09.1969,"Комсомольский,33 ОиМ",21.03.2024 18:56:42
B1007E,INVU,мужские,металл,ободковая,прямоугольные,темно-серый,серый,,,,,,,Женский,04.10.1979,"Комарова,110 ОиМ",15.05.2024 17:17:01
B1007E,INVU,мужские,металл,ободковая,прямоугольные,темно-серый,серый,,,,,,,Женский,10.08.1983,"Васенко,4 ОиМ",08.06.2024 17:53:56
B1007E,INVU,мужские,металл,ободковая,прямоугольные,темно-серый,серый,,,,,,,Женский,01.05.1988,"40 лет Октября,15 ОиМ",15.04.2024 17:40:49
B1007F,INVU,мужские,металл,ободковая,прямоугольные,темно-серый,коричневый зеркальный,,,,,,,Мужской,03.06.1975,"Комарова,110 ОиМ",25.07.2024 16:14:32
B1007F,INVU,мужские,металл,ободковая,прямоугольные,темно-серый,коричневый зеркальный,,,,,,,Женский,08.10.1988,"40 лет Октября,15 ОиМ",03.03.2024 13:12:32
B1007F,INVU,мужские,металл,ободковая,прямоугольные,темно-серый,коричневый зеркальный,,,,,,,Женский,01.06.1990,"40 лет Октября,15 ОиМ",11.06.2024 14:23:26
B1007F,INVU,мужские,металл,ободковая,прямоугольные,темно-серый,коричневый зеркальный,,,,,,,Женский,30.05.2012,"Комсомольский,33 ОиМ",01.06.2024 19:12:17
B1008A,INVU,мужские,металл,ободковая,капли,черный,серый,,,,,,,Женский,22.09.1971,"Васенко,4 ОиМ",28.05.2024 14:59:20
B1008F,INVU,мужские,металл,ободковая,капли,темно-серый,серо-синий,,,,,,,Мужской,20.10.1976,"Комсомольский,33 ОиМ",15.03.2024 17:18:00
B1008F,INVU,мужские,металл,ободковая,капли,темно-серый,серо-синий,,,,,,,Мужской,22.01.1977,"40 лет Октября,15 ОиМ",07.07.2024 9:36:33
B1008F,INVU,мужские,металл,ободковая,капли,темно-серый,серо-синий,,,,,,,Мужской,10.05.1985,"40 лет Октября,15 ОиМ",31.03.2024 17:40:06
B1008F,INVU,мужские,металл,ободковая,капли,темно-серый,серо-синий,,,,,,,Женский,21.11.1968,"40 лет Октября,15 ОиМ",10.05.2024 12:41:08
B1014F,INVU,мужские,металл,ободковая,квадратные,коричневый,коричневый,"58,0","15,0",,,,,Женский,,"Комарова,110 ОиМ",12.03.2023 10:38:44
B1100B,INVU,женские,металл,ободковая,бабочка,серебристый,зеленый градиент,"56,0","18,0",,,,,Мужской,08.07.1982,"40 лет Октября,15 ОиМ",04.03.2023 18:31:27
B1100D,INVU,женские,металл,ободковая,бабочка,золотой,фиолетовый градиент,"56,0","18,0",,,,,Женский,17.02.1985,"Комсомольский,33 ОиМ",16.03.2023 14:06:57
B1100D,INVU,женские,металл,ободковая,бабочка,золотой,фиолетовый градиент,"56,0","18,0",,,,,Женский,03.07.1989,"40 лет Октября,15 ОиМ",29.01.2023 14:51:34
B1101A,INVU,женские,металл,ободковая,бабочка,желтый,серый,,,,,,,Женский,30.10.1951,"40 лет Октября,15 ОиМ",09.11.2023 12:44:34
B1101A,INVU,женские,металл,ободковая,бабочка,желтый,серый,,,,,,,Женский,29.06.1966,"Комарова,110 ОиМ",06.04.2023 12:07:32
B1104D,INVU,мужские,металл,ободковая,квадратные,темно-серый,серый фотохром,,,,,,,Мужской,25.09.1937,"Васенко,4 ОиМ",11.06.2024 17:31:22
B1104D,INVU,мужские,металл,ободковая,квадратные,темно-серый,серый фотохром,,,,,,,Мужской,04.06.1964,"Комсомольский,33 ОиМ",13.11.2024 11:24:13
B1104D,INVU,мужские,металл,ободковая,квадратные,темно-серый,серый фотохром,,,,,,,Мужской,11.11.1972,"40 лет Октября,15 ОиМ",17.03.2024 14:37:06
B1104D,INVU,мужские,металл,ободковая,квадратные,темно-серый,серый фотохром,,,,,,,Мужской,20.11.1986,"40 лет Октября,15 ОиМ",20.06.2024 11:32:52
B1122A,INVU,универсальные,металл,ободковая,панто,темно-серый,серый,,,,,,,Мужской,10.04.1968,"40 лет Октября,15 ОиМ",27.07.2023 17:26:46
B1122B,INVU,универсальные,металл,ободковая,панто,золотой,серо-зеленый,,,,,,,Мужской,10.10.2000,"40 лет Октября,15 ОиМ",12.05.2023 12:49:04
B1126С,INVU,женские,металл,ободковая,панто,желтый,коричневый,,,,,,,Мужской,22.03.1970,"Комсомольский,33 ОиМ",07.05.2023 14:05:27
B1126С,INVU,женские,металл,ободковая,панто,желтый,коричневый,,,,,,,Женский,24.10.1970,"40 лет Октября,15 ОиМ",08.02.2023 9:26:13
B1201A,INVU,мужские,металл,ободковая,прямоугольные,черный,зеленый,"58,0","17,0",,,,,Мужской,12.01.1960,"40 лет Октября,15 ОиМ",26.03.2023 15:34:39
B1201A,INVU,мужские,металл,ободковая,прямоугольные,черный,зеленый,"58,0","17,0",,,,,Мужской,22.01.1965,"Комсомольский,33 ОиМ",22.06.2023 9:48:47
B1201A,INVU,мужские,металл,ободковая,прямоугольные,черный,зеленый,"58,0","17,0",,,,,Мужской,10.08.1973,"40 лет Октября,15 ОиМ",14.05.2023 10:26:42
B1201A,INVU,мужские,металл,ободковая,прямоугольные,черный,зеленый,"58,0","17,0",,,,,Мужской,01.03.1977,"Васенко,4 ОиМ",18.08.2023 13:10:21
B1201A,INVU,мужские,металл,ободковая,прямоугольные,черный,зеленый,"58,0","17,0",,,,,Женский,15.03.1977,"40 лет Октября,15 ОиМ",20.08.2023 15:03:09
B1201A,INVU,мужские,металл,ободковая,прямоугольные,черный,зеленый,"58,0","17,0",,,,,Женский,25.08.1987,"Комсомольский,33 ОиМ",18.02.2024 12:21:06
B1201B,INVU,мужские,металл,ободковая,прямоугольные,серый,коричневый,"58,0","17,0",,,,,Мужской,19.04.1947,"Комсомольский,33 ОиМ",20.01.2023 15:15:43
B1201B,INVU,мужские,металл,ободковая,прямоугольные,серый,коричневый,"58,0","17,0",,,,,Мужской,07.03.1956,"40 лет Октября,15 ОиМ",07.07.2023 13:44:49
B1201B,INVU,мужские,металл,ободковая,прямоугольные,серый,коричневый,"58,0","17,0",,,,,Мужской,17.02.1965,"40 лет Октября,15 ОиМ",11.08.2023 11:34:36
B1201B,INVU,мужские,металл,ободковая,прямоугольные,серый,коричневый,"58,0","17,0",,,,,Мужской,20.01.1968,"Васенко,4 ОиМ",07.05.2023 13:16:40
B1201B,INVU,мужские,металл,ободковая,прямоугольные,серый,коричневый,"58,0","17,0",,,,,Женский,01.11.1989,"Комарова,110 ОиМ",20.05.2023 9:21:00
B1203A,INVU,мужские,металл,ободковая,прямоугольные,серый,серый,"59,0","15,0",,,,,Мужской,11.02.1973,"40 лет Октября,15 ОиМ",10.05.2023 10:19:08
B1203A,INVU,мужские,металл,ободковая,прямоугольные,серый,серый,"59,0","15,0",,,,,Женский,01.11.1979,"Комсомольский,33 ОиМ",05.04.2023 10:48:59
B1205A,INVU,универсальные,металл,ободковая,капли,золотой,зеленый,"58,0","15,0",,,,,Женский,25.10.1985,"40 лет Октября,15 ОиМ",14.06.2023 13:39:08
B1205B,INVU,универсальные,металл,ободковая,капли,серебристый,серый,"58,0","15,0",,,,,Мужской,08.07.1956,"40 лет Октября,15 ОиМ",16.07.2023 15:46:54
B1205B,INVU,универсальные,металл,ободковая,капли,серебристый,серый,"58,0","15,0",,,,,Мужской,22.06.1974,"Комсомольский,33 ОиМ",29.10.2023 14:56:27
B1205B,INVU,универсальные,металл,ободковая,капли,серебристый,серый,"58,0","15,0",,,,,Женский,,"Комарова,110 ОиМ",25.06.2023 11:37:11
B1206B,INVU,мужские,металл,ободковая,капли,серебристый,серый,"57,0","17,0",,,,,Мужской,30.09.1942,"Комсомольский,33 ОиМ",03.04.2023 15:29:38
B1206B,INVU,мужские,металл,ободковая,капли,серебристый,серый,"57,0","17,0",,,,,Мужской,02.02.1984,"40 лет Октября,15 ОиМ",04.03.2023 13:24:28
B1206B,INVU,мужские,металл,ободковая,капли,серебристый,серый,"57,0","17,0",,,,,Женский,19.05.1973,"40 лет Октября,15 ОиМ",03.08.2023 19:20:50
B1206C,INVU,мужские,металл,ободковая,капли,черный,серый,"57,0","17,0",,,,,,,"40 лет Октября,15 ОиМ",29.04.2023 13:00:33
B1206C,INVU,мужские,металл,ободковая,капли,черный,серый,"57,0","17,0",,,,,,19.05.1942,"Комарова,110 ОиМ",07.03.2023 14:18:31
B1206C,INVU,мужские,металл,ободковая,капли,черный,серый,"57,0","17,0",,,,,Мужской,12.11.1966,"40 лет Октября,15 ОиМ",23.01.2023 12:05:05
B1206C,INVU,мужские,металл,ободковая,капли,черный,серый,"57,0","17,0",,,,,Женский,28.03.1940,"Комсомольский,33 ОиМ",20.04.2023 13:06:43
B1207A,INVU,универсальные,металл и пластик,ободковая,капли,серый,серый градиент,,,,,,,Мужской,28.03.1983,"40 лет Октября,15 ОиМ",11.05.2023 16:39:02
B1207A,INVU,универсальные,металл и пластик,ободковая,капли,серый,серый градиент,,,,,,,Мужской,09.03.1988,"40 лет Октября,15 ОиМ",19.02.2023 18:42:15
B1207A,INVU,универсальные,металл и пластик,ободковая,капли,серый,серый градиент,,,,,,,Мужской,03.05.1990,"40 лет Октября,15 ОиМ",20.05.2024 14:08:05
B1207A,INVU,универсальные,металл и пластик,ободковая,капли,серый,серый градиент,,,,,,,Женский,01.07.1975,"Комсомольский,33 ОиМ",06.05.2023 15:16:01
B1207B,INVU,универсальные,металл и пластик,ободковая,капли,оливковый,коричнево-зеленый градиент,,,,,,,Мужской,10.12.1991,"40 лет Октября,15 ОиМ",01.07.2024 18:48:38
B1207B,INVU,универсальные,металл и пластик,ободковая,капли,оливковый,коричнево-зеленый градиент,,,,,,,Женский,31.07.1955,"Комсомольский,33 ОиМ",10.09.2024 18:57:20
B1207B,INVU,универсальные,металл и пластик,ободковая,капли,оливковый,коричнево-зеленый градиент,,,,,,,Женский,16.06.1983,"40 лет Октября,15 ОиМ",05.04.2024 12:12:24
B1208A,INVU,универсальные,металл и пластик,ободковая,клабмастеры,,,,,,,,,Женский,29.03.1970,"Васенко,4 ОиМ",26.02.2023 17:17:50
B1209A,INVU,женские,металл и пластик,ободковая,гексагон,серый,серо-розовый градиент,,,,,,,Мужской,24.08.1959,"40 лет Октября,15 ОиМ",12.06.2024 13:19:11
B1209A,INVU,женские,металл и пластик,ободковая,гексагон,серый,серо-розовый градиент,,,,,,,Мужской,08.10.1962,"40 лет Октября,15 ОиМ",29.04.2023 12:08:33
B1209A,INVU,женские,металл и пластик,ободковая,гексагон,серый,серо-розовый градиент,,,,,,,Мужской,10.04.1972,"40 лет Октября,15 ОиМ",05.04.2023 10:22:54
B1209A,INVU,женские,металл и пластик,ободковая,гексагон,серый,серо-розовый градиент,,,,,,,Женский,05.01.1964,"Комсомольский,33 ОиМ",19.03.2023 14:19:54
B1209A,INVU,женские,металл и пластик,ободковая,гексагон,серый,серо-розовый градиент,,,,,,,Женский,22.06.1964,"40 лет Октября,15 ОиМ",28.03.2024 15:13:44
B1209A,INVU,женские,металл и пластик,ободковая,гексагон,серый,серо-розовый градиент,,,,,,,Женский,28.10.1968,"Комсомольский,33 ОиМ",11.04.2023 19:36:48
B1209A,INVU,женские,металл и пластик,ободковая,гексагон,серый,серо-розовый градиент,,,,,,,Женский,14.06.1974,"40 лет Октября,15 ОиМ",19.05.2023 13:47:55
B1209A,INVU,женские,металл и пластик,ободковая,гексагон,серый,серо-розовый градиент,,,,,,,Женский,08.02.1986,"40 лет Октября,15 ОиМ",14.03.2023 13:11:41
B1209A,INVU,женские,металл и пластик,ободковая,гексагон,серый,серо-розовый градиент,,,,,,,Женский,03.08.1989,"Комсомольский,33 ОиМ",26.06.2024 18:29:28
B1209A,INVU,женские,металл и пластик,ободковая,гексагон,серый,серо-розовый градиент,,,,,,,Женский,25.11.2011,"Васенко,4 ОиМ",02.05.2024 16:13:10
B1209A,INVU,женские,металл и пластик,ободковая,гексагон,серый,серо-розовый градиент,,,,,,,Женский,16.09.2014,"Комсомольский,33 ОиМ",03.03.2024 18:57:52
B1209B,INVU,женские,металл и пластик,ободковая,гексагон,голубой,сине-розовый градиент,,,,,,,Мужской,,"Комарова,110 ОиМ",15.07.2024 16:50:29
B1209B,INVU,женские,металл и пластик,ободковая,гексагон,голубой,сине-розовый градиент,,,,,,,Мужской,25.10.1949,"40 лет Октября,15 ОиМ",07.06.2024 12:21:36
B1209B,INVU,женские,металл и пластик,ободковая,гексагон,голубой,сине-розовый градиент,,,,,,,Мужской,27.01.1980,"40 лет Октября,15 ОиМ",17.02.2024 13:43:55
B1209B,INVU,женские,металл и пластик,ободковая,гексагон,голубой,сине-розовый градиент,,,,,,,Мужской,08.06.1983,"40 лет Октября,15 ОиМ",08.05.2024 14:37:54
B1209B,INVU,женские,металл и пластик,ободковая,гексагон,голубой,сине-розовый градиент,,,,,,,Женский,11.02.1948,"Комсомольский,33 ОиМ",23.05.2024 13:47:31
B1209B,INVU,женские,металл и пластик,ободковая,гексагон,голубой,сине-розовый градиент,,,,,,,Женский,22.11.1965,"Васенко,4 ОиМ",27.07.2024 11:48:10
B1209B,INVU,женские,металл и пластик,ободковая,гексагон,голубой,сине-розовый градиент,,,,,,,Женский,02.05.1977,"Комсомольский,33 ОиМ",14.04.2023 16:54:55
B1209B,INVU,женские,металл и пластик,ободковая,гексагон,голубой,сине-розовый градиент,,,,,,,Женский,06.01.1978,"40 лет Октября,15 ОиМ",27.02.2023 17:14:39
B1209B,INVU,женские,металл и пластик,ободковая,гексагон,голубой,сине-розовый градиент,,,,,,,Женский,05.03.1978,"Комарова,110 ОиМ",24.05.2023 13:42:14
B1209B,INVU,женские,металл и пластик,ободковая,гексагон,голубой,сине-розовый градиент,,,,,,,Женский,13.06.1980,"40 лет Октября,15 ОиМ",25.04.2023 18:54:36
B1209B,INVU,женские,металл и пластик,ободковая,гексагон,голубой,сине-розовый градиент,,,,,,,Женский,17.03.1983,"40 лет Октября,15 ОиМ",18.05.2023 13:18:57
B1209B,INVU,женские,металл и пластик,ободковая,гексагон,голубой,сине-розовый градиент,,,,,,,Женский,17.01.1990,"Комсомольский,33 ОиМ",08.03.2023 12:26:40
B1209B,INVU,женские,металл и пластик,ободковая,гексагон,голубой,сине-розовый градиент,,,,,,,Женский,07.06.1990,"40 лет Октября,15 ОиМ",12.03.2024 16:41:08
B1209B,INVU,женские,металл и пластик,ободковая,гексагон,голубой,сине-розовый градиент,,,,,,,Женский,22.05.1991,"Васенко,4 ОиМ",05.05.2023 15:45:22
B1209B,INVU,женские,металл и пластик,ободковая,гексагон,голубой,сине-розовый градиент,,,,,,,Женский,05.07.1996,"Комарова,110 ОиМ",29.03.2023 10:57:47
B1209C,INVU,женские,металл и пластик,ободковая,гексагон,коричневый/золотой,коричневый градиент,,,,,,,Мужской,29.03.1958,"Васенко,4 ОиМ",04.04.2024 12:01:31
B1209C,INVU,женские,металл и пластик,ободковая,гексагон,коричневый/золотой,коричневый градиент,,,,,,,Мужской,11.01.1973,"40 лет Октября,15 ОиМ",02.05.2024 12:48:00
B1209C,INVU,женские,металл и пластик,ободковая,гексагон,коричневый/золотой,коричневый градиент,,,,,,,Мужской,16.10.1981,"Комсомольский,33 ОиМ",04.04.2023 11:41:48
B1209C,INVU,женские,металл и пластик,ободковая,гексагон,коричневый/золотой,коричневый градиент,,,,,,,Мужской,09.04.2008,"Комсомольский,33 ОиМ",19.03.2023 12:45:12
B1209C,INVU,женские,металл и пластик,ободковая,гексагон,коричневый/золотой,коричневый градиент,,,,,,,Женский,03.03.1960,"40 лет Октября,15 ОиМ",16.03.2023 9:48:22
B1209C,INVU,женские,металл и пластик,ободковая,гексагон,коричневый/золотой,коричневый градиент,,,,,,,Женский,11.04.1960,"Комсомольский,33 ОиМ",20.03.2024 14:13:17
B1209C,INVU,женские,металл и пластик,ободковая,гексагон,коричневый/золотой,коричневый градиент,,,,,,,Женский,07.04.1963,"Комарова,110 ОиМ",17.04.2023 12:44:08
B1209C,INVU,женские,металл и пластик,ободковая,гексагон,коричневый/золотой,коричневый градиент,,,,,,,Женский,22.06.1965,"Комсомольский,33 ОиМ",09.03.2024 12:59:11
B1209C,INVU,женские,металл и пластик,ободковая,гексагон,коричневый/золотой,коричневый градиент,,,,,,,Женский,11.10.1966,"40 лет Октября,15 ОиМ",18.04.2023 13:40:03
B1209C,INVU,женские,металл и пластик,ободковая,гексагон,коричневый/золотой,коричневый градиент,,,,,,,Женский,23.01.1968,"Комсомольский,33 ОиМ",10.05.2023 13:05:48
B1209C,INVU,женские,металл и пластик,ободковая,гексагон,коричневый/золотой,коричневый градиент,,,,,,,Женский,14.02.1975,"Комсомольский,33 ОиМ",08.04.2023 17:29:06
B1209C,INVU,женские,металл и пластик,ободковая,гексагон,коричневый/золотой,коричневый градиент,,,,,,,Женский,19.03.1983,"40 лет Октября,15 ОиМ",12.06.2024 18:44:52
B1209C,INVU,женские,металл и пластик,ободковая,гексагон,коричневый/золотой,коричневый градиент,,,,,,,Женский,25.02.1991,"40 лет Октября,15 ОиМ",24.04.2024 12:37:37
B1209C,INVU,женские,металл и пластик,ободковая,гексагон,коричневый/золотой,коричневый градиент,,,,,,,Женский,20.07.2020,"Комсомольский,33 ОиМ",11.05.2024 9:42:02
B1210A,INVU,женские,металл и пластик,ободковая,гексагон,черный,серый градиент,"52,0","20,0",,,,,Мужской,04.03.1973,"Комарова,110 ОиМ",15.06.2023 20:10:23
B1210A,INVU,женские,металл и пластик,ободковая,гексагон,черный,серый градиент,"52,0","20,0",,,,,Мужской,24.05.1979,"40 лет Октября,15 ОиМ",08.03.2024 18:44:21
B1210A,INVU,женские,металл и пластик,ободковая,гексагон,черный,серый градиент,"52,0","20,0",,,,,Мужской,27.09.2012,"40 лет Октября,15 ОиМ",03.06.2023 10:47:01
B1210A,INVU,женские,металл и пластик,ободковая,гексагон,черный,серый градиент,"52,0","20,0",,,,,Женский,24.02.1968,"Васенко,4 ОиМ",01.07.2023 15:02:00
B1210A,INVU,женские,металл и пластик,ободковая,гексагон,черный,серый градиент,"52,0","20,0",,,,,Женский,28.10.1968,"Комсомольский,33 ОиМ",11.04.2023 19:36:48
B1210A,INVU,женские,металл и пластик,ободковая,гексагон,черный,серый градиент,"52,0","20,0",,,,,Женский,28.05.1992,"Комсомольский,33 ОиМ",02.06.2023 9:36:00
B1210B,INVU,женские,металл и пластик,ободковая,гексагон,коричневый,зеленый градиент,"52,0","20,0",,,,,Женский,04.06.1965,"40 лет Октября,15 ОиМ",02.08.2023 15:16:19
B1210B,INVU,женские,металл и пластик,ободковая,гексагон,коричневый,зеленый градиент,"52,0","20,0",,,,,Женский,19.01.1967,"Васенко,4 ОиМ",02.04.2023 17:22:52
B1210B,INVU,женские,металл и пластик,ободковая,гексагон,коричневый,зеленый градиент,"52,0","20,0",,,,,Женский,30.12.1972,"Комарова,110 ОиМ",10.05.2023 10:50:36
B1210B,INVU,женские,металл и пластик,ободковая,гексагон,коричневый,зеленый градиент,"52,0","20,0",,,,,Женский,18.05.1978,"40 лет Октября,15 ОиМ",11.05.2023 16:28:59
B1210B,INVU,женские,металл и пластик,ободковая,гексагон,коричневый,зеленый градиент,"52,0","20,0",,,,,Женский,22.02.1988,"Васенко,4 ОиМ",03.06.2023 18:00:14
B1210B,INVU,женские,металл и пластик,ободковая,гексагон,коричневый,зеленый градиент,"52,0","20,0",,,,,Женский,07.07.1988,"40 лет Октября,15 ОиМ",24.03.2023 10:20:37
B1211B,INVU,женские,металл,ободковая,квадратные,золотой,серый градиент,"56,0","17,0",,,,,Мужской,23.08.1974,"40 лет Октября,15 ОиМ",15.07.2023 18:46:54
B1211B,INVU,женские,металл,ободковая,квадратные,золотой,серый градиент,"56,0","17,0",,,,,Женский,14.06.1974,"40 лет Октября,15 ОиМ",19.05.2023 13:47:55
B1211B,INVU,женские,металл,ободковая,квадратные,золотой,серый градиент,"56,0","17,0",,,,,Женский,17.04.1976,"Комсомольский,33 ОиМ",06.04.2024 18:22:34
B1211B,INVU,женские,металл,ободковая,квадратные,золотой,серый градиент,"56,0","17,0",,,,,Женский,04.11.1978,"Комсомольский,33 ОиМ",05.04.2023 11:31:26
B1211B,INVU,женские,металл,ободковая,квадратные,золотой,серый градиент,"56,0","17,0",,,,,Женский,17.02.1988,"Комарова,110 ОиМ",26.04.2023 16:25:58
B1211C,INVU,женские,металл,ободковая,квадратные,,,,,,,,,Мужской,10.10.2000,"40 лет Октября,15 ОиМ",15.05.2023 19:11:18
B1211C,INVU,женские,металл,ободковая,квадратные,,,,,,,,,Женский,14.07.1983,"Комсомольский,33 ОиМ",18.01.2023 14:39:37
B1301A,INVU,мужские,металл,ободковая,квадратные,,,,,,,,,Мужской,18.05.1955,"40 лет Октября,15 ОиМ",15.03.2023 9:30:41
B1301A,INVU,мужские,металл,ободковая,квадратные,,,,,,,,,Мужской,26.05.1963,"Комсомольский,33 ОиМ",27.05.2023 13:27:37
B1301A,INVU,мужские,металл,ободковая,квадратные,,,,,,,,,Мужской,08.08.1979,"Васенко,4 ОиМ",13.06.2023 18:01:24
B1301A,INVU,мужские,металл,ободковая,квадратные,,,,,,,,,Женский,03.09.1981,"40 лет Октября,15 ОиМ",04.06.2023 14:06:23
B1301B,INVU,мужские,металл,ободковая,квадратные,,,,,,,,,Мужской,20.05.1968,"Васенко,4 ОиМ",03.05.2023 11:45:23
B1301B,INVU,мужские,металл,ободковая,квадратные,,,,,,,,,Женский,30.11.1965,"40 лет Октября,15 ОиМ",09.06.2023 18:21:30
B1301B,INVU,мужские,металл,ободковая,квадратные,,,,,,,,,Женский,26.08.1988,"40 лет Октября,15 ОиМ",05.03.2023 15:22:09
B1303A,INVU,женские,металл,ободковая,кошачий глаз,,,,,,,,,Женский,23.09.1978,"Васенко,4 ОиМ",10.05.2023 10:35:08
B1303C,INVU,женские,металл,ободковая,кошачий глаз,,,,,,,,,Женский,10.05.1985,"40 лет Октября,15 ОиМ",17.03.2023 13:38:33
B1304A,INVU,универсальные,металл,ободковая,капли,,,,,,,,,Мужской,15.12.1961,"Васенко,4 ОиМ",02.07.2023 13:29:22
B1304A,INVU,универсальные,металл,ободковая,капли,,,,,,,,,Женский,28.07.1966,"Васенко,4 ОиМ",12.03.2023 14:40:16
B1304A,INVU,универсальные,металл,ободковая,капли,,,,,,,,,Женский,13.06.1978,"Комсомольский,33 ОиМ",25.09.2023 9:17:39
B1304B,INVU,универсальные,металл,ободковая,капли,синий,серо-синий,,,,,,,Мужской,01.06.1969,"Васенко,4 ОиМ",13.06.2023 17:54:56
B1304B,INVU,универсальные,металл,ободковая,капли,синий,серо-синий,,,,,,,Мужской,10.02.2000,"40 лет Октября,15 ОиМ",13.04.2023 13:39:01
B1304B,INVU,универсальные,металл,ободковая,капли,синий,серо-синий,,,,,,,Мужской,10.02.2000,"40 лет Октября,15 ОиМ",21.07.2023 20:11:29
B1304B,INVU,универсальные,металл,ободковая,капли,синий,серо-синий,,,,,,,Женский,04.09.1954,"Комсомольский,33 ОиМ",12.05.2023 10:03:01
B1305A,INVU,мужские,металл,ободковая,прямоугольные,,,,,,,,,Мужской,01.02.1984,"Васенко,4 ОиМ",14.10.2023 16:28:35
B1305A,INVU,мужские,металл,ободковая,прямоугольные,,,,,,,,,Женский,07.09.1974,"Комсомольский,33 ОиМ",06.06.2023 16:00:42
B1305B,INVU,мужские,металл,ободковая,прямоугольные,,,,,,,,,Мужской,29.11.1963,"Комсомольский,33 ОиМ",24.02.2023 11:36:03
B1305B,INVU,мужские,металл,ободковая,прямоугольные,,,,,,,,,Мужской,12.08.1976,"40 лет Октября,15 ОиМ",22.02.2023 17:36:37
B1305B,INVU,мужские,металл,ободковая,прямоугольные,,,,,,,,,Мужской,13.10.1983,"40 лет Октября,15 ОиМ",25.05.2023 15:43:49
B1308A,INVU,мужские,металл,ободковая,трапеция,серый,коричневый,,,,,,,Мужской,08.01.1959,"40 лет Октября,15 ОиМ",15.05.2024 12:26:53
B1308A,INVU,мужские,металл,ободковая,трапеция,серый,коричневый,,,,,,,Мужской,31.12.1991,"40 лет Октября,15 ОиМ",06.04.2024 16:22:20
B1308A,INVU,мужские,металл,ободковая,трапеция,серый,коричневый,,,,,,,Женский,22.09.1962,"40 лет Октября,15 ОиМ",24.06.2024 18:53:51
B1308B,INVU,мужские,металл,ободковая,трапеция,черный,серый градиент,,,,,,,Мужской,30.11.1969,"Васенко,4 ОиМ",20.03.2024 12:19:57
B1308B,INVU,мужские,металл,ободковая,трапеция,черный,серый градиент,,,,,,,Мужской,30.11.1969,"Комсомольский,33 ОиМ",18.07.2024 18:19:20
B1308B,INVU,мужские,металл,ободковая,трапеция,черный,серый градиент,,,,,,,Мужской,21.10.1976,"40 лет Октября,15 ОиМ",08.06.2024 11:40:26
B1308B,INVU,мужские,металл,ободковая,трапеция,черный,серый градиент,,,,,,,Мужской,13.10.1979,"40 лет Октября,15 ОиМ",17.03.2023 17:58:53
B1308B,INVU,мужские,металл,ободковая,трапеция,черный,серый градиент,,,,,,,Мужской,20.09.1981,"40 лет Октября,15 ОиМ",02.03.2024 11:56:45
B1308B,INVU,мужские,металл,ободковая,трапеция,черный,серый градиент,,,,,,,Мужской,19.09.1986,"Васенко,4 ОиМ",09.03.2023 13:12:10
B1308B,INVU,мужские,металл,ободковая,трапеция,черный,серый градиент,,,,,,,Мужской,14.01.1988,"40 лет Октября,15 ОиМ",26.02.2023 13:55:16
B1308B,INVU,мужские,металл,ободковая,трапеция,черный,серый градиент,,,,,,,Женский,11.05.1972,"40 лет Октября,15 ОиМ",15.04.2023 16:57:53
B1308B,INVU,мужские,металл,ободковая,трапеция,черный,серый градиент,,,,,,,Женский,10.05.1979,"40 лет Октября,15 ОиМ",03.06.2023 12:40:31
B1308B,INVU,мужские,металл,ободковая,трапеция,черный,серый градиент,,,,,,,Женский,02.11.2005,"40 лет Октября,15 ОиМ",08.05.2023 17:27:45
B1308B,INVU,мужские,металл,ободковая,трапеция,черный,серый градиент,,,,,,,Женский,29.04.2018,"Комарова,110 ОиМ",22.03.2024 12:27:21
B1309A,INVU,мужские,металл,ободковая,прямоугольные,черный,серый,,,,,,,Мужской,14.10.1968,"Комсомольский,33 ОиМ",23.07.2024 13:36:34
B1310A,INVU,мужские,металл,ободковая,капли,черный,серый,,,,,,,Мужской,24.08.1959,"40 лет Октября,15 ОиМ",12.06.2024 13:19:11
B1310A,INVU,мужские,металл,ободковая,капли,черный,серый,,,,,,,Мужской,12.02.1975,"Васенко,4 ОиМ",21.06.2023 15:33:19
B1310A,INVU,мужские,металл,ободковая,капли,черный,серый,,,,,,,Мужской,30.11.1975,"Комсомольский,33 ОиМ",28.07.2024 12:52:58
B1310A,INVU,мужские,металл,ободковая,капли,черный,серый,,,,,,,Мужской,24.12.1982,"40 лет Октября,15 ОиМ",04.04.2024 9:28:01
B1310A,INVU,мужские,металл,ободковая,капли,черный,серый,,,,,,,Мужской,24.04.1986,"Комсомольский,33 ОиМ",30.07.2023 11:45:45
B1310A,INVU,мужские,металл,ободковая,капли,черный,серый,,,,,,,Мужской,21.07.1995,"40 лет Октября,15 ОиМ",06.05.2023 10:03:11
B1310A,INVU,мужские,металл,ободковая,капли,черный,серый,,,,,,,Женский,28.03.1979,"40 лет Октября,15 ОиМ",08.03.2023 19:59:01
B1310A,INVU,мужские,металл,ободковая,капли,черный,серый,,,,,,,Женский,19.01.1987,"40 лет Октября,15 ОиМ",21.03.2024 11:28:05
B1310A,INVU,мужские,металл,ободковая,капли,черный,серый,,,,,,,Женский,16.09.1987,"Комарова,110 ОиМ",04.04.2024 13:16:46
B1310B,INVU,мужские,металл,ободковая,капли,серый,серый,,,,,,,Мужской,23.10.1952,"40 лет Октября,15 ОиМ",09.02.2023 18:10:42
B1310B,INVU,мужские,металл,ободковая,капли,серый,серый,,,,,,,Мужской,28.11.1956,"40 лет Октября,15 ОиМ",31.03.2023 18:17:37
B1310B,INVU,мужские,металл,ободковая,капли,серый,серый,,,,,,,Мужской,20.01.1968,"Васенко,4 ОиМ",07.05.2023 13:16:40
B1310B,INVU,мужские,металл,ободковая,капли,серый,серый,,,,,,,Мужской,17.04.1968,"Комсомольский,33 ОиМ",22.09.2023 13:10:52
B1310B,INVU,мужские,металл,ободковая,капли,серый,серый,,,,,,,Мужской,10.04.1984,"Васенко,4 ОиМ",08.04.2023 15:59:00
B1310B,INVU,мужские,металл,ободковая,капли,серый,серый,,,,,,,Женский,10.02.1953,"Комсомольский,33 ОиМ",01.09.2024 14:39:36
B1310B,INVU,мужские,металл,ободковая,капли,серый,серый,,,,,,,Женский,06.05.1955,"40 лет Октября,15 ОиМ",28.04.2023 15:28:57
B1310B,INVU,мужские,металл,ободковая,капли,серый,серый,,,,,,,Женский,16.03.1969,"Комарова,110 ОиМ",15.07.2023 9:12:29
B1310B,INVU,мужские,металл,ободковая,капли,серый,серый,,,,,,,Женский,12.09.1975,"40 лет Октября,15 ОиМ",21.02.2024 11:41:53
B1310C,INVU,мужские,металл,ободковая,капли,серый,серый,,,,,,,Мужской,03.10.1961,"Комсомольский,33 ОиМ",07.07.2024 10:59:48
B1310C,INVU,мужские,металл,ободковая,капли,серый,серый,,,,,,,Женский,05.03.1985,"40 лет Октября,15 ОиМ",05.07.2024 16:34:32
B1310C,INVU,мужские,металл,ободковая,капли,серый,серый,,,,,,,Женский,21.09.1985,"40 лет Октября,15 ОиМ",23.03.2024 15:28:43
B1311B,INVU,универсальные,металл,ободковая,панто,,,,,,,,,Мужской,12.03.1962,"40 лет Октября,15 ОиМ",02.05.2023 11:50:47
B1311B,INVU,универсальные,металл,ободковая,панто,,,,,,,,,Мужской,26.06.1971,"40 лет Октября,15 ОиМ",09.04.2023 11:11:47
B1311B,INVU,универсальные,металл,ободковая,панто,,,,,,,,,Мужской,09.06.1979,"Комсомольский,33 ОиМ",08.05.2023 15:26:33
B1311B,INVU,универсальные,металл,ободковая,панто,,,,,,,,,Женский,17.05.1988,"Комсомольский,33 ОиМ",31.03.2023 9:10:16
B1311C,INVU,универсальные,металл,ободковая,панто,черный,серый,,,,,,,Мужской,01.05.1971,"Васенко,4 ОиМ",04.03.2023 13:03:52
B1311C,INVU,универсальные,металл,ободковая,панто,черный,серый,,,,,,,Мужской,01.05.1971,"Васенко,4 ОиМ",30.12.2023 14:37:58
B1311C,INVU,универсальные,металл,ободковая,панто,черный,серый,,,,,,,Женский,25.06.1950,"Комсомольский,33 ОиМ",29.01.2024 13:38:45
B1311C,INVU,универсальные,металл,ободковая,панто,черный,серый,,,,,,,Женский,28.07.1974,"Комсомольский,33 ОиМ",03.06.2024 17:43:24
B1311C,INVU,универсальные,металл,ободковая,панто,черный,серый,,,,,,,Женский,19.06.1976,"40 лет Октября,15 ОиМ",29.05.2023 18:19:48
B1311C,INVU,универсальные,металл,ободковая,панто,черный,серый,,,,,,,Женский,19.11.2001,"40 лет Октября,15 ОиМ",01.06.2024 11:51:48
B1315A,INVU,женские,металл,ободковая,гексагон,,,,,,,,,Мужской,20.05.1968,"Васенко,4 ОиМ",03.05.2023 11:45:23
B1315A,INVU,женские,металл,ободковая,гексагон,,,,,,,,,Женский,23.03.1966,"40 лет Октября,15 ОиМ",03.03.2023 16:12:59
B1315A,INVU,женские,металл,ободковая,гексагон,,,,,,,,,Женский,01.07.1971,"40 лет Октября,15 ОиМ",23.05.2023 10:40:55
B1315A,INVU,женские,металл,ободковая,гексагон,,,,,,,,,Женский,22.06.1986,"40 лет Октября,15 ОиМ",08.02.2023 11:21:28
B1315A,INVU,женские,металл,ободковая,гексагон,,,,,,,,,Женский,25.03.1998,"Комсомольский,33 ОиМ",02.07.2023 15:04:00
B1315B,INVU,женские,металл,ободковая,гексагон,,,,,,,,,Женский,25.07.1952,"40 лет Октября,15 ОиМ",05.05.2023 11:51:06
B1315B,INVU,женские,металл,ободковая,гексагон,,,,,,,,,Женский,08.07.1970,"Комарова,110 ОиМ",16.03.2023 17:28:57
B1315B,INVU,женские,металл,ободковая,гексагон,,,,,,,,,Женский,23.01.1975,"Комсомольский,33 ОиМ",08.04.2023 17:59:45
B1315B,INVU,женские,металл,ободковая,гексагон,,,,,,,,,Женский,29.01.1983,"Комарова,110 ОиМ",13.04.2023 15:38:40
B1315B,INVU,женские,металл,ободковая,гексагон,,,,,,,,,Женский,01.06.1987,"Васенко,4 ОиМ",14.04.2023 11:29:11
B1316A,INVU,женские,металл,ободковая,бабочка,,,,,,,,,Мужской,17.01.1987,"Комсомольский,33 ОиМ",29.12.2023 19:00:23
B1316A,INVU,женские,металл,ободковая,бабочка,,,,,,,,,Женский,13.08.1964,"40 лет Октября,15 ОиМ",30.04.2023 17:29:17
B1316A,INVU,женские,металл,ободковая,бабочка,,,,,,,,,Женский,07.02.1985,"40 лет Октября,15 ОиМ",23.06.2023 16:20:11
B1316A,INVU,женские,металл,ободковая,бабочка,,,,,,,,,Женский,09.06.1992,"40 лет Октября,15 ОиМ",02.07.2023 10:30:19
B1316B,INVU,женские,металл,ободковая,бабочка,,,,,,,,,Мужской,12.01.1955,"Васенко,4 ОиМ",06.03.2023 15:39:58
B1316B,INVU,женские,металл,ободковая,бабочка,,,,,,,,,Женский,14.09.1959,"Комсомольский,33 ОиМ",04.04.2023 15:19:47
B1316B,INVU,женские,металл,ободковая,бабочка,,,,,,,,,Женский,01.05.1965,"Комсомольский,33 ОиМ",29.04.2023 16:43:28
B1316B,INVU,женские,металл,ободковая,бабочка,,,,,,,,,Женский,09.09.1973,"Комарова,110 ОиМ",05.04.2023 14:31:35
B1316B,INVU,женские,металл,ободковая,бабочка,,,,,,,,,Женский,12.02.2011,"Васенко,4 ОиМ",11.05.2023 14:57:08
B1317A,INVU,женские,металл,ободковая,панто,золотой,серо-коричневый градиент,,,,,,,Женский,15.10.1946,"40 лет Октября,15 ОиМ",29.05.2024 17:30:39
B1317A,INVU,женские,металл,ободковая,панто,золотой,серо-коричневый градиент,,,,,,,Женский,01.03.1957,"40 лет Октября,15 ОиМ",09.10.2023 16:28:28
B1317A,INVU,женские,металл,ободковая,панто,золотой,серо-коричневый градиент,,,,,,,Женский,23.03.1971,"Комсомольский,33 ОиМ",20.07.2023 16:43:47
B1317A,INVU,женские,металл,ободковая,панто,золотой,серо-коричневый градиент,,,,,,,Женский,25.07.1971,"Васенко,4 ОиМ",26.04.2024 9:43:01
B1317A,INVU,женские,металл,ободковая,панто,золотой,серо-коричневый градиент,,,,,,,Женский,14.06.1972,"Комсомольский,33 ОиМ",27.03.2024 18:46:13
B1317A,INVU,женские,металл,ободковая,панто,золотой,серо-коричневый градиент,,,,,,,Женский,15.12.1973,"Васенко,4 ОиМ",22.07.2024 18:17:41
B1317A,INVU,женские,металл,ободковая,панто,золотой,серо-коричневый градиент,,,,,,,Женский,20.11.1981,"40 лет Октября,15 ОиМ",30.06.2023 16:38:25
B1317A,INVU,женские,металл,ободковая,панто,золотой,серо-коричневый градиент,,,,,,,Женский,19.01.1982,"Васенко,4 ОиМ",22.06.2024 16:52:10
B1317A,INVU,женские,металл,ободковая,панто,золотой,серо-коричневый градиент,,,,,,,Женский,04.02.1984,"40 лет Октября,15 ОиМ",07.06.2024 18:29:22
B1317A,INVU,женские,металл,ободковая,панто,золотой,серо-коричневый градиент,,,,,,,Женский,29.08.1985,"40 лет Октября,15 ОиМ",09.07.2023 12:31:55
B1317B,INVU,женские,металл,ободковая,панто,золотой,серый градиент,,,,,,,Мужской,19.02.1970,"Васенко,4 ОиМ",22.06.2024 12:09:37
B1317B,INVU,женские,металл,ободковая,панто,золотой,серый градиент,,,,,,,Мужской,17.06.1988,"40 лет Октября,15 ОиМ",04.06.2023 16:22:45
B1317B,INVU,женские,металл,ободковая,панто,золотой,серый градиент,,,,,,,Мужской,25.05.1996,"Комсомольский,33 ОиМ",02.03.2024 12:53:22
B1317B,INVU,женские,металл,ободковая,панто,золотой,серый градиент,,,,,,,Мужской,02.07.1999,"40 лет Октября,15 ОиМ",31.05.2024 17:12:40
B1317B,INVU,женские,металл,ободковая,панто,золотой,серый градиент,,,,,,,Женский,13.07.1960,"Комарова,110 ОиМ",02.08.2024 18:05:59
B1317B,INVU,женские,металл,ободковая,панто,золотой,серый градиент,,,,,,,Женский,11.10.1960,"Васенко,4 ОиМ",06.05.2023 14:38:17
B1317B,INVU,женские,металл,ободковая,панто,золотой,серый градиент,,,,,,,Женский,29.09.1969,"Комсомольский,33 ОиМ",20.03.2024 19:09:24
B1317B,INVU,женские,металл,ободковая,панто,золотой,серый градиент,,,,,,,Женский,17.02.1970,"40 лет Октября,15 ОиМ",17.05.2023 16:06:39
B1317B,INVU,женские,металл,ободковая,панто,золотой,серый градиент,,,,,,,Женский,10.10.1982,"Комсомольский,33 ОиМ",24.03.2023 12:54:49
B1317B,INVU,женские,металл,ободковая,панто,золотой,серый градиент,,,,,,,Женский,05.04.1988,"Васенко,4 ОиМ",21.07.2024 11:15:57
B1317B,INVU,женские,металл,ободковая,панто,золотой,серый градиент,,,,,,,Женский,27.04.1995,"Комарова,110 ОиМ",11.03.2023 12:33:12
B1317B,INVU,женские,металл,ободковая,панто,золотой,серый градиент,,,,,,,Женский,25.10.1999,"Васенко,4 ОиМ",02.07.2024 16:48:55
B1317C,INVU,женские,металл,ободковая,панто,серебристый,серый градиент,,,,,,,Мужской,20.02.1954,"40 лет Октября,15 ОиМ",12.07.2024 12:45:34
B1317C,INVU,женские,металл,ободковая,панто,серебристый,серый градиент,,,,,,,Мужской,01.12.1983,"40 лет Октября,15 ОиМ",23.03.2024 12:15:07
B1317C,INVU,женские,металл,ободковая,панто,серебристый,серый градиент,,,,,,,Мужской,12.12.1991,"40 лет Октября,15 ОиМ",14.03.2024 16:44:18
B1317C,INVU,женские,металл,ободковая,панто,серебристый,серый градиент,,,,,,,Мужской,31.12.1991,"40 лет Октября,15 ОиМ",06.04.2024 16:22:20
B1317C,INVU,женские,металл,ободковая,панто,серебристый,серый градиент,,,,,,,Женский,25.06.1950,"Комсомольский,33 ОиМ",05.09.2024 11:23:24
B1317C,INVU,женские,металл,ободковая,панто,серебристый,серый градиент,,,,,,,Женский,03.09.1958,"Васенко,4 ОиМ",24.08.2024 16:26:20
B1317C,INVU,женские,металл,ободковая,панто,серебристый,серый градиент,,,,,,,Женский,16.05.1969,"40 лет Октября,15 ОиМ",18.05.2024 14:41:29
B1317C,INVU,женские,металл,ободковая,панто,серебристый,серый градиент,,,,,,,Женский,22.08.1983,"Васенко,4 ОиМ",11.03.2024 11:54:55
B1318A,INVU,женские,металл,ободковая,необычные,золотой,серый градиент,,,,,,,Мужской,20.09.2001,"Комсомольский,33 ОиМ",25.08.2024 19:39:31
B1318A,INVU,женские,металл,ободковая,необычные,золотой,серый градиент,,,,,,,Женский,08.07.1973,"Васенко,4 ОиМ",09.06.2024 11:45:07
B1318A,INVU,женские,металл,ободковая,необычные,золотой,серый градиент,,,,,,,Женский,22.03.1976,"Комарова,110 ОиМ",21.04.2024 14:09:56
B1318A,INVU,женские,металл,ободковая,необычные,золотой,серый градиент,,,,,,,Женский,25.07.1979,"40 лет Октября,15 ОиМ",28.06.2024 14:37:32
B1318A,INVU,женские,металл,ободковая,необычные,золотой,серый градиент,,,,,,,Женский,19.10.1979,"40 лет Октября,15 ОиМ",17.05.2024 10:42:10
B1318A,INVU,женские,металл,ободковая,необычные,золотой,серый градиент,,,,,,,Женский,26.12.1980,"Комсомольский,33 ОиМ",19.03.2024 13:48:12
B1318B,INVU,женские,металл,ободковая,квадратные,золотой,серый градиент,,,,,,,Мужской,07.11.1976,"Васенко,4 ОиМ",03.06.2023 12:57:54
B1318B,INVU,женские,металл,ободковая,квадратные,золотой,серый градиент,,,,,,,Женский,17.04.1986,"Комсомольский,33 ОиМ",08.07.2023 16:54:53
B1318B,INVU,женские,металл,ободковая,квадратные,золотой,серый градиент,,,,,,,Женский,26.09.1988,"40 лет Октября,15 ОиМ",03.05.2023 14:00:52
B1318С,INVU,женские,металл,ободковая,квадратные,серебристый,серый градиент,,,,,,,Мужской,13.04.1961,"40 лет Октября,15 ОиМ",02.11.2024 17:32:38
B1318С,INVU,женские,металл,ободковая,квадратные,серебристый,серый градиент,,,,,,,Мужской,03.01.2009,"Комарова,110 ОиМ",14.07.2024 14:02:48
B1318С,INVU,женские,металл,ободковая,квадратные,серебристый,серый градиент,,,,,,,Женский,28.09.1986,"40 лет Октября,15 ОиМ",03.04.2024 14:30:16
B1318С,INVU,женские,металл,ободковая,квадратные,серебристый,серый градиент,,,,,,,Женский,28.01.1990,"Комсомольский,33 ОиМ",16.07.2024 16:54:50
B1318С,INVU,женские,металл,ободковая,квадратные,серебристый,серый градиент,,,,,,,Женский,02.05.2001,"40 лет Октября,15 ОиМ",09.07.2024 13:27:01
B1318С,INVU,женские,металл,ободковая,квадратные,серебристый,серый градиент,,,,,,,Женский,16.09.2002,"40 лет Октября,15 ОиМ",29.04.2024 18:03:46
B1318С,INVU,женские,металл,ободковая,квадратные,серебристый,серый градиент,,,,,,,Женский,06.05.2006,"40 лет Октября,15 ОиМ",22.02.2024 11:47:25
B1606A,INVU,мужские,металл,ободковая,капли,темно-серый,серый,,,,,,,Мужской,19.03.1951,"40 лет Октября,15 ОиМ",20.04.2023 9:04:12
B1606A,INVU,мужские,металл,ободковая,капли,темно-серый,серый,,,,,,,Мужской,04.08.1956,"40 лет Октября,15 ОиМ",23.03.2024 14:27:30
B1606A,INVU,мужские,металл,ободковая,капли,темно-серый,серый,,,,,,,Мужской,17.08.1982,"Комарова,110 ОиМ",12.05.2023 18:17:41
B1606A,INVU,мужские,металл,ободковая,капли,темно-серый,серый,,,,,,,Женский,02.03.1969,"Комсомольский,33 ОиМ",12.03.2023 11:48:55
B1606A,INVU,мужские,металл,ободковая,капли,темно-серый,серый,,,,,,,Женский,19.03.1980,"Комарова,110 ОиМ",13.06.2023 18:50:50
B1606A,INVU,мужские,металл,ободковая,капли,темно-серый,серый,,,,,,,Женский,03.06.1984,"Комарова,110 ОиМ",02.08.2023 12:24:25
B1606D,INVU,мужские,металл,ободковая,капли,коричневый,коричневый,,,,,,,Мужской,05.04.1974,"40 лет Октября,15 ОиМ",16.04.2024 12:19:08
B1606D,INVU,мужские,металл,ободковая,капли,коричневый,коричневый,,,,,,,Мужской,10.11.1987,"Комсомольский,33 ОиМ",26.04.2024 11:10:04
B1606D,INVU,мужские,металл,ободковая,капли,коричневый,коричневый,,,,,,,Мужской,03.05.1990,"40 лет Октября,15 ОиМ",20.05.2024 14:08:05
B1606D,INVU,мужские,металл,ободковая,капли,коричневый,коричневый,,,,,,,Женский,,"40 лет Октября,15 ОиМ",05.08.2023 10:27:22
B1606D,INVU,мужские,металл,ободковая,капли,коричневый,коричневый,,,,,,,Женский,18.04.1977,"40 лет Октября,15 ОиМ",12.05.2023 14:36:32
B1606D,INVU,мужские,металл,ободковая,капли,коричневый,коричневый,,,,,,,Женский,10.10.1982,"Комсомольский,33 ОиМ",09.03.2024 15:19:19
B1607E,INVU,мужские,металл,ободковая,прямоугольные,серый,серый,,,,,,,Мужской,26.11.1980,"40 лет Октября,15 ОиМ",28.05.2023 16:11:28
B1607E,INVU,мужские,металл,ободковая,прямоугольные,серый,серый,,,,,,,Мужской,13.02.1987,"Комарова,110 ОиМ",19.03.2023 11:42:31
B1607E,INVU,мужские,металл,ободковая,прямоугольные,серый,серый,,,,,,,Женский,14.12.2000,"Васенко,4 ОиМ",14.06.2023 15:56:41
B1607G,INVU,мужские,металл,ободковая,прямоугольные,черный,зеленый,,,,,,,Мужской,19.06.1976,"Комсомольский,33 ОиМ",03.06.2023 17:57:07
B1607G,INVU,мужские,металл,ободковая,прямоугольные,черный,зеленый,,,,,,,Мужской,14.04.1982,"Комсомольский,33 ОиМ",29.07.2023 19:04:04
B1607G,INVU,мужские,металл,ободковая,прямоугольные,черный,зеленый,,,,,,,Мужской,25.01.1992,"Комсомольский,33 ОиМ",01.04.2023 12:29:58
B1607G,INVU,мужские,металл,ободковая,прямоугольные,черный,зеленый,,,,,,,Женский,21.10.1948,"40 лет Октября,15 ОиМ",21.08.2023 14:11:50
B1607G,INVU,мужские,металл,ободковая,прямоугольные,черный,зеленый,,,,,,,Женский,10.01.1975,"Васенко,4 ОиМ",15.07.2023 11:18:13
B1607G,INVU,мужские,металл,ободковая,прямоугольные,черный,зеленый,,,,,,,Женский,14.08.1979,"40 лет Октября,15 ОиМ",06.06.2023 11:44:22
B1607H,INVU,мужские,металл,ободковая,прямоугольные,темно-серый,серый фотохром,,,,,,,Мужской,30.10.1974,"40 лет Октября,15 ОиМ",26.06.2024 18:00:27
B1607H,INVU,мужские,металл,ободковая,прямоугольные,темно-серый,серый фотохром,,,,,,,Женский,27.10.1966,"40 лет Октября,15 ОиМ",10.02.2024 11:26:39
B2000A,INVU,мужские,пластик,ободковая,прямоугольные,черный,серый,,,,,,,,11.12.1974,"Комсомольский,33 ОиМ",02.04.2023 12:29:38
B2000A,INVU,мужские,пластик,ободковая,прямоугольные,черный,серый,,,,,,,Мужской,31.05.1976,"Васенко,4 ОиМ",02.05.2023 13:13:30
B2000A,INVU,мужские,пластик,ободковая,прямоугольные,черный,серый,,,,,,,Мужской,18.10.1983,"40 лет Октября,15 ОиМ",23.03.2023 13:50:35
B2000A,INVU,мужские,пластик,ободковая,прямоугольные,черный,серый,,,,,,,Мужской,18.12.1984,"40 лет Октября,15 ОиМ",21.05.2023 16:37:41
B2000A,INVU,мужские,пластик,ободковая,прямоугольные,черный,серый,,,,,,,Мужской,02.07.1993,"40 лет Октября,15 ОиМ",16.07.2023 17:26:11
B2000A,INVU,мужские,пластик,ободковая,прямоугольные,черный,серый,,,,,,,Женский,19.11.1990,"Васенко,4 ОиМ",22.03.2023 17:32:15
B2035A,INVU,женские,пластик,ободковая,панто,черный,серый градиент,"55,0","17,0",140,,,,Женский,15.02.1993,"Комсомольский,33 ОиМ",20.07.2023 19:36:36
B2102F,INVU,женские,пластик,ободковая,панто,,,,,,,,,Мужской,07.08.2001,"Комсомольский,33 ОиМ",22.04.2023 14:04:18
B2102F,INVU,женские,пластик,ободковая,панто,,,,,,,,,Женский,06.12.1981,"Васенко,4 ОиМ",04.08.2023 12:59:43
B2102F,INVU,женские,пластик,ободковая,панто,,,,,,,,,Женский,27.04.1987,"40 лет Октября,15 ОиМ",04.08.2023 18:33:17
B2102F,INVU,женские,пластик,ободковая,панто,,,,,,,,,Женский,10.06.1988,"Комсомольский,33 ОиМ",23.02.2023 14:44:50
B2103A,INVU,женские,пластик,ободковая,бабочка,черный,серый,,,,,,,,20.09.1982,"40 лет Октября,15 ОиМ",12.04.2024 11:48:10
B2103C,INVU,женские,пластик,ободковая,бабочка,черный,серый,,,,,,,Мужской,08.12.2011,"Комсомольский,33 ОиМ",06.03.2023 16:07:55
B2113E,INVU,женские,пластик,ободковая,кошачий глаз,серый,серо-розовый градиент,"57,0","17,0",,,,,Женский,10.10.1951,"Комарова,110 ОиМ",14.02.2023 14:51:04
B2116A,INVU,женские,пластик,ободковая,квадратные,черный,серый,,,,,,,Мужской,13.08.1967,"Комсомольский,33 ОиМ",14.07.2023 16:58:34
B2120A,INVU,мужские,пластик,ободковая,квадратные,черный,серый,,,,,,,Мужской,17.08.1975,"40 лет Октября,15 ОиМ",12.07.2023 9:14:28
B2120A,INVU,мужские,пластик,ободковая,квадратные,черный,серый,,,,,,,Мужской,18.02.2000,"Васенко,4 ОиМ",26.05.2023 14:40:45
B2120A,INVU,мужские,пластик,ободковая,квадратные,черный,серый,,,,,,,Женский,17.07.1981,"Комарова,110 ОиМ",19.05.2023 19:37:39
B2120B,INVU,мужские,пластик,ободковая,квадратные,черный,серый,,,,,,,Мужской,,"Комсомольский,33 ОиМ",26.07.2023 13:53:36
B2120B,INVU,мужские,пластик,ободковая,квадратные,черный,серый,,,,,,,Мужской,01.12.1966,"Васенко,4 ОиМ",02.07.2023 13:57:04
B2120B,INVU,мужские,пластик,ободковая,квадратные,черный,серый,,,,,,,Мужской,23.05.1969,"Комсомольский,33 ОиМ",16.04.2023 12:09:25
B2120B,INVU,мужские,пластик,ободковая,квадратные,черный,серый,,,,,,,Мужской,30.03.1984,"Комарова,110 ОиМ",15.04.2023 14:59:33
B2120B,INVU,мужские,пластик,ободковая,квадратные,черный,серый,,,,,,,Женский,27.12.1972,"40 лет Октября,15 ОиМ",03.07.2023 11:30:30
B2205B,INVU,универсальные,пластик,ободковая,вайфайеры,черный,зеленый,,,,,,,Мужской,16.07.1937,"Васенко,4 ОиМ",23.06.2023 16:30:48
B2205B,INVU,универсальные,пластик,ободковая,вайфайеры,черный,зеленый,,,,,,,Мужской,01.10.1949,"40 лет Октября,15 ОиМ",04.01.2024 13:38:25
B2205B,INVU,универсальные,пластик,ободковая,вайфайеры,черный,зеленый,,,,,,,Мужской,06.04.1973,"40 лет Октября,15 ОиМ",20.01.2024 14:12:11
B2205B,INVU,универсальные,пластик,ободковая,вайфайеры,черный,зеленый,,,,,,,Мужской,06.02.1985,"40 лет Октября,15 ОиМ",27.06.2023 18:10:21
B2205B,INVU,универсальные,пластик,ободковая,вайфайеры,черный,зеленый,,,,,,,Женский,26.12.1980,"Комсомольский,33 ОиМ",01.04.2023 15:19:44
B2205B,INVU,универсальные,пластик,ободковая,вайфайеры,черный,зеленый,,,,,,,Женский,12.03.1987,"40 лет Октября,15 ОиМ",02.08.2023 17:53:35
B2205B,INVU,универсальные,пластик,ободковая,вайфайеры,черный,зеленый,,,,,,,Женский,12.08.2012,"Комсомольский,33 ОиМ",08.02.2024 17:37:55
B2205C,INVU,универсальные,пластик,ободковая,вайфайеры,черный,серый,"57,0","17,0",,,,,Мужской,04.09.1985,"Комсомольский,33 ОиМ",17.03.2023 12:29:43
B2205C,INVU,универсальные,пластик,ободковая,вайфайеры,черный,серый,"57,0","17,0",,,,,Женский,27.08.1951,"40 лет Октября,15 ОиМ",13.11.2023 10:22:32
B2206A,INVU,мужские,пластик,ободковая,прямоугольные,,,,,,,,,Мужской,12.02.1974,"Васенко,4 ОиМ",23.02.2023 16:52:16
B2206A,INVU,мужские,пластик,ободковая,прямоугольные,,,,,,,,,Мужской,01.02.1988,"Комсомольский,33 ОиМ",27.09.2023 14:49:37
B2206A,INVU,мужские,пластик,ободковая,прямоугольные,,,,,,,,,Мужской,26.07.1997,"40 лет Октября,15 ОиМ",22.08.2023 9:37:12
B2206B,INVU,мужские,пластик,ободковая,прямоугольные,,,,,,,,,Мужской,05.07.1970,"Комсомольский,33 ОиМ",01.09.2023 13:08:57
B2206B,INVU,мужские,пластик,ободковая,прямоугольные,,,,,,,,,Женский,26.07.1969,"Васенко,4 ОиМ",09.09.2023 14:07:23
B2212A,INVU,женские,пластик,ободковая,бабочка,серый,серый градиент,"54,0","18,0",,,,,Мужской,13.02.1987,"Комарова,110 ОиМ",19.03.2023 11:42:31
B2212B,INVU,женские,пластик,ободковая,бабочка,голубой,сине-розовый градиент,"54,0","18,0",,,,,Мужской,20.01.1968,"Васенко,4 ОиМ",07.05.2023 13:16:40
B2212B,INVU,женские,пластик,ободковая,бабочка,голубой,сине-розовый градиент,"54,0","18,0",,,,,Женский,01.07.1971,"40 лет Октября,15 ОиМ",23.05.2023 10:40:55
B2216C,INVU,женские,пластик,ободковая,бабочка,коричневый,коричневый градиент,"55,0","16,0",,,,,Женский,26.09.1944,"Комарова,110 ОиМ",28.01.2023 11:17:11
B2216D,INVU,женские,пластик,ободковая,бабочка,черный,черный градиент,,,,,,,,07.05.1971,"Комсомольский,33 ОиМ",31.01.2023 17:55:13
B2216D,INVU,женские,пластик,ободковая,бабочка,черный,черный градиент,,,,,,,,22.02.1974,"Васенко,4 ОиМ",05.02.2023 13:08:15
B2216D,INVU,женские,пластик,ободковая,бабочка,черный,черный градиент,,,,,,,Женский,30.06.1975,"40 лет Октября,15 ОиМ",10.05.2023 17:34:34
B2216D,INVU,женские,пластик,ободковая,бабочка,черный,черный градиент,,,,,,,Женский,19.01.1982,"40 лет Октября,15 ОиМ",26.07.2024 13:51:26
B2216D,INVU,женские,пластик,ободковая,бабочка,черный,черный градиент,,,,,,,Женский,22.06.1986,"40 лет Октября,15 ОиМ",08.02.2023 11:21:28
B2216E,INVU,женские,пластик,ободковая,бабочка,черный,серый градиент,,,,,,,,,"40 лет Октября,15 ОиМ",11.04.2023 15:21:52
B2216E,INVU,женские,пластик,ободковая,бабочка,черный,серый градиент,,,,,,,,12.06.1949,"40 лет Октября,15 ОиМ",01.06.2023 11:21:59
B2216E,INVU,женские,пластик,ободковая,бабочка,черный,серый градиент,,,,,,,Женский,15.07.1969,"Комсомольский,33 ОиМ",11.04.2024 15:05:35
B2216E,INVU,женские,пластик,ободковая,бабочка,черный,серый градиент,,,,,,,Женский,06.04.1971,"40 лет Октября,15 ОиМ",30.06.2024 17:26:06
B2216E,INVU,женские,пластик,ободковая,бабочка,черный,серый градиент,,,,,,,Женский,24.04.1988,"Комсомольский,33 ОиМ",28.08.2024 12:27:03
B2216E,INVU,женские,пластик,ободковая,бабочка,черный,серый градиент,,,,,,,Женский,24.05.1988,"Комарова,110 ОиМ",11.06.2023 14:45:06
B2217A,INVU,женские,пластик,ободковая,бабочка,черный,серый градиент,"56,0","16,0",,,,,Женский,16.08.1950,"Комсомольский,33 ОиМ",12.01.2023 13:05:30
B2217B,INVU,женские,пластик,ободковая,бабочка,,,,,,,,,Женский,15.08.1964,"40 лет Октября,15 ОиМ",12.02.2023 17:33:14
B2218A,INVU,женские,пластик,ободковая,бабочка,черный,серый градиент,"55,0","17,0",,,,,Женский,25.07.1956,"Комсомольский,33 ОиМ",02.06.2023 11:32:53
B2218A,INVU,женские,пластик,ободковая,бабочка,черный,серый градиент,"55,0","17,0",,,,,Женский,11.10.1958,"40 лет Октября,15 ОиМ",17.02.2023 10:14:46
B2219A,INVU,женские,пластик,ободковая,кошачий глаз,черный,серый градиент,,,,,,,Женский,21.05.1978,"40 лет Октября,15 ОиМ",07.05.2023 19:07:48
B2219A,INVU,женские,пластик,ободковая,кошачий глаз,черный,серый градиент,,,,,,,Женский,31.07.1984,"40 лет Октября,15 ОиМ",13.06.2023 9:05:07
B2219A,INVU,женские,пластик,ободковая,кошачий глаз,черный,серый градиент,,,,,,,Женский,10.07.1988,"Васенко,4 ОиМ",16.04.2023 12:34:56
B2219A,INVU,женские,пластик,ободковая,кошачий глаз,черный,серый градиент,,,,,,,Женский,11.02.1990,"40 лет Октября,15 ОиМ",09.04.2023 14:17:44
B2219B,INVU,женские,пластик,ободковая,кошачий глаз,золотой,зеленый градиент,"55,0","19,0",,,,,Женский,18.10.1981,"Комсомольский,33 ОиМ",29.03.2023 12:42:38
B2219D,INVU,женские,пластик,ободковая,кошачий глаз,,,,,,,,,Мужской,08.06.2017,"Васенко,4 ОиМ",13.06.2023 16:21:30
B2219D,INVU,женские,пластик,ободковая,кошачий глаз,,,,,,,,,Женский,05.01.1956,"40 лет Октября,15 ОиМ",03.06.2023 16:39:34
B2219D,INVU,женские,пластик,ободковая,кошачий глаз,,,,,,,,,Женский,30.10.1956,"40 лет Октября,15 ОиМ",29.12.2023 10:41:26
B2219D,INVU,женские,пластик,ободковая,кошачий глаз,,,,,,,,,Женский,05.02.1971,"Комарова,110 ОиМ",18.02.2023 18:33:12
B2219D,INVU,женские,пластик,ободковая,кошачий глаз,,,,,,,,,Женский,16.05.1972,"Комсомольский,33 ОиМ",20.05.2023 15:21:23
B2219E,INVU,женские,пластик,ободковая,кошачий глаз,,,,,,,,,Женский,,"Комарова,110 ОиМ",12.05.2023 12:30:52
B2219E,INVU,женские,пластик,ободковая,кошачий глаз,,,,,,,,,Женский,04.04.1965,"Васенко,4 ОиМ",12.05.2023 18:30:12
B2219E,INVU,женские,пластик,ободковая,кошачий глаз,,,,,,,,,Женский,13.03.1979,"40 лет Октября,15 ОиМ",01.03.2023 19:55:23
B2220A,INVU,женские,пластик,ободковая,панто,черный,серый,"50,0","20,0",,,,,Мужской,19.04.1947,"Комсомольский,33 ОиМ",20.01.2023 15:15:43
B2220A,INVU,женские,пластик,ободковая,панто,черный,серый,"50,0","20,0",,,,,Мужской,02.03.1977,"40 лет Октября,15 ОиМ",27.04.2023 18:16:22
B2226A,INVU,женские,пластик,ободковая,бабочка,черный,серый градиент,,,,,,,Женский,20.12.1954,"40 лет Октября,15 ОиМ",28.03.2023 12:09:42
B2226A,INVU,женские,пластик,ободковая,бабочка,черный,серый градиент,,,,,,,Женский,28.01.1959,"Васенко,4 ОиМ",29.06.2023 18:50:30
B2226A,INVU,женские,пластик,ободковая,бабочка,черный,серый градиент,,,,,,,Женский,05.09.1959,"Комсомольский,33 ОиМ",19.02.2023 14:26:34
B2226A,INVU,женские,пластик,ободковая,бабочка,черный,серый градиент,,,,,,,Женский,29.01.1961,"Комсомольский,33 ОиМ",29.03.2023 18:28:25
B2226A,INVU,женские,пластик,ободковая,бабочка,черный,серый градиент,,,,,,,Женский,22.07.1973,"40 лет Октября,15 ОиМ",13.04.2023 19:23:52
B2226C,INVU,женские,пластик,ободковая,бабочка,фиолетовый,коричневый градиент,"57,0","16,0",,,,,Женский,15.11.1962,"Комсомольский,33 ОиМ",06.04.2023 15:57:48
B2228A,INVU,женские,пластик,ободковая,бабочка,черный,серый,"54,0","19,0",,,,,Женский,16.05.1987,"Комсомольский,33 ОиМ",30.06.2023 16:59:45
B2228A,INVU,женские,пластик,ободковая,бабочка,черный,серый,"54,0","19,0",,,,,Женский,09.07.1995,"40 лет Октября,15 ОиМ",22.07.2023 17:27:57
B2228C,INVU,женские,пластик,ободковая,бабочка,бордовый,серый градиент,"54,0","19,0",,,,,Мужской,15.05.2012,"40 лет Октября,15 ОиМ",17.08.2023 17:37:20
B2228C,INVU,женские,пластик,ободковая,бабочка,бордовый,серый градиент,"54,0","19,0",,,,,Женский,21.02.1961,"40 лет Октября,15 ОиМ",05.04.2024 17:01:27
B2228C,INVU,женские,пластик,ободковая,бабочка,бордовый,серый градиент,"54,0","19,0",,,,,Женский,13.12.1973,"40 лет Октября,15 ОиМ",05.06.2023 11:05:30
B2228C,INVU,женские,пластик,ободковая,бабочка,бордовый,серый градиент,"54,0","19,0",,,,,Женский,02.01.1979,"Комсомольский,33 ОиМ",20.03.2023 15:29:40
B2230A,INVU,женские,пластик,ободковая,бабочка,черный,серый,"57,0","16,0",,,,,Мужской,02.04.1993,"40 лет Октября,15 ОиМ",29.04.2023 19:39:36
B2231A,INVU,женские,пластик,ободковая,бабочка,черный,серый,"57,0","17,0",,,,,Женский,23.06.1979,"Комсомольский,33 ОиМ",21.06.2023 10:30:50
B2231A,INVU,женские,пластик,ободковая,бабочка,черный,серый,"57,0","17,0",,,,,Женский,26.04.2012,"40 лет Октября,15 ОиМ",19.05.2023 11:46:33
B2231C,INVU,женские,пластик,ободковая,бабочка,,,,,,,,,Женский,13.08.1954,"40 лет Октября,15 ОиМ",28.01.2023 17:31:00
B2231C,INVU,женские,пластик,ободковая,бабочка,,,,,,,,,Женский,16.02.1976,"40 лет Октября,15 ОиМ",26.04.2023 10:20:52
B2233A,INVU,женские,пластик,ободковая,прямоугольные,,,,,,,,,Мужской,28.01.1970,"Васенко,4 ОиМ",18.03.2023 11:05:02
B2233B,INVU,женские,пластик,ободковая,прямоугольные,,,,,,,,,Мужской,15.04.1973,"Комсомольский,33 ОиМ",19.02.2023 11:08:39
B2233B,INVU,женские,пластик,ободковая,прямоугольные,,,,,,,,,Женский,09.12.1954,"Васенко,4 ОиМ",08.03.2023 14:29:58
B2234A,INVU,универсальные,пластик,ободковая,панто,,,,,,,,,Женский,07.06.1974,"40 лет Октября,15 ОиМ",15.06.2023 12:01:48
B2234B,INVU,универсальные,пластик,ободковая,панто,,,,,,,,,Женский,05.12.1992,"40 лет Октября,15 ОиМ",11.02.2023 18:00:12
B2241A,INVU,женские,пластик,ободковая,квадратные,,,,,,,,,Женский,13.07.1953,"40 лет Октября,15 ОиМ",04.12.2023 10:17:06
B2241A,INVU,женские,пластик,ободковая,квадратные,,,,,,,,,Женский,31.01.1955,"Комсомольский,33 ОиМ",19.07.2023 11:36:58
B2241A,INVU,женские,пластик,ободковая,квадратные,,,,,,,,,Женский,28.09.1961,"Васенко,4 ОиМ",01.06.2023 17:42:33
B2241A,INVU,женские,пластик,ободковая,квадратные,,,,,,,,,Женский,21.03.1963,"40 лет Октября,15 ОиМ",27.07.2023 16:59:19
B2241A,INVU,женские,пластик,ободковая,квадратные,,,,,,,,,Женский,22.11.1967,"Васенко,4 ОиМ",29.07.2023 12:16:50
B2241A,INVU,женские,пластик,ободковая,квадратные,,,,,,,,,Женский,26.03.1986,"40 лет Октября,15 ОиМ",27.04.2023 10:51:45
B2241A,INVU,женские,пластик,ободковая,квадратные,,,,,,,,,Женский,19.11.2005,"Комсомольский,33 ОиМ",14.08.2024 12:22:16
B2300A,INVU,универсальные,пластик,ободковая,вайфайеры,,,,,,,,,Мужской,21.11.1994,"40 лет Октября,15 ОиМ",06.06.2023 10:37:30
B2300B,INVU,универсальные,пластик,ободковая,вайфайеры,,,,,,,,,Мужской,10.02.1982,"Васенко,4 ОиМ",02.08.2023 19:19:03
B2300B,INVU,универсальные,пластик,ободковая,вайфайеры,,,,,,,,,Женский,01.01.1969,"40 лет Октября,15 ОиМ",21.04.2023 18:27:21
B2302A,INVU,универсальные,пластик,ободковая,прямоугольные,,,,,,,,,Женский,27.12.1953,"40 лет Октября,15 ОиМ",23.08.2023 12:48:06
B2302A,INVU,универсальные,пластик,ободковая,прямоугольные,,,,,,,,,Женский,11.05.1996,"Васенко,4 ОиМ",26.03.2023 14:47:34
B2302B,INVU,универсальные,пластик,ободковая,прямоугольные,,,,,,,,,Мужской,23.06.2011,"40 лет Октября,15 ОиМ",11.08.2023 16:15:36
B2303A,INVU,женские,пластик,ободковая,бабочка,,,,,,,,,Женский,28.11.1952,"40 лет Октября,15 ОиМ",13.03.2023 11:51:06
B2303A,INVU,женские,пластик,ободковая,бабочка,,,,,,,,,Женский,03.12.1954,"Васенко,4 ОиМ",03.04.2023 18:06:49
B2303A,INVU,женские,пластик,ободковая,бабочка,,,,,,,,,Женский,05.02.1991,"40 лет Октября,15 ОиМ",18.05.2023 10:28:45
B2304A,INVU,женские,пластик,ободковая,квадратные,,,,,,,,,Мужской,10.12.1975,"40 лет Октября,15 ОиМ",16.02.2023 17:47:55
B2304A,INVU,женские,пластик,ободковая,квадратные,,,,,,,,,Женский,10.12.1949,"40 лет Октября,15 ОиМ",08.09.2023 14:30:47
B2304A,INVU,женские,пластик,ободковая,квадратные,,,,,,,,,Женский,24.07.1962,"Комсомольский,33 ОиМ",29.07.2023 12:44:46
B2304B,INVU,женские,пластик,ободковая,квадратные,,,,,,,,,Женский,06.09.1979,"Васенко,4 ОиМ",16.06.2023 16:00:39
B2304C,INVU,женские,пластик,ободковая,квадратные,,,,,,,,,Мужской,29.10.1979,"40 лет Октября,15 ОиМ",01.03.2023 18:03:26
B2304C,INVU,женские,пластик,ободковая,квадратные,,,,,,,,,Женский,14.08.1966,"40 лет Октября,15 ОиМ",17.11.2023 12:55:30
B2304C,INVU,женские,пластик,ободковая,квадратные,,,,,,,,,Женский,31.08.1967,"Комарова,110 ОиМ",06.05.2023 10:15:45
B2306A,INVU,женские,пластик,ободковая,квадратные,,,,,,,,,Женский,27.06.1988,"40 лет Октября,15 ОиМ",21.07.2023 11:59:28
B2307A,INVU,женские,пластик,ободковая,бабочка,,,,,,,,,Женский,02.12.1953,"Комсомольский,33 ОиМ",13.02.2023 12:45:11
B2307A,INVU,женские,пластик,ободковая,бабочка,,,,,,,,,Женский,13.09.1955,"Комарова,110 ОиМ",31.03.2023 14:10:09
B2307A,INVU,женские,пластик,ободковая,бабочка,,,,,,,,,Женский,05.06.1971,"Васенко,4 ОиМ",22.04.2023 13:50:44
B2307A,INVU,женские,пластик,ободковая,бабочка,,,,,,,,,Женский,08.04.1974,"Комсомольский,33 ОиМ",10.04.2023 19:33:16
B2307A,INVU,женские,пластик,ободковая,бабочка,,,,,,,,,Женский,08.08.1983,"40 лет Октября,15 ОиМ",21.05.2023 10:57:13
B2307A,INVU,женские,пластик,ободковая,бабочка,,,,,,,,,Женский,19.03.1991,"Комсомольский,33 ОиМ",24.06.2023 17:14:30
B2307A,INVU,женские,пластик,ободковая,бабочка,,,,,,,,,Не указан,18.03.1981,"Васенко,4 ОиМ",08.03.2023 12:12:31
B2307B,INVU,женские,пластик,ободковая,бабочка,,,,,,,,,Мужской,16.05.1954,"40 лет Октября,15 ОиМ",28.05.2023 11:24:35
B2307B,INVU,женские,пластик,ободковая,бабочка,,,,,,,,,Мужской,17.12.1963,"Комсомольский,33 ОиМ",02.04.2023 13:57:40
B2307B,INVU,женские,пластик,ободковая,бабочка,,,,,,,,,Мужской,01.03.1979,"Васенко,4 ОиМ",18.03.2023 10:54:06
B2307B,INVU,женские,пластик,ободковая,бабочка,,,,,,,,,Женский,10.02.1964,"Васенко,4 ОиМ",06.04.2023 19:50:28
B2307B,INVU,женские,пластик,ободковая,бабочка,,,,,,,,,Женский,21.07.1968,"40 лет Октября,15 ОиМ",25.07.2023 16:01:20
B2307C,INVU,женские,пластик,ободковая,бабочка,,,,,,,,,Мужской,08.05.1991,"40 лет Октября,15 ОиМ",01.05.2023 17:37:52
B2307C,INVU,женские,пластик,ободковая,бабочка,,,,,,,,,Женский,21.03.2003,"Комсомольский,33 ОиМ",22.03.2023 19:47:00
B2308A,INVU,женские,пластик,ободковая,бабочка,,,,,,,,,Женский,29.01.1962,"40 лет Октября,15 ОиМ",08.03.2023 9:38:14
B2308A,INVU,женские,пластик,ободковая,бабочка,,,,,,,,,Женский,13.08.1966,"Комарова,110 ОиМ",11.03.2023 15:29:49
B2308A,INVU,женские,пластик,ободковая,бабочка,,,,,,,,,Женский,17.10.1978,"Комсомольский,33 ОиМ",25.06.2023 16:00:53
B2308B,INVU,женские,пластик,ободковая,бабочка,,,,,,,,,Мужской,04.09.2000,"40 лет Октября,15 ОиМ",20.05.2023 13:48:23
B2308B,INVU,женские,пластик,ободковая,бабочка,,,,,,,,,Мужской,30.11.2007,"Васенко,4 ОиМ",01.08.2023 17:59:02
B2308B,INVU,женские,пластик,ободковая,бабочка,,,,,,,,,Женский,10.08.1952,"Комсомольский,33 ОиМ",01.02.2023 16:07:50
B2308B,INVU,женские,пластик,ободковая,бабочка,,,,,,,,,Женский,31.03.1956,"40 лет Октября,15 ОиМ",31.03.2023 15:43:13
B2308B,INVU,женские,пластик,ободковая,бабочка,,,,,,,,,Женский,12.09.1969,"40 лет Октября,15 ОиМ",26.02.2023 18:54:52
B2308B,INVU,женские,пластик,ободковая,бабочка,,,,,,,,,Женский,26.04.1976,"Комсомольский,33 ОиМ",16.06.2023 14:46:00
B2308B,INVU,женские,пластик,ободковая,бабочка,,,,,,,,,Женский,08.11.1990,"Васенко,4 ОиМ",04.02.2023 12:47:27
B2310A,INVU,мужские,пластик,ободковая,прямоугольные,синий,серо-синий,,,,,,,Мужской,06.09.1966,"40 лет Октября,15 ОиМ",01.07.2024 15:48:49
B2310B,INVU,мужские,пластик,ободковая,прямоугольные,черный,серо-зеленый,,,,,,,Мужской,25.11.1966,"40 лет Октября,15 ОиМ",18.05.2023 9:53:59
B2310B,INVU,мужские,пластик,ободковая,прямоугольные,черный,серо-зеленый,,,,,,,Мужской,23.07.1981,"Комсомольский,33 ОиМ",26.05.2023 13:44:38
B2310B,INVU,мужские,пластик,ободковая,прямоугольные,черный,серо-зеленый,,,,,,,Мужской,14.08.1986,"Васенко,4 ОиМ",25.03.2023 11:01:45
B2310B,INVU,мужские,пластик,ободковая,прямоугольные,черный,серо-зеленый,,,,,,,Мужской,03.09.1990,"40 лет Октября,15 ОиМ",20.06.2024 13:40:53
B2310B,INVU,мужские,пластик,ободковая,прямоугольные,черный,серо-зеленый,,,,,,,Мужской,01.03.1991,"Комсомольский,33 ОиМ",31.05.2024 19:48:07
B2310C,INVU,мужские,пластик,ободковая,прямоугольные,,,,,,,,,Мужской,01.02.1987,"40 лет Октября,15 ОиМ",30.08.2023 15:09:08
B2310C,INVU,мужские,пластик,ободковая,прямоугольные,,,,,,,,,Женский,05.10.2010,"Васенко,4 ОиМ",12.07.2023 16:18:47
B2311A,INVU,женские,пластик,ободковая,бабочка,,,,,,,,,Мужской,31.01.1975,"Комсомольский,33 ОиМ",23.05.2023 12:24:52
B2311A,INVU,женские,пластик,ободковая,бабочка,,,,,,,,,Мужской,25.08.1978,"Васенко,4 ОиМ",20.07.2023 19:20:08
B2311A,INVU,женские,пластик,ободковая,бабочка,,,,,,,,,Женский,14.09.1986,"40 лет Октября,15 ОиМ",17.07.2023 19:32:32
B2311A,INVU,женские,пластик,ободковая,бабочка,,,,,,,,,Женский,31.01.1987,"Комсомольский,33 ОиМ",18.03.2023 13:43:02
B2311B,INVU,женские,пластик,ободковая,бабочка,,,,,,,,,Женский,10.03.1978,"40 лет Октября,15 ОиМ",17.03.2023 17:18:34
B2311B,INVU,женские,пластик,ободковая,бабочка,,,,,,,,,Женский,03.12.1992,"40 лет Октября,15 ОиМ",18.08.2023 14:46:34
B2311C,INVU,женские,пластик,ободковая,бабочка,,,,,,,,,Мужской,05.04.1983,"Васенко,4 ОиМ",30.06.2023 14:10:00
B2311C,INVU,женские,пластик,ободковая,бабочка,,,,,,,,,Женский,12.06.1963,"Комсомольский,33 ОиМ",05.06.2023 18:07:44
B2311C,INVU,женские,пластик,ободковая,бабочка,,,,,,,,,Женский,10.05.1979,"40 лет Октября,15 ОиМ",03.06.2023 12:40:31
B2311C,INVU,женские,пластик,ободковая,бабочка,,,,,,,,,Женский,27.03.1983,"Комсомольский,33 ОиМ",04.03.2023 9:20:25
B2312A,INVU,женские,пластик,ободковая,бабочка,,,,,,,,,Женский,12.05.1954,"Комарова,110 ОиМ",28.04.2023 11:45:34
B2312A,INVU,женские,пластик,ободковая,бабочка,,,,,,,,,Женский,16.06.1966,"Васенко,4 ОиМ",29.05.2023 14:28:24
B2312A,INVU,женские,пластик,ободковая,бабочка,,,,,,,,,Женский,28.06.1967,"40 лет Октября,15 ОиМ",23.02.2023 11:25:46
B2312A,INVU,женские,пластик,ободковая,бабочка,,,,,,,,,Женский,22.03.1981,"Комсомольский,33 ОиМ",22.07.2023 12:14:52
B2312A,INVU,женские,пластик,ободковая,бабочка,,,,,,,,,Женский,01.11.1990,"Комарова,110 ОиМ",06.04.2023 16:17:30
B2312A,INVU,женские,пластик,ободковая,бабочка,,,,,,,,,Женский,22.08.1991,"40 лет Октября,15 ОиМ",02.05.2023 19:27:20
B2312A,INVU,женские,пластик,ободковая,бабочка,,,,,,,,,Женский,09.02.1994,"Комсомольский,33 ОиМ",09.07.2023 11:53:39
B2312A,INVU,женские,пластик,ободковая,бабочка,,,,,,,,,Женский,09.02.2010,"40 лет Октября,15 ОиМ",12.02.2023 15:11:53
B2312B,INVU,женские,пластик,ободковая,бабочка,,,,,,,,,Женский,11.01.1936,"40 лет Октября,15 ОиМ",23.05.2023 10:48:05
B2314A,INVU,мужские,пластик,ободковая,квадратные,черный,серый,,,,,,,,23.04.1969,"Комсомольский,33 ОиМ",31.03.2023 13:25:25
B2314A,INVU,мужские,пластик,ободковая,квадратные,черный,серый,,,,,,,Мужской,11.10.1970,"40 лет Октября,15 ОиМ",16.05.2024 10:26:34
B2314A,INVU,мужские,пластик,ободковая,квадратные,черный,серый,,,,,,,Мужской,02.12.1976,"Васенко,4 ОиМ",14.05.2023 17:35:49
B2314A,INVU,мужские,пластик,ободковая,квадратные,черный,серый,,,,,,,Мужской,28.06.1983,"40 лет Октября,15 ОиМ",04.04.2024 14:26:36
B2314A,INVU,мужские,пластик,ободковая,квадратные,черный,серый,,,,,,,Женский,07.09.1950,"Комсомольский,33 ОиМ",24.07.2023 10:30:41
B2314A,INVU,мужские,пластик,ободковая,квадратные,черный,серый,,,,,,,Женский,13.09.1955,"Комсомольский,33 ОиМ",13.05.2024 13:03:12
B2314A,INVU,мужские,пластик,ободковая,квадратные,черный,серый,,,,,,,Женский,25.08.1962,"40 лет Октября,15 ОиМ",27.06.2023 17:59:21
B2314A,INVU,мужские,пластик,ободковая,квадратные,черный,серый,,,,,,,Женский,06.01.1967,"40 лет Октября,15 ОиМ",15.06.2024 14:12:30
B2314A,INVU,мужские,пластик,ободковая,квадратные,черный,серый,,,,,,,Женский,22.05.1972,"Васенко,4 ОиМ",19.05.2024 17:54:25
B2314A,INVU,мужские,пластик,ободковая,квадратные,черный,серый,,,,,,,Женский,07.01.1988,"Васенко,4 ОиМ",03.05.2024 18:21:27
B2314B,INVU,мужские,пластик,ободковая,квадратные,,,,,,,,,Мужской,25.08.1978,"Васенко,4 ОиМ",08.08.2023 11:40:01
B2314B,INVU,мужские,пластик,ободковая,квадратные,,,,,,,,,Мужской,01.06.2015,"40 лет Октября,15 ОиМ",10.07.2023 14:56:05
B2314B,INVU,мужские,пластик,ободковая,квадратные,,,,,,,,,Женский,09.06.1939,"Комсомольский,33 ОиМ",13.08.2023 15:36:51
B2316A,INVU,женские,пластик,ободковая,бабочка,,,,,,,,,Мужской,24.02.1974,"Васенко,4 ОиМ",11.08.2023 17:06:09
B2316A,INVU,женские,пластик,ободковая,бабочка,,,,,,,,,Женский,23.02.1956,"Комсомольский,33 ОиМ",19.05.2023 13:51:43
B2316A,INVU,женские,пластик,ободковая,бабочка,,,,,,,,,Женский,03.01.1960,"40 лет Октября,15 ОиМ",07.07.2023 11:26:44
B2318A,INVU,женские,пластик,ободковая,бабочка,,,,,,,,,Мужской,14.11.1990,"Васенко,4 ОиМ",26.05.2023 17:26:49
B2318A,INVU,женские,пластик,ободковая,бабочка,,,,,,,,,Женский,19.07.1962,"Комсомольский,33 ОиМ",30.06.2023 11:15:37
B2318A,INVU,женские,пластик,ободковая,бабочка,,,,,,,,,Женский,16.03.1969,"Комарова,110 ОиМ",15.07.2023 9:12:29
B2318B,INVU,женские,пластик,ободковая,бабочка,,,,,,,,,Мужской,06.11.1986,"40 лет Октября,15 ОиМ",16.03.2023 15:57:26
B2319A,INVU,женские,пластик,ободковая,бабочка,,,,,,,,,Женский,10.12.1963,"Комарова,110 ОиМ",04.05.2023 17:16:58
B2319A,INVU,женские,пластик,ободковая,бабочка,,,,,,,,,Женский,06.08.1966,"Васенко,4 ОиМ",27.06.2023 14:45:03
B2319A,INVU,женские,пластик,ободковая,бабочка,,,,,,,,,Женский,01.06.1975,"40 лет Октября,15 ОиМ",17.05.2023 17:56:09
B2319A,INVU,женские,пластик,ободковая,бабочка,,,,,,,,,Женский,28.03.1982,"Комсомольский,33 ОиМ",01.04.2023 13:52:14
B2319B,INVU,женские,пластик,ободковая,бабочка,,,,,,,,,Женский,25.02.1962,"Васенко,4 ОиМ",11.02.2023 12:23:35
B2319B,INVU,женские,пластик,ободковая,бабочка,,,,,,,,,Женский,07.04.1979,"40 лет Октября,15 ОиМ",20.04.2023 12:26:07
B2319B,INVU,женские,пластик,ободковая,бабочка,,,,,,,,,Женский,18.07.1985,"Комсомольский,33 ОиМ",29.04.2023 17:31:31
B2319B,INVU,женские,пластик,ободковая,бабочка,,,,,,,,,Женский,02.04.1987,"Васенко,4 ОиМ",14.07.2023 19:13:02
B2320A,INVU,женские,пластик,ободковая,бабочка,,,,,,,,,Женский,08.05.1981,"40 лет Октября,15 ОиМ",30.05.2023 12:51:43
B2321A,INVU,универсальные,пластик,ободковая,вайфайеры,черный,серый,,,,,,,Мужской,,"Комсомольский,33 ОиМ",29.09.2024 18:26:32
B2321A,INVU,универсальные,пластик,ободковая,вайфайеры,черный,серый,,,,,,,Мужской,19.02.1962,"40 лет Октября,15 ОиМ",07.06.2024 10:03:12
B2321A,INVU,универсальные,пластик,ободковая,вайфайеры,черный,серый,,,,,,,Мужской,02.06.1981,"Васенко,4 ОиМ",16.06.2024 16:20:29
B2321A,INVU,универсальные,пластик,ободковая,вайфайеры,черный,серый,,,,,,,Женский,25.02.1956,"Васенко,4 ОиМ",05.05.2024 13:33:14
B2321A,INVU,универсальные,пластик,ободковая,вайфайеры,черный,серый,,,,,,,Женский,28.09.1986,"40 лет Октября,15 ОиМ",03.04.2024 14:30:16
B2321C,INVU,универсальные,пластик,ободковая,вайфайеры,,,,,,,,,Женский,19.02.1974,"40 лет Октября,15 ОиМ",24.06.2023 12:47:37
B2321C,INVU,универсальные,пластик,ободковая,вайфайеры,,,,,,,,,Женский,22.05.1978,"Комсомольский,33 ОиМ",14.08.2023 19:16:33
B2326A,INVU,мужские,пластик,ободковая,прямоугольные,,,,,,,,,Мужской,24.05.1960,"Комсомольский,33 ОиМ",02.04.2023 10:43:20
B2326A,INVU,мужские,пластик,ободковая,прямоугольные,,,,,,,,,Мужской,08.11.2010,"40 лет Октября,15 ОиМ",14.02.2023 14:38:54
B2326A,INVU,мужские,пластик,ободковая,прямоугольные,,,,,,,,,Женский,29.05.1954,"40 лет Октября,15 ОиМ",21.05.2023 11:35:18
B2326D,INVU,мужские,пластик,ободковая,прямоугольные,черный,серый фотохром,,,,,,,Мужской,13.01.1960,"Комсомольский,33 ОиМ",20.11.2024 10:26:11
B2326D,INVU,мужские,пластик,ободковая,прямоугольные,черный,серый фотохром,,,,,,,Мужской,05.04.1983,"Васенко,4 ОиМ",30.06.2023 14:10:00
B2326D,INVU,мужские,пластик,ободковая,прямоугольные,черный,серый фотохром,,,,,,,Мужской,28.11.1992,"40 лет Октября,15 ОиМ",17.06.2023 12:39:37
B2326D,INVU,мужские,пластик,ободковая,прямоугольные,черный,серый фотохром,,,,,,,Женский,04.10.1945,"Комсомольский,33 ОиМ",06.06.2023 14:47:45
B2326D,INVU,мужские,пластик,ободковая,прямоугольные,черный,серый фотохром,,,,,,,Женский,02.06.1958,"40 лет Октября,15 ОиМ",06.06.2023 9:28:47
B2326D,INVU,мужские,пластик,ободковая,прямоугольные,черный,серый фотохром,,,,,,,Женский,13.07.1972,"40 лет Октября,15 ОиМ",30.04.2024 15:38:06
B2326D,INVU,мужские,пластик,ободковая,прямоугольные,черный,серый фотохром,,,,,,,Женский,28.11.1982,"40 лет Октября,15 ОиМ",15.07.2023 19:05:49
B2326D,INVU,мужские,пластик,ободковая,прямоугольные,черный,серый фотохром,,,,,,,Женский,11.05.1986,"Комсомольский,33 ОиМ",24.09.2023 15:42:52
B2327A,INVU,женские,пластик,ободковая,бабочка,,,,,,,,,Мужской,02.05.1982,"Комсомольский,33 ОиМ",15.07.2023 18:40:43
B2327A,INVU,женские,пластик,ободковая,бабочка,,,,,,,,,Женский,01.03.1961,"Васенко,4 ОиМ",09.06.2023 19:29:30
B2327A,INVU,женские,пластик,ободковая,бабочка,,,,,,,,,Женский,15.01.1968,"40 лет Октября,15 ОиМ",24.09.2023 12:20:05
B2327A,INVU,женские,пластик,ободковая,бабочка,,,,,,,,,Женский,10.11.1980,"40 лет Октября,15 ОиМ",08.04.2023 17:29:02
B2327A,INVU,женские,пластик,ободковая,бабочка,,,,,,,,,Женский,19.05.1995,"40 лет Октября,15 ОиМ",11.05.2023 17:38:58
B2327B,INVU,женские,пластик,ободковая,бабочка,,,,,,,,,,01.03.1976,"Васенко,4 ОиМ",08.03.2023 13:41:24
B2327B,INVU,женские,пластик,ободковая,бабочка,,,,,,,,,Женский,20.07.1959,"40 лет Октября,15 ОиМ",28.06.2023 11:15:08
B2327B,INVU,женские,пластик,ободковая,бабочка,,,,,,,,,Женский,11.05.1972,"40 лет Октября,15 ОиМ",15.04.2023 16:57:53
B2327B,INVU,женские,пластик,ободковая,бабочка,,,,,,,,,Женский,29.03.1991,"Комсомольский,33 ОиМ",26.03.2023 13:15:04
B2327C,INVU,женские,пластик,ободковая,бабочка,,,,,,,,,Женский,13.10.1970,"40 лет Октября,15 ОиМ",02.09.2023 13:04:05
B2327C,INVU,женские,пластик,ободковая,бабочка,,,,,,,,,Женский,29.07.1978,"Комарова,110 ОиМ",31.05.2023 10:47:46
B2328A,INVU,женские,пластик,ободковая,бабочка,,,,,,,,,Женский,17.04.1955,"Комсомольский,33 ОиМ",04.06.2023 11:54:14
B2328A,INVU,женские,пластик,ободковая,бабочка,,,,,,,,,Женский,12.02.1959,"40 лет Октября,15 ОиМ",29.06.2023 11:22:52
B2328A,INVU,женские,пластик,ободковая,бабочка,,,,,,,,,Женский,05.03.1965,"Комарова,110 ОиМ",30.04.2023 13:35:50
B2328A,INVU,женские,пластик,ободковая,бабочка,,,,,,,,,Женский,16.09.1972,"Комарова,110 ОиМ",11.02.2023 11:21:48
B2328A,INVU,женские,пластик,ободковая,бабочка,,,,,,,,,Женский,06.01.1981,"Васенко,4 ОиМ",13.06.2023 15:42:47
B2328A,INVU,женские,пластик,ободковая,бабочка,,,,,,,,,Женский,22.07.1983,"40 лет Октября,15 ОиМ",07.07.2023 15:41:00
B2328A,INVU,женские,пластик,ободковая,бабочка,,,,,,,,,Женский,20.06.1987,"40 лет Октября,15 ОиМ",16.04.2023 13:44:08
B2328A,INVU,женские,пластик,ободковая,бабочка,,,,,,,,,Женский,28.10.1988,"40 лет Октября,15 ОиМ",18.03.2023 12:20:51
B2330A,INVU,женские,пластик,ободковая,бабочка,,,,,,,,,,13.08.1981,"Васенко,4 ОиМ",07.06.2023 19:24:10
B2330A,INVU,женские,пластик,ободковая,бабочка,,,,,,,,,Мужской,15.07.1983,"Комсомольский,33 ОиМ",26.05.2023 11:34:21
B2330A,INVU,женские,пластик,ободковая,бабочка,,,,,,,,,Женский,27.03.1985,"Комсомольский,33 ОиМ",30.03.2023 19:02:47
B2330B,INVU,женские,пластик,ободковая,бабочка,,,,,,,,,Мужской,10.09.1989,"Комсомольский,33 ОиМ",04.02.2023 12:58:41
B2330B,INVU,женские,пластик,ободковая,бабочка,,,,,,,,,Женский,01.09.1973,"Комарова,110 ОиМ",05.06.2023 17:44:31
B2330B,INVU,женские,пластик,ободковая,бабочка,,,,,,,,,Женский,22.06.1986,"40 лет Октября,15 ОиМ",08.02.2023 11:21:28
B2330B,INVU,женские,пластик,ободковая,бабочка,,,,,,,,,Женский,20.01.1994,"Васенко,4 ОиМ",23.05.2023 13:05:41
B2331A,INVU,женские,пластик,ободковая,бабочка,,,,,,,,,Женский,10.07.1973,"Комсомольский,33 ОиМ",29.04.2023 17:57:48
B2333C,INVU,женские,пластик,ободковая,бабочка,,,,,,,,,,,"40 лет Октября,15 ОиМ",26.04.2023 16:55:31
B2333C,INVU,женские,пластик,ободковая,бабочка,,,,,,,,,Мужской,28.05.1967,"Комсомольский,33 ОиМ",09.02.2023 12:55:55
B2333C,INVU,женские,пластик,ободковая,бабочка,,,,,,,,,Мужской,26.11.1980,"40 лет Октября,15 ОиМ",28.05.2023 16:11:28
B2333C,INVU,женские,пластик,ободковая,бабочка,,,,,,,,,Женский,20.08.1958,"Комсомольский,33 ОиМ",23.05.2023 17:50:08
B2333C,INVU,женские,пластик,ободковая,бабочка,,,,,,,,,Женский,15.05.1961,"Комарова,110 ОиМ",07.05.2023 9:57:21
B2333C,INVU,женские,пластик,ободковая,бабочка,,,,,,,,,Женский,21.07.1961,"Васенко,4 ОиМ",05.03.2023 10:57:18
B2333C,INVU,женские,пластик,ободковая,бабочка,,,,,,,,,Женский,10.10.1969,"Васенко,4 ОиМ",04.05.2023 15:08:50
B2333D,INVU,женские,пластик,ободковая,бабочка,,,,,,,,,Женский,24.01.1979,"Васенко,4 ОиМ",27.05.2023 12:47:59
B2333D,INVU,женские,пластик,ободковая,бабочка,,,,,,,,,Женский,12.10.1989,"Комарова,110 ОиМ",04.07.2023 15:53:11
B2333D,INVU,женские,пластик,ободковая,бабочка,,,,,,,,,Женский,11.05.2007,"Комсомольский,33 ОиМ",05.02.2023 13:00:08
B2334B,INVU,женские,пластик,ободковая,квадратные,,,,,,,,,Женский,20.08.1939,"Комсомольский,33 ОиМ",13.07.2023 14:33:02
B2334B,INVU,женские,пластик,ободковая,квадратные,,,,,,,,,Женский,07.04.1979,"40 лет Октября,15 ОиМ",20.04.2023 12:26:07
B2334B,INVU,женские,пластик,ободковая,квадратные,,,,,,,,,Женский,29.04.1980,"Комарова,110 ОиМ",20.07.2023 14:41:01
B2334B,INVU,женские,пластик,ободковая,квадратные,,,,,,,,,Женский,22.08.2009,"40 лет Октября,15 ОиМ",30.06.2023 17:42:06
B2335A,INVU,женские,пластик,ободковая,бабочка,,,,,,,,,Мужской,09.02.1992,"Комсомольский,33 ОиМ",16.04.2023 18:41:59
B2335A,INVU,женские,пластик,ободковая,бабочка,,,,,,,,,Женский,27.01.1976,"40 лет Октября,15 ОиМ",08.03.2023 11:06:57
B2335A,INVU,женские,пластик,ободковая,бабочка,,,,,,,,,Женский,09.04.1988,"Васенко,4 ОиМ",27.05.2023 15:49:29
B2336A,INVU,женские,пластик,ободковая,кошачий глаз,,,,,,,,,Женский,01.01.1948,"Комсомольский,33 ОиМ",26.04.2023 11:24:56
B2336A,INVU,женские,пластик,ободковая,кошачий глаз,,,,,,,,,Женский,28.01.1950,"40 лет Октября,15 ОиМ",14.06.2023 12:08:25
B2336A,INVU,женские,пластик,ободковая,кошачий глаз,,,,,,,,,Женский,12.11.1953,"Комсомольский,33 ОиМ",12.02.2024 14:48:42
B2336A,INVU,женские,пластик,ободковая,кошачий глаз,,,,,,,,,Женский,13.10.1954,"Комсомольский,33 ОиМ",13.03.2023 11:31:34
B2336A,INVU,женские,пластик,ободковая,кошачий глаз,,,,,,,,,Женский,12.10.1957,"40 лет Октября,15 ОиМ",17.10.2023 12:49:17
B2336A,INVU,женские,пластик,ободковая,кошачий глаз,,,,,,,,,Женский,11.07.1961,"Комсомольский,33 ОиМ",28.03.2023 9:15:24
B2336A,INVU,женские,пластик,ободковая,кошачий глаз,,,,,,,,,Женский,05.08.1975,"Комсомольский,33 ОиМ",19.03.2024 17:42:04
B2337A,INVU,женские,пластик,ободковая,бабочка,,,,,,,,,,22.06.1996,"Васенко,4 ОиМ",02.04.2023 11:05:37
B2337A,INVU,женские,пластик,ободковая,бабочка,,,,,,,,,Мужской,30.12.1951,"Комсомольский,33 ОиМ",26.03.2023 12:01:01
B2337A,INVU,женские,пластик,ободковая,бабочка,,,,,,,,,Мужской,22.01.1982,"40 лет Октября,15 ОиМ",16.04.2023 12:38:10
B2337A,INVU,женские,пластик,ободковая,бабочка,,,,,,,,,Мужской,19.02.1992,"40 лет Октября,15 ОиМ",20.02.2023 16:49:26
B2337A,INVU,женские,пластик,ободковая,бабочка,,,,,,,,,Женский,22.04.1957,"Комсомольский,33 ОиМ",14.02.2023 14:09:51
B2337A,INVU,женские,пластик,ободковая,бабочка,,,,,,,,,Женский,04.02.1979,"Комарова,110 ОиМ",29.04.2023 13:37:27
B2337A,INVU,женские,пластик,ободковая,бабочка,,,,,,,,,Женский,03.02.1982,"40 лет Октября,15 ОиМ",03.05.2023 18:26:21
B2337A,INVU,женские,пластик,ободковая,бабочка,,,,,,,,,Женский,24.04.1986,"Комсомольский,33 ОиМ",12.03.2023 11:08:02
B2337A,INVU,женские,пластик,ободковая,бабочка,,,,,,,,,Женский,13.01.1988,"Комсомольский,33 ОиМ",18.03.2023 9:37:47
B2338A,INVU,женские,пластик,ободковая,бабочка,,,,,,,,,Мужской,08.11.2010,"40 лет Октября,15 ОиМ",14.02.2023 14:38:54
B2338A,INVU,женские,пластик,ободковая,бабочка,,,,,,,,,Женский,18.07.1965,"40 лет Октября,15 ОиМ",26.03.2023 13:28:20
B2338A,INVU,женские,пластик,ободковая,бабочка,,,,,,,,,Женский,07.02.1974,"40 лет Октября,15 ОиМ",22.05.2023 12:40:24
B2338A,INVU,женские,пластик,ободковая,бабочка,,,,,,,,,Женский,25.11.1974,"Комсомольский,33 ОиМ",22.05.2023 15:05:15
B2338A,INVU,женские,пластик,ободковая,бабочка,,,,,,,,,Женский,11.04.1977,"Васенко,4 ОиМ",20.06.2023 17:42:27
B2338A,INVU,женские,пластик,ободковая,бабочка,,,,,,,,,Женский,24.02.1989,"Комсомольский,33 ОиМ",11.03.2023 14:13:20
B2338B,INVU,женские,пластик,ободковая,бабочка,,,,,,,,,,,"40 лет Октября,15 ОиМ",03.05.2023 9:54:10
B2338B,INVU,женские,пластик,ободковая,бабочка,,,,,,,,,Мужской,,"Комсомольский,33 ОиМ",23.02.2023 11:59:00
B2338B,INVU,женские,пластик,ободковая,бабочка,,,,,,,,,Женский,27.09.1955,"Васенко,4 ОиМ",26.03.2023 13:46:41
B2339A,INVU,женские,пластик,ободковая,панто,,,,,,,,,Женский,03.01.1951,"Комарова,110 ОиМ",17.03.2023 10:53:57
B2339A,INVU,женские,пластик,ободковая,панто,,,,,,,,,Женский,12.05.1958,"40 лет Октября,15 ОиМ",06.05.2023 13:20:26
B2339A,INVU,женские,пластик,ободковая,панто,,,,,,,,,Женский,26.12.1980,"Комсомольский,33 ОиМ",01.04.2023 15:19:44
B2339A,INVU,женские,пластик,ободковая,панто,,,,,,,,,Женский,31.08.1992,"Комсомольский,33 ОиМ",08.03.2023 18:11:42
B2339C,INVU,женские,пластик,ободковая,панто,,,,,,,,,Женский,08.08.1968,"Комсомольский,33 ОиМ",09.04.2023 16:03:48
B2340A,INVU,универсальные,пластик,ободковая,квадратные,,,,,,,,,Мужской,29.01.1941,"40 лет Октября,15 ОиМ",08.02.2023 10:59:47
B2340A,INVU,универсальные,пластик,ободковая,квадратные,,,,,,,,,Мужской,12.09.1955,"Комсомольский,33 ОиМ",21.07.2023 11:38:22
B2340A,INVU,универсальные,пластик,ободковая,квадратные,,,,,,,,,Женский,03.07.1948,"40 лет Октября,15 ОиМ",20.04.2023 9:45:46
B2340A,INVU,универсальные,пластик,ободковая,квадратные,,,,,,,,,Женский,19.08.1955,"Васенко,4 ОиМ",24.05.2023 11:02:46
B2340A,INVU,универсальные,пластик,ободковая,квадратные,,,,,,,,,Женский,13.08.1973,"40 лет Октября,15 ОиМ",08.07.2023 14:29:45
B2340A,INVU,универсальные,пластик,ободковая,квадратные,,,,,,,,,Женский,03.09.1988,"40 лет Октября,15 ОиМ",14.08.2023 10:32:00
B2916E,INVU,женские,пластик,ободковая,прямоугольные,черный,серый,,,,,,,Мужской,03.04.1979,"Васенко,4 ОиМ",30.05.2023 14:36:14
B2916E,INVU,женские,пластик,ободковая,прямоугольные,черный,серый,,,,,,,Мужской,02.02.1984,"40 лет Октября,15 ОиМ",04.03.2023 13:24:28
B2916E,INVU,женские,пластик,ободковая,прямоугольные,черный,серый,,,,,,,Женский,04.01.1942,"Комсомольский,33 ОиМ",06.04.2023 13:47:56
B2916E,INVU,женские,пластик,ободковая,прямоугольные,черный,серый,,,,,,,Женский,02.10.1957,"40 лет Октября,15 ОиМ",05.05.2023 8:59:43
B2916E,INVU,женские,пластик,ободковая,прямоугольные,черный,серый,,,,,,,Женский,28.10.1962,"40 лет Октября,15 ОиМ",24.04.2023 12:26:25
B2916E,INVU,женские,пластик,ободковая,прямоугольные,черный,серый,,,,,,,Женский,21.01.1966,"Комсомольский,33 ОиМ",06.02.2023 11:27:13
B2916E,INVU,женские,пластик,ободковая,прямоугольные,черный,серый,,,,,,,Женский,24.01.1971,"Комарова,110 ОиМ",08.03.2023 15:46:09
B2916F,INVU,женские,пластик,ободковая,прямоугольные,черепаховый,серый,,,,,,,Мужской,09.04.1969,"Комсомольский,33 ОиМ",08.05.2023 17:21:02
B2916F,INVU,женские,пластик,ободковая,прямоугольные,черепаховый,серый,,,,,,,Женский,31.08.1945,"Комсомольский,33 ОиМ",05.03.2023 9:48:21
BALI-G0198TB03S,GRESSO,универсальные,титан,ободковая,ромб,черный,коричневый,"56,0","19,0",140,,,,Женский,01.09.1990,"Васенко,4 ОиМ",11.05.2024 15:02:47
BALI-G0198TB11S,GRESSO,универсальные,титан,полуободковая,ромб,черный,желтый,"56,0","19,0",140,,,,Женский,12.06.1965,"Васенко,4 ОиМ",26.03.2023 15:31:53
BALLARD-CLGD,ETNIA BARCELONA,универсальные,титан,ободковая,круглые,золотой,коричневый,"47,0","23,0",113,,,,Мужской,10.11.1946,"Васенко,4 ОиМ",13.09.2024 14:19:28
BALLARD-CLGD,ETNIA BARCELONA,универсальные,титан,ободковая,круглые,золотой,коричневый,"47,0","23,0",113,,,,Мужской,01.01.2000,"Васенко,4 ОиМ",02.09.2024 11:34:22
BARBARA-G0242TB02SZ01,GRESSO,женские,титан,полуободковая,квадратные,черный,серый градиент,"54,0","25,0",140,,,,Женский,13.07.1985,"Васенко,4 ОиМ",13.07.2024 13:37:17
BARBARELLA-013,KALEOS,женские,пластик,ободковая,прямоугольные,зеленый,серый,"51,0","22,0",145,,,,Мужской,14.06.1963,"Васенко,4 ОиМ",31.07.2023 19:48:55
BELLA-03,WOODYS,женские,металл и пластик,ободковая,круглые,оранжевый,коричневый градиент,"51,0","21,0",140,,,,Женский,16.01.1993,"Васенко,4 ОиМ",05.10.2024 17:33:11
BELLA-04,WOODYS,женские,металл и пластик,ободковая,круглые,желтый,коричневый градиент,"51,0","21,0",140,,,,Женский,25.10.1969,"Васенко,4 ОиМ",09.09.2024 11:34:48
BERTHA-G0148TB04S,GRESSO,женские,титан,полуободковая,бабочка,черный,коричневый градиент,"57,0","18,0",140,,,,Женский,11.06.1973,"Васенко,4 ОиМ",15.08.2023 18:53:52
BIRDIE/S-BKUHA,JIMMY CHOO,женские,металл,ободковая,круглые,золотой,коричневый градиент,"60,0","18,0",145,,,,Женский,11.04.1997,"Васенко,4 ОиМ",03.03.2023 14:47:33
BLUE JOB-BORHVT/GP,CHROME HEARTS,женские,металл и пластик,ободковая,квадратные,,,"53,0","22,0",138,,,,Женский,16.06.1973,"Васенко,4 ОиМ",12.10.2024 11:52:16
BOJMIR II-WP/GP,CHROME HEARTS,женские,металл и пластик,ободковая,круглые,,,"47,0","25,0",141,,,,Женский,30.11.1969,"Васенко,4 ОиМ",23.12.2023 16:46:11
Bolt Black SG1,FOR ART'S SAKE,женские,пластик,ободковая,прямоугольные,черный,серый,"58,0","19,0",145,,,,Женский,23.11.1957,"Васенко,4 ОиМ",15.07.2023 13:17:21
BONAVISTA-RDWH,ETNIA BARCELONA,женские,пластик,ободковая,квадратные,,,"54,0","19,0",142,,,,Женский,26.01.1958,"Васенко,4 ОиМ",03.11.2024 13:25:05
BRIGADE-I-110B,BALMAIN,универсальные,титан,ободковая,панто,,,"52,0","20,0",140,,,,Мужской,13.01.1960,"Васенко,4 ОиМ",07.03.2023 11:03:13
BRIGADE-I-110C,BALMAIN,женские,титан,ободковая,панто,золотой,желто-коричневый градиент,"52,0","20,0",140,,,,Мужской,13.01.1960,"Васенко,4 ОиМ",09.03.2024 12:10:05
CALEB-431,MYKITA,мужские,металл,полуободковая,капли,черный,серый,"57,0","16,0",150,,,,Мужской,04.07.1975,"Васенко,4 ОиМ",16.05.2024 16:02:56
CARDUC 001/S-807H4,CARRERA,мужские,пластик,ободковая,спортивные,черный,оранжевый зеркальный,"57,0","18,0",135,,,,Женский,21.12.1971,"Васенко,4 ОиМ",17.09.2023 17:58:22
CARDUC 017/S-TZQT4,CARRERA,универсальные,пластик,ободковая,маска,синий,серебристый зеркальный,"99,0","1,0",125,,,,Женский,21.12.1971,"Васенко,4 ОиМ",17.09.2023 17:58:22
CARDUC 018/S-807H4,CARRERA,универсальные,пластик,ободковая,капли,черный,черный зеркальный,"58,0","17,0",135,,,,Мужской,31.03.1977,"Васенко,4 ОиМ",23.10.2023 13:52:12
CARDUC 021/S-807H4,CARRERA,мужские,пластик,ободковая,прямоугольные,черный,оранжевый зеркальный,"55,0","17,0",145,,,,Мужской,21.04.1975,"Васенко,4 ОиМ",23.08.2023 13:17:19
CARDUC 022/S-V6DXT,CARRERA,мужские,титан,ободковая,прямоугольные,серый,синий зеркальный,"60,0","18,0",140,,,,Мужской,15.01.1977,"Васенко,4 ОиМ",21.05.2023 19:37:31
CARDUC 023/S-FLLXT,CARRERA,мужские,пластик,ободковая,прямоугольные,синий,синий зеркальный,"56,0","18,0",140,,,,Мужской,28.09.1984,"Васенко,4 ОиМ",11.06.2023 13:26:47
CARDUC 028/S-807H4,CARRERA,мужские,пластик,полуободковая,трапеция,черный,черный зеркальный,"63,0","13,0",135,,,,Женский,16.09.1972,"Васенко,4 ОиМ",06.01.2024 16:09:50
CARDUC 029/S-807H4,CARRERA,мужские,пластик,ободковая,прямоугольные,черный,серый,"59,0","17,0",135,,,,Мужской,25.06.1994,"Комсомольский,33 ОиМ",05.04.2024 15:23:43
CARDUC 033/S-807IR,CARRERA,универсальные,пластик,безободковая,маска,черный,серый,"99,0","1,0",135,,,,Женский,09.03.1992,"Васенко,4 ОиМ",30.06.2024 16:29:42
CARDUC 034/S-08AIR,CARRERA,мужские,пластик,ободковая,квадратные,черный,серый,"59,0","16,0",145,,,,Женский,09.05.1992,"Васенко,4 ОиМ",15.06.2024 11:49:03
CARDUC 034/S-900XT,CARRERA,мужские,пластик,ободковая,прямоугольные,прозрачный,фиолетово-синий зеркальный,"59,0","16,0",145,,,,Женский,29.07.1982,"Васенко,4 ОиМ",21.03.2024 19:06:28
CARDUC 037/S-003QT,CARRERA,мужские,металл,ободковая,капли,черный,серый,"61,0","16,0",140,,,,Мужской,24.11.2008,"Васенко,4 ОиМ",29.11.2024 19:25:59
CARDUC 037/S-R80H4,CARRERA,мужские,металл,ободковая,капли,серый,оранжевый зеркальный,"61,0","16,0",140,,,,Женский,13.04.1979,"Васенко,4 ОиМ",07.07.2024 18:27:41
CARPE DIEM-2/S-091/14,NOBIKA,женские,металл и пластик,ободковая,кошачий глаз,,,"51,0","18,0",137,,,,Женский,07.02.1960,"Васенко,4 ОиМ",28.01.2024 10:06:41
CARPE DIEM-3/S-030/6,NOBIKA,универсальные,металл и пластик,ободковая,капли,,,"52,0","19,0",142,,,,Мужской,11.04.1972,"Васенко,4 ОиМ",16.12.2023 12:33:08
CARPE DIEM-3/S-088/15,NOBIKA,универсальные,металл и пластик,ободковая,капли,,,"52,0","19,0",142,,,,Мужской,12.02.1974,"Васенко,4 ОиМ",06.11.2023 15:53:45
CARRERA 1060/S-2M2HA,CARRERA,мужские,пластик,полуободковая,маска,черный/золотой,коричневый градиент,"99,0","1,0",140,,,,Мужской,18.07.1999,"Васенко,4 ОиМ",06.01.2024 12:55:51
CARRERA 1066/S-7C508,CARRERA,мужские,пластик,полуободковая,маска,черный,синий градиент,"63,0","12,0",145,,,,Мужской,14.10.1973,"Васенко,4 ОиМ",10.03.2024 17:34:58
CARRERA 334/S-J5G9O,CARRERA,универсальные,металл,ободковая,гексагон,золотой,серый градиент,"53,0","21,0",145,,,,Женский,22.02.2000,"Васенко,4 ОиМ",26.03.2024 16:58:36
CD Icon S2I-14A0,DIOR,универсальные,пластик,ободковая,прямоугольные,черный,черный,"55,0","15,0",140,,,,Мужской,11.04.1972,"Васенко,4 ОиМ",18.12.2024 15:40:27
CD SU-50A4,DIOR,универсальные,пластик,ободковая,трапеция,белый,зеркальный,"55,0","15,0",140,,,,Женский,14.08.1961,"Васенко,4 ОиМ",07.02.2023 16:12:41
CHARLIZE-G0280TB02SZ16,GRESSO,женские,титан,полуободковая,необычные,черный/коричневый,серый градиент,"54,0","23,0",140,,,,Женский,16.06.1969,"Васенко,4 ОиМ",18.02.2024 17:30:34
CHELSEA-G0168TB01SP,GRESSO,универсальные,титан,полуободковая,авиаторы,черный,серый,"62,0","12,0",140,,,,Женский,08.03.1976,"Васенко,4 ОиМ",08.07.2024 19:16:03
CLINT SUN-C02-SR,BRETT,универсальные,металл,ободковая,панто,,,"49,0","20,0",145,,,,Мужской,25.11.2009,"Васенко,4 ОиМ",12.05.2023 15:40:40
CLINT SUN-C03-SR,BRETT,универсальные,металл,ободковая,панто,,,"49,0","20,0",145,,,,Мужской,03.10.1991,"Васенко,4 ОиМ",24.09.2023 16:17:54
CT11022-3,VITO FABIUS,подростковые для девочек,пластик,ободковая,бабочка,оранжевый,серый,"49,0","16,0",132,,,,Женский,07.06.1994,"Васенко,4 ОиМ",10.06.2024 15:22:29
CT11060-8,VITO FABIUS,подростковые универсальные,пластик,ободковая,панто,желтый,серый,"46,0","18,0",135,,,,Женский,22.09.1984,"Комсомольский,33 ОиМ",13.11.2023 17:09:29
CT11060-9,VITO FABIUS,подростковые универсальные,пластик,ободковая,панто,голубой,серый,"46,0","18,0",135,,,,Женский,08.02.1963,"Васенко,4 ОиМ",31.05.2024 15:43:31
CT11068-10,VITO FABIUS,подростковые универсальные,пластик,ободковая,панто,желтый,серый,"47,0","14,0",131,,,,Мужской,23.09.2019,"40 лет Октября,15 ОиМ",30.03.2024 12:22:01
CT11068-8,VITO FABIUS,подростковые универсальные,пластик,ободковая,панто,зеленый,серый,"47,0","14,0",131,,,,Женский,05.10.1984,"Комсомольский,33 ОиМ",27.05.2023 15:46:39
D-DOLL R1U,DIOR,женские,пластик,ободковая,бабочка,черный,синий,"62,0","19,0",135,,,,Женский,28.02.1990,"Васенко,4 ОиМ",05.07.2024 19:56:43
DALLAS-G0061TB02S,GRESSO,мужские,титан,полуободковая,квадратные,черный,серый градиент,"58,0","14,0",140,,,,Мужской,15.12.1995,"Васенко,4 ОиМ",18.06.2024 14:34:53
DAMIAN-2,KREUZBERGKINDER,мужские,пластик,ободковая,трапеция,черепаховый,серо-зеленый градиент,"50,0","22,0",145,,,,Женский,23.05.1976,"Васенко,4 ОиМ",25.06.2023 16:54:37
DAY TRIPPER-22031-E-BLK-R,DITA,женские,пластик,ободковая,бабочка,черный,серый,"55,0","20,0",145,,,,Женский,15.02.1960,"Васенко,4 ОиМ",18.01.2023 15:13:49
DEAR FRIDAY - 01,GAST,универсальные,пластик,ободковая,прямоугольные,черный,черный,"51,0","21,0",145,,,,Женский,15.01.1998,"Васенко,4 ОиМ",14.02.2023 19:24:15
DEAR FRIDAY - 04,GAST,универсальные,пластик,ободковая,прямоугольные,бежевый,коричневый,"51,0","21,0",145,,,,Мужской,24.10.1968,"Васенко,4 ОиМ",26.03.2023 13:46:12
DECO-TG1 BLACK,FOR ART'S SAKE,женские,пластик,ободковая,бабочка,черный,серый,"55,0","22,0",145,,,,Мужской,27.12.1974,"Васенко,4 ОиМ",24.06.2023 16:24:21
DEEP II AS-WEPV,CHROME HEARTS,универсальные,металл,безободковая,прямоугольные,темно-серый,фиолетовый градиент,"57,0","20,0",141,,,,Мужской,30.05.1980,"Васенко,4 ОиМ",31.12.2024 12:35:09
DEEP-563,MYKITA,мужские,металл,полуободковая,квадратные,серый,коричневый,"52,0","23,0",145,,,,Женский,11.09.1975,"Васенко,4 ОиМ",07.05.2023 16:49:54
DEXTER-G0080TB06S,GRESSO,мужские,титан,полуободковая,квадратные,черный,серо-синий градиент зеркальный,"58,0","18,0",140,,,,Мужской,,"Васенко,4 ОиМ",21.04.2024 18:24:04
DILLINGER-1-26F,EYEPETIZER,универсальные,металл,безободковая,прямоугольные,золотой,серый градиент,"52,0","18,0",145,,,,Мужской,12.09.1990,"Васенко,4 ОиМ",23.10.2023 13:32:29
DILLINGER-4-25F,EYEPETIZER,универсальные,металл,безободковая,прямоугольные,золотой,зеленый градиент,"52,0","18,0",145,,,,Женский,18.02.1987,"Васенко,4 ОиМ",15.08.2023 12:13:15
DILLINGER-4-44F,EYEPETIZER,универсальные,металл,безободковая,прямоугольные,золотой,розово-золотой зеркальный,"52,0","18,0",145,,,,Женский,05.11.1982,"Васенко,4 ОиМ",24.06.2024 8:55:11
DiorEssential Al-85A5,DIOR,мужские,пластик,ободковая,панто,,,"58,0","13,0",145,,,,Женский,05.10.1965,"Васенко,4 ОиМ",08.06.2023 12:12:10
DiorSignature S9U-10A0,DIOR,женские,пластик,ободковая,прямоугольные,черный,серый,"56,0","16,0",125,,,,Женский,09.04.1987,"Васенко,4 ОиМ",28.09.2024 13:43:00
DiorSolar S1U-95A0,DIOR,женские,пластик,ободковая,квадратные,белый,серый,"59,0","15,0",135,,,,Женский,30.06.1987,"Васенко,4 ОиМ",26.03.2023 16:08:47
DiorTag SU-10B0,DIOR,мужские,пластик,ободковая,прямоугольные,,,"56,0","19,0",145,,,,Мужской,18.12.1993,"Васенко,4 ОиМ",23.09.2023 18:15:25
DONOVAN-431,MYKITA,мужские,металл,полуободковая,прямоугольные,,,"55,0","20,0",150,,,,Мужской,04.04.1978,"Васенко,4 ОиМ",23.12.2023 16:31:21
DW-5 B,DRIVEWEAR,универсальные,металл,безободковая,прямоугольные,,,,,,,,,Женский,22.04.2003,"Васенко,4 ОиМ",07.06.2023 19:30:06
EMBRA-155-A-03,DITA,женские,металл,безободковая,квадратные,серебристый/золотой,зеленый градиент,"58,0","17,0",135,,,,Мужской,31.01.1990,"Васенко,4 ОиМ",26.09.2024 18:57:59
EMMA-G0188TB04S,GRESSO,женские,титан,полуободковая,бабочка,черный,коричневый градиент,"58,0","18,0",140,,,,,26.06.1947,"Васенко,4 ОиМ",06.08.2023 13:13:57
ERIS-505A,AKONI,универсальные,титан,ободковая,круглые,серебристый/золотой,серо-зеленый,"46,0","22,0",140,,,,Женский,07.02.1960,"Васенко,4 ОиМ",22.08.2024 10:18:56
ERIS-505C,AKONI,универсальные,титан,ободковая,круглые,черный/золотой,коричневый,"46,0","22,0",140,,,,Мужской,28.10.1983,"Васенко,4 ОиМ",10.06.2024 15:44:51
ERIS-TWO-508B,AKONI,универсальные,титан,ободковая,прямоугольные,черный/серебристый,синий,"51,0","19,0",140,,,,Мужской,06.11.1976,"Васенко,4 ОиМ",29.09.2024 11:36:14
ERIS-TWO-508C,AKONI,универсальные,титан,ободковая,прямоугольные,серый/золотой,коричневый,"51,0","19,0",140,,,,Женский,16.05.1975,"Васенко,4 ОиМ",03.11.2024 12:05:45
ETHEREGE-1-53,EYEPETIZER,универсальные,металл,безободковая,прямоугольные,серебристый,синий градиент,,,,,,,Мужской,22.06.1996,"Васенко,4 ОиМ",04.10.2024 14:01:37
ETHEREGE-4-52,EYEPETIZER,универсальные,металл,безободковая,прямоугольные,золотой,зеленый градиент,,,,,,,Женский,10.05.1992,"Васенко,4 ОиМ",15.11.2024 13:42:59
ETHEREGE-6-51,EYEPETIZER,универсальные,металл,безободковая,прямоугольные,черный,черный градиент,,,,,,,Мужской,13.01.1960,"Васенко,4 ОиМ",08.12.2024 11:36:53
F83-302P,CHOPARD,мужские,титан,ободковая,квадратные,черный/золотой,серый,"60,0","16,0",145,,,,Мужской,14.04.1983,"Васенко,4 ОиМ",11.12.2023 11:38:55
FARFA - FF03,GAST,универсальные,металл,ободковая,необычные,золотой,черный,"54,0","21,0",140,,,,Женский,26.04.1978,"Васенко,4 ОиМ",17.07.2024 13:36:08
FLAGLAB 16-KY21V,CARRERA,универсальные,металл и пластик,безободковая,маска,белый,серый градиент,"99,0","1,0",130,,,,Женский,25.04.1976,"Васенко,4 ОиМ",31.10.2024 16:00:12
FLECHE-138C,BALMAIN,универсальные,титан,безободковая,маска,золотой,цветной зеркальный,"141,0",,118,,,,Женский,22.02.1978,"Васенко,4 ОиМ",11.01.2024 12:02:40
FLIGHT-EIGHT134-53-03-NVY,DITA,мужские,металл и пластик,ободковая,прямоугольные,синий,коричневый,"53,0","21,0",144,,,,Мужской,13.03.2002,"Васенко,4 ОиМ",18.05.2024 11:15:06
FLIGHT-SEVEN-11-57-01-PLD,DITA,мужские,металл,ободковая,капли,серебристый,серый градиент,"57,0","16,0",144,,,,Женский,11.09.1975,"Васенко,4 ОиМ",07.05.2023 16:49:54
FPSN001-BLK,Fisher Price,подростковые универсальные,пластик,ободковая,прямоугольные,черный,серый,"47,0","17,0",129,,,,Женский,03.03.1989,"Васенко,4 ОиМ",20.07.2024 11:01:41
FPSN001-BLK,Fisher Price,подростковые универсальные,пластик,ободковая,прямоугольные,черный,серый,"47,0","17,0",129,,,,Женский,19.07.2006,"40 лет Октября,15 ОиМ",15.07.2024 19:42:11
FPSN001-BLUE,Fisher Price,подростковые универсальные,пластик,ободковая,прямоугольные,синий,серый,"47,0","17,0",129,,,,Мужской,20.02.2021,"Васенко,4 ОиМ",02.07.2024 14:40:41
FPSN001-ORG,Fisher Price,подростковые универсальные,пластик,ободковая,прямоугольные,оранжевый,серый,"47,0","17,0",129,,,,,13.08.1981,"40 лет Октября,15 ОиМ",03.06.2024 19:11:29
FPSN006-PRP,Fisher Price,детские для девочек,пластик,ободковая,вайфайеры,розовый,серый,"46,0","12,0",121,,,,Женский,05.01.1965,"40 лет Октября,15 ОиМ",21.08.2024 16:21:23
FPSN009-BLUE,Fisher Price,детские универсальные,пластик,ободковая,овальные,синий,серый,"42,0","20,0",124,,,,Женский,18.12.1991,"40 лет Октября,15 ОиМ",23.06.2024 12:24:36
FRIDA-MASK FK-A2 BLUE,FOR ART'S SAKE,женские,металл,ободковая,бабочка,черный,сине-розовый градиент,"59,0","17,0",145,,,,Мужской,27.05.1960,"Васенко,4 ОиМ",26.02.2023 16:57:03
FRIDA-MASK FK-A3 ROSE,FOR ART'S SAKE,женские,металл,ободковая,бабочка,золотой,розовый градиент,"59,0","17,0",145,,,,Мужской,13.06.1963,"Васенко,4 ОиМ",26.04.2023 14:55:49
FRIDA-PORTRAIT FK-B1 BLAC,FOR ART'S SAKE,женские,пластик,ободковая,овальные,черный,серый,"55,0","19,0",148,,,,Женский,04.05.1991,"Васенко,4 ОиМ",13.07.2023 19:30:23
FRIDA-PORTRAIT FK-B2 BROW,FOR ART'S SAKE,женские,пластик,ободковая,овальные,гавана,зеленый,"55,0","19,0",148,,,,Женский,28.05.1999,"Васенко,4 ОиМ",07.05.2023 16:38:48
G33S-0307,CHOPARD,женские,металл,ободковая,квадратные,золотой,коричневый градиент,"61,0","18,0",140,,,,Женский,26.02.1993,"Васенко,4 ОиМ",12.04.2023 17:34:05
G33S-354,CHOPARD,женские,металл,ободковая,квадратные,бронзовый,серо-синий градиент,"61,0","18,0",140,,,,Женский,08.07.1958,"Васенко,4 ОиМ",03.03.2024 14:04:58
G61-301P,CHOPARD,мужские,металл,ободковая,трапеция,черный/золотой,синий,"62,0","12,0",145,,,,Женский,30.11.1981,"Васенко,4 ОиМ",12.03.2024 16:51:13
G63-340P,CHOPARD,мужские,металл,ободковая,капли,бронзовый,серый,"62,0","14,0",145,,,,Мужской,09.05.1985,"Васенко,4 ОиМ",22.12.2023 17:51:38
G68S-A32X,CHOPARD,женские,металл,полуободковая,квадратные,золотой,цветной градиент зеркальный,"62,0","17,0",135,,,,Женский,05.10.1951,"Васенко,4 ОиМ",08.01.2024 16:08:56
G80-579,CHOPARD,мужские,металл,безободковая,прямоугольные,серебристый,серо-синий,"60,0","12,0",145,,,,Мужской,19.04.1972,"Васенко,4 ОиМ",24.11.2023 17:08:47
G80-8FFK,CHOPARD,мужские,металл,безободковая,квадратные,бронзовый,черный,"60,0","12,0",145,,,,Мужской,08.01.1974,"Васенко,4 ОиМ",28.04.2024 13:47:18
G80-8FFK,CHOPARD,мужские,металл,безободковая,квадратные,бронзовый,черный,"60,0","12,0",145,,,,Женский,18.08.1982,"Васенко,4 ОиМ",10.06.2024 18:49:19
GALIT - 01,GAST,универсальные,пластик,ободковая,панто,черный,черный,"50,0","20,0",145,,,,Женский,07.08.1987,"Васенко,4 ОиМ",21.05.2023 14:19:34
GALIT - 03,GAST,универсальные,пластик,ободковая,панто,гавана,серо-зеленый,"50,0","20,0",145,,,,Женский,29.09.1964,"Васенко,4 ОиМ",13.03.2023 11:41:14
GATE - 02,GAST,универсальные,пластик,ободковая,прямоугольные,гавана,серо-зеленый,"50,0","22,0",145,,,,Мужской,04.03.1993,"Васенко,4 ОиМ",17.05.2023 15:27:23
GENERATION-EM6-ROSE,FOR ART'S SAKE,женские,металл,безободковая,бабочка,золотой,коричневый градиент,"62,0","17,0",140,,,,Мужской,01.11.1982,"Васенко,4 ОиМ",04.05.2023 16:03:29
GENERATION-EM7-TOPAZ,FOR ART'S SAKE,женские,металл,безободковая,бабочка,золотой,розово-голубой градиент,"62,0","17,0",140,,,,Женский,12.10.1971,"Васенко,4 ОиМ",12.07.2023 17:29:19
GENEVA-G7006A,GRESSO,женские,титан,ободковая,панто,черный,серый,"57,0","22,0",140,,,,Женский,29.11.1979,"Васенко,4 ОиМ",21.04.2023 10:17:28
GINZA-1-28F,EYEPETIZER,женские,металл,полуободковая,половинки,,,,,,,,,Женский,27.06.1961,"Васенко,4 ОиМ",10.11.2023 15:24:34
GOLDCUT II-114A,VALENTINO,женские,пластик,ободковая,кошачий глаз,черный/золотой,черный,"49,0","18,0",142,,,,Женский,10.03.1962,"Васенко,4 ОиМ",15.08.2024 13:51:56
GOTNA - 02,GAST,универсальные,пластик,ободковая,прямоугольные,гавана,серо-зеленый,"51,0","22,0",145,,,,Женский,24.03.2000,"Васенко,4 ОиМ",13.04.2023 16:54:41
GRAND BEASTIV-MBK-GP,CHROME HEARTS,мужские,металл,ободковая,авиаторы,,,"59,0","15,0",140,,,,Мужской,21.07.1973,"Васенко,4 ОиМ",29.08.2023 13:40:20
GRAND PRIX 3-D5108,CARRERA,мужские,пластик,ободковая,маска,черный/белый,серый градиент,"64,0","9,0",135,,,,Мужской,05.08.1991,"Васенко,4 ОиМ",03.06.2023 18:09:29
GRAND-EVO-ONE138-A-01-GLD,DITA,универсальные,металл,безободковая,квадратные,золотой,серый градиент,"57,0","16,0",145,,,,Мужской,24.08.1970,"Васенко,4 ОиМ",25.01.2024 13:02:43
H42-BB,KUBORAUM,универсальные,металл,безободковая,овальные,серый,серый,"40,0","29,0",140,,,,Мужской,16.07.1965,"Васенко,4 ОиМ",21.02.2024 12:25:23
H42-GD,KUBORAUM,универсальные,металл,безободковая,овальные,золотой,серый,"40,0","29,0",140,,,,Мужской,16.12.1975,"Васенко,4 ОиМ",19.03.2023 15:57:56
H42-GD,KUBORAUM,универсальные,металл,безободковая,овальные,золотой,серый,"40,0","29,0",140,,,,Мужской,21.09.1982,"Васенко,4 ОиМ",28.07.2023 16:58:55
H42-GD,KUBORAUM,универсальные,металл,безободковая,овальные,золотой,серый,"40,0","29,0",140,,,,Женский,03.03.1977,"Васенко,4 ОиМ",23.09.2023 18:36:03
H44-PG,KUBORAUM,женские,металл,безободковая,необычные,розовый,серый,"51,0","19,0",140,,,,Женский,15.04.1953,"Васенко,4 ОиМ",19.03.2023 15:58:55
he Parker-S9301,KOMONO,универсальные,пластик,ободковая,трапеция,,,"50,5","20,5",145,,,,Мужской,24.12.1993,"Васенко,4 ОиМ",26.05.2023 17:01:04
HEIDI-01,WOODYS,женские,металл и пластик,ободковая,круглые,черный/золотой,серый градиент,"50,0","22,0",140,,,,Женский,13.04.1979,"Васенко,4 ОиМ",28.07.2024 16:32:29
HEIDI-02,WOODYS,женские,металл и пластик,ободковая,круглые,черепаховый,коричневый градиент,"50,0","22,0",140,,,,Женский,30.10.1976,"Васенко,4 ОиМ",13.04.2024 13:53:13
HEIDI-03,WOODYS,женские,металл и пластик,ободковая,круглые,синий/золотой,серо-голубой градиент,"50,0","22,0",140,,,,Женский,27.09.1971,"Васенко,4 ОиМ",08.03.2024 10:56:12
Helmut Lang HL001-875,MYKITA,универсальные,металл,полуободковая,прямоугольные,черный,серый,"57,0","13,0",110,,,,Женский,01.06.1981,"Васенко,4 ОиМ",05.06.2023 13:36:42
HERA-203C,AKONI,мужские,титан,ободковая,трапеция,черный/серый,коричневый,"58,0","16,0",147,,,,Мужской,07.10.1985,"Васенко,4 ОиМ",18.02.2024 13:27:09
HESTER/S-BKUI4,JIMMY CHOO,женские,металл,ободковая,бабочка,золотой,сине-розовый градиент,"59,0","15,0",145,,,,Женский,06.02.2002,"Васенко,4 ОиМ",01.04.2023 17:02:29
HIGH-ERA - 01,GAST,женские,пластик,ободковая,прямоугольные,черный,черный,"51,0","21,0",145,,,,Женский,15.03.1997,"Васенко,4 ОиМ",07.02.2024 19:14:45
HIGH-ERA - 02,GAST,женские,пластик,ободковая,прямоугольные,черепаховый,серо-синий,"51,0","21,0",145,,,,Женский,27.04.1987,"Васенко,4 ОиМ",06.04.2024 15:41:15
HORT-3-24F,EYEPETIZER,универсальные,металл,ободковая,панто,серый,желтый,"46,0","21,0",145,,,,Мужской,19.11.1998,"Васенко,4 ОиМ",02.02.2024 11:58:31
HOUSTON-G0255TB01SZ02,GRESSO,мужские,титан,полуободковая,квадратные,черный,серый,"57,0","21,0",140,,,,Женский,15.08.1988,"Васенко,4 ОиМ",28.04.2024 14:16:48
HOUSTON-G0255TB03SPZ05,GRESSO,мужские,титан,полуободковая,квадратные,черный/коричневый,коричневый,"50,0","24,0",140,,,,Женский,03.07.1978,"Васенко,4 ОиМ",26.06.2024 17:34:51
HOUSTON-G0255TB03SPZ05,GRESSO,мужские,титан,полуободковая,квадратные,черный/коричневый,коричневый,"50,0","24,0",140,,,,Женский,01.09.1990,"Васенко,4 ОиМ",11.05.2024 14:57:25
IA22402B,INVU,универсальные,пластик,ободковая,спортивные,черный/синий,серо-синий,,,,,,,Женский,29.06.1976,"Комсомольский,33 ОиМ",03.05.2024 12:12:22
IA22403A,INVU,универсальные,пластик,ободковая,маска,черный,цветной зеркальный,,,,,,,Мужской,03.04.1953,"40 лет Октября,15 ОиМ",03.07.2024 17:32:22
IA22403A,INVU,универсальные,пластик,ободковая,маска,черный,цветной зеркальный,,,,,,,Мужской,13.04.1985,"Комсомольский,33 ОиМ",16.09.2024 19:21:30
IA22403A,INVU,универсальные,пластик,ободковая,маска,черный,цветной зеркальный,,,,,,,Женский,03.11.1968,"Васенко,4 ОиМ",05.07.2024 14:39:10
IA22403B,INVU,универсальные,пластик,безободковая,маска,синий,цветной зеркальный,,,,,,,Мужской,22.01.1986,"40 лет Октября,15 ОиМ",18.06.2024 16:23:43
IA22403B,INVU,универсальные,пластик,безободковая,маска,синий,цветной зеркальный,,,,,,,Женский,15.08.1988,"Васенко,4 ОиМ",28.04.2024 14:16:48
IA22405A,INVU,универсальные,пластик,ободковая,спортивные,черный,серый,,,,,,,Женский,08.06.1951,"Комсомольский,33 ОиМ",19.07.2024 12:39:46
IA22405B,INVU,универсальные,пластик,ободковая,спортивные,черный,коричневый,,,,,,,Мужской,22.12.1973,"Комсомольский,33 ОиМ",17.02.2024 12:52:49
IA22405B,INVU,универсальные,пластик,ободковая,спортивные,черный,коричневый,,,,,,,Женский,17.04.1979,"Васенко,4 ОиМ",07.06.2024 17:40:35
IA22407A,INVU,мужские,пластик,ободковая,спортивные,черный,серый зеркальный,,,,,,,Мужской,03.12.1965,"40 лет Октября,15 ОиМ",20.03.2024 13:10:53
IA22407A,INVU,мужские,пластик,ободковая,спортивные,черный,серый зеркальный,,,,,,,Мужской,23.04.1967,"40 лет Октября,15 ОиМ",18.04.2024 11:19:55
IA22407A,INVU,мужские,пластик,ободковая,спортивные,черный,серый зеркальный,,,,,,,Мужской,14.02.1978,"40 лет Октября,15 ОиМ",22.05.2024 14:35:15
IA22407A,INVU,мужские,пластик,ободковая,спортивные,черный,серый зеркальный,,,,,,,Мужской,14.11.1981,"Комсомольский,33 ОиМ",02.08.2024 18:32:39
IA22407B,INVU,мужские,пластик,ободковая,спортивные,синий,синий зеркальный,,,,,,,Женский,23.07.1953,"Васенко,4 ОиМ",05.05.2024 18:44:24
IA22407B,INVU,мужские,пластик,ободковая,спортивные,синий,синий зеркальный,,,,,,,Женский,25.06.1969,"40 лет Октября,15 ОиМ",29.07.2024 13:47:57
IA22407B,INVU,мужские,пластик,ободковая,спортивные,синий,синий зеркальный,,,,,,,Женский,31.07.1983,"Комсомольский,33 ОиМ",01.05.2024 18:16:56
IA22415C,INVU,мужские,пластик,ободковая,спортивные,черный,синий зеркальный,,,,,,,Женский,25.10.1986,"40 лет Октября,15 ОиМ",14.04.2024 17:08:46
IA22417C,INVU,мужские,пластик,ободковая,трапеция,черный,черный зеркальный,,,,,,,Женский,13.07.1972,"40 лет Октября,15 ОиМ",30.04.2024 15:38:06
IA22418A,INVU,мужские,пластик,ободковая,спортивные,черный,серый,,,,,,,Мужской,28.02.1975,"Комсомольский,33 ОиМ",21.04.2024 10:14:43
IA22419A,INVU,мужские,пластик,ободковая,трапеция,черный,серый,,,,,,,,04.05.1947,"40 лет Октября,15 ОиМ",02.06.2024 11:35:00
IA22419A,INVU,мужские,пластик,ободковая,трапеция,черный,серый,,,,,,,,24.10.1978,"Васенко,4 ОиМ",21.04.2024 12:05:08
IA22419A,INVU,мужские,пластик,ободковая,трапеция,черный,серый,,,,,,,Мужской,17.06.1964,"40 лет Октября,15 ОиМ",19.03.2024 16:15:39
IA22419A,INVU,мужские,пластик,ободковая,трапеция,черный,серый,,,,,,,Мужской,29.04.1984,"40 лет Октября,15 ОиМ",11.07.2024 11:52:35
IA22419A,INVU,мужские,пластик,ободковая,трапеция,черный,серый,,,,,,,Мужской,25.05.1984,"Комарова,110 ОиМ",12.06.2024 17:02:17
IA22419A,INVU,мужские,пластик,ободковая,трапеция,черный,серый,,,,,,,Женский,29.10.1992,"Комсомольский,33 ОиМ",25.02.2024 18:09:10
IB12400A,INVU,мужские,металл,ободковая,необычные,темно-серый,серый градиент,,,,,,,Мужской,09.07.2001,"Васенко,4 ОиМ",23.06.2024 12:52:34
IB12400A,INVU,мужские,металл,ободковая,необычные,темно-серый,серый градиент,,,,,,,Мужской,24.01.2006,"40 лет Октября,15 ОиМ",02.03.2024 11:39:46
IB12400B,INVU,мужские,металл,ободковая,необычные,черный,серый градиент,,,,,,,Женский,05.04.1965,"40 лет Октября,15 ОиМ",23.03.2024 14:00:04
IB12401B,INVU,универсальные,металл,ободковая,авиаторы,темно-серый,серый,,,,,,,Мужской,03.06.1977,"40 лет Октября,15 ОиМ",19.06.2024 13:20:12
IB12401B,INVU,универсальные,металл,ободковая,авиаторы,темно-серый,серый,,,,,,,Мужской,22.09.1995,"40 лет Октября,15 ОиМ",02.04.2024 14:25:08
IB12401B,INVU,универсальные,металл,ободковая,авиаторы,темно-серый,серый,,,,,,,Мужской,28.10.1998,"Комсомольский,33 ОиМ",03.06.2024 8:53:27
IB12401B,INVU,универсальные,металл,ободковая,авиаторы,темно-серый,серый,,,,,,,Женский,16.09.1987,"Комарова,110 ОиМ",17.05.2024 13:07:51
IB12401C,INVU,универсальные,металл,ободковая,авиаторы,золотой,коричневый градиент,,,,,,,Мужской,30.04.1996,"40 лет Октября,15 ОиМ",08.10.2024 15:43:21
IB12402A,INVU,универсальные,металл,ободковая,панто,серебристый,серый градиент,,,,,,,Мужской,13.10.1991,"Комсомольский,33 ОиМ",20.08.2024 15:53:32
IB12402A,INVU,универсальные,металл,ободковая,панто,серебристый,серый градиент,,,,,,,Мужской,02.02.1998,"40 лет Октября,15 ОиМ",19.05.2024 13:12:17
IB12402A,INVU,универсальные,металл,ободковая,панто,серебристый,серый градиент,,,,,,,Женский,03.05.1970,"40 лет Октября,15 ОиМ",11.02.2024 11:33:33
IB12402A,INVU,универсальные,металл,ободковая,панто,серебристый,серый градиент,,,,,,,Женский,09.02.2010,"40 лет Октября,15 ОиМ",01.07.2024 17:39:47
IB12402B,INVU,универсальные,металл,ободковая,панто,серый,серый градиент,,,,,,,Мужской,25.04.1978,"Комарова,110 ОиМ",15.07.2024 11:13:10
IB12402B,INVU,универсальные,металл,ободковая,панто,серый,серый градиент,,,,,,,Женский,22.12.1990,"40 лет Октября,15 ОиМ",24.04.2024 14:45:30
IB12402B,INVU,универсальные,металл,ободковая,панто,серый,серый градиент,,,,,,,Женский,01.01.1994,"Комсомольский,33 ОиМ",06.04.2024 13:34:04
IB12402B,INVU,универсальные,металл,ободковая,панто,серый,серый градиент,,,,,,,Женский,08.10.2019,"40 лет Октября,15 ОиМ",16.06.2024 12:55:47
IB12402C,INVU,женские,металл,ободковая,панто,золотой,серо-коричневый градиент,,,,,,,Женский,04.05.1963,"Комсомольский,33 ОиМ",22.03.2024 11:16:43
IB12402C,INVU,женские,металл,ободковая,панто,золотой,серо-коричневый градиент,,,,,,,Женский,22.08.1971,"40 лет Октября,15 ОиМ",06.04.2024 13:39:45
IB12402C,INVU,женские,металл,ободковая,панто,золотой,серо-коричневый градиент,,,,,,,Женский,20.04.1989,"Комсомольский,33 ОиМ",10.05.2024 16:41:58
IB12402C,INVU,женские,металл,ободковая,панто,золотой,серо-коричневый градиент,,,,,,,Женский,11.04.2010,"40 лет Октября,15 ОиМ",03.07.2024 12:50:44
IB12404C,INVU,универсальные,металл,ободковая,авиаторы,серебристый,серый,,,,,,,Мужской,01.03.1984,"40 лет Октября,15 ОиМ",03.04.2024 18:11:17
IB12404C,INVU,универсальные,металл,ободковая,авиаторы,серебристый,серый,,,,,,,Женский,19.12.1975,"Васенко,4 ОиМ",07.07.2024 15:50:53
IB12406B,INVU,мужские,металл,ободковая,трапеция,серый,серый,,,,,,,Женский,06.10.2000,"Васенко,4 ОиМ",19.06.2024 15:18:58
IB12406C,INVU,мужские,металл,ободковая,трапеция,черный,серый,,,,,,,Мужской,04.07.1985,"40 лет Октября,15 ОиМ",24.04.2024 9:36:51
IB12408A,INVU,мужские,металл,ободковая,прямоугольные,темно-серый,серо-зеленый градиент,,,,,,,Мужской,27.08.1979,"Комсомольский,33 ОиМ",30.05.2024 17:45:26
IB12408A,INVU,мужские,металл,ободковая,прямоугольные,темно-серый,серо-зеленый градиент,,,,,,,Женский,13.09.1958,"40 лет Октября,15 ОиМ",17.02.2024 16:07:15
IB12411A,INVU,женские,металл,ободковая,маска,золотой,серый,,,,,,,Женский,27.07.2001,"40 лет Октября,15 ОиМ",14.05.2024 14:16:17
IB12411B,INVU,женские,металл,ободковая,маска,золотой,коричневый,,,,,,,Мужской,19.06.1980,"40 лет Октября,15 ОиМ",29.06.2024 17:23:42
IB12413A,INVU,женские,металл,ободковая,кошачий глаз,черный/золотой,фиолетовый градиент,,,,,,,Женский,08.04.1956,"Комарова,110 ОиМ",23.03.2024 14:00:32
IB12413A,INVU,женские,металл,ободковая,кошачий глаз,черный/золотой,фиолетовый градиент,,,,,,,Женский,01.02.1962,"40 лет Октября,15 ОиМ",02.05.2024 10:53:50
IB12413A,INVU,женские,металл,ободковая,кошачий глаз,черный/золотой,фиолетовый градиент,,,,,,,Женский,06.08.1967,"40 лет Октября,15 ОиМ",30.03.2024 10:51:08
IB12413A,INVU,женские,металл,ободковая,кошачий глаз,черный/золотой,фиолетовый градиент,,,,,,,Женский,02.11.2002,"40 лет Октября,15 ОиМ",11.06.2024 15:04:58
IB12413C,INVU,женские,металл,ободковая,кошачий глаз,белый,коричневый градиент,,,,,,,Женский,21.04.2005,"40 лет Октября,15 ОиМ",04.05.2024 14:18:10
IB12413D,INVU,женские,металл,ободковая,кошачий глаз,синий/серебристый,серый градиент,,,,,,,Мужской,13.03.1974,"Васенко,4 ОиМ",25.05.2024 15:37:13
IB12413D,INVU,женские,металл,ободковая,кошачий глаз,синий/серебристый,серый градиент,,,,,,,Женский,25.04.1980,"Комарова,110 ОиМ",07.05.2024 18:01:52
IB12413D,INVU,женские,металл,ободковая,кошачий глаз,синий/серебристый,серый градиент,,,,,,,Женский,23.04.1985,"Комсомольский,33 ОиМ",29.05.2024 12:52:38
IB12413D,INVU,женские,металл,ободковая,кошачий глаз,синий/серебристый,серый градиент,,,,,,,Женский,09.07.1986,"40 лет Октября,15 ОиМ",02.05.2024 17:49:57
IB12414A,INVU,женские,металл,ободковая,кошачий глаз,черный/золотой,фиолетовый градиент,,,,,,,Мужской,01.12.1983,"40 лет Октября,15 ОиМ",23.03.2024 12:15:07
IB12414A,INVU,женские,металл,ободковая,кошачий глаз,черный/золотой,фиолетовый градиент,,,,,,,Мужской,21.10.1994,"Комсомольский,33 ОиМ",18.02.2024 16:30:03
IB12414A,INVU,женские,металл,ободковая,кошачий глаз,черный/золотой,фиолетовый градиент,,,,,,,Женский,27.03.1952,"Комсомольский,33 ОиМ",24.02.2024 17:05:23
IB12414A,INVU,женские,металл,ободковая,кошачий глаз,черный/золотой,фиолетовый градиент,,,,,,,Женский,22.08.1983,"Васенко,4 ОиМ",11.03.2024 11:54:55
IB12414A,INVU,женские,металл,ободковая,кошачий глаз,черный/золотой,фиолетовый градиент,,,,,,,Женский,05.09.1984,"40 лет Октября,15 ОиМ",17.05.2024 19:13:19
IB12414B,INVU,женские,металл,ободковая,кошачий глаз,бордовый,серый градиент,,,,,,,Женский,03.09.1981,"40 лет Октября,15 ОиМ",11.05.2024 15:39:43
IB12414C,INVU,женские,металл,ободковая,кошачий глаз,синий/серебристый,серый градиент,,,,,,,Женский,10.04.1964,"40 лет Октября,15 ОиМ",19.04.2024 12:08:46
IB12414C,INVU,женские,металл,ободковая,кошачий глаз,синий/серебристый,серый градиент,,,,,,,Женский,11.05.1981,"Комсомольский,33 ОиМ",11.02.2024 13:57:07
IB12416B,INVU,мужские,металл,ободковая,прямоугольные,темно-серый,серый,,,,,,,Мужской,29.11.1963,"40 лет Октября,15 ОиМ",28.07.2024 9:04:38
IB12416B,INVU,мужские,металл,ободковая,прямоугольные,темно-серый,серый,,,,,,,Женский,13.04.1987,"Комсомольский,33 ОиМ",09.12.2024 18:47:56
IB12416C,INVU,мужские,металл,ободковая,прямоугольные,черный,серый,,,,,,,Женский,01.01.1948,"40 лет Октября,15 ОиМ",20.04.2024 13:42:32
IB12416C,INVU,мужские,металл,ободковая,прямоугольные,черный,серый,,,,,,,Женский,02.08.1957,"Комарова,110 ОиМ",02.08.2024 17:41:17
IB12416C,INVU,мужские,металл,ободковая,прямоугольные,черный,серый,,,,,,,Женский,05.01.1973,"Комсомольский,33 ОиМ",02.07.2024 17:31:26
IB12416C,INVU,мужские,металл,ободковая,прямоугольные,черный,серый,,,,,,,Женский,20.12.2007,"40 лет Октября,15 ОиМ",11.07.2024 15:33:14
IB22402A,INVU,женские,пластик,ободковая,бабочка,черный,серый градиент,,,,,,,Мужской,07.07.1988,"40 лет Октября,15 ОиМ",16.05.2024 12:27:04
IB22402C,INVU,женские,пластик,ободковая,бабочка,коричневый,коричневый градиент,,,,,,,Женский,18.01.1961,"Комсомольский,33 ОиМ",19.04.2024 9:50:18
IB22402C,INVU,женские,пластик,ободковая,бабочка,коричневый,коричневый градиент,,,,,,,Женский,29.06.1968,"Комарова,110 ОиМ",02.06.2024 18:12:15
IB22402C,INVU,женские,пластик,ободковая,бабочка,коричневый,коричневый градиент,,,,,,,Женский,11.03.1985,"40 лет Октября,15 ОиМ",02.07.2024 19:00:59
IB22402C,INVU,женские,пластик,ободковая,бабочка,коричневый,коричневый градиент,,,,,,,Женский,10.09.1994,"40 лет Октября,15 ОиМ",10.04.2024 16:10:49
IB22405A,INVU,женские,пластик,ободковая,прямоугольные,черный,черный градиент,,,,,,,Женский,29.11.1983,"Васенко,4 ОиМ",21.02.2024 18:32:39
IB22405A,INVU,женские,пластик,ободковая,прямоугольные,черный,черный градиент,,,,,,,Женский,20.06.1987,"40 лет Октября,15 ОиМ",10.02.2024 16:58:06
IB22405A,INVU,женские,пластик,ободковая,прямоугольные,черный,черный градиент,,,,,,,Женский,22.03.2006,"40 лет Октября,15 ОиМ",29.05.2024 11:45:43
IB22405B,INVU,женские,пластик,ободковая,прямоугольные,зеленый,коричневый градиент,,,,,,,Женский,02.12.1978,"40 лет Октября,15 ОиМ",08.03.2024 13:37:54
IB22405B,INVU,женские,пластик,ободковая,прямоугольные,зеленый,коричневый градиент,,,,,,,Женский,02.11.2005,"40 лет Октября,15 ОиМ",03.06.2024 13:12:42
IB22405C,INVU,женские,пластик,ободковая,прямоугольные,серый,серый градиент,,,,,,,Женский,26.04.1949,"40 лет Октября,15 ОиМ",13.04.2024 15:52:49
IB22405D,INVU,женские,пластик,ободковая,прямоугольные,бежевый,коричневый градиент,,,,,,,Женский,02.07.1969,"40 лет Октября,15 ОиМ",31.03.2024 14:44:01
IB22405D,INVU,женские,пластик,ободковая,прямоугольные,бежевый,коричневый градиент,,,,,,,Женский,30.11.1996,"40 лет Октября,15 ОиМ",13.03.2024 13:35:07
IB22406A,INVU,женские,пластик,ободковая,бабочка,черный,серый градиент,,,,,,,Мужской,17.06.1964,"40 лет Октября,15 ОиМ",19.03.2024 16:15:39
IB22406A,INVU,женские,пластик,ободковая,бабочка,черный,серый градиент,,,,,,,Мужской,10.10.1978,"Комсомольский,33 ОиМ",03.08.2024 10:25:51
IB22406A,INVU,женские,пластик,ободковая,бабочка,черный,серый градиент,,,,,,,Мужской,28.03.1985,"40 лет Октября,15 ОиМ",14.07.2024 17:33:37
IB22406A,INVU,женские,пластик,ободковая,бабочка,черный,серый градиент,,,,,,,Женский,06.03.1978,"Комарова,110 ОиМ",02.09.2024 16:37:15
IB22406A,INVU,женские,пластик,ободковая,бабочка,черный,серый градиент,,,,,,,Женский,14.06.1987,"40 лет Октября,15 ОиМ",16.05.2024 19:13:03
IB22406B,INVU,женские,пластик,ободковая,бабочка,черепаховый,коричневый градиент,,,,,,,Мужской,30.11.1974,"Комсомольский,33 ОиМ",19.05.2024 16:38:58
IB22406B,INVU,женские,пластик,ободковая,бабочка,черепаховый,коричневый градиент,,,,,,,Женский,04.01.1956,"40 лет Октября,15 ОиМ",16.05.2024 10:50:30
IB22406B,INVU,женские,пластик,ободковая,бабочка,черепаховый,коричневый градиент,,,,,,,Женский,16.12.1998,"40 лет Октября,15 ОиМ",09.04.2024 17:10:39
IB22408A,INVU,женские,пластик,ободковая,бабочка,черный,серый градиент,,,,,,,Женский,07.08.1959,"Комсомольский,33 ОиМ",21.09.2024 9:48:34
IB22408C,INVU,женские,пластик,ободковая,бабочка,бирюзовый,серо-коричневый градиент,,,,,,,Женский,26.10.1976,"40 лет Октября,15 ОиМ",31.10.2024 19:23:24
IB22408D,INVU,женские,пластик,ободковая,бабочка,бордовый,бордовый градиент,,,,,,,Женский,25.09.2013,"40 лет Октября,15 ОиМ",15.09.2024 19:57:44
IB22408E,INVU,женские,пластик,ободковая,бабочка,бежевый,серый градиент,,,,,,,Женский,19.02.1985,"40 лет Октября,15 ОиМ",29.04.2024 17:24:00
IB22411A,INVU,женские,пластик,ободковая,бабочка,черный,серый градиент,,,,,,,Женский,05.05.1960,"40 лет Октября,15 ОиМ",07.03.2024 16:54:53
IB22411A,INVU,женские,пластик,ободковая,бабочка,черный,серый градиент,,,,,,,Женский,23.09.1969,"Комсомольский,33 ОиМ",03.06.2024 14:22:32
IB22411A,INVU,женские,пластик,ободковая,бабочка,черный,серый градиент,,,,,,,Женский,09.04.1981,"Комарова,110 ОиМ",04.06.2024 17:43:03
IB22411A,INVU,женские,пластик,ободковая,бабочка,черный,серый градиент,,,,,,,Женский,21.02.1984,"Комсомольский,33 ОиМ",08.05.2024 12:48:08
IB22411A,INVU,женские,пластик,ободковая,бабочка,черный,серый градиент,,,,,,,Женский,30.03.1986,"40 лет Октября,15 ОиМ",26.05.2024 18:31:33
IB22411B,INVU,женские,пластик,ободковая,бабочка,синий,серый градиент,,,,,,,Мужской,14.06.1975,"40 лет Октября,15 ОиМ",16.04.2024 11:29:57
IB22411B,INVU,женские,пластик,ободковая,бабочка,синий,серый градиент,,,,,,,Женский,15.05.1975,"40 лет Октября,15 ОиМ",15.04.2024 13:10:46
IB22411C,INVU,женские,пластик,ободковая,бабочка,серый,серый градиент,,,,,,,Женский,12.02.1959,"40 лет Октября,15 ОиМ",18.06.2024 13:23:10
IB22411C,INVU,женские,пластик,ободковая,бабочка,серый,серый градиент,,,,,,,Женский,13.05.1974,"Комсомольский,33 ОиМ",30.05.2024 13:37:29
IB22411C,INVU,женские,пластик,ободковая,бабочка,серый,серый градиент,,,,,,,Женский,22.06.2002,"40 лет Октября,15 ОиМ",13.02.2024 14:44:38
IB22413A,INVU,мужские,пластик,ободковая,прямоугольные,синий,серый,,,,,,,Мужской,15.05.1983,"Васенко,4 ОиМ",12.05.2024 16:14:44
IB22413A,INVU,мужские,пластик,ободковая,прямоугольные,синий,серый,,,,,,,Мужской,24.07.1991,"Комсомольский,33 ОиМ",20.04.2024 19:32:44
IB22413A,INVU,мужские,пластик,ободковая,прямоугольные,синий,серый,,,,,,,Мужской,21.10.1997,"Васенко,4 ОиМ",05.06.2024 18:43:57
IB22413A,INVU,мужские,пластик,ободковая,прямоугольные,синий,серый,,,,,,,Женский,02.08.1978,"40 лет Октября,15 ОиМ",07.07.2024 13:03:31
IB22413B,INVU,мужские,пластик,ободковая,прямоугольные,черный,серо-зеленый,,,,,,,Мужской,16.12.1948,"40 лет Октября,15 ОиМ",19.04.2024 13:15:04
IB22413B,INVU,мужские,пластик,ободковая,прямоугольные,черный,серо-зеленый,,,,,,,Мужской,15.09.1976,"40 лет Октября,15 ОиМ",20.05.2024 19:10:37
IB22413B,INVU,мужские,пластик,ободковая,прямоугольные,черный,серо-зеленый,,,,,,,Женский,30.08.1985,"Комсомольский,33 ОиМ",16.03.2024 19:14:56
IB22413C,INVU,мужские,пластик,ободковая,прямоугольные,темно-серый,серый,,,,,,,Мужской,18.10.1990,"40 лет Октября,15 ОиМ",02.07.2024 13:38:57
IB22413C,INVU,мужские,пластик,ободковая,прямоугольные,темно-серый,серый,,,,,,,Женский,10.03.1956,"40 лет Октября,15 ОиМ",12.06.2024 12:33:02
IB22414A,INVU,женские,пластик,ободковая,бабочка,черный,фиолетовый градиент,,,,,,,Женский,15.06.1968,"Комсомольский,33 ОиМ",30.03.2024 10:50:48
IB22414A,INVU,женские,пластик,ободковая,бабочка,черный,фиолетовый градиент,,,,,,,Женский,09.08.1988,"40 лет Октября,15 ОиМ",06.05.2024 18:44:59
IB22414C,INVU,женские,пластик,ободковая,бабочка,бежевый,серый градиент,,,,,,,Женский,11.11.1984,"40 лет Октября,15 ОиМ",23.03.2024 15:11:55
IB22414C,INVU,женские,пластик,ободковая,бабочка,бежевый,серый градиент,,,,,,,Женский,27.07.1988,"40 лет Октября,15 ОиМ",01.05.2024 13:15:28
IB22415B,INVU,женские,пластик,ободковая,бабочка,черный,серый градиент,,,,,,,Мужской,09.08.1985,"40 лет Октября,15 ОиМ",26.05.2024 17:25:59
IB22415B,INVU,женские,пластик,ободковая,бабочка,черный,серый градиент,,,,,,,Женский,07.06.1954,"40 лет Октября,15 ОиМ",23.04.2024 10:02:42
IB22415B,INVU,женские,пластик,ободковая,бабочка,черный,серый градиент,,,,,,,Женский,31.03.1978,"Комсомольский,33 ОиМ",01.06.2024 14:42:38
IB22415B,INVU,женские,пластик,ободковая,бабочка,черный,серый градиент,,,,,,,Не указан,25.05.1957,"40 лет Октября,15 ОиМ",10.06.2024 11:36:29
IB22415C,INVU,женские,пластик,ободковая,бабочка,черепаховый,коричневый градиент,,,,,,,Женский,16.03.1941,"Комсомольский,33 ОиМ",24.07.2024 13:17:26
IB22415C,INVU,женские,пластик,ободковая,бабочка,черепаховый,коричневый градиент,,,,,,,Женский,17.05.1947,"40 лет Октября,15 ОиМ",12.06.2024 13:35:16
IB22415C,INVU,женские,пластик,ободковая,бабочка,черепаховый,коричневый градиент,,,,,,,Женский,20.06.1967,"40 лет Октября,15 ОиМ",25.03.2024 13:52:13
IB22415C,INVU,женские,пластик,ободковая,бабочка,черепаховый,коричневый градиент,,,,,,,Женский,15.10.1969,"40 лет Октября,15 ОиМ",04.03.2024 16:13:16
IB22415C,INVU,женские,пластик,ободковая,бабочка,черепаховый,коричневый градиент,,,,,,,Женский,21.08.1976,"Комарова,110 ОиМ",12.06.2024 18:06:09
IB22415C,INVU,женские,пластик,ободковая,бабочка,черепаховый,коричневый градиент,,,,,,,Женский,23.06.1979,"Комсомольский,33 ОиМ",05.04.2024 9:01:27
IB22416A,INVU,универсальные,пластик,ободковая,вайфайеры,черный,серый,,,,,,,Мужской,16.05.1973,"40 лет Октября,15 ОиМ",15.05.2024 12:13:14
IB22416B,INVU,универсальные,пластик,ободковая,вайфайеры,серый,серый,,,,,,,Мужской,01.06.1969,"Васенко,4 ОиМ",04.06.2024 16:36:13
IB22417A,INVU,женские,пластик,ободковая,бабочка,черный,серый,,,,,,,Мужской,04.04.1998,"40 лет Октября,15 ОиМ",24.03.2024 10:19:03
IB22417A,INVU,женские,пластик,ободковая,бабочка,черный,серый,,,,,,,Женский,25.04.1956,"Комарова,110 ОиМ",23.03.2024 11:08:16
IB22417A,INVU,женские,пластик,ободковая,бабочка,черный,серый,,,,,,,Женский,26.02.1961,"40 лет Октября,15 ОиМ",11.06.2024 17:28:57
IB22417A,INVU,женские,пластик,ободковая,бабочка,черный,серый,,,,,,,Женский,16.09.1987,"Комсомольский,33 ОиМ",12.06.2024 18:38:55
IB22419A,INVU,женские,пластик,ободковая,бабочка,черный,серый градиент,,,,,,,Женский,20.06.1965,"40 лет Октября,15 ОиМ",20.09.2024 9:39:58
IB22419C,INVU,женские,пластик,ободковая,бабочка,бордовый,бордовый градиент,,,,,,,Женский,11.08.1965,"Васенко,4 ОиМ",17.02.2024 18:32:41
IB22420A,INVU,женские,пластик,ободковая,бабочка,черный,серый градиент,,,,,,,Женский,08.03.1962,"Комсомольский,33 ОиМ",05.04.2024 15:25:54
IB22420A,INVU,женские,пластик,ободковая,бабочка,черный,серый градиент,,,,,,,Женский,25.08.1980,"Комсомольский,33 ОиМ",06.03.2024 14:00:21
IB22420A,INVU,женские,пластик,ободковая,бабочка,черный,серый градиент,,,,,,,Женский,27.02.1982,"Комсомольский,33 ОиМ",09.07.2024 17:39:49
IB22420A,INVU,женские,пластик,ободковая,бабочка,черный,серый градиент,,,,,,,Женский,25.01.1988,"40 лет Октября,15 ОиМ",11.07.2024 18:36:27
IB22420A,INVU,женские,пластик,ободковая,бабочка,черный,серый градиент,,,,,,,Женский,01.06.1990,"40 лет Октября,15 ОиМ",07.04.2024 14:03:47
IB22421C,INVU,женские,пластик,ободковая,кошачий глаз,многоцветный,серый градиент,,,,,,,Женский,26.09.1962,"40 лет Октября,15 ОиМ",31.05.2024 15:33:13
IB22421C,INVU,женские,пластик,ободковая,кошачий глаз,многоцветный,серый градиент,,,,,,,Женский,24.03.1964,"Комарова,110 ОиМ",19.04.2024 17:20:34
IB22422A,INVU,женские,пластик,ободковая,квадратные,черный,черный градиент,,,,,,,Женский,30.12.1948,"Комсомольский,33 ОиМ",04.11.2024 11:57:24
IB22422A,INVU,женские,пластик,ободковая,квадратные,черный,черный градиент,,,,,,,Женский,30.04.1962,"40 лет Октября,15 ОиМ",21.03.2024 10:45:50
IB22422A,INVU,женские,пластик,ободковая,квадратные,черный,черный градиент,,,,,,,Женский,19.05.1987,"40 лет Октября,15 ОиМ",17.05.2024 16:45:41
IB22422C,INVU,женские,пластик,ободковая,квадратные,серый,серый градиент,,,,,,,Мужской,23.10.1976,"Васенко,4 ОиМ",17.08.2024 17:18:35
IB22422C,INVU,женские,пластик,ободковая,квадратные,серый,серый градиент,,,,,,,Женский,01.01.1960,"40 лет Октября,15 ОиМ",05.07.2024 9:11:37
IB22422C,INVU,женские,пластик,ободковая,квадратные,серый,серый градиент,,,,,,,Женский,23.07.1971,"Комсомольский,33 ОиМ",07.10.2024 16:11:40
IB22422C,INVU,женские,пластик,ободковая,квадратные,серый,серый градиент,,,,,,,Женский,13.04.1984,"40 лет Октября,15 ОиМ",15.08.2024 9:24:14
IB22423A,INVU,мужские,пластик,ободковая,квадратные,черный,серый,,,,,,,Мужской,11.09.1971,"Васенко,4 ОиМ",01.06.2024 17:46:48
IB22423A,INVU,мужские,пластик,ободковая,квадратные,черный,серый,,,,,,,Мужской,01.03.1980,"40 лет Октября,15 ОиМ",18.06.2024 17:18:00
IB22423A,INVU,мужские,пластик,ободковая,квадратные,черный,серый,,,,,,,Мужской,01.09.1980,"40 лет Октября,15 ОиМ",09.04.2024 19:54:13
IB22423A,INVU,мужские,пластик,ободковая,квадратные,черный,серый,,,,,,,Мужской,18.03.1990,"Васенко,4 ОиМ",17.06.2024 19:47:31
IB22423A,INVU,мужские,пластик,ободковая,квадратные,черный,серый,,,,,,,Мужской,03.10.1991,"40 лет Октября,15 ОиМ",25.05.2024 15:43:42
IB22423A,INVU,мужские,пластик,ободковая,квадратные,черный,серый,,,,,,,Женский,06.01.1958,"40 лет Октября,15 ОиМ",18.04.2024 13:01:43
IB22423A,INVU,мужские,пластик,ободковая,квадратные,черный,серый,,,,,,,Женский,04.01.1987,"Васенко,4 ОиМ",15.06.2024 17:20:52
IB22424B,INVU,женские,пластик,ободковая,бабочка,черный/белый,серый градиент,,,,,,,Мужской,12.04.1983,"40 лет Октября,15 ОиМ",22.06.2024 15:09:57
IB22424B,INVU,женские,пластик,ободковая,бабочка,черный/белый,серый градиент,,,,,,,Женский,01.06.1947,"Комсомольский,33 ОиМ",13.03.2024 13:43:19
IB22424B,INVU,женские,пластик,ободковая,бабочка,черный/белый,серый градиент,,,,,,,Женский,22.03.1971,"40 лет Октября,15 ОиМ",15.03.2024 10:02:39
IB22424C,INVU,женские,пластик,ободковая,бабочка,коричневый,коричневый градиент,,,,,,,Женский,08.04.1949,"Комсомольский,33 ОиМ",07.04.2024 16:10:17
IB22425A,INVU,женские,пластик,ободковая,овальные,коричневый,серый,,,,,,,Мужской,04.07.1983,"40 лет Октября,15 ОиМ",24.06.2024 10:01:44
IB22430A,INVU,женские,пластик,ободковая,бабочка,черный,черный градиент,,,,,,,Женский,26.06.1977,"40 лет Октября,15 ОиМ",22.06.2024 11:45:22
IB22430A,INVU,женские,пластик,ободковая,бабочка,черный,черный градиент,,,,,,,Женский,09.10.1977,"Комсомольский,33 ОиМ",14.05.2024 15:09:55
IB22430B,INVU,женские,пластик,ободковая,бабочка,черепаховый,серо-зеленый градиент,,,,,,,Мужской,21.01.1968,"40 лет Октября,15 ОиМ",20.04.2024 17:58:33
IB22430B,INVU,женские,пластик,ободковая,бабочка,черепаховый,серо-зеленый градиент,,,,,,,Женский,17.09.1968,"40 лет Октября,15 ОиМ",12.07.2024 13:43:40
IB22430B,INVU,женские,пластик,ободковая,бабочка,черепаховый,серо-зеленый градиент,,,,,,,Женский,30.08.1972,"40 лет Октября,15 ОиМ",29.04.2024 11:56:30
IB22430B,INVU,женские,пластик,ободковая,бабочка,черепаховый,серо-зеленый градиент,,,,,,,Женский,04.06.1973,"Комсомольский,33 ОиМ",15.04.2024 12:25:53
IB22431A,INVU,женские,пластик,ободковая,необычные,черный,черный градиент,,,,,,,Женский,19.04.1982,"40 лет Октября,15 ОиМ",02.06.2024 12:38:51
IB22440C,INVU,универсальные,пластик,ободковая,квадратные,прозрачный,серый градиент,,,,,,,Мужской,05.11.1977,"40 лет Октября,15 ОиМ",10.07.2024 14:25:53
IB22440C,INVU,универсальные,пластик,ободковая,квадратные,прозрачный,серый градиент,,,,,,,Женский,01.10.1963,"Васенко,4 ОиМ",12.04.2024 16:11:51
IB22441A,INVU,женские,пластик,ободковая,бабочка,черный,серо-зеленый градиент,,,,,,,Женский,30.12.1985,"Комсомольский,33 ОиМ",15.08.2024 13:39:24
IB22441B,INVU,женские,пластик,ободковая,бабочка,коричневый,серо-коричневый градиент,,,,,,,Женский,20.12.1976,"Комсомольский,33 ОиМ",31.05.2024 19:13:53
IB22441B,INVU,женские,пластик,ободковая,бабочка,коричневый,серо-коричневый градиент,,,,,,,Женский,01.05.1981,"40 лет Октября,15 ОиМ",19.08.2024 16:44:40
IB22442A,INVU,женские,пластик,ободковая,бабочка,черный,серый градиент,,,,,,,Женский,10.12.1977,"Васенко,4 ОиМ",04.05.2024 14:26:27
IB22444A,INVU,женские,пластик,ободковая,кошачий глаз,черный,серо-синий,,,,,,,Женский,15.08.1945,"Комсомольский,33 ОиМ",11.10.2024 14:55:34
IB22444A,INVU,женские,пластик,ободковая,кошачий глаз,черный,серо-синий,,,,,,,Женский,05.05.2012,"40 лет Октября,15 ОиМ",10.07.2024 15:34:23
IB22444B,INVU,женские,пластик,ободковая,кошачий глаз,коричневый,серо-синий,,,,,,,Женский,15.12.1962,"40 лет Октября,15 ОиМ",05.07.2024 13:04:38
IB22445A,INVU,мужские,пластик,ободковая,квадратные,черный,серый,,,,,,,Мужской,14.01.1988,"40 лет Октября,15 ОиМ",26.05.2024 11:37:36
IB22445A,INVU,мужские,пластик,ободковая,квадратные,черный,серый,,,,,,,Мужской,20.07.1989,"Комсомольский,33 ОиМ",28.07.2024 12:38:07
IB22445A,INVU,мужские,пластик,ободковая,квадратные,черный,серый,,,,,,,Женский,13.10.1975,"Васенко,4 ОиМ",25.05.2024 15:15:13
IB22445D,INVU,мужские,пластик,ободковая,квадратные,черный,серо-зеленый градиент,,,,,,,Женский,06.12.1976,"40 лет Октября,15 ОиМ",12.03.2024 15:31:27
IB22445D,INVU,мужские,пластик,ободковая,квадратные,черный,серо-зеленый градиент,,,,,,,Женский,08.12.1977,"Комсомольский,33 ОиМ",11.06.2024 11:42:05
IB22445D,INVU,мужские,пластик,ободковая,квадратные,черный,серо-зеленый градиент,,,,,,,Женский,23.01.1992,"40 лет Октября,15 ОиМ",21.04.2024 15:53:01
IB22445D,INVU,мужские,пластик,ободковая,квадратные,черный,серо-зеленый градиент,,,,,,,Женский,09.02.2010,"40 лет Октября,15 ОиМ",01.07.2024 17:39:47
IB22446A,INVU,женские,пластик,ободковая,бабочка,черный,серо-коричневый градиент,,,,,,,Мужской,18.05.1978,"40 лет Октября,15 ОиМ",17.03.2024 16:29:31
IB22446A,INVU,женские,пластик,ободковая,бабочка,черный,серо-коричневый градиент,,,,,,,Женский,27.11.1964,"Комсомольский,33 ОиМ",20.05.2024 12:46:14
IB22446A,INVU,женские,пластик,ободковая,бабочка,черный,серо-коричневый градиент,,,,,,,Женский,14.03.1965,"Комарова,110 ОиМ",13.06.2024 10:09:55
IB22446A,INVU,женские,пластик,ободковая,бабочка,черный,серо-коричневый градиент,,,,,,,Женский,08.07.1972,"40 лет Октября,15 ОиМ",31.05.2024 14:56:50
IB22446A,INVU,женские,пластик,ободковая,бабочка,черный,серо-коричневый градиент,,,,,,,Женский,26.12.1980,"Комсомольский,33 ОиМ",19.03.2024 13:48:12
IB22446C,INVU,женские,пластик,ободковая,бабочка,бордовый,серый градиент,,,,,,,Мужской,28.11.1984,"Комсомольский,33 ОиМ",30.04.2024 12:41:55
IB22446C,INVU,женские,пластик,ободковая,бабочка,бордовый,серый градиент,,,,,,,Женский,03.04.1943,"40 лет Октября,15 ОиМ",12.04.2024 9:26:52
IB22446C,INVU,женские,пластик,ободковая,бабочка,бордовый,серый градиент,,,,,,,Женский,16.11.1965,"40 лет Октября,15 ОиМ",23.04.2024 12:46:14
IB22446C,INVU,женские,пластик,ободковая,бабочка,бордовый,серый градиент,,,,,,,Женский,19.07.1971,"Комарова,110 ОиМ",05.03.2024 15:39:52
IB22446C,INVU,женские,пластик,ободковая,бабочка,бордовый,серый градиент,,,,,,,Женский,09.02.1972,"Комсомольский,33 ОиМ",11.02.2024 19:20:44
IB22446C,INVU,женские,пластик,ободковая,бабочка,бордовый,серый градиент,,,,,,,Женский,24.02.1973,"Комсомольский,33 ОиМ",21.04.2024 14:57:20
IB22446C,INVU,женские,пластик,ободковая,бабочка,бордовый,серый градиент,,,,,,,Женский,18.03.1976,"Комсомольский,33 ОиМ",03.04.2024 18:07:12
IB22447A,INVU,женские,пластик,ободковая,бабочка,черный,серо-синий,,,,,,,Женский,08.12.1972,"40 лет Октября,15 ОиМ",20.05.2024 10:05:10
IB22447A,INVU,женские,пластик,ободковая,бабочка,черный,серо-синий,,,,,,,Женский,22.09.1975,"Комсомольский,33 ОиМ",17.04.2024 15:54:58
IB22447C,INVU,женские,пластик,ободковая,бабочка,фиолетовый,серый,,,,,,,Женский,08.07.1942,"40 лет Октября,15 ОиМ",15.07.2024 16:22:05
IB22447C,INVU,женские,пластик,ободковая,бабочка,фиолетовый,серый,,,,,,,Женский,06.04.1957,"Комсомольский,33 ОиМ",18.07.2024 9:33:05
IB22448A,INVU,женские,пластик,ободковая,квадратные,черный,серый градиент,,,,,,,Мужской,20.09.1973,"Васенко,4 ОиМ",17.07.2024 17:39:15
IB22448A,INVU,женские,пластик,ободковая,квадратные,черный,серый градиент,,,,,,,Мужской,30.09.2013,"40 лет Октября,15 ОиМ",05.06.2024 18:39:50
IB22448A,INVU,женские,пластик,ободковая,квадратные,черный,серый градиент,,,,,,,Женский,11.02.1970,"Комсомольский,33 ОиМ",07.07.2024 13:47:57
IB22448B,INVU,женские,пластик,ободковая,квадратные,бежевый,коричневый градиент,,,,,,,Мужской,18.01.1985,"40 лет Октября,15 ОиМ",04.06.2024 12:15:51
IB22448B,INVU,женские,пластик,ободковая,квадратные,бежевый,коричневый градиент,,,,,,,Женский,31.08.1964,"Комсомольский,33 ОиМ",21.04.2024 12:36:46
IB22448B,INVU,женские,пластик,ободковая,квадратные,бежевый,коричневый градиент,,,,,,,Женский,26.01.2002,"Комсомольский,33 ОиМ",27.04.2024 12:53:48
IB22449A,INVU,универсальные,пластик,ободковая,трапеция,черный,серый градиент,,,,,,,Мужской,05.01.1988,"40 лет Октября,15 ОиМ",26.07.2024 10:47:15
IB22451A,INVU,женские,пластик,ободковая,кошачий глаз,черный,серый градиент,,,,,,,Мужской,03.04.2017,"40 лет Октября,15 ОиМ",03.05.2024 17:55:12
IB22451A,INVU,женские,пластик,ободковая,кошачий глаз,черный,серый градиент,,,,,,,Женский,08.09.1959,"40 лет Октября,15 ОиМ",20.03.2024 9:28:09
IB22451A,INVU,женские,пластик,ободковая,кошачий глаз,черный,серый градиент,,,,,,,Женский,08.05.1968,"Васенко,4 ОиМ",17.04.2024 19:48:56
IB22451A,INVU,женские,пластик,ободковая,кошачий глаз,черный,серый градиент,,,,,,,Женский,01.02.1980,"40 лет Октября,15 ОиМ",07.03.2024 16:46:04
IB22451A,INVU,женские,пластик,ободковая,кошачий глаз,черный,серый градиент,,,,,,,Женский,27.07.1983,"Комарова,110 ОиМ",24.04.2024 12:10:35
IB22451A,INVU,женские,пластик,ободковая,кошачий глаз,черный,серый градиент,,,,,,,Женский,03.10.1986,"Комсомольский,33 ОиМ",30.04.2024 9:47:06
IB22451B,INVU,женские,пластик,ободковая,кошачий глаз,фиолетовый,фиолетовый градиент,,,,,,,Мужской,26.08.2013,"40 лет Октября,15 ОиМ",23.03.2024 11:09:02
IB22451B,INVU,женские,пластик,ободковая,кошачий глаз,фиолетовый,фиолетовый градиент,,,,,,,Женский,10.07.1962,"40 лет Октября,15 ОиМ",21.05.2024 9:43:58
IB22451B,INVU,женские,пластик,ободковая,кошачий глаз,фиолетовый,фиолетовый градиент,,,,,,,Женский,17.08.2014,"Комсомольский,33 ОиМ",18.05.2024 11:26:24
IB22451C,INVU,женские,пластик,ободковая,кошачий глаз,черепаховый,коричнево-зеленый градиент,,,,,,,Мужской,22.09.2005,"40 лет Октября,15 ОиМ",04.06.2024 11:26:13
IB22451C,INVU,женские,пластик,ободковая,кошачий глаз,черепаховый,коричнево-зеленый градиент,,,,,,,Мужской,26.08.2013,"40 лет Октября,15 ОиМ",23.03.2024 10:41:37
IB22451C,INVU,женские,пластик,ободковая,кошачий глаз,черепаховый,коричнево-зеленый градиент,,,,,,,Женский,27.11.1964,"Комсомольский,33 ОиМ",04.06.2024 20:06:28
IB22451C,INVU,женские,пластик,ободковая,кошачий глаз,черепаховый,коричнево-зеленый градиент,,,,,,,Женский,08.08.1974,"Комарова,110 ОиМ",23.02.2024 12:26:32
IB22451C,INVU,женские,пластик,ободковая,кошачий глаз,черепаховый,коричнево-зеленый градиент,,,,,,,Женский,17.04.1993,"Комсомольский,33 ОиМ",17.03.2024 17:02:54
IB22455A,INVU,универсальные,пластик,ободковая,вайфайеры,черный,черный зеркальный,,,,,,,Женский,26.02.1975,"Васенко,4 ОиМ",17.02.2024 17:07:23
IB22455B,INVU,универсальные,пластик,ободковая,вайфайеры,синий,синий зеркальный,,,,,,,Женский,27.05.1979,"40 лет Октября,15 ОиМ",06.07.2024 11:34:53
IB22456A,INVU,женские,пластик,ободковая,квадратные,черный,серый градиент,,,,,,,Мужской,,"Комсомольский,33 ОиМ",11.03.2024 17:19:10
IB22456A,INVU,женские,пластик,ободковая,квадратные,черный,серый градиент,,,,,,,Женский,19.12.1949,"40 лет Октября,15 ОиМ",13.08.2024 10:12:30
IB22456A,INVU,женские,пластик,ободковая,квадратные,черный,серый градиент,,,,,,,Женский,23.02.1968,"Васенко,4 ОиМ",19.06.2024 13:13:35
IB22456A,INVU,женские,пластик,ободковая,квадратные,черный,серый градиент,,,,,,,Женский,17.07.1976,"Комсомольский,33 ОиМ",13.12.2024 13:45:01
IB22456A,INVU,женские,пластик,ободковая,квадратные,черный,серый градиент,,,,,,,Женский,09.08.1988,"40 лет Октября,15 ОиМ",06.05.2024 18:44:59
IB22456A,INVU,женские,пластик,ободковая,квадратные,черный,серый градиент,,,,,,,Женский,10.10.1997,"Комсомольский,33 ОиМ",01.06.2024 15:40:13
IB22456B,INVU,женские,пластик,ободковая,квадратные,фиолетовый,серый градиент,,,,,,,Мужской,04.08.1989,"Комсомольский,33 ОиМ",24.06.2024 11:08:13
IB22456B,INVU,женские,пластик,ободковая,квадратные,фиолетовый,серый градиент,,,,,,,Мужской,24.11.2008,"Васенко,4 ОиМ",29.11.2024 19:25:59
IB22456B,INVU,женские,пластик,ободковая,квадратные,фиолетовый,серый градиент,,,,,,,Женский,13.12.1961,"40 лет Октября,15 ОиМ",20.05.2024 18:44:27
IB22456B,INVU,женские,пластик,ободковая,квадратные,фиолетовый,серый градиент,,,,,,,Женский,06.01.1967,"40 лет Октября,15 ОиМ",15.06.2024 14:12:30
IB22456C,INVU,женские,пластик,ободковая,квадратные,бордовый,серый градиент,,,,,,,Женский,26.07.1951,"Комсомольский,33 ОиМ",21.04.2024 11:21:16
IB22456C,INVU,женские,пластик,ободковая,квадратные,бордовый,серый градиент,,,,,,,Женский,12.04.1980,"Комсомольский,33 ОиМ",01.03.2024 12:09:53
IB22458A,INVU,женские,пластик,ободковая,панто,черный,серый,,,,,,,Женский,24.04.1983,"40 лет Октября,15 ОиМ",13.06.2024 16:22:53
IB22458C,INVU,женские,пластик,ободковая,панто,сиреневый,коричневый градиент,,,,,,,Женский,08.08.1984,"40 лет Октября,15 ОиМ",14.03.2024 15:41:32
IB22458C,INVU,женские,пластик,ободковая,панто,сиреневый,коричневый градиент,,,,,,,Женский,07.04.1985,"40 лет Октября,15 ОиМ",08.05.2024 15:15:55
IB22459A,INVU,мужские,пластик,ободковая,трапеция,черный,черный,,,,,,,Мужской,,"Комсомольский,33 ОиМ",29.09.2024 18:26:32
IB22459A,INVU,мужские,пластик,ободковая,трапеция,черный,черный,,,,,,,Мужской,06.05.1956,"40 лет Октября,15 ОиМ",07.06.2024 11:26:44
IB22461A,INVU,универсальные,пластик,ободковая,панто,черный,синий,,,,,,,Мужской,01.06.1969,"Васенко,4 ОиМ",04.06.2024 16:36:13
IB22461A,INVU,универсальные,пластик,ободковая,панто,черный,синий,,,,,,,Мужской,27.11.2008,"Комсомольский,33 ОиМ",01.06.2024 16:14:16
IB22461A,INVU,универсальные,пластик,ободковая,панто,черный,синий,,,,,,,Мужской,05.03.2014,"40 лет Октября,15 ОиМ",20.06.2024 11:07:10
IB22461A,INVU,универсальные,пластик,ободковая,панто,черный,синий,,,,,,,Женский,18.03.1976,"Комсомольский,33 ОиМ",10.03.2024 18:17:37
IB22461B,INVU,универсальные,пластик,ободковая,панто,прозрачный,сине-зеленый зеркальный,,,,,,,Женский,20.02.1975,"40 лет Октября,15 ОиМ",02.06.2024 18:21:50
IB22461B,INVU,универсальные,пластик,ободковая,панто,прозрачный,сине-зеленый зеркальный,,,,,,,Женский,18.07.1978,"40 лет Октября,15 ОиМ",30.04.2024 12:32:31
IB22463A,INVU,мужские,пластик,ободковая,трапеция,черный,серый,,,,,,,Мужской,05.11.1977,"40 лет Октября,15 ОиМ",10.07.2024 14:25:53
IB22463A,INVU,мужские,пластик,ободковая,трапеция,черный,серый,,,,,,,Мужской,10.10.1992,"Комсомольский,33 ОиМ",16.07.2024 12:17:09
IB22463A,INVU,мужские,пластик,ободковая,трапеция,черный,серый,,,,,,,Мужской,22.12.1995,"40 лет Октября,15 ОиМ",17.04.2024 18:22:34
IB22463A,INVU,мужские,пластик,ободковая,трапеция,черный,серый,,,,,,,Женский,19.03.1991,"Васенко,4 ОиМ",24.06.2024 13:35:39
IB22463C,INVU,мужские,пластик,ободковая,трапеция,синий,серый,,,,,,,Мужской,21.08.1955,"Комсомольский,33 ОиМ",03.03.2024 11:32:05
IB22463C,INVU,мужские,пластик,ободковая,трапеция,синий,серый,,,,,,,Мужской,17.08.1975,"40 лет Октября,15 ОиМ",04.06.2024 13:03:47
IB22463C,INVU,мужские,пластик,ободковая,трапеция,синий,серый,,,,,,,Мужской,30.10.1996,"Комсомольский,33 ОиМ",24.03.2024 17:52:12
IB22463C,INVU,мужские,пластик,ободковая,трапеция,синий,серый,,,,,,,Мужской,10.01.2002,"40 лет Октября,15 ОиМ",16.09.2024 13:26:33
IB22463C,INVU,мужские,пластик,ободковая,трапеция,синий,серый,,,,,,,Женский,09.02.2017,"40 лет Октября,15 ОиМ",24.04.2024 13:41:38
IB22465A,INVU,женские,пластик,ободковая,бабочка,черный,серый,,,,,,,Женский,20.07.1958,"40 лет Октября,15 ОиМ",06.07.2024 12:23:18
IK22401A,INVU,подростковые для девочек,пластик,ободковая,прямоугольные,черный,серый,,,,,,,,20.09.1982,"40 лет Октября,15 ОиМ",05.06.2024 11:23:09
IK22401A,INVU,подростковые для девочек,пластик,ободковая,прямоугольные,черный,серый,,,,,,,Женский,23.07.1964,"40 лет Октября,15 ОиМ",18.03.2024 12:35:15
IK22402A,INVU,подростковые универсальные,пластик,ободковая,вайфайеры,черный,серый,,,,,,,Женский,14.04.1977,"Васенко,4 ОиМ",23.04.2024 17:01:09
IK22402A,INVU,подростковые универсальные,пластик,ободковая,вайфайеры,черный,серый,,,,,,,Женский,19.02.1993,"Комсомольский,33 ОиМ",11.05.2024 11:45:03
IK22403A,INVU,подростковые для девочек,пластик,ободковая,панто,фиолетовый,серый,,,,,,,Мужской,23.02.1977,"Васенко,4 ОиМ",18.03.2024 18:59:13
IK22404B,INVU,детские для девочек,пластик,ободковая,кошачий глаз,розовый,серый,,,,,,,Мужской,16.04.1983,"Васенко,4 ОиМ",30.04.2024 13:30:05
IK22404B,INVU,детские для девочек,пластик,ободковая,кошачий глаз,розовый,серый,,,,,,,Мужской,09.06.2009,"40 лет Октября,15 ОиМ",14.05.2024 17:27:49
IK22405A,INVU,детские универсальные,пластик,ободковая,спортивные,черный,серый,,,,,,,Мужской,12.07.1963,"Васенко,4 ОиМ",12.03.2024 18:10:31
IK22405A,INVU,детские универсальные,пластик,ободковая,спортивные,черный,серый,,,,,,,Женский,10.03.1992,"Комсомольский,33 ОиМ",21.05.2024 19:25:02
IK22405B,INVU,детские универсальные,пластик,ободковая,спортивные,синий,серый,,,,,,,Женский,07.07.1988,"40 лет Октября,15 ОиМ",06.03.2024 12:42:58
IK22407A,INVU,детские для девочек,пластик,ободковая,панто,розовый,серый,,,,,,,Мужской,09.02.1969,"Васенко,4 ОиМ",19.04.2024 18:27:15
IK22407B,INVU,детские универсальные,пластик,ободковая,панто,зеленый,серый,,,,,,,Мужской,03.05.1989,"40 лет Октября,15 ОиМ",11.06.2024 14:44:19
IK22407B,INVU,детские универсальные,пластик,ободковая,панто,зеленый,серый,,,,,,,Женский,07.01.1979,"Васенко,4 ОиМ",23.05.2024 19:47:12
IK22407C,INVU,детские универсальные,пластик,ободковая,панто,голубой,серый,,,,,,,Женский,06.05.1989,"Комсомольский,33 ОиМ",26.05.2024 19:00:23
IK22408A,INVU,детские для мальчиков,пластик,ободковая,спортивные,черный,синий зеркальный,,,,,,,Женский,16.07.1975,"Комсомольский,33 ОиМ",12.10.2024 16:01:54
IK22408A,INVU,детские для мальчиков,пластик,ободковая,спортивные,черный,синий зеркальный,,,,,,,Женский,26.11.1989,"Васенко,4 ОиМ",21.04.2024 10:52:30
IK22409B,INVU,детские для мальчиков,пластик,ободковая,спортивные,синий,синий зеркальный,,,,,,,Мужской,09.06.2009,"40 лет Октября,15 ОиМ",14.05.2024 17:27:49
IK22409B,INVU,детские для мальчиков,пластик,ободковая,спортивные,синий,синий зеркальный,,,,,,,Мужской,17.11.2017,"Комсомольский,33 ОиМ",16.04.2024 12:07:57
IP22401A,INVU,женские,пластик,ободковая,панто,черный,серый,,,,,,,Женский,06.10.1940,"40 лет Октября,15 ОиМ",14.02.2024 10:00:14
IP22401A,INVU,женские,пластик,ободковая,панто,черный,серый,,,,,,,Женский,28.05.1951,"Комсомольский,33 ОиМ",10.04.2024 14:57:22
IP22401A,INVU,женские,пластик,ободковая,панто,черный,серый,,,,,,,Женский,21.11.1962,"Комарова,110 ОиМ",30.03.2024 15:05:21
IP22401A,INVU,женские,пластик,ободковая,панто,черный,серый,,,,,,,Женский,30.08.1985,"Комсомольский,33 ОиМ",16.03.2024 19:14:56
IP22401A,INVU,женские,пластик,ободковая,панто,черный,серый,,,,,,,Женский,11.06.1987,"Комсомольский,33 ОиМ",06.08.2024 18:55:54
IP22401A,INVU,женские,пластик,ободковая,панто,черный,серый,,,,,,,Женский,17.08.1995,"40 лет Октября,15 ОиМ",10.08.2024 18:17:37
IP22401C,INVU,женские,пластик,ободковая,панто,синий,серо-синий,,,,,,,Женский,22.11.2015,"40 лет Октября,15 ОиМ",20.06.2024 11:08:43
IP22402A,INVU,женские,пластик,ободковая,бабочка,темно-серый,серый,,,,,,,Женский,22.02.1960,"40 лет Октября,15 ОиМ",11.08.2024 13:25:41
IP22402A,INVU,женские,пластик,ободковая,бабочка,темно-серый,серый,,,,,,,Женский,25.09.1974,"Комсомольский,33 ОиМ",01.11.2024 15:20:01
IP22402A,INVU,женские,пластик,ободковая,бабочка,темно-серый,серый,,,,,,,Женский,14.06.1975,"40 лет Октября,15 ОиМ",17.05.2024 14:57:58
IP22402B,INVU,женские,пластик,ободковая,бабочка,зеленый,коричнево-зеленый градиент,,,,,,,Женский,30.12.1939,"Комсомольский,33 ОиМ",26.09.2024 12:15:41
IP22402B,INVU,женские,пластик,ободковая,бабочка,зеленый,коричнево-зеленый градиент,,,,,,,Женский,04.02.1964,"Васенко,4 ОиМ",07.05.2024 11:48:52
IP22402B,INVU,женские,пластик,ободковая,бабочка,зеленый,коричнево-зеленый градиент,,,,,,,Женский,23.07.1971,"Комсомольский,33 ОиМ",07.10.2024 16:11:40
IP22402B,INVU,женские,пластик,ободковая,бабочка,зеленый,коричнево-зеленый градиент,,,,,,,Женский,25.09.1984,"40 лет Октября,15 ОиМ",16.07.2024 16:29:40
IP22402C,INVU,женские,пластик,ободковая,бабочка,многоцветный,коричнево-зеленый градиент,,,,,,,,,"Комсомольский,33 ОиМ",13.04.2024 11:36:53
IP22402C,INVU,женские,пластик,ободковая,бабочка,многоцветный,коричнево-зеленый градиент,,,,,,,Женский,27.05.1971,"40 лет Октября,15 ОиМ",28.03.2024 14:52:24
IP22402C,INVU,женские,пластик,ободковая,бабочка,многоцветный,коричнево-зеленый градиент,,,,,,,Женский,17.03.1972,"40 лет Октября,15 ОиМ",03.07.2024 18:23:56
IP22402C,INVU,женские,пластик,ободковая,бабочка,многоцветный,коричнево-зеленый градиент,,,,,,,Женский,14.06.1989,"Васенко,4 ОиМ",06.02.2024 15:45:18
IP22406C,INVU,женские,пластик,ободковая,бабочка,черный/зеленый,фиолетовый градиент,,,,,,,Женский,17.09.1955,"40 лет Октября,15 ОиМ",02.10.2024 11:26:22
IP22407A,INVU,женские,пластик,ободковая,бабочка,черный/серый,серый градиент,,,,,,,Мужской,04.10.2016,"40 лет Октября,15 ОиМ",05.09.2024 13:17:11
IP22407C,INVU,женские,пластик,ободковая,бабочка,черный/зеленый,серо-зеленый градиент,,,,,,,Мужской,14.03.1973,"Васенко,4 ОиМ",20.05.2024 16:42:26
IP22407C,INVU,женские,пластик,ободковая,бабочка,черный/зеленый,серо-зеленый градиент,,,,,,,Женский,21.11.1962,"Комарова,110 ОиМ",30.03.2024 15:05:21
IP22407C,INVU,женские,пластик,ободковая,бабочка,черный/зеленый,серо-зеленый градиент,,,,,,,Женский,15.08.1964,"40 лет Октября,15 ОиМ",12.09.2024 11:03:21
IP22407C,INVU,женские,пластик,ободковая,бабочка,черный/зеленый,серо-зеленый градиент,,,,,,,Женский,23.08.1988,"40 лет Октября,15 ОиМ",08.02.2024 14:04:30
IP22407C,INVU,женские,пластик,ободковая,бабочка,черный/зеленый,серо-зеленый градиент,,,,,,,Женский,09.01.1990,"Комсомольский,33 ОиМ",13.07.2024 11:12:23
IP22408A,INVU,женские,пластик,ободковая,квадратные,черный,коричневый градиент,,,,,,,Женский,18.10.1975,"40 лет Октября,15 ОиМ",13.09.2024 9:42:03
IP22408A,INVU,женские,пластик,ободковая,квадратные,черный,коричневый градиент,,,,,,,Женский,13.01.1988,"Васенко,4 ОиМ",05.10.2024 13:30:54
IP22408B,INVU,женские,пластик,ободковая,квадратные,черный,серый градиент,,,,,,,Мужской,23.06.1974,"Комсомольский,33 ОиМ",27.06.2024 16:24:17
IP22409A,INVU,женские,пластик,ободковая,бабочка,черный,черный градиент,,,,,,,,14.05.1970,"40 лет Октября,15 ОиМ",10.05.2024 17:01:30
IP22409A,INVU,женские,пластик,ободковая,бабочка,черный,черный градиент,,,,,,,Женский,21.10.1979,"Комсомольский,33 ОиМ",23.06.2024 12:28:53
IP22409C,INVU,женские,пластик,ободковая,бабочка,бирюзовый,серый градиент,,,,,,,Мужской,19.10.1953,"Васенко,4 ОиМ",14.04.2024 14:38:52
IP22409C,INVU,женские,пластик,ободковая,бабочка,бирюзовый,серый градиент,,,,,,,Женский,04.09.1982,"40 лет Октября,15 ОиМ",30.08.2024 11:49:50
Jaxon 5184-1,PEPE JEANS,мужские,металл,ободковая,квадратные,черный,,"59,0","14,0",140,,,,Женский,06.11.1991,"40 лет Октября,15 ОиМ",06.05.2023 16:50:36
JIMMY`S-V-9-19,EYEPETIZER,женские,металл и пластик,ободковая,необычные,,,,,,,,,Женский,27.08.1975,"Васенко,4 ОиМ",17.08.2023 19:35:17
JOCKEY-4-42F,EYEPETIZER,женские,металл,ободковая,панто,бронзовый,сине-розовый градиент,"49,0","21,0",145,,,,Женский,18.04.1969,"Васенко,4 ОиМ",06.08.2024 12:22:24
JONDAL-1-23F,EYEPETIZER,универсальные,металл,ободковая,трапеция,серебристый,голубой градиент зеркальный,,,,,,,Мужской,26.12.1992,"Васенко,4 ОиМ",01.07.2024 18:32:16
JONDAL-3-24F,EYEPETIZER,универсальные,металл,ободковая,трапеция,темно-серый,желтый,,,,,,,Мужской,15.05.1995,"40 лет Октября,15 ОиМ",31.03.2023 13:55:20
K1100A,INVU,подростковые универсальные,металл,ободковая,панто,серебристый,серый,,,,,,,Мужской,19.07.1985,"Васенко,4 ОиМ",11.03.2023 13:33:32
K1100A,INVU,подростковые универсальные,металл,ободковая,панто,серебристый,серый,,,,,,,Женский,17.05.1985,"Васенко,4 ОиМ",20.05.2023 11:13:50
K1100A,INVU,подростковые универсальные,металл,ободковая,панто,серебристый,серый,,,,,,,Женский,25.12.2012,"40 лет Октября,15 ОиМ",08.04.2023 10:21:53
K1100C,INVU,подростковые универсальные,металл,ободковая,панто,золотой,серо-зеленый,,,,,,,Женский,15.07.1967,"Комсомольский,33 ОиМ",05.04.2023 18:24:09
K1102B,INVU,подростковые универсальные,металл,ободковая,капли,,серый,,,,,,,Мужской,07.08.1976,"Комсомольский,33 ОиМ",08.07.2023 11:08:08
K1102C,INVU,подростковые универсальные,металл,ободковая,капли,,серый,,,,,,,,26.08.1979,"Васенко,4 ОиМ",12.06.2023 13:22:29
K1102C,INVU,подростковые универсальные,металл,ободковая,капли,,серый,,,,,,,Мужской,30.04.1988,"Комсомольский,33 ОиМ",06.06.2024 17:27:04
K1102C,INVU,подростковые универсальные,металл,ободковая,капли,,серый,,,,,,,Женский,04.05.1978,"40 лет Октября,15 ОиМ",11.03.2023 14:59:02
K1102C,INVU,подростковые универсальные,металл,ободковая,капли,,серый,,,,,,,Женский,20.12.2008,"Васенко,4 ОиМ",08.03.2023 15:20:01
K1300A,INVU,подростковые универсальные,металл,ободковая,необычные,серебристый,синий зеркальный,,,,,,,Мужской,15.08.1959,"Комсомольский,33 ОиМ",28.05.2024 11:32:38
K1300A,INVU,подростковые универсальные,металл,ободковая,необычные,серебристый,синий зеркальный,,,,,,,Женский,12.07.1986,"40 лет Октября,15 ОиМ",05.05.2024 12:05:49
K1300B,INVU,подростковые универсальные,металл,ободковая,необычные,золотой,серый зеркальный,,,,,,,Мужской,28.12.1975,"Комсомольский,33 ОиМ",21.04.2024 14:21:32
K1300B,INVU,подростковые универсальные,металл,ободковая,необычные,золотой,серый зеркальный,,,,,,,Женский,28.08.1984,"Васенко,4 ОиМ",19.03.2024 17:01:00
K1300C,INVU,подростковые универсальные,металл,ободковая,необычные,черный,серо-зеленый,,,,,,,Мужской,11.02.1981,"40 лет Октября,15 ОиМ",05.06.2024 18:28:36
K1300C,INVU,подростковые универсальные,металл,ободковая,необычные,черный,серо-зеленый,,,,,,,Мужской,26.10.2011,"40 лет Октября,15 ОиМ",15.06.2023 13:38:12
K1300C,INVU,подростковые универсальные,металл,ободковая,необычные,черный,серо-зеленый,,,,,,,Женский,28.02.1959,"Комсомольский,33 ОиМ",09.02.2024 14:48:40
K1300C,INVU,подростковые универсальные,металл,ободковая,необычные,черный,серо-зеленый,,,,,,,Женский,02.03.1985,"Васенко,4 ОиМ",10.08.2024 17:02:24
K2112B,INVU,подростковые для девочек,пластик,ободковая,вайфайеры,фиолетовый,серый,,,,,,,Мужской,16.01.1984,"Васенко,4 ОиМ",16.08.2023 19:55:11
K2114A,INVU,подростковые универсальные,пластик,ободковая,вайфайеры,черный,серый,,,,,,,Мужской,15.04.1973,"Комсомольский,33 ОиМ",19.02.2023 11:08:39
K2114A,INVU,подростковые универсальные,пластик,ободковая,вайфайеры,черный,серый,,,,,,,Мужской,02.12.1981,"Комсомольский,33 ОиМ",27.03.2023 14:30:04
K2114A,INVU,подростковые универсальные,пластик,ободковая,вайфайеры,черный,серый,,,,,,,Мужской,11.06.1991,"Васенко,4 ОиМ",13.03.2024 16:53:22
K2114A,INVU,подростковые универсальные,пластик,ободковая,вайфайеры,черный,серый,,,,,,,Мужской,12.02.2016,"Комсомольский,33 ОиМ",11.03.2024 17:22:47
K2114A,INVU,подростковые универсальные,пластик,ободковая,вайфайеры,черный,серый,,,,,,,Женский,01.07.1963,"Васенко,4 ОиМ",21.03.2023 14:33:51
K2114A,INVU,подростковые универсальные,пластик,ободковая,вайфайеры,черный,серый,,,,,,,Женский,02.04.1987,"Васенко,4 ОиМ",28.05.2023 10:56:37
K2114B,INVU,подростковые для мальчиков,пластик,ободковая,вайфайеры,синий,серый,,,,,,,Женский,12.03.1987,"40 лет Октября,15 ОиМ",06.09.2023 12:39:29
K2114D,INVU,подростковые универсальные,пластик,ободковая,вайфайеры,,,,,,,,,Мужской,17.10.1988,"40 лет Октября,15 ОиМ",04.06.2023 17:11:30
K2115D,INVU,подростковые универсальные,пластик,ободковая,панто,синий,серый,,,,,,,Мужской,19.07.1965,"40 лет Октября,15 ОиМ",08.08.2023 18:08:51
K2115D,INVU,подростковые универсальные,пластик,ободковая,панто,синий,серый,,,,,,,Мужской,10.10.2015,"40 лет Октября,15 ОиМ",22.04.2024 14:50:15
K2115D,INVU,подростковые универсальные,пластик,ободковая,панто,синий,серый,,,,,,,Женский,20.10.1984,"Васенко,4 ОиМ",02.03.2023 16:42:43
K2115D,INVU,подростковые универсальные,пластик,ободковая,панто,синий,серый,,,,,,,Женский,03.10.2012,"Васенко,4 ОиМ",21.05.2024 18:46:21
K2115D,INVU,подростковые универсальные,пластик,ободковая,панто,синий,серый,,,,,,,Женский,06.01.2014,"Васенко,4 ОиМ",16.07.2023 15:23:34
K2115K,INVU,подростковые универсальные,пластик,ободковая,панто,бирюзовый,черный,,,,,,,,,"40 лет Октября,15 ОиМ",02.04.2024 19:30:09
K2200A,INVU,детские для мальчиков,пластик,ободковая,квадратные,,,"50,0","14,0",,,,,Мужской,28.12.1982,"Комсомольский,33 ОиМ",02.07.2023 9:41:08
K2200A,INVU,детские для мальчиков,пластик,ободковая,квадратные,,,"50,0","14,0",,,,,Мужской,21.05.2002,"Васенко,4 ОиМ",24.05.2023 14:38:57
K2200A,INVU,детские для мальчиков,пластик,ободковая,квадратные,,,"50,0","14,0",,,,,Женский,11.11.1984,"40 лет Октября,15 ОиМ",23.03.2024 15:11:55
K2200A,INVU,детские для мальчиков,пластик,ободковая,квадратные,,,"50,0","14,0",,,,,Женский,10.12.1988,"Комарова,110 ОиМ",08.06.2023 18:11:53
K2200B,INVU,детские для мальчиков,пластик,ободковая,квадратные,синий,серый,"50,0","14,0",,,,,Женский,08.05.1980,"Комсомольский,33 ОиМ",12.05.2023 16:43:36
K2200B,INVU,детские для мальчиков,пластик,ободковая,квадратные,синий,серый,"50,0","14,0",,,,,Женский,28.11.1990,"40 лет Октября,15 ОиМ",06.05.2023 12:49:14
K2200D,INVU,детские для мальчиков,пластик,ободковая,квадратные,,,,,,,,,Мужской,25.10.1984,"40 лет Октября,15 ОиМ",08.07.2023 10:16:15
K2200D,INVU,детские для мальчиков,пластик,ободковая,квадратные,,,,,,,,,Женский,30.06.1987,"Васенко,4 ОиМ",27.03.2023 19:18:53
K2202B,INVU,детские для мальчиков,пластик,ободковая,вайфайеры,синий,синий зеркальный,,,,,,,Мужской,14.10.1973,"Васенко,4 ОиМ",10.03.2024 17:34:58
K2202B,INVU,детские для мальчиков,пластик,ободковая,вайфайеры,синий,синий зеркальный,,,,,,,Женский,22.05.1991,"Комсомольский,33 ОиМ",04.07.2024 19:49:50
K2202B,INVU,детские для мальчиков,пластик,ободковая,вайфайеры,синий,синий зеркальный,,,,,,,Женский,10.03.1992,"Комсомольский,33 ОиМ",21.05.2024 18:32:19
K2202E,INVU,подростковые универсальные,пластик,ободковая,вайфайеры,черный,сине-зеленый зеркальный,,,,,,,Женский,31.07.1983,"Комсомольский,33 ОиМ",01.05.2024 18:16:56
K2202E,INVU,подростковые универсальные,пластик,ободковая,вайфайеры,черный,сине-зеленый зеркальный,,,,,,,Женский,03.01.1990,"Васенко,4 ОиМ",16.02.2024 12:20:44
K2203B,INVU,детские универсальные,пластик,ободковая,спортивные,синий,голубой зеркальный,"58,0","13,0",,,,,Женский,11.05.1981,"40 лет Октября,15 ОиМ",08.05.2023 17:04:25
K2203B,INVU,детские универсальные,пластик,ободковая,спортивные,синий,голубой зеркальный,"58,0","13,0",,,,,Женский,19.01.1985,"Комсомольский,33 ОиМ",26.05.2023 12:34:56
K2203C,INVU,детские для мальчиков,пластик,ободковая,спортивные,,,,,,,,,Мужской,01.06.2015,"40 лет Октября,15 ОиМ",01.02.2023 11:44:10
K2203C,INVU,детские для мальчиков,пластик,ободковая,спортивные,,,,,,,,,Женский,21.01.2012,"Комсомольский,33 ОиМ",22.02.2023 13:08:37
K2204B,INVU,детские для девочек,пластик,ободковая,кошачий глаз,розовый,серый,,,,,,,Мужской,13.06.1976,"Васенко,4 ОиМ",07.03.2024 18:59:08
K2204B,INVU,детские для девочек,пластик,ободковая,кошачий глаз,розовый,серый,,,,,,,Мужской,30.08.1988,"40 лет Октября,15 ОиМ",22.04.2023 13:48:30
K2204B,INVU,детские для девочек,пластик,ободковая,кошачий глаз,розовый,серый,,,,,,,Женский,27.11.1978,"Васенко,4 ОиМ",26.03.2023 13:26:27
K2204B,INVU,детские для девочек,пластик,ободковая,кошачий глаз,розовый,серый,,,,,,,Женский,05.11.1984,"Комарова,110 ОиМ",05.05.2023 15:30:36
K2204B,INVU,детские для девочек,пластик,ободковая,кошачий глаз,розовый,серый,,,,,,,Женский,24.02.1988,"Комсомольский,33 ОиМ",18.04.2024 16:20:32
K2204C,INVU,детские для девочек,пластик,ободковая,кошачий глаз,сиреневый,серый,,,,,,,Мужской,28.01.1970,"Васенко,4 ОиМ",18.03.2023 11:05:02
K2204C,INVU,детские для девочек,пластик,ободковая,кошачий глаз,сиреневый,серый,,,,,,,Мужской,08.07.1982,"40 лет Октября,15 ОиМ",04.03.2023 18:31:27
K2204C,INVU,детские для девочек,пластик,ободковая,кошачий глаз,сиреневый,серый,,,,,,,Женский,01.09.1967,"40 лет Октября,15 ОиМ",18.03.2024 16:30:57
K2204C,INVU,детские для девочек,пластик,ободковая,кошачий глаз,сиреневый,серый,,,,,,,Женский,19.11.1988,"Комсомольский,33 ОиМ",16.04.2023 12:52:44
K2204C,INVU,детские для девочек,пластик,ободковая,кошачий глаз,сиреневый,серый,,,,,,,Женский,15.07.2015,"40 лет Октября,15 ОиМ",17.05.2023 17:48:34
K2204E,INVU,подростковые для девочек,пластик,ободковая,кошачий глаз,черный,серый,,,,,,,Мужской,06.02.1981,"40 лет Октября,15 ОиМ",30.03.2024 13:13:28
K2204F,INVU,подростковые для девочек,пластик,ободковая,кошачий глаз,зеленый,серый,,,,,,,Женский,01.07.1985,"40 лет Октября,15 ОиМ",21.06.2024 14:12:15
K2204F,INVU,подростковые для девочек,пластик,ободковая,кошачий глаз,зеленый,серый,,,,,,,Женский,14.05.1987,"Васенко,4 ОиМ",09.03.2024 16:16:41
K2300E,INVU,подростковые для девочек,пластик,ободковая,бабочка,фиолетовый,серый,,,,,,,Мужской,01.02.1964,"40 лет Октября,15 ОиМ",17.06.2024 12:01:44
K2301C,INVU,подростковые универсальные,пластик,ободковая,панто,прозрачный,синий зеркальный,,,,,,,Женский,10.07.1988,"Комсомольский,33 ОиМ",18.05.2024 11:15:57
K2301D,INVU,подростковые универсальные,пластик,ободковая,панто,синий,серый градиент,,,,,,,Мужской,08.06.1979,"40 лет Октября,15 ОиМ",28.06.2024 19:51:06
K2301D,INVU,подростковые универсальные,пластик,ободковая,панто,синий,серый градиент,,,,,,,Мужской,03.03.1991,"Васенко,4 ОиМ",19.07.2024 12:36:35
K2301E,INVU,подростковые универсальные,пластик,ободковая,панто,фиолетовый,фиолетовый градиент,,,,,,,Женский,22.04.1949,"Комсомольский,33 ОиМ",22.02.2024 10:38:08
K2301E,INVU,подростковые универсальные,пластик,ободковая,панто,фиолетовый,фиолетовый градиент,,,,,,,Женский,11.03.1985,"40 лет Октября,15 ОиМ",02.07.2024 19:00:59
K2302C,INVU,детские для девочек,пластик,ободковая,вайфайеры,,,,,,,,,Мужской,25.02.1987,"Васенко,4 ОиМ",06.05.2023 11:35:36
K2302C,INVU,детские для девочек,пластик,ободковая,вайфайеры,,,,,,,,,Женский,30.01.1985,"40 лет Октября,15 ОиМ",24.06.2023 15:19:31
K2302D,INVU,детские для девочек,пластик,ободковая,вайфайеры,,,,,,,,,Женский,18.01.1994,"Васенко,4 ОиМ",26.03.2023 14:55:40
K2302E,INVU,детские универсальные,пластик,ободковая,вайфайеры,,,,,,,,,,,"40 лет Октября,15 ОиМ",08.06.2023 17:25:22
K2302E,INVU,детские универсальные,пластик,ободковая,вайфайеры,,,,,,,,,Женский,15.06.1959,"40 лет Октября,15 ОиМ",13.04.2024 15:16:53
K2303A,INVU,детские универсальные,пластик,ободковая,квадратные,,,,,,,,,Мужской,03.10.2018,"Комарова,110 ОиМ",09.03.2023 18:11:21
K2303A,INVU,детские универсальные,пластик,ободковая,квадратные,,,,,,,,,Женский,18.10.1981,"Комсомольский,33 ОиМ",29.03.2023 12:42:38
K2303A,INVU,детские универсальные,пластик,ободковая,квадратные,,,,,,,,,Женский,08.11.1984,"Комсомольский,33 ОиМ",18.03.2023 16:59:10
K2303B,INVU,детские для девочек,пластик,ободковая,квадратные,,,,,,,,,Мужской,03.07.1983,"40 лет Октября,15 ОиМ",21.06.2023 16:46:39
K2303B,INVU,детские для девочек,пластик,ободковая,квадратные,,,,,,,,,Женский,10.04.1990,"Васенко,4 ОиМ",27.06.2023 16:57:33
K2303C,INVU,детские для девочек,пластик,ободковая,квадратные,розовый,серый,,,,,,,Мужской,17.05.1982,"Васенко,4 ОиМ",12.06.2023 11:06:09
K2303C,INVU,детские для девочек,пластик,ободковая,квадратные,розовый,серый,,,,,,,Женский,14.04.1977,"Васенко,4 ОиМ",23.04.2024 17:01:09
K2303C,INVU,детские для девочек,пластик,ободковая,квадратные,розовый,серый,,,,,,,Женский,09.02.1987,"Комсомольский,33 ОиМ",04.06.2023 11:59:12
K2303C,INVU,детские для девочек,пластик,ободковая,квадратные,розовый,серый,,,,,,,Женский,06.05.1997,"Васенко,4 ОиМ",19.10.2023 16:21:23
K2305B,INVU,детские для девочек,пластик,ободковая,панто,,,,,,,,,Мужской,25.12.2012,"40 лет Октября,15 ОиМ",14.08.2023 11:30:55
K2305B,INVU,детские для девочек,пластик,ободковая,панто,,,,,,,,,Женский,11.08.1987,"Васенко,4 ОиМ",24.03.2023 10:27:58
K2305D,INVU,детские для девочек,пластик,ободковая,панто,розовый,серый,,,,,,,,,"40 лет Октября,15 ОиМ",04.04.2023 18:02:47
K2305D,INVU,детские для девочек,пластик,ободковая,панто,розовый,серый,,,,,,,Женский,04.07.1959,"Комсомольский,33 ОиМ",14.06.2024 18:00:18
K2305D,INVU,детские для девочек,пластик,ободковая,панто,розовый,серый,,,,,,,Женский,29.04.1969,"40 лет Октября,15 ОиМ",29.03.2024 11:24:22
K2305D,INVU,детские для девочек,пластик,ободковая,панто,розовый,серый,,,,,,,Не указан,18.03.1981,"Васенко,4 ОиМ",02.03.2024 18:59:08
K2305G,INVU,детские универсальные,пластик,ободковая,панто,голубой,серый,,,,,,,Мужской,19.08.1994,"40 лет Октября,15 ОиМ",17.03.2024 12:58:38
K2308A,INVU,подростковые для мальчиков,пластик,ободковая,спортивные,черный/красный,серый,,,,,,,Женский,01.07.1963,"Васенко,4 ОиМ",21.03.2023 14:33:51
K2308A,INVU,подростковые для мальчиков,пластик,ободковая,спортивные,черный/красный,серый,,,,,,,Женский,01.12.1978,"Комарова,110 ОиМ",01.07.2023 14:09:36
K2308A,INVU,подростковые для мальчиков,пластик,ободковая,спортивные,черный/красный,серый,,,,,,,Женский,17.09.1982,"Комсомольский,33 ОиМ",28.05.2023 12:15:07
K2308B,INVU,детские для мальчиков,пластик,ободковая,спортивные,многоцветный,серый,,,,,,,Мужской,14.12.1971,"40 лет Октября,15 ОиМ",05.07.2023 15:02:45
K2308B,INVU,детские для мальчиков,пластик,ободковая,спортивные,многоцветный,серый,,,,,,,Мужской,28.10.1981,"40 лет Октября,15 ОиМ",16.08.2023 10:51:19
K2308B,INVU,детские для мальчиков,пластик,ободковая,спортивные,многоцветный,серый,,,,,,,Мужской,19.03.2017,"40 лет Октября,15 ОиМ",18.07.2024 14:53:06
K2308B,INVU,детские для мальчиков,пластик,ободковая,спортивные,многоцветный,серый,,,,,,,Женский,23.02.1989,"Васенко,4 ОиМ",28.05.2023 15:24:02
K2308C,INVU,детские для мальчиков,пластик,ободковая,прямоугольные,,,,,,,,,Мужской,03.08.1969,"Васенко,4 ОиМ",17.03.2023 19:31:37
K2308C,INVU,детские для мальчиков,пластик,ободковая,прямоугольные,,,,,,,,,Мужской,25.09.2013,"40 лет Октября,15 ОиМ",07.07.2023 13:22:51
K2308C,INVU,детские для мальчиков,пластик,ободковая,прямоугольные,,,,,,,,,Мужской,26.01.2016,"Комсомольский,33 ОиМ",08.04.2023 19:55:49
K2308C,INVU,детские для мальчиков,пластик,ободковая,прямоугольные,,,,,,,,,Женский,14.10.1991,"Васенко,4 ОиМ",09.06.2024 15:28:28
K2310A,INVU,детские для девочек,пластик,ободковая,кошачий глаз,малиновый,серый,,,,,,,Мужской,11.06.1991,"Васенко,4 ОиМ",13.03.2024 16:53:22
K2310A,INVU,детские для девочек,пластик,ободковая,кошачий глаз,малиновый,серый,,,,,,,Женский,11.02.1970,"Васенко,4 ОиМ",24.07.2024 19:18:38
K2310B,INVU,детские для девочек,пластик,ободковая,кошачий глаз,розовый,серый,,,,,,,Женский,17.01.1997,"40 лет Октября,15 ОиМ",23.03.2024 17:22:18
K2402Q2,INVU,детские для девочек,пластик,ободковая,вайфайеры,,,,,,,,,Женский,08.12.1952,"Комсомольский,33 ОиМ",02.06.2023 18:48:17
K2800G,INVU,детские универсальные,пластик,ободковая,вайфайеры,черный,серый зеркальный,,,,,,,Мужской,30.12.1985,"Васенко,4 ОиМ",16.05.2023 12:05:59
K2800G,INVU,детские универсальные,пластик,ободковая,вайфайеры,черный,серый зеркальный,,,,,,,Мужской,03.05.1996,"40 лет Октября,15 ОиМ",25.03.2024 18:49:11
K2800J,INVU,детские для девочек,пластик,ободковая,вайфайеры,розовый,серый,"47,0","17,0",,,,,Мужской,05.05.2009,"Комарова,110 ОиМ",06.05.2023 9:57:32
K2800J,INVU,детские для девочек,пластик,ободковая,вайфайеры,розовый,серый,"47,0","17,0",,,,,Женский,30.01.1985,"40 лет Октября,15 ОиМ",24.06.2023 15:19:31
K2800J,INVU,детские для девочек,пластик,ободковая,вайфайеры,розовый,серый,"47,0","17,0",,,,,Женский,28.10.1988,"Васенко,4 ОиМ",08.06.2023 18:43:49
K2800J,INVU,детские для девочек,пластик,ободковая,вайфайеры,розовый,серый,"47,0","17,0",,,,,Женский,13.11.2014,"Комсомольский,33 ОиМ",07.07.2023 10:54:27
K2800N,INVU,детские универсальные,пластик,ободковая,вайфайеры,,,,,,,,,Мужской,,"Комсомольский,33 ОиМ",08.04.2023 17:59:45
K2800N,INVU,детские универсальные,пластик,ободковая,вайфайеры,,,,,,,,,Мужской,19.05.2007,"40 лет Октября,15 ОиМ",01.07.2023 19:41:24
K2800N,INVU,детские универсальные,пластик,ободковая,вайфайеры,,,,,,,,,Женский,20.10.1935,"40 лет Октября,15 ОиМ",21.03.2023 15:36:11
K2800N,INVU,детские универсальные,пластик,ободковая,вайфайеры,,,,,,,,,Женский,17.06.1984,"Васенко,4 ОиМ",08.04.2023 11:55:31
K2800N,INVU,детские универсальные,пластик,ободковая,вайфайеры,,,,,,,,,Женский,28.10.2014,"Васенко,4 ОиМ",14.08.2023 12:28:38
K2903S,INVU,детские для девочек,пластик,ободковая,панто,розовый,серый,"45,0","18,0",,,,,Мужской,30.04.1988,"Комсомольский,33 ОиМ",09.05.2023 11:07:35
K2903S,INVU,детские для девочек,пластик,ободковая,панто,розовый,серый,"45,0","18,0",,,,,Женский,13.06.2018,"40 лет Октября,15 ОиМ",14.04.2023 14:23:05
K2903X,INVU,детские универсальные,пластик,ободковая,панто,,,,,,,,,Мужской,14.12.1971,"40 лет Октября,15 ОиМ",05.07.2023 15:02:45
K2903X,INVU,детские универсальные,пластик,ободковая,панто,,,,,,,,,Мужской,16.01.1989,"40 лет Октября,15 ОиМ",02.04.2023 13:06:44
K2903X,INVU,детские универсальные,пластик,ободковая,панто,,,,,,,,,Женский,21.10.1983,"Васенко,4 ОиМ",04.06.2023 16:50:59
K2903X,INVU,детские универсальные,пластик,ободковая,панто,,,,,,,,,Женский,31.12.1994,"40 лет Октября,15 ОиМ",16.03.2023 14:55:35
K2903Y,INVU,детские универсальные,пластик,ободковая,панто,,,,,,,,,,07.12.1989,"Васенко,4 ОиМ",22.04.2023 17:20:08
K2903Y,INVU,детские универсальные,пластик,ободковая,панто,,,,,,,,,Мужской,01.09.1990,"40 лет Октября,15 ОиМ",30.04.2023 16:20:42
K2903Y,INVU,детские универсальные,пластик,ободковая,панто,,,,,,,,,Женский,20.01.1994,"40 лет Октября,15 ОиМ",08.03.2023 11:26:36
KANDA-4-2F,EYEPETIZER,женские,металл,полуободковая,трапеция,,,"55,0","21,0",140,,,,Мужской,11.06.1976,"Васенко,4 ОиМ",29.08.2023 18:19:44
KOHN-119-49-05GRY-RGD,DITA,универсальные,пластик,ободковая,панто,серый,серый,"49,0","21,0",140,,,,Женский,14.08.1986,"Васенко,4 ОиМ",30.06.2024 12:37:50
L22-0400,CHOPARD,мужские,металл,безободковая,прямоугольные,золотой,серо-синий,"61,0","16,0",140,,,,Мужской,11.07.1977,"Васенко,4 ОиМ",01.06.2024 11:46:09
L22V-0360,CHOPARD,мужские,металл,безободковая,прямоугольные,темно-серый,серо-зеленый,"61,0","16,0",140,,,,Женский,02.03.1969,"Васенко,4 ОиМ",16.10.2024 15:21:03
LANCIER-701-55-01-BLK-GUN,DITA,мужские,пластик,ободковая,квадратные,черный,серый,"55,0","18,0",146,,,,Мужской,28.07.1986,"Васенко,4 ОиМ",25.11.2023 16:20:35
LANCIER-705-A-01-BLK-GLD,DITA,мужские,пластик,ободковая,квадратные,черный,коричневый,"58,0","14,0",146,,,,Мужской,08.02.1984,"Васенко,4 ОиМ",12.09.2023 10:54:54
LANCIER-LSA-101-PLD,DITA,мужские,металл,ободковая,капли,серебристый,зеленый,"61,0","14,0",146,,,,Мужской,07.04.1956,"Васенко,4 ОиМ",17.04.2023 11:56:03
LANCIER-LSA-103-GUN,DITA,мужские,металл,ободковая,панто,серый,серый,"50,0","21,0",146,,,,Мужской,16.11.1988,"Васенко,4 ОиМ",08.05.2024 18:15:27
LANCIER-LSA-415-A-03,DITA,универсальные,металл и пластик,ободковая,капли,черный,черный,"57,0","17,0",144,,,,Женский,30.04.1981,"Васенко,4 ОиМ",18.02.2024 10:15:37
LANCIER-LSA-417-A-02,DITA,универсальные,титан,ободковая,авиаторы,серый,серый,"60,0","15,0",144,,,,Женский,29.07.1982,"Васенко,4 ОиМ",21.03.2024 19:06:28
LANCIER-LSA-708-A-02,DITA,универсальные,пластик,ободковая,трапеция,коричневый,коричневый,"53,0","18,0",144,,,,Мужской,28.10.1983,"Васенко,4 ОиМ",10.06.2024 15:44:51
LAUREN XS-G0250TB10S,GRESSO,женские,титан,полуободковая,круглые,черный,коричневый зеркальный,"55,0","18,0",140,,,,Женский,09.04.1977,"Васенко,4 ОиМ",27.08.2024 15:13:25
LAUREN XS-G0250TB36S,GRESSO,женские,титан,полуободковая,круглые,черный,розовый зеркальный,"55,0","18,0",140,,,,Женский,01.09.1990,"Васенко,4 ОиМ",11.05.2024 14:57:25
LAUREN-G0249TB04S,GRESSO,женские,титан,полуободковая,круглые,черный,коричневый градиент,"59,0","18,0",140,,,,Женский,27.09.1973,"Васенко,4 ОиМ",26.07.2023 12:01:00
LAZY SUNDAY - 04,GAST,женские,пластик,ободковая,прямоугольные,красный,серый,"50,0","22,0",145,,,,Женский,15.08.1988,"Васенко,4 ОиМ",10.04.2024 13:20:16
LEICA 03-00524,MYKITA,универсальные,металл и пластик,полуободковая,квадратные,серебристый,серо-синий,"60,0","16,0",140,,,,Женский,16.04.1964,"Васенко,4 ОиМ",25.05.2023 16:50:33
LFL-1172/5,LINDA FARROW,женские,пластик,ободковая,круглые,оранжевый,коричневый градиент,"63,0","17,0",140,,,,Женский,22.02.1978,"Васенко,4 ОиМ",02.05.2024 17:19:41
LFL-736/2,LINDA FARROW,женские,металл и пластик,ободковая,кошачий глаз,коричневый,коричневый градиент,"60,0","19,0",140,,,,Женский,19.08.1967,"Васенко,4 ОиМ",11.06.2023 16:00:18
LILA-03,WOODYS,женские,пластик,ободковая,квадратные,синий,коричнево-розовый градиент,"47,0","24,0",145,,,,Женский,28.06.1971,"Васенко,4 ОиМ",16.07.2024 14:57:11
LUGANO-G0321TG04S,GRESSO,универсальные,титан,полуободковая,гексагон,золотой,коричневый градиент,"50,0","21,0",140,,,,Женский,20.11.1964,"Васенко,4 ОиМ",12.08.2024 14:32:19
LXN-EVO-403-A-03-BLU-GLD,DITA,универсальные,металл и пластик,ободковая,квадратные,,,"54,0","19,0",145,,,,Мужской,15.05.1995,"Васенко,4 ОиМ",12.01.2023 18:26:29
MACH-EIGHT-400-A-01-BLK-G,DITA,универсальные,металл и пластик,ободковая,маска,черный/золотой,коричневый градиент,"131,0",,130,,,,Женский,23.11.1986,"Васенко,4 ОиМ",18.11.2023 15:14:49
MACH-SIX-121-05-BLK-GLD,DITA,женские,металл и пластик,ободковая,капли,,,"62,0","12,0",130,,,,Мужской,13.11.1978,"Васенко,4 ОиМ",03.10.2023 15:47:10
MADISON-G0089TB03S,GRESSO,мужские,титан,полуободковая,квадратные,черный,коричневый,"58,0","15,0",140,,,,Мужской,17.06.1974,"Васенко,4 ОиМ",14.06.2024 13:11:26
MAMA-001,KALEOS,женские,пластик,ободковая,кошачий глаз,черный,розовый градиент,"48,0","25,0",,,,,Женский,12.02.1959,"40 лет Октября,15 ОиМ",29.06.2023 13:39:24
MAMA-001,KALEOS,женские,пластик,ободковая,кошачий глаз,черный,розовый градиент,"48,0","25,0",,,,,Женский,25.02.1974,"40 лет Октября,15 ОиМ",04.09.2023 17:20:57
MAMA-001,KALEOS,женские,пластик,ободковая,кошачий глаз,черный,розовый градиент,"48,0","25,0",,,,,Женский,10.11.1981,"Васенко,4 ОиМ",27.07.2023 13:10:08
MAMA-001,KALEOS,женские,пластик,ободковая,кошачий глаз,черный,розовый градиент,"48,0","25,0",,,,,Женский,07.09.1984,"Васенко,4 ОиМ",31.03.2023 14:49:21
MANHATTAN-G0162TB02S,GRESSO,мужские,титан,полуободковая,квадратные,черный,серый градиент,"59,0","14,0",140,,,,Женский,02.02.1980,"Васенко,4 ОиМ",27.04.2024 16:57:08
MAVEN - 04,GAST,мужские,пластик,ободковая,прямоугольные,серый,серый,"51,0","21,0",145,,,,Женский,04.07.1983,"Васенко,4 ОиМ",07.03.2023 19:56:14
MELANI-03,WOODYS,женские,пластик,ободковая,бабочка,зеленый,серо-зеленый градиент,"53,0","19,0",140,,,,Женский,10.07.1985,"Васенко,4 ОиМ",25.08.2024 17:18:28
MELANI-04,WOODYS,женские,пластик,ободковая,бабочка,розовый,коричневый градиент,"53,0","19,0",140,,,,Женский,22.12.1959,"Васенко,4 ОиМ",11.04.2024 16:38:21
MENTE - 03,GAST,универсальные,пластик,ободковая,трапеция,гавана,коричневый,"48,0","22,0",145,,,,Женский,11.03.1987,"Васенко,4 ОиМ",27.08.2024 16:57:59
MENTE - 05,GAST,универсальные,пластик,ободковая,трапеция,черный,фиолетовый,"48,0","22,0",145,,,,Женский,15.01.1981,"Васенко,4 ОиМ",28.09.2023 17:18:25
METAMAT-526-59-02-RGD,DITA,женские,металл,ободковая,квадратные,бронзовый,серо-коричневый градиент,"59,0","17,0",140,,,,Мужской,14.01.2003,"Васенко,4 ОиМ",08.06.2023 10:23:39
MILES SUN-C03-SR,BRETT,универсальные,металл и пластик,ободковая,панто,черный,зеркальный,"49,0","21,0",145,,,,Женский,28.01.1986,"Васенко,4 ОиМ",16.02.2023 15:52:45
MMCRAFT017-553,MYKITA,мужские,металл,полуободковая,капли,коричневый,синий,"57,0","21,0",150,,,,Мужской,04.08.1964,"Васенко,4 ОиМ",14.09.2023 19:37:26
MONACO-G47SB030S4,GRESSO,мужские,металл,полуободковая,квадратные,черный,коричневый,"60,0","16,0",140,,,,Мужской,08.11.1981,"40 лет Октября,15 ОиМ",27.02.2023 19:19:17
N1.1-01211101N,PHILIPPE V,универсальные,металл и пластик,ободковая,,,,"62,0","12,0",145,,,,Женский,04.04.1958,"Васенко,4 ОиМ",13.02.2023 10:10:05
N17.2-Sil-GryG,PHILIPPE V,универсальные,титан,ободковая,трапеция,серебристый,серый градиент,"60,0","17,0",140,,,,Мужской,27.05.1960,"Васенко,4 ОиМ",20.09.2024 14:05:20
N20-01112401N,PHILIPPE V,универсальные,металл и пластик,ободковая,,,,"55,0","16,0",148,,,,Мужской,27.05.1960,"Васенко,4 ОиМ",26.02.2023 16:57:03
N20-01112401N,PHILIPPE V,универсальные,металл и пластик,ободковая,,,,"55,0","16,0",148,,,,Мужской,12.05.1990,"Васенко,4 ОиМ",24.09.2024 15:59:56
N23-Gld-BrwG,PHILIPPE V,женские,титан,ободковая,трапеция,золотой,коричневый градиент,"60,0","14,0",145,,,,Женский,08.02.1963,"Васенко,4 ОиМ",31.05.2024 15:43:31
N27-Gld-BrwG,PHILIPPE V,универсальные,титан,ободковая,капли,золотой,коричневый градиент,"60,0","13,0",145,,,,Женский,25.05.1978,"Васенко,4 ОиМ",21.09.2024 15:43:51
N5.2-Sil-Sset83G,PHILIPPE V,женские,титан,ободковая,овальные,серебристый,фиолетово-голубой градиент,"55,0","20,0",140,,,,Мужской,20.04.1969,"Васенко,4 ОиМ",25.07.2024 18:52:50
N7.2-BlkM-GryFG,PHILIPPE V,универсальные,титан,ободковая,капли,черный,серый градиент зеркальный,"61,0","15,0",140,,,,Мужской,15.08.1984,"Васенко,4 ОиМ",24.08.2024 13:41:44
N7.2-Sil-GryG,PHILIPPE V,универсальные,титан,ободковая,капли,серебристый,серый градиент,"61,0","15,0",140,,,,Женский,20.10.1967,"Васенко,4 ОиМ",10.07.2024 15:02:46
NACHT-TWO-128-01-BLK-GL,DITA,женские,металл и пластик,ободковая,овальные,,,"52,0","20,0",118,,,,Мужской,13.01.1960,"Васенко,4 ОиМ",07.03.2023 11:03:13
NARCISSUS-503-GRY-GLD,DITA,женские,металл и пластик,ободковая,квадратные,серый,серо-голубой зеркальный,"58,0","14,0",145,,,,Женский,16.06.1973,"Васенко,4 ОиМ",12.10.2024 11:52:16
NAT-811,MYKITA,универсальные,металл,полуободковая,необычные,черный,черный,"57,0","17,0",140,,,,Мужской,16.12.1975,"Васенко,4 ОиМ",26.07.2023 19:42:45
NIKI SUN-C03-SR,BRETT,мужские,металл,ободковая,капли,,,"52,0","19,0",145,,,,Женский,18.01.1994,"Васенко,4 ОиМ",04.06.2023 13:51:33
NIKI SUN-C07-SR,BRETT,мужские,металл,ободковая,капли,,,"52,0","19,0",145,,,,Женский,28.12.1974,"Васенко,4 ОиМ",21.07.2023 16:01:14
NOBLE DAY - 04,GAST,универсальные,пластик,ободковая,прямоугольные,бежевый,коричневый градиент,"49,0","23,0",145,,,,Мужской,13.01.1988,"Васенко,4 ОиМ",19.02.2023 15:43:23
NOBLE DAY - 05,GAST,универсальные,пластик,ободковая,прямоугольные,черный/золотой,черный,"49,0","23,0",145,,,,Мужской,13.01.1960,"Васенко,4 ОиМ",07.03.2023 11:03:13
OFFICIER-108A,BALMAIN,мужские,металл и пластик,ободковая,квадратные,,,"58,0","18,0",140,,,,Мужской,24.08.1970,"Васенко,4 ОиМ",19.01.2024 15:37:35
ORIANE/S-06JHA,JIMMY CHOO,женские,металл,ободковая,круглые,,,"57,0","20,0",145,,,,Женский,01.04.1978,"Васенко,4 ОиМ",29.03.2023 13:46:58
ORINATE-TB3-GREY,FOR ART'S SAKE,женские,металл,ободковая,овальные,серебристый,серый,"58,0","20,0",125,,,,Женский,,"Васенко,4 ОиМ",07.03.2023 17:07:18
ORINATE-TB4-ROSE,FOR ART'S SAKE,женские,металл,ободковая,овальные,бронзовый,коричневый градиент,"58,0","20,0",125,,,,Мужской,26.11.1982,"Васенко,4 ОиМ",03.09.2023 12:15:18
OUTLINE-5194021,JULBO,мужские,пластик,полуободковая,спортивные,,,,,,,,,Мужской,01.09.1971,"Васенко,4 ОиМ",29.03.2023 13:23:51
P0401-4EYY2,POLAROID,детские универсальные,пластик,ободковая,овальные,,,"47,0","12,0",108,,,,Женский,03.01.1954,"Васенко,4 ОиМ",04.05.2024 18:32:07
P0401-55LY2,POLAROID,детские для девочек,пластик,ободковая,овальные,,,"47,0","12,0",108,,,,Женский,03.04.1983,"40 лет Октября,15 ОиМ",28.04.2023 17:25:49
P1300A,INVU,универсальные,металл,ободковая,капли,,,,,,,,,Мужской,03.07.1966,"Васенко,4 ОиМ",06.06.2023 16:49:39
P1300B,INVU,универсальные,металл,ободковая,капли,,,,,,,,,,,"Васенко,4 ОиМ",01.07.2023 19:31:48
P1300C,INVU,универсальные,металл,ободковая,капли,,,,,,,,,Мужской,03.07.1966,"Васенко,4 ОиМ",06.06.2023 16:49:39
P1301A,INVU,универсальные,металл,ободковая,необычные,,,,,,,,,Мужской,09.03.1988,"Васенко,4 ОиМ",05.04.2023 19:15:39
P1301B,INVU,универсальные,металл,ободковая,необычные,,,,,,,,,Мужской,03.10.1991,"Васенко,4 ОиМ",24.09.2023 16:17:54
P2301A,INVU,универсальные,пластик,ободковая,вайфайеры,,,,,,,,,Женский,08.04.1961,"Васенко,4 ОиМ",08.11.2023 12:30:38
P2301B,INVU,универсальные,пластик,ободковая,вайфайеры,,,,,,,,,Женский,21.12.1971,"Васенко,4 ОиМ",17.09.2023 17:58:22
P50-SI-VB,KUBORAUM,универсальные,металл,безободковая,круглые,серебристый,серый,"51,0","18,0",145,,,,Женский,30.07.1960,"Васенко,4 ОиМ",24.11.2023 14:21:57
P56-GD-BB,KUBORAUM,универсальные,металл,безободковая,прямоугольные,золотой,черный,"54,0","18,0",145,,,,Мужской,16.12.1971,"Васенко,4 ОиМ",25.02.2023 16:15:41
P56-GD-BB,KUBORAUM,универсальные,металл,безободковая,прямоугольные,золотой,черный,"54,0","18,0",145,,,,Мужской,16.08.1982,"Васенко,4 ОиМ",01.04.2023 12:37:39
P57-SI-RD,KUBORAUM,универсальные,металл,безободковая,необычные,серебристый,серый,"55,0","17,0",145,,,,Женский,26.06.1984,"Васенко,4 ОиМ",11.07.2023 13:55:13
P58-BMFX,KUBORAUM,женские,металл,безободковая,бабочка,черный,серый,"55,0","17,0",145,,,,Мужской,04.07.1975,"Васенко,4 ОиМ",10.04.2024 14:45:18
P71-GHA,KUBORAUM,универсальные,металл,ободковая,необычные,золотой,коричневый,"53,0","19,0",145,,,,Женский,20.04.1957,"Васенко,4 ОиМ",26.02.2024 14:45:55
P8-BMK,KUBORAUM,универсальные,пластик,ободковая,капли,черный,серый,"53,0","17,0",145,,,,Мужской,19.04.1986,"Васенко,4 ОиМ",09.06.2024 14:04:46
PAI - 01,GAST,универсальные,пластик,ободковая,прямоугольные,черный,черный,"48,0","21,0",145,,,,Женский,22.04.1968,"Васенко,4 ОиМ",10.06.2023 13:38:37
PAI - 05,GAST,универсальные,пластик,ободковая,прямоугольные,черный,фиолетовый,"48,0","21,0",145,,,,Женский,30.10.1985,"Васенко,4 ОиМ",07.05.2023 12:24:45
PAI-PA04,GAST,универсальные,пластик,ободковая,прямоугольные,черный,коричневый,"48,0","21,0",145,,,,Женский,22.04.1968,"Васенко,4 ОиМ",16.06.2023 10:12:56
PANTHERE-1-42,EYEPETIZER,женские,металл,безободковая,квадратные,серебристый,сине-розовый градиент,"50,0","20,0",145,,,,Мужской,11.06.1976,"Васенко,4 ОиМ",12.07.2024 13:17:32
PANTHERE-4-44,EYEPETIZER,женские,металл,безободковая,необычные,золотой,коричнево-розовый градиент,"50,0","20,0",145,,,,Мужской,28.06.1988,"Васенко,4 ОиМ",04.07.2024 19:07:26
PERPLEXER-405-A-01-BLK-GL,DITA,женские,металл и пластик,ободковая,бабочка,серый,серый градиент,"54,0","19,0",130,,,,Женский,09.03.1970,"Васенко,4 ОиМ",05.12.2023 16:13:01
PERSONALIA - 01,GAST,женские,пластик,ободковая,прямоугольные,черный,черный,"52,0","21,0",145,,,,Женский,06.10.2000,"Васенко,4 ОиМ",13.02.2023 10:05:28
PIANO - 01,GAST,мужские,пластик,ободковая,прямоугольные,черный,черный,"52,0","20,0",145,,,,Женский,19.10.1971,"Васенко,4 ОиМ",10.05.2024 15:58:33
PIANO - 03,GAST,мужские,пластик,ободковая,прямоугольные,черепаховый,оранжевый,"52,0","20,0",145,,,,Женский,24.03.1973,"Васенко,4 ОиМ",06.06.2024 13:11:22
POSTYANK-MBK/GP-WEWE-PV,CHROME HEARTS,универсальные,металл,ободковая,капли,,,"62,0","12,0",136,,,,Мужской,14.02.1981,"Васенко,4 ОиМ",20.07.2023 12:02:29
QUATTRO-109C,VALENTINO,женские,пластик,ободковая,кошачий глаз,коричневый,коричневый градиент,"52,0","18,0",145,,,,Женский,21.01.1981,"Васенко,4 ОиМ",21.03.2024 19:08:52
RENEE/S-C8W9O,JIMMY CHOO,женские,пластик,ободковая,бабочка,серый,серый градиент,"61,0","19,0",145,,,,Мужской,03.02.1983,"Васенко,4 ОиМ",11.10.2023 12:41:53
REVOIR-509-59-01-GLD,DITA,женские,металл,ободковая,бабочка,золотой,коричневый градиент,"59,0","13,0",145,,,,Женский,12.07.1964,"Васенко,4 ОиМ",30.11.2024 15:58:12
REVOIR-509-59-03-BLK-GLD,DITA,женские,металл,ободковая,бабочка,черный/золотой,серый градиент,"59,0","13,0",145,,,,Женский,03.08.1963,"Васенко,4 ОиМ",18.11.2023 19:20:42
Rey 7381-1,PEPE JEANS,женские,пластик,ободковая,бабочка,серый,,"52,0","19,0",145,,,,Женский,07.03.1992,"40 лет Октября,15 ОиМ",14.01.2023 11:30:25
REYNOLDS-G0274TB01SP,GRESSO,универсальные,титан,полуободковая,капли,черный,серый,"62,0","13,0",140,,,,Женский,24.09.1991,"Васенко,4 ОиМ",19.06.2024 17:51:11
RIDGE-325,MYKITA,мужские,пластик,ободковая,прямоугольные,синий,,"56,0","19,0",150,,,,Мужской,02.02.1979,"Васенко,4 ОиМ",06.07.2023 11:07:44
RIVER/S-BKU2S,JIMMY CHOO,женские,металл,ободковая,бабочка,бронзовый,коричневый,"61,0","16,0",145,,,,Мужской,16.12.1971,"Васенко,4 ОиМ",25.02.2023 16:22:50
RODNEY-6-46,EYEPETIZER,универсальные,металл,ободковая,круглые,черный,серый,"32,0","35,0",145,,,,Женский,24.06.1965,"Васенко,4 ОиМ",09.07.2024 14:49:38
ROY-4-44F,EYEPETIZER,женские,металл,безободковая,капли,бронзовый,розово-коричневый градиент,"50,0","18,0",145,,,,Женский,06.09.1998,"Васенко,4 ОиМ",05.07.2023 19:16:56
S-8192P-19,VITO FABIUS,детские универсальные,пластик,ободковая,прямоугольные,синий,серый,"42,0","19,0",104,,,,Мужской,19.08.1994,"40 лет Октября,15 ОиМ",16.04.2024 17:07:36
S.EULARIA-18-27F,EYEPETIZER,универсальные,металл,ободковая,панто,,,"48,0","21,0",135,,,,Женский,07.02.1960,"Васенко,4 ОиМ",12.09.2024 13:36:24
SALINAS-3-4,EYEPETIZER,универсальные,металл,ободковая,панто,,,"48,0","21,0",135,,,,Мужской,30.10.2004,"Васенко,4 ОиМ",22.09.2024 10:22:29
SAN MARCO-G0154TB05S,GRESSO,универсальные,титан,полуободковая,трапеция,черный,серо-синий,"56,0","20,0",140,,,,Мужской,02.10.1977,"Васенко,4 ОиМ",05.04.2024 19:19:26
SANDRA-03,WOODYS,женские,пластик,ободковая,гексагон,коричневый,коричневый градиент,"54,0","21,0",145,,,,Женский,21.07.1963,"40 лет Октября,15 ОиМ",03.03.2024 10:14:32
SANDRA-03,WOODYS,женские,пластик,ободковая,гексагон,коричневый,коричневый градиент,"54,0","21,0",145,,,,Женский,25.06.1974,"Васенко,4 ОиМ",21.04.2024 14:36:22
SANDRA-04,WOODYS,женские,пластик,ободковая,гексагон,синий,коричневый градиент,"54,0","21,0",145,,,,Мужской,24.10.1968,"Васенко,4 ОиМ",22.07.2024 14:43:52
SEAN SUN-C02-SR,BRETT,универсальные,металл,ободковая,квадратные,,,"53,0","20,0",145,,,,Мужской,20.01.1994,"Васенко,4 ОиМ",02.06.2023 18:09:15
SEI-111A,VALENTINO,универсальные,титан,ободковая,прямоугольные,золотой,серый,"58,0","17,0",142,,,,Мужской,26.12.1992,"Васенко,4 ОиМ",21.12.2023 15:56:41
SELLECK-363,MYKITA,мужские,металл,полуободковая,капли,черный,серый зеркальный,"57,0","15,0",150,,,,Мужской,17.11.2004,"Васенко,4 ОиМ",30.05.2023 13:25:22
SEXTASTIC-BK/SS,CHROME HEARTS,женские,металл и пластик,ободковая,круглые,черный,серый градиент зеркальный,"47,0","22,0",147,,,,Женский,16.01.1984,"Васенко,4 ОиМ",19.05.2023 10:23:03
SLOOK 15-15003,YOHJI YAMAMOTO,универсальные,металл,безободковая,панто,темно-серый,серый градиент,"53,0","22,0",150,,,,Мужской,22.09.1982,"Васенко,4 ОиМ",03.10.2024 17:46:53
SOULINER-TWO-136-BLK-BLK,DITA,мужские,металл,ободковая,квадратные,,,"64,0","14,0",145,,,,Мужской,02.09.1956,"Васенко,4 ОиМ",22.02.2023 18:07:17
SOY-472,MYKITA,мужские,металл,полуободковая,маска,,,,,,,,,Женский,30.06.1987,"Васенко,4 ОиМ",26.03.2023 16:08:47
SPRINT-A-504B,AKONI,мужские,титан,ободковая,трапеция,,,"55,0","16,0",140,,,,Мужской,26.04.1983,"Васенко,4 ОиМ",25.10.2023 19:20:20
SPRINT-A-504C,AKONI,мужские,титан,ободковая,трапеция,,,"55,0","16,0",140,,,,Женский,16.05.1988,"Васенко,4 ОиМ",12.03.2023 12:20:20
STANFORD-G0196TB02S,GRESSO,мужские,титан,ободковая,квадратные,черный,серый градиент,"62,0","13,0",140,,,,Мужской,03.06.1984,"Васенко,4 ОиМ",05.08.2023 19:11:58
STANFORD-G0196TB06S,GRESSO,мужские,титан,ободковая,квадратные,черный,синий градиент,"62,0","13,0",140,,,,Женский,25.06.1996,"Васенко,4 ОиМ",24.07.2024 16:14:01
Starlight Purple JH3,FOR ART'S SAKE,женские,металл,безободковая,необычные,серебристый,фиолетовый,"61,0","17,0",143,,,,Женский,03.09.1979,"Васенко,4 ОиМ",23.09.2023 14:06:59
STUDIO - STU02,GAST,универсальные,металл,ободковая,прямоугольные,золотой,оранжевый,"53,0","21,0",140,,,,Мужской,19.05.1989,"Васенко,4 ОиМ",29.05.2024 15:54:32
STUDIO - STU03,GAST,универсальные,металл,ободковая,прямоугольные,золотой,черный,"53,0","21,0",140,,,,Женский,18.06.1982,"Васенко,4 ОиМ",14.04.2023 15:18:41
STUDIO - STU04,GAST,универсальные,металл,ободковая,прямоугольные,серебристый,фиолетовый,"53,0","21,0",140,,,,Женский,01.12.1993,"Васенко,4 ОиМ",21.03.2023 16:03:40
SUNBIRD-21013-A-BLK-GLD,DITA,женские,металл и пластик,ободковая,бабочка,черный/золотой,серый градиент,"59,0",,,,,,Женский,11.02.1970,"Васенко,4 ОиМ",24.07.2024 19:18:38
SUPER-286,MYKITA,мужские,металл,полуободковая,прямоугольные,черный,,"54,0","19,0",145,,,,Мужской,,"Васенко,4 ОиМ",16.07.2023 16:21:36
SWING-#29,MASUNAGA,,,ободковая,,,коричневый,"55,0","18,0",145,,,,Мужской,08.04.1970,"Васенко,4 ОиМ",15.04.2023 18:24:27
T-1526-1,VITO FABIUS,подростковые для мальчиков,пластик,ободковая,спортивные,красный,серый,"50,0","16,0",112,,,,Мужской,30.04.1988,"Комсомольский,33 ОиМ",09.05.2023 11:07:35
T-1526-13,VITO FABIUS,подростковые для мальчиков,пластик,ободковая,спортивные,черный,серый,"50,0","16,0",112,,,,Мужской,26.07.2014,"Комсомольский,33 ОиМ",22.06.2023 13:11:51
T-1873-14,VITO FABIUS,подростковые универсальные,пластик,ободковая,вайфайеры,черный,серый,"43,0","16,0",130,,,,Мужской,28.10.2014,"Комсомольский,33 ОиМ",18.07.2023 19:51:22
T-1873-2,VITO FABIUS,подростковые для девочек,пластик,ободковая,вайфайеры,фиолетовый,серый,"43,0","16,0",130,,,,,11.04.1982,"40 лет Октября,15 ОиМ",04.09.2023 18:56:30
T-1877-9,VITO FABIUS,подростковые для девочек,пластик,ободковая,овальные,голубой,серый,"43,0","18,0",120,,,,Женский,06.05.1981,"40 лет Октября,15 ОиМ",30.04.2023 11:57:21
T-1878-11,VITO FABIUS,детские универсальные,пластик,ободковая,овальные,бирюзовый,серый,"39,0","15,0",100,,,,Мужской,28.09.1996,"40 лет Октября,15 ОиМ",09.06.2024 18:12:44
T-1878-5,VITO FABIUS,детские для девочек,пластик,ободковая,овальные,розовый,серый,"39,0","15,0",100,,,,Мужской,,"Комсомольский,33 ОиМ",07.06.2024 19:22:36
T-1878-5,VITO FABIUS,детские для девочек,пластик,ободковая,овальные,розовый,серый,"39,0","15,0",100,,,,Женский,29.04.1969,"40 лет Октября,15 ОиМ",29.03.2024 11:24:22
T-1878-5,VITO FABIUS,детские для девочек,пластик,ободковая,овальные,розовый,серый,"39,0","15,0",100,,,,Женский,13.07.1972,"Васенко,4 ОиМ",02.04.2024 20:08:09
T-1878-5,VITO FABIUS,детские для девочек,пластик,ободковая,овальные,розовый,серый,"39,0","15,0",100,,,,Женский,10.04.1990,"Васенко,4 ОиМ",22.05.2024 16:34:05
T-1878-6,VITO FABIUS,детские для девочек,пластик,ободковая,овальные,розовый,серый,"39,0","15,0",100,,,,Мужской,,"Комсомольский,33 ОиМ",23.03.2024 13:03:39
T-1878-6,VITO FABIUS,детские для девочек,пластик,ободковая,овальные,розовый,серый,"39,0","15,0",100,,,,Мужской,14.09.1983,"40 лет Октября,15 ОиМ",28.04.2024 10:48:25
T-1878-7,VITO FABIUS,детские универсальные,пластик,ободковая,овальные,синий,серый,"39,0","15,0",100,,,,,,"Комсомольский,33 ОиМ",16.03.2024 18:49:37
T-1878-7,VITO FABIUS,детские универсальные,пластик,ободковая,овальные,синий,серый,"39,0","15,0",100,,,,,29.10.1970,"Васенко,4 ОиМ",28.04.2024 17:29:28
T2710A,INVU,универсальные,пластик,ободковая,квадратные,черный,синий градиент,,,,,,,,,"40 лет Октября,15 ОиМ",02.04.2023 12:44:21
TAZI - 01,GAST,мужские,металл,ободковая,прямоугольные,черный,черный,"53,0","17,0",145,,,,Мужской,30.05.1989,"Васенко,4 ОиМ",19.04.2024 13:02:16
TB-106-A-BLK-GLD-50,THOM BROWNE,универсальные,пластик,полуободковая,трапеция,черный/золотой,серый,"50,0","21,0",145,,,,Мужской,28.03.1988,"Васенко,4 ОиМ",28.03.2023 16:38:02
The Adrian-S7201,KOMONO,универсальные,пластик,ободковая,круглые,черный,,"44,0","24,0",145,,,,Женский,22.04.1968,"Васенко,4 ОиМ",13.05.2023 13:49:42
THE ARTIS SUN I P-WBZ-M12,MAYBACH,мужские,металл,безободковая,прямоугольные,,,"62,0","18,0",140,,,,Мужской,06.12.1979,"Васенко,4 ОиМ",16.03.2023 12:14:23
The Bob-S7905,KOMONO,универсальные,пластик,ободковая,трапеция,,,"52,0","18,0",145,,,,Женский,29.03.1981,"Васенко,4 ОиМ",02.09.2023 13:39:30
The Brooklyn-S4807,KOMONO,универсальные,пластик,ободковая,трапеция,,,"50,0","20,0",145,,,,Женский,18.01.1994,"Васенко,4 ОиМ",04.06.2023 13:51:33
The Evan-S9275,KOMONO,универсальные,пластик,ободковая,панто,,,"48,0","21,0",145,,,,Женский,09.01.1960,"Васенко,4 ОиМ",03.03.2023 18:19:18
The Evan-S9276,KOMONO,универсальные,пластик,ободковая,панто,,,"48,0","21,0",145,,,,Женский,11.10.1990,"Васенко,4 ОиМ",21.03.2023 17:59:07
The Great Frog 002-01,CUTLER AND GROSS,универсальные,пластик,ободковая,трапеция,черный,черный,"54,0","19,0",150,,,,Мужской,23.09.1975,"Васенко,4 ОиМ",29.05.2023 13:10:42
The Jessie-S4951,KOMONO,женские,пластик,ободковая,бабочка,,,"55,0","19,0",145,,,,Женский,18.01.1994,"Васенко,4 ОиМ",26.03.2023 14:55:40
THE PRESIDENT I P-WDB-M10,MAYBACH,мужские,металл,безободковая,квадратные,серебристый,серый градиент,"62,0","17,0",145,,,,Мужской,03.01.1961,"Васенко,4 ОиМ",06.04.2024 15:17:32
THE SYMPHONYSUN I MG-AB-M09,MAYBACH,мужские,металл,безободковая,прямоугольные,золотой,коричневый градиент,"57,0","18,0",145,,,,Мужской,14.04.1970,"Васенко,4 ОиМ",20.09.2024 16:30:23
TITAN-139B,BALMAIN,универсальные,титан,ободковая,капли,темно-серый,серо-зеленый градиент,"59,0","18,0",130,,,,Мужской,13.01.1960,"Васенко,4 ОиМ",09.03.2024 12:10:05
TONDO - 03,GAST,универсальные,пластик,ободковая,прямоугольные,черепаховый,черный,"47,0","22,0",145,,,,Женский,01.08.1969,"Васенко,4 ОиМ",21.08.2024 18:56:05
TRE-101A,VALENTINO,женские,пластик,ободковая,необычные,темно-серый,розовый,"51,0","20,0",145,,,,Женский,15.04.1972,"Васенко,4 ОиМ",15.05.2024 19:28:03
U 2505 B,STYLEMARK,мужские,пластик,безободковая,квадратные,,,,,,,,,Мужской,22.05.1989,"Комарова,110 ОиМ",22.07.2023 10:39:24
UltraDior SU-B0B0,DIOR,женские,пластик,безободковая,квадратные,,,"65,0","14,0",140,,,,Женский,06.09.1979,"Васенко,4 ОиМ",16.06.2023 16:00:39
UNO-107B,VALENTINO,женские,пластик,ободковая,бабочка,черепаховый,желто-коричневый градиент,"55,0","17,0",138,,,,Мужской,24.11.1982,"Васенко,4 ОиМ",28.11.2024 17:42:57
VENTI - 159-02,GAST,универсальные,пластик,ободковая,панто,черный,черный,"51,0","22,0",145,,,,Мужской,01.08.1979,"Васенко,4 ОиМ",23.09.2023 13:49:07
VERS-TWO-151A-01,DITA,универсальные,металл,ободковая,квадратные,желтый,коричневый,"50,0","20,0",141,,,,Женский,30.07.1987,"Васенко,4 ОиМ",02.04.2024 13:51:26
VICTORY C 01/S-00386,CARRERA,универсальные,пластик,ободковая,капли,черный,коричневый градиент,"60,0","15,0",145,,,,Мужской,26.06.1987,"Васенко,4 ОиМ",11.08.2024 18:13:48
VICTORY C 01/S-00386,CARRERA,универсальные,пластик,ободковая,капли,черный,коричневый градиент,"60,0","15,0",145,,,,Женский,11.03.1987,"Васенко,4 ОиМ",16.03.2024 13:44:40
VICTORY C 03/S-7C508,CARRERA,универсальные,пластик,ободковая,трапеция,черный/прозрачный,голубой градиент,"58,0","16,0",145,,,,Женский,24.10.1989,"Васенко,4 ОиМ",07.07.2024 15:38:55
VICTORY C 03/S-900FQ,CARRERA,универсальные,пластик,ободковая,трапеция,прозрачный,серый градиент,"58,0","16,0",145,,,,Женский,07.01.1988,"Васенко,4 ОиМ",03.05.2024 18:21:27
VIII-102B,VALENTINO,женские,металл и пластик,ободковая,кошачий глаз,коричневый/золотой,коричневый градиент,"50,0","18,0",142,,,,Женский,11.06.1969,"Васенко,4 ОиМ",22.06.2024 19:20:41
WAZZ 2-4 - WA3SUNPEONY,KIETLA,детские для девочек,пластик,ободковая,бабочка,розовый,серый,,,,,,,Мужской,15.05.1995,"40 лет Октября,15 ОиМ",06.12.2024 11:35:29
WILDER-483,MYKITA,мужские,металл,полуободковая,капли,,,"56,0","17,0",140,,,,Женский,16.05.1988,"Васенко,4 ОиМ",12.03.2023 12:20:20
WILL-002,MYKITA,мужские,металл,полуободковая,необычные,черный,серый,"57,0","18,0",150,,,,Женский,21.12.1971,"Васенко,4 ОиМ",04.11.2023 18:49:35
WILL-223,MYKITA,мужские,металл,полуободковая,необычные,серый,серо-зеленый,"57,0","18,0",150,,,,Мужской,22.01.1985,"Васенко,4 ОиМ",08.10.2023 16:40:44
WOMAN DiorClub M5U-F0L8,DIOR,женские,пластик,безободковая,маска,розовый,розовый зеркальный,"143,0",,145,,,,Женский,19.12.1962,"Васенко,4 ОиМ",04.10.2024 18:01:57
XENA/S-086HA,JIMMY CHOO,женские,пластик,ободковая,бабочка,,,"54,0","18,0",145,,,,Женский,31.12.1994,"40 лет Октября,15 ОиМ",25.09.2023 19:14:12
XXXII-3,RENAISSANCE,женские,титан,безободковая,овальные,золотой,зеленый градиент,"58,0","17,0",140,,,,Мужской,28.12.1977,"Васенко,4 ОиМ",29.12.2024 13:21:13
Y2825A,INVU,мужские,пластик,ободковая,прямоугольные,,,,,,,,,Женский,10.06.1988,"Комсомольский,33 ОиМ",23.02.2023 14:44:50
Y2826A,INVU,мужские,пластик,ободковая,прямоугольные,черный,серый,,,,,,,Женский,28.07.1987,"40 лет Октября,15 ОиМ",21.04.2024 13:58:26
Z1100A,INVU,женские,металл,ободковая,бабочка,,,,,,,,,Мужской,11.07.2013,"40 лет Октября,15 ОиМ",26.04.2023 14:46:05
Z1100A,INVU,женские,металл,ободковая,бабочка,,,,,,,,,Женский,23.08.1969,"Комсомольский,33 ОиМ",19.04.2023 16:04:27
Z1100A,INVU,женские,металл,ободковая,бабочка,,,,,,,,,Женский,18.09.1971,"Комсомольский,33 ОиМ",31.03.2023 17:21:17
Z1100A,INVU,женские,металл,ободковая,бабочка,,,,,,,,,Женский,22.11.1985,"Васенко,4 ОиМ",27.03.2023 11:57:44
Z1100A,INVU,женские,металл,ободковая,бабочка,,,,,,,,,Женский,31.08.1992,"Комсомольский,33 ОиМ",09.03.2023 13:29:47
Z1101A,INVU,женские,металл и пластик,ободковая,круглые,черный/золотой,серый,,,,,,,Женский,27.05.1979,"40 лет Октября,15 ОиМ",15.04.2023 11:04:46
Z14-SIV,KUBORAUM,универсальные,металл,ободковая,ромб,серебристый,серо-синий,"41,0","25,0",140,,,,Женский,22.04.1968,"Васенко,4 ОиМ",06.04.2024 16:04:18
Z17-BM,KUBORAUM,универсальные,металл,ободковая,круглые,черный,серый,"39,0","27,0",140,,,,Женский,22.04.1968,"Васенко,4 ОиМ",06.04.2024 16:06:43
Z2200A,INVU,женские,пластик,ободковая,бабочка,,,"54,0","18,0",,,,,Женский,17.01.1942,"Комсомольский,33 ОиМ",18.01.2023 15:08:09
Z2200C,INVU,женские,пластик,ободковая,бабочка,зеленый,зеленый градиент,"54,0","18,0",,,,,Женский,28.07.1979,"40 лет Октября,15 ОиМ",15.05.2023 9:53:11
ZUBIZURI-9-44,EYEPETIZER,женские,титан,ободковая,необычные,золотой,коричнево-розовый градиент,"47,0","20,0",145,,,,Женский,15.09.1987,"Васенко,4 ОиМ",27.08.2024 20:00:03
Итого,,,,,,,,,,,,,,,,,
