class,total_sales,pos_pct,category,style_class,size_class,style_category,size_category
прямоугольные_металл_черный_M_L_M,517,0.00029850746268656717,X,прямоугольные_металл_черный,M_L_M,X,X
прямоугольные_металл_темно-серый_M_L_M,488,0.0005970149253731343,X,прямоугольные_металл_темно-серый,M_L_M,X,X
бабочка_металл_черный/золотой_M_L_M,363,0.0008955223880597015,X,бабочка_металл_черный/золотой,M_L_M,X,X
прямоугольные_пластик_черный_M_L_M,353,0.0011940298507462687,X,прямоугольные_пластик_черный,M_L_M,X,X
прямоугольные_металл_серебристый_M_L_M,348,0.0014925373134328358,X,прямоугольные_металл_серебристый,M_L_M,X,X
прямоугольные_металл_серый_M_L_M,348,0.001791044776119403,X,прямоугольные_металл_серый,M_L_M,X,X
бабочка_металл_золотой_M_L_M,330,0.00208955223880597,X,бабочка_металл_золотой,M_L_M,X,X
бабочка_металл_коричневый/золотой_M_L_M,323,0.0023880597014925373,X,бабочка_металл_коричневый/золотой,M_L_M,X,X
бабочка_пластик_черный_M_L_M,313,0.0026865671641791043,X,бабочка_пластик_черный,M_L_M,X,X
бабочка_металл_многоцветный_M_L_M,285,0.0029850746268656717,X,бабочка_металл_многоцветный,M_L_M,X,X
прямоугольные_пластик_черный_L_L_M,274,0.0032835820895522386,X,прямоугольные_пластик_черный,L_L_M,X,X
кошачий глаз_пластик_многоцветный_M_M_M,257,0.003582089552238806,X,кошачий глаз_пластик_многоцветный,M_M_M,X,X
прямоугольные_металл_коричневый_M_L_M,239,0.003880597014925373,X,прямоугольные_металл_коричневый,M_L_M,X,X
овальные_пластик_многоцветный_M_M_L,225,0.00417910447761194,X,овальные_пластик_многоцветный,M_M_L,X,X
панто_металл_черный_M_M_L,215,0.004477611940298508,X,панто_металл_черный,M_M_L,X,X
прямоугольные_металл_золотой_M_L_M,206,0.004776119402985075,X,прямоугольные_металл_золотой,M_L_M,X,X
прямоугольные_металл_черный_L_L_M,185,0.005074626865671642,X,прямоугольные_металл_черный,L_L_M,X,X
прямоугольные_металл_серый_L_L_M,185,0.005373134328358209,X,прямоугольные_металл_серый,L_L_M,X,X
бабочка_металл_бронзовый_M_L_M,176,0.005671641791044776,X,бабочка_металл_бронзовый,M_L_M,X,X
прямоугольные_металл_серый_M_L_L,163,0.005970149253731343,X,прямоугольные_металл_серый,M_L_L,X,X
бабочка_металл_черный/серебристый_M_L_M,162,0.00626865671641791,X,бабочка_металл_черный/серебристый,M_L_M,X,X
бабочка_металл_розовый_M_M_M,146,0.006567164179104477,X,бабочка_металл_розовый,M_M_M,X,X
панто_металл_золотой_M_M_L,143,0.006865671641791045,X,панто_металл_золотой,M_M_L,X,X
прямоугольные_металл_бронзовый_M_L_M,141,0.007164179104477612,X,прямоугольные_металл_бронзовый,M_L_M,X,X
бабочка_пластик_многоцветный_M_L_M,139,0.007462686567164179,X,бабочка_пластик_многоцветный,M_L_M,X,X
бабочка_металл_коричневый_M_L_M,135,0.007761194029850746,X,бабочка_металл_коричневый,M_L_M,X,X
бабочка_металл_бронзовый_M_M_M,124,0.008059701492537314,X,бабочка_металл_бронзовый,M_M_M,X,X
прямоугольные_металл_черный_L_L_L,123,0.00835820895522388,X,прямоугольные_металл_черный,L_L_L,X,X
необычные_металл_золотой_L_M_L,122,0.008656716417910448,X,необычные_металл_золотой,L_M_L,X,X
прямоугольные_металл_черный_M_L_L,121,0.008955223880597015,X,прямоугольные_металл_черный,M_L_L,X,X
овальные_пластик_многоцветный_M_M_M,119,0.009253731343283582,X,овальные_пластик_многоцветный,M_M_M,X,X
прямоугольные_пластик_многоцветный_M_M_L,118,0.00955223880597015,X,прямоугольные_пластик_многоцветный,M_M_L,X,X
прямоугольные_металл_темно-серый_M_L_L,117,0.009850746268656717,X,прямоугольные_металл_темно-серый,M_L_L,X,X
прямоугольные_металл_серебристый_L_L_L,117,0.010149253731343283,X,прямоугольные_металл_серебристый,L_L_L,X,X
панто_металл_золотой_M_S_L,117,0.010447761194029851,X,панто_металл_золотой,M_S_L,X,x
панто_металл_темно-серый_M_M_L,115,0.010746268656716417,X,панто_металл_темно-серый,M_M_L,X,X
панто_металл_бордовый_M_M_L,114,0.011044776119402985,X,панто_металл_бордовый,M_M_L,X,X
бабочка_металл_розовый_M_L_M,113,0.011343283582089553,X,бабочка_металл_розовый,M_L_M,X,X
панто_металл_черный/золотой_M_M_L,109,0.011641791044776119,X,панто_металл_черный/золотой,M_M_L,X,X
прямоугольные_металл_черный/серебристый_L_L_M,108,0.011940298507462687,X,прямоугольные_металл_черный/серебристый,L_L_M,X,X
кошачий глаз_пластик_черный_M_L_M,107,0.012238805970149255,X,кошачий глаз_пластик_черный,M_L_M,X,X
трапеция_металл_темно-серый_M_L_M,106,0.01253731343283582,X,трапеция_металл_темно-серый,M_L_M,X,X
прямоугольные_пластик_черный_L_L_L,105,0.012835820895522388,X,прямоугольные_пластик_черный,L_L_L,X,X
бабочка_пластик_коричневый_M_L_M,104,0.013134328358208954,X,бабочка_пластик_коричневый,M_L_M,X,X
бабочка_титан_золотой_M_L_M,103,0.013432835820895522,X,бабочка_титан_золотой,M_L_M,X,X
прямоугольные_металл_темно-серый_M_M_M,102,0.01373134328358209,X,прямоугольные_металл_темно-серый,M_M_M,X,X
бабочка_металл_золотой_M_M_M,100,0.014029850746268656,X,бабочка_металл_золотой,M_M_M,X,X
кошачий глаз_металл_многоцветный_M_L_M,100,0.014328358208955224,X,кошачий глаз_металл_многоцветный,M_L_M,X,X
прямоугольные_металл_синий_M_L_M,99,0.014626865671641792,X,прямоугольные_металл_синий,M_L_M,X,X
прямоугольные_металл_темно-серый_L_L_M,99,0.014925373134328358,X,прямоугольные_металл_темно-серый,L_L_M,X,X
прямоугольные_металл_темно-серый_L_L_L,98,0.015223880597014926,X,прямоугольные_металл_темно-серый,L_L_L,X,X
панто_пластик_черный_M_M_L,95,0.015522388059701492,X,панто_пластик_черный,M_M_L,X,X
прямоугольные_металл_серый_L_L_L,95,0.01582089552238806,X,прямоугольные_металл_серый,L_L_L,X,X
прямоугольные_металл_черный/серебристый_M_L_M,94,0.016119402985074627,X,прямоугольные_металл_черный/серебристый,M_L_M,X,X
прямоугольные_пластик_черный_M_M_M,94,0.016417910447761194,X,прямоугольные_пластик_черный,M_M_M,X,X
трапеция_металл_черный_L_L_L,93,0.01671641791044776,X,трапеция_металл_черный,L_L_L,X,X
квадратные_металл_серый_L_L_L,92,0.01701492537313433,X,квадратные_металл_серый,L_L_L,X,X
прямоугольные_металл_коричневый_M_L_L,92,0.017313432835820895,X,прямоугольные_металл_коричневый,M_L_L,X,X
прямоугольные_металл_розовый_M_L_M,92,0.01761194029850746,X,прямоугольные_металл_розовый,M_L_M,X,X
прямоугольные_металл_черный/серый_L_L_M,90,0.01791044776119403,X,прямоугольные_металл_черный/серый,L_L_M,X,X
необычные_металл_золотой_L_L_L,88,0.018208955223880597,X,необычные_металл_золотой,L_L_L,X,X
панто_металл_розовый_M_M_L,88,0.018507462686567163,X,панто_металл_розовый,M_M_L,X,X
бабочка_пластик_черный_L_L_M,86,0.018805970149253733,X,бабочка_пластик_черный,L_L_M,X,X
бабочка_металл_бежевый_M_L_M,85,0.0191044776119403,X,бабочка_металл_бежевый,M_L_M,X,X
квадратные_пластик_черный_L_L_L,83,0.019402985074626865,X,квадратные_пластик_черный,L_L_L,X,X
бабочка_пластик_многоцветный_M_L_S,83,0.019701492537313434,X,бабочка_пластик_многоцветный,M_L_S,X,X
прямоугольные_пластик_многоцветный_M_M_M,81,0.02,X,прямоугольные_пластик_многоцветный,M_M_M,X,X
квадратные_металл_черный_L_L_L,81,0.020298507462686566,X,квадратные_металл_черный,L_L_L,X,X
круглые_металл_черный/золотой_M_M_L,80,0.020597014925373136,X,круглые_металл_черный/золотой,M_M_L,X,X
трапеция_пластик_черный_L_L_M,78,0.020895522388059702,X,трапеция_пластик_черный,L_L_M,X,X
бабочка_титан_бронзовый_M_L_M,76,0.021194029850746268,X,бабочка_титан_бронзовый,M_L_M,X,X
прямоугольные_металл_серый_M_M_M,76,0.021492537313432834,X,прямоугольные_металл_серый,M_M_M,X,X
бабочка_металл_бордовый_M_L_M,75,0.021791044776119404,X,бабочка_металл_бордовый,M_L_M,X,X
прямоугольные_металл_серый_M_M_L,75,0.02208955223880597,X,прямоугольные_металл_серый,M_M_L,X,X
панто_металл_бронзовый_M_M_L,75,0.022388059701492536,X,панто_металл_бронзовый,M_M_L,X,X
панто_пластик_черный_L_M_L,74,0.022686567164179106,X,панто_пластик_черный,L_M_L,X,X
панто_металл_синий/золотой_M_M_L,73,0.02298507462686567,X,панто_металл_синий/золотой,M_M_L,X,X
прямоугольные_металл_черный_M_M_M,73,0.023283582089552238,X,прямоугольные_металл_черный,M_M_M,X,X
панто_металл_серебристый_M_S_L,72,0.023582089552238807,X,панто_металл_серебристый,M_S_L,X,x
бабочка_пластик_многоцветный_M_M_M,72,0.023880597014925373,X,бабочка_пластик_многоцветный,M_M_M,X,X
бабочка_пластик_черный_M_L_S,72,0.02417910447761194,X,бабочка_пластик_черный,M_L_S,X,X
прямоугольные_металл_золотой_L_L_L,71,0.02447761194029851,X,прямоугольные_металл_золотой,L_L_L,X,X
бабочка_металл_фиолетовый_M_L_M,71,0.024776119402985075,X,бабочка_металл_фиолетовый,M_L_M,X,X
трапеция_пластик_черный_L_L_L,71,0.02507462686567164,X,трапеция_пластик_черный,L_L_L,X,X
панто_металл_серый_M_M_L,70,0.025373134328358207,X,панто_металл_серый,M_M_L,X,X
прямоугольные_металл_синий_M_M_M,70,0.025671641791044777,X,прямоугольные_металл_синий,M_M_M,X,X
трапеция_металл_черный_L_L_M,69,0.025970149253731343,X,трапеция_металл_черный,L_L_M,X,X
кошачий глаз_пластик_коричневый_M_L_M,67,0.02626865671641791,X,кошачий глаз_пластик_коричневый,M_L_M,X,X
трапеция_металл_черный_M_L_M,66,0.02656716417910448,X,трапеция_металл_черный,M_L_M,X,X
бабочка_металл_синий/золотой_M_L_M,66,0.026865671641791045,X,бабочка_металл_синий/золотой,M_L_M,X,X
панто_металл_золотой_L_M_L,65,0.02716417910447761,X,панто_металл_золотой,L_M_L,X,X
трапеция_металл_синий_M_L_M,65,0.02746268656716418,X,трапеция_металл_синий,M_L_M,X,X
прямоугольные_пластик_прозрачный_M_M_L,65,0.027761194029850746,X,прямоугольные_пластик_прозрачный,M_M_L,X,X
панто_металл_серебристый_M_M_L,65,0.028059701492537312,X,панто_металл_серебристый,M_M_L,X,X
прямоугольные_пластик_синий_M_L_M,64,0.028358208955223882,X,прямоугольные_пластик_синий,M_L_M,X,X
трапеция_металл_серый_L_L_M,64,0.028656716417910448,X,трапеция_металл_серый,L_L_M,X,X
бабочка_металл_коричневый_M_M_M,64,0.028955223880597014,X,бабочка_металл_коричневый,M_M_M,X,X
прямоугольные_металл_коричневый_L_L_M,63,0.029253731343283584,X,прямоугольные_металл_коричневый,L_L_M,X,X
бабочка_пластик_синий_M_L_M,63,0.02955223880597015,X,бабочка_пластик_синий,M_L_M,X,X
кошачий глаз_металл_коричневый/золотой_M_L_M,63,0.029850746268656716,X,кошачий глаз_металл_коричневый/золотой,M_L_M,X,X
прямоугольные_металл_коричневый_M_M_L,62,0.030149253731343282,X,прямоугольные_металл_коричневый,M_M_L,X,X
прямоугольные_металл_синий_L_L_M,61,0.03044776119402985,X,прямоугольные_металл_синий,L_L_M,X,X
овальные_металл_фиолетовый_M_M_M,61,0.030746268656716418,X,овальные_металл_фиолетовый,M_M_M,X,X
кошачий глаз_металл_золотой_M_L_M,61,0.031044776119402984,X,кошачий глаз_металл_золотой,M_L_M,X,X
квадратные_пластик_черный_L_L_M,61,0.03134328358208955,X,квадратные_пластик_черный,L_L_M,X,X
прямоугольные_пластик_синий_S_S_S,61,0.03164179104477612,X,прямоугольные_пластик_синий,S_S_S,X,x
бабочка_металл_черный/золотой_M_L_L,60,0.03194029850746269,X,бабочка_металл_черный/золотой,M_L_L,X,X
трапеция_пластик_черный_M_L_M,60,0.032238805970149255,X,трапеция_пластик_черный,M_L_M,X,X
прямоугольные_пластик_синий_L_L_M,60,0.03253731343283582,X,прямоугольные_пластик_синий,L_L_M,X,X
бабочка_металл_черный_M_L_M,60,0.03283582089552239,X,бабочка_металл_черный,M_L_M,X,X
овальные_пластик_синий_S_S_S,59,0.03313432835820895,X,овальные_пластик_синий,S_S_S,X,x
квадратные_пластик_черный_M_L_M,59,0.03343283582089552,X,квадратные_пластик_черный,M_L_M,X,X
панто_металл_синий/серебристый_L_M_L,58,0.03373134328358209,X,панто_металл_синий/серебристый,L_M_L,X,X
бабочка_металл_серебристый_M_L_M,58,0.03402985074626866,X,бабочка_металл_серебристый,M_L_M,X,X
необычные_металл_серебристый_L_M_L,57,0.034328358208955224,X,необычные_металл_серебристый,L_M_L,X,X
квадратные_металл_черный_M_L_M,56,0.03462686567164179,X,квадратные_металл_черный,M_L_M,X,X
панто_металл_черный_M_S_L,56,0.03492537313432836,X,панто_металл_черный,M_S_L,X,x
прямоугольные_металл_серебристый_L_L_M,56,0.03522388059701492,X,прямоугольные_металл_серебристый,L_L_M,X,X
бабочка_металл_золотой_L_L_M,56,0.035522388059701496,X,бабочка_металл_золотой,L_L_M,X,X
необычные_металл_золотой_M_M_L,55,0.03582089552238806,X,необычные_металл_золотой,M_M_L,X,X
трапеция_металл_темно-серый_L_L_L,54,0.03611940298507463,X,трапеция_металл_темно-серый,L_L_L,X,X
квадратные_титан_серебристый_M_L_M,53,0.036417910447761194,X,квадратные_титан_серебристый,M_L_M,X,X
квадратные_металл_черный/серебристый_L_L_L,52,0.03671641791044776,X,квадратные_металл_черный/серебристый,L_L_L,X,X
бабочка_пластик_бордовый_M_L_M,52,0.037014925373134326,X,бабочка_пластик_бордовый,M_L_M,X,X
квадратные_металл_темно-серый_L_M_L,52,0.03731343283582089,X,квадратные_металл_темно-серый,L_M_L,X,X
прямоугольные_титан_серый_M_L_M,52,0.037611940298507465,X,прямоугольные_титан_серый,M_L_M,X,X
бабочка_металл_золотой_M_L_S,51,0.03791044776119403,X,бабочка_металл_золотой,M_L_S,X,X
прямоугольные_металл_темно-серый_M_M_L,51,0.0382089552238806,X,прямоугольные_металл_темно-серый,M_M_L,X,X
прямоугольные_титан_серебристый_M_L_M,51,0.038507462686567163,X,прямоугольные_титан_серебристый,M_L_M,X,X
овальные_пластик_розовый_S_S_S,51,0.03880597014925373,X,овальные_пластик_розовый,S_S_S,X,x
необычные_металл_черный_M_M_L,51,0.039104477611940296,X,необычные_металл_черный,M_M_L,X,X
овальные_пластик_прозрачный_M_M_L,51,0.03940298507462687,X,овальные_пластик_прозрачный,M_M_L,X,X
необычные_металл_черный/золотой_M_S_L,51,0.039701492537313435,X,необычные_металл_черный/золотой,M_S_L,X,x
кошачий глаз_металл_черный/золотой_M_L_M,50,0.04,X,кошачий глаз_металл_черный/золотой,M_L_M,X,X
бабочка_пластик_фиолетовый_M_M_M,49,0.04029850746268657,X,бабочка_пластик_фиолетовый,M_M_M,X,X
кошачий глаз_пластик_многоцветный_M_L_M,49,0.04059701492537313,X,кошачий глаз_пластик_многоцветный,M_L_M,X,X
прямоугольные_металл_золотой_L_L_M,49,0.0408955223880597,X,прямоугольные_металл_золотой,L_L_M,X,X
прямоугольные_пластик_коричневый_M_L_L,49,0.04119402985074627,X,прямоугольные_пластик_коричневый,M_L_L,X,X
кошачий глаз_металл_черный/золотой_M_M_L,48,0.04149253731343284,X,кошачий глаз_металл_черный/золотой,M_M_L,X,X
панто_металл_черный_L_M_L,48,0.041791044776119404,X,панто_металл_черный,L_M_L,X,X
панто_металл_черный_M_M_M,48,0.04208955223880597,X,панто_металл_черный,M_M_M,X,X
квадратные_пластик_черный_L_M_L,47,0.042388059701492536,X,квадратные_пластик_черный,L_M_L,X,X
круглые_металл_черный_M_M_L,47,0.0426865671641791,X,круглые_металл_черный,M_M_L,X,X
бабочка_пластик_прозрачный_M_L_M,47,0.04298507462686567,X,бабочка_пластик_прозрачный,M_L_M,X,X
гексагон_металл_черный/золотой_M_M_L,46,0.04328358208955224,X,гексагон_металл_черный/золотой,M_M_L,X,X
прямоугольные_пластик_серый_M_M_L,45,0.04358208955223881,X,прямоугольные_пластик_серый,M_M_L,X,X
прямоугольные_пластик_черный/прозрачный_M_L_M,45,0.043880597014925374,X,прямоугольные_пластик_черный/прозрачный,M_L_M,X,X
прямоугольные_пластик_темно-серый_M_L_L,45,0.04417910447761194,X,прямоугольные_пластик_темно-серый,M_L_L,X,X
панто_пластик_синий_M_M_L,45,0.044477611940298506,X,панто_пластик_синий,M_M_L,X,X
квадратные_титан_черный_M_L_M,45,0.04477611940298507,X,квадратные_титан_черный,M_L_M,X,X
квадратные_металл_темно-серый_L_L_L,44,0.045074626865671645,X,квадратные_металл_темно-серый,L_L_L,X,X
трапеция_пластик_синий_M_L_M,44,0.04537313432835821,X,трапеция_пластик_синий,M_L_M,X,X
прямоугольные_металл_розовый_M_M_M,44,0.04567164179104478,X,прямоугольные_металл_розовый,M_M_M,X,X
прямоугольные_металл_черный/золотой_M_L_M,44,0.04597014925373134,X,прямоугольные_металл_черный/золотой,M_L_M,X,X
кошачий глаз_металл_черный/золотой_M_L_L,43,0.04626865671641791,X,кошачий глаз_металл_черный/золотой,M_L_L,X,X
бабочка_металл_коричневый/золотой_M_L_S,43,0.046567164179104475,X,бабочка_металл_коричневый/золотой,M_L_S,X,X
панто_металл_черный/серебристый_L_M_L,43,0.04686567164179104,X,панто_металл_черный/серебристый,L_M_L,X,X
прямоугольные_пластик_серый_M_L_L,43,0.047164179104477615,X,прямоугольные_пластик_серый,M_L_L,X,X
овальные_металл_коричневый/золотой_L_M_M,43,0.04746268656716418,X,овальные_металл_коричневый/золотой,L_M_M,X,Y
прямоугольные_пластик_многоцветный_M_L_M,43,0.04776119402985075,X,прямоугольные_пластик_многоцветный,M_L_M,X,X
овальные_металл_розовый_M_M_M,42,0.04805970149253731,X,овальные_металл_розовый,M_M_M,X,X
трапеция_пластик_синий_S_S_S,42,0.04835820895522388,X,трапеция_пластик_синий,S_S_S,X,x
прямоугольные_пластик_черный_M_L_S,42,0.048656716417910445,X,прямоугольные_пластик_черный,M_L_S,X,X
овальные_пластик_многоцветный_M_L_L,42,0.04895522388059702,X,овальные_пластик_многоцветный,M_L_L,X,X
прямоугольные_металл_медный_M_L_M,42,0.049253731343283584,X,прямоугольные_металл_медный,M_L_M,X,X
квадратные_металл_черный_L_L_M,41,0.04955223880597015,X,квадратные_металл_черный,L_L_M,X,X
панто_металл_серый_L_M_L,41,0.049850746268656716,X,панто_металл_серый,L_M_L,X,X
квадратные_металл_серый_L_L_M,41,0.05014925373134328,X,квадратные_металл_серый,L_L_M,X,X
прямоугольные_металл_темно-серый_S_M_S,41,0.05044776119402985,X,прямоугольные_металл_темно-серый,S_M_S,X,x
панто_металл_черный/серебристый_M_M_L,41,0.050746268656716415,X,панто_металл_черный/серебристый,M_M_L,X,X
прямоугольные_пластик_синий_M_M_M,41,0.05104477611940299,X,прямоугольные_пластик_синий,M_M_M,X,X
прямоугольные_металл_серебристый_M_M_M,41,0.051343283582089554,X,прямоугольные_металл_серебристый,M_M_M,X,X
прямоугольные_металл_коричневый_M_M_M,40,0.05164179104477612,X,прямоугольные_металл_коричневый,M_M_M,X,X
кошачий глаз_металл_синий/золотой_M_L_M,40,0.051940298507462686,X,кошачий глаз_металл_синий/золотой,M_L_M,X,X
прямоугольные_металл_золотой_M_L_L,40,0.05223880597014925,X,прямоугольные_металл_золотой,M_L_L,X,X
прямоугольные_пластик_черный_S_M_S,40,0.05253731343283582,X,прямоугольные_пластик_черный,S_M_S,X,x
прямоугольные_металл_серебристый_M_L_L,39,0.05283582089552239,X,прямоугольные_металл_серебристый,M_L_L,X,X
прямоугольные_пластик_многоцветный_M_M_S,39,0.05313432835820896,X,прямоугольные_пластик_многоцветный,M_M_S,X,Y
прямоугольные_пластик_коричневый_M_L_M,39,0.05343283582089552,X,прямоугольные_пластик_коричневый,M_L_M,X,X
панто_пластик_прозрачный_M_M_L,39,0.05373134328358209,X,панто_пластик_прозрачный,M_M_L,X,X
кошачий глаз_пластик_коричневый_M_M_M,39,0.054029850746268655,X,кошачий глаз_пластик_коричневый,M_M_M,X,X
кошачий глаз_металл_золотой_M_M_M,39,0.05432835820895522,X,кошачий глаз_металл_золотой,M_M_M,X,X
панто_металл_синий/серебристый_M_M_L,38,0.054626865671641794,X,панто_металл_синий/серебристый,M_M_L,X,X
прямоугольные_пластик_синий_S_M_M,38,0.05492537313432836,X,прямоугольные_пластик_синий,S_M_M,X,X
трапеция_металл_серый_L_M_L,38,0.05522388059701493,X,трапеция_металл_серый,L_M_L,X,X
прямоугольные_металл_серый/серебристый_L_L_M,38,0.05552238805970149,X,прямоугольные_металл_серый/серебристый,L_L_M,X,X
гексагон_металл_черный/золотой_M_L_M,38,0.05582089552238806,X,гексагон_металл_черный/золотой,M_L_M,X,X
прямоугольные_пластик_черный_S_S_S,38,0.056119402985074625,X,прямоугольные_пластик_черный,S_S_S,X,x
прямоугольные_титан_черный_L_L_M,37,0.05641791044776119,X,прямоугольные_титан_черный,L_L_M,X,X
прямоугольные_металл_черный_M_M_L,37,0.056716417910447764,X,прямоугольные_металл_черный,M_M_L,X,X
панто_пластик_розовый_S_S_M,37,0.05701492537313433,X,панто_пластик_розовый,S_S_M,X,x
бабочка_пластик_черный/прозрачный_M_L_M,37,0.057313432835820896,X,бабочка_пластик_черный/прозрачный,M_L_M,X,X
прямоугольные_металл_синий_L_L_L,37,0.05761194029850746,X,прямоугольные_металл_синий,L_L_L,X,X
круглые_металл_золотой_M_M_L,36,0.05791044776119403,X,круглые_металл_золотой,M_M_L,X,X
панто_металл_черный_S_M_L,36,0.058208955223880594,X,панто_металл_черный,S_M_L,X,Y
прямоугольные_металл_черный/серебристый_M_L_L,35,0.05850746268656717,X,прямоугольные_металл_черный/серебристый,M_L_L,X,X
прямоугольные_металл_синий_S_M_S,35,0.05880597014925373,X,прямоугольные_металл_синий,S_M_S,X,x
панто_металл_черный/золотой_L_M_L,35,0.0591044776119403,X,панто_металл_черный/золотой,L_M_L,X,X
бабочка_металл_черный/золотой_L_L_M,35,0.059402985074626866,X,бабочка_металл_черный/золотой,L_L_M,X,X
панто_металл_коричневый_M_M_L,35,0.05970149253731343,X,панто_металл_коричневый,M_M_L,X,X
панто_металл_коричневый/золотой_L_M_L,35,0.06,X,панто_металл_коричневый/золотой,L_M_L,X,X
прямоугольные_пластик_синий_L_L_L,35,0.060298507462686564,X,прямоугольные_пластик_синий,L_L_L,X,X
бабочка_металл_черный/золотой_M_L_S,34,0.06059701492537314,X,бабочка_металл_черный/золотой,M_L_S,X,X
бабочка_металл_коричневый/золотой_L_M_M,34,0.0608955223880597,X,бабочка_металл_коричневый/золотой,L_M_M,X,Y
бабочка_пластик_черный_L_L_S,34,0.06119402985074627,X,бабочка_пластик_черный,L_L_S,X,Y
бабочка_пластик_черный/прозрачный_M_L_S,34,0.061492537313432835,X,бабочка_пластик_черный/прозрачный,M_L_S,X,X
бабочка_металл_синий/серебристый_M_L_M,34,0.0617910447761194,X,бабочка_металл_синий/серебристый,M_L_M,X,X
панто_металл_синий_S_M_M,34,0.06208955223880597,X,панто_металл_синий,S_M_M,X,X
кошачий глаз_пластик_многоцветный_M_L_L,34,0.06238805970149254,X,кошачий глаз_пластик_многоцветный,M_L_L,X,X
трапеция_металл_золотой_L_M_L,33,0.0626865671641791,X,трапеция_металл_золотой,L_M_L,X,X
трапеция_металл_серый_L_L_L,33,0.06298507462686567,X,трапеция_металл_серый,L_L_L,X,X
овальные_металл_черный/золотой_M_M_L,33,0.06328358208955225,X,овальные_металл_черный/золотой,M_M_L,X,X
квадратные_титан_золотой_M_L_M,33,0.0635820895522388,X,квадратные_титан_золотой,M_L_M,X,X
бабочка_пластик_многоцветный_M_M_L,33,0.06388059701492538,X,бабочка_пластик_многоцветный,M_M_L,X,X
бабочка_металл_бордовый_M_L_S,33,0.06417910447761194,X,бабочка_металл_бордовый,M_L_S,X,X
панто_пластик_черный_M_M_M,33,0.06447761194029851,X,панто_пластик_черный,M_M_M,X,X
панто_металл_коричневый/золотой_M_M_L,33,0.06477611940298507,X,панто_металл_коричневый/золотой,M_M_L,X,X
бабочка_пластик_фиолетовый_M_L_S,33,0.06507462686567164,X,бабочка_пластик_фиолетовый,M_L_S,X,X
бабочка_металл_коричневый/золотой_M_M_M,33,0.06537313432835822,X,бабочка_металл_коричневый/золотой,M_M_M,X,X
трапеция_металл_синий/серебристый_L_L_L,33,0.06567164179104477,X,трапеция_металл_синий/серебристый,L_L_L,X,X
бабочка_пластик_черный_M_M_M,33,0.06597014925373135,X,бабочка_пластик_черный,M_M_M,X,X
панто_металл_черный/серый_M_M_L,33,0.0662686567164179,X,панто_металл_черный/серый,M_M_L,X,X
бабочка_металл_серебристый_M_M_M,32,0.06656716417910448,X,бабочка_металл_серебристый,M_M_M,X,X
прямоугольные_металл_золотой_M_M_L,32,0.06686567164179104,X,прямоугольные_металл_золотой,M_M_L,X,X
панто_металл_многоцветный_M_M_L,32,0.06716417910447761,X,панто_металл_многоцветный,M_M_L,X,X
панто_металл_красный_M_M_L,32,0.06746268656716418,X,панто_металл_красный,M_M_L,X,X
квадратные_пластик_коричневый_M_M_L,32,0.06776119402985074,X,квадратные_пластик_коричневый,M_M_L,X,X
панто_металл_фиолетовый_M_M_L,32,0.06805970149253732,X,панто_металл_фиолетовый,M_M_L,X,X
бабочка_металл_многоцветный_M_L_L,32,0.06835820895522388,X,бабочка_металл_многоцветный,M_L_L,X,X
кошачий глаз_пластик_черный_L_L_M,32,0.06865671641791045,X,кошачий глаз_пластик_черный,L_L_M,X,X
прямоугольные_металл_черный/серебристый_M_M_M,32,0.06895522388059701,X,прямоугольные_металл_черный/серебристый,M_M_M,X,X
кошачий глаз_металл_коричневый/золотой_M_L_S,32,0.06925373134328358,X,кошачий глаз_металл_коричневый/золотой,M_L_S,X,X
вайфайеры_пластик_черный_L_M_L,32,0.06955223880597015,X,вайфайеры_пластик_черный,L_M_L,X,X
прямоугольные_пластик_синий_S_M_S,31,0.06985074626865671,X,прямоугольные_пластик_синий,S_M_S,X,x
бабочка_пластик_коричневый_L_L_M,31,0.07014925373134329,X,бабочка_пластик_коричневый,L_L_M,X,X
трапеция_пластик_бордовый_M_M_L,31,0.07044776119402985,X,трапеция_пластик_бордовый,M_M_L,X,X
круглые_металл_серый/золотой_L_S_L,31,0.07074626865671642,X,круглые_металл_серый/золотой,L_S_L,X,Y
панто_металл_синий_M_M_L,31,0.07104477611940299,X,панто_металл_синий,M_M_L,X,X
кошачий глаз_пластик_черный_M_M_M,31,0.07134328358208955,X,кошачий глаз_пластик_черный,M_M_M,X,X
овальные_металл_золотой_M_L_M,31,0.07164179104477612,X,овальные_металл_золотой,M_L_M,X,X
прямоугольные_титан_серый_M_L_L,31,0.07194029850746268,X,прямоугольные_титан_серый,M_L_L,X,X
необычные_металл_черный/золотой_M_M_L,31,0.07223880597014926,X,необычные_металл_черный/золотой,M_M_L,X,X
прямоугольные_титан_темно-серый_M_L_M,30,0.07253731343283581,X,прямоугольные_титан_темно-серый,M_L_M,X,X
прямоугольные_титан_серый_L_L_L,30,0.07283582089552239,X,прямоугольные_титан_серый,L_L_L,X,X
бабочка_пластик_коричневый_M_L_S,30,0.07313432835820896,X,бабочка_пластик_коричневый,M_L_S,X,X
квадратные_пластик_серый_L_L_L,30,0.07343283582089552,X,квадратные_пластик_серый,L_L_L,X,X
прямоугольные_металл_черный_M_L_S,30,0.0737313432835821,X,прямоугольные_металл_черный,M_L_S,X,X
прямоугольные_пластик_коричневый_M_M_L,30,0.07402985074626865,X,прямоугольные_пластик_коричневый,M_M_L,X,X
круглые_металл_желтый_L_S_L,30,0.07432835820895523,X,круглые_металл_желтый,L_S_L,X,Y
бабочка_металл_сиреневый_M_L_M,30,0.07462686567164178,X,бабочка_металл_сиреневый,M_L_M,X,X
бабочка_металл_коричневый_M_L_L,30,0.07492537313432836,X,бабочка_металл_коричневый,M_L_L,X,X
бабочка_металл_черный/золотой_M_M_M,29,0.07522388059701493,X,бабочка_металл_черный/золотой,M_M_M,X,X
квадратные_титан_серый_L_L_L,29,0.07552238805970149,X,квадратные_титан_серый,L_L_L,X,X
кошачий глаз_металл_бронзовый_M_M_M,29,0.07582089552238806,X,кошачий глаз_металл_бронзовый,M_M_M,X,X
необычные_металл_многоцветный_M_M_L,29,0.07611940298507462,X,необычные_металл_многоцветный,M_M_L,X,X
необычные_металл_синий/серебристый_M_M_L,29,0.0764179104477612,X,необычные_металл_синий/серебристый,M_M_L,X,X
панто_пластик_прозрачный_L_M_L,29,0.07671641791044777,X,панто_пластик_прозрачный,L_M_L,X,X
круглые_металл_черный/серебристый_M_M_L,28,0.07701492537313433,X,круглые_металл_черный/серебристый,M_M_L,X,X
прямоугольные_металл_серебристый_M_M_L,28,0.0773134328358209,X,прямоугольные_металл_серебристый,M_M_L,X,X
бабочка_пластик_серый_M_L_M,28,0.07761194029850746,X,бабочка_пластик_серый,M_L_M,X,X
бабочка_пластик_фиолетовый_M_L_M,28,0.07791044776119403,X,бабочка_пластик_фиолетовый,M_L_M,X,X
панто_металл_фиолетовый_S_M_L,28,0.07820895522388059,X,панто_металл_фиолетовый,S_M_L,X,Y
кошачий глаз_металл_черный_S_M_M,28,0.07850746268656716,X,кошачий глаз_металл_черный,S_M_M,X,X
бабочка_металл_синий/золотой_M_M_M,28,0.07880597014925374,X,бабочка_металл_синий/золотой,M_M_M,X,X
бабочка_металл_черный/золотой_M_M_L,28,0.0791044776119403,X,бабочка_металл_черный/золотой,M_M_L,X,X
трапеция_металл_черный/серебристый_L_L_L,28,0.07940298507462687,X,трапеция_металл_черный/серебристый,L_L_L,X,X
бабочка_пластик_черный_L_L_L,28,0.07970149253731343,X,бабочка_пластик_черный,L_L_L,X,X
необычные_металл_синий/золотой_M_M_L,28,0.08,X,необычные_металл_синий/золотой,M_M_L,X,X
овальные_пластик_розовый_M_M_M,28,0.08029850746268656,X,овальные_пластик_розовый,M_M_M,X,X
бабочка_пластик_черный_M_L_L,28,0.08059701492537313,X,бабочка_пластик_черный,M_L_L,X,X
трапеция_металл_черный/серый_L_L_M,28,0.0808955223880597,X,трапеция_металл_черный/серый,L_L_M,X,X
панто_металл_черный/золотой_M_M_M,27,0.08119402985074627,X,панто_металл_черный/золотой,M_M_M,X,X
овальные_металл_коричневый/золотой_M_M_L,27,0.08149253731343284,X,овальные_металл_коричневый/золотой,M_M_L,X,X
кошачий глаз_металл_коричневый/золотой_M_M_L,27,0.0817910447761194,X,кошачий глаз_металл_коричневый/золотой,M_M_L,X,X
прямоугольные_пластик_фиолетовый_M_M_M,27,0.08208955223880597,X,прямоугольные_пластик_фиолетовый,M_M_M,X,X
бабочка_титан_многоцветный_M_L_M,27,0.08238805970149254,X,бабочка_титан_многоцветный,M_L_M,X,X
бабочка_металл_красный_M_L_M,27,0.0826865671641791,X,бабочка_металл_красный,M_L_M,X,X
кошачий глаз_металл_бежевый_M_L_M,27,0.08298507462686568,X,кошачий глаз_металл_бежевый,M_L_M,X,X
кошачий глаз_металл_многоцветный_M_M_M,27,0.08328358208955224,X,кошачий глаз_металл_многоцветный,M_M_M,X,X
трапеция_металл_черный_M_L_L,27,0.08358208955223881,X,трапеция_металл_черный,M_L_L,X,X
трапеция_металл_серый_M_L_L,27,0.08388059701492537,X,трапеция_металл_серый,M_L_L,X,X
овальные_металл_золотой_M_M_L,27,0.08417910447761194,X,овальные_металл_золотой,M_M_L,X,X
необычные_металл_коричневый/золотой_M_M_L,27,0.08447761194029851,X,необычные_металл_коричневый/золотой,M_M_L,X,X
бабочка_металл и пластик_золотой_M_L_M,27,0.08477611940298507,X,бабочка_металл и пластик_золотой,M_L_M,X,X
панто_металл_синий_S_M_L,26,0.08507462686567165,X,панто_металл_синий,S_M_L,X,Y
прямоугольные_металл_коричневый_L_L_L,26,0.0853731343283582,X,прямоугольные_металл_коричневый,L_L_L,X,X
панто_металл_черный_S_M_M,26,0.08567164179104478,X,панто_металл_черный,S_M_M,X,X
квадратные_металл_черный_M_L_L,26,0.08597014925373134,X,квадратные_металл_черный,M_L_L,X,X
панто_металл_бежевый_M_M_L,26,0.08626865671641791,X,панто_металл_бежевый,M_M_L,X,X
бабочка_пластик_черный_M_M_L,26,0.08656716417910448,X,бабочка_пластик_черный,M_M_L,X,X
бабочка_металл_многоцветный_M_M_M,26,0.08686567164179104,X,бабочка_металл_многоцветный,M_M_M,X,X
прямоугольные_металл_золотой_M_M_M,26,0.08716417910447762,X,прямоугольные_металл_золотой,M_M_M,X,X
прямоугольные_пластик_прозрачный_L_L_M,26,0.08746268656716417,X,прямоугольные_пластик_прозрачный,L_L_M,X,X
бабочка_металл_коричневый/золотой_L_L_M,25,0.08776119402985075,X,бабочка_металл_коричневый/золотой,L_L_M,X,X
трапеция_пластик_синий_S_M_M,25,0.0880597014925373,X,трапеция_пластик_синий,S_M_M,X,X
кошачий глаз_металл_фиолетовый_S_M_M,25,0.08835820895522388,X,кошачий глаз_металл_фиолетовый,S_M_M,X,X
овальные_металл_золотой_M_L_L,25,0.08865671641791045,X,овальные_металл_золотой,M_L_L,X,X
прямоугольные_металл_темно-серый_M_L_S,25,0.08895522388059701,X,прямоугольные_металл_темно-серый,M_L_S,X,X
капли_металл_черный/серебристый_L_L_M,25,0.08925373134328358,X,капли_металл_черный/серебристый,L_L_M,X,X
прямоугольные_металл_черный/золотой_L_L_L,25,0.08955223880597014,X,прямоугольные_металл_черный/золотой,L_L_L,X,X
вайфайеры_пластик_синий_S_S_S,25,0.08985074626865672,X,вайфайеры_пластик_синий,S_S_S,X,x
необычные_металл_синий/серебристый_L_M_L,25,0.09014925373134329,X,необычные_металл_синий/серебристый,L_M_L,X,X
овальные_металл_синий/золотой_M_M_L,25,0.09044776119402985,X,овальные_металл_синий/золотой,M_M_L,X,X
квадратные_металл_серебристый_L_L_L,25,0.09074626865671642,X,квадратные_металл_серебристый,L_L_L,X,X
круглые_металл_серый_M_S_L,25,0.09104477611940298,X,круглые_металл_серый,M_S_L,X,x
панто_металл_черный_L_L_L,24,0.09134328358208955,X,панто_металл_черный,L_L_L,X,X
квадратные_металл_серебристый_L_L_M,24,0.09164179104477611,X,квадратные_металл_серебристый,L_L_M,X,X
квадратные_пластик_синий_S_M_S,24,0.09194029850746269,X,квадратные_пластик_синий,S_M_S,X,x
бабочка_пластик_черепаховый_L_L_M,24,0.09223880597014926,X,бабочка_пластик_черепаховый,L_L_M,X,X
кошачий глаз_титан_коричневый/золотой_M_L_M,24,0.09253731343283582,X,кошачий глаз_титан_коричневый/золотой,M_L_M,X,X
квадратные_пластик_черный_M_L_L,24,0.09283582089552239,X,квадратные_пластик_черный,M_L_L,X,X
овальные_пластик_коричневый_M_M_L,24,0.09313432835820895,X,овальные_пластик_коричневый,M_M_L,X,X
овальные_пластик_голубой_S_S_S,24,0.09343283582089552,X,овальные_пластик_голубой,S_S_S,X,x
кошачий глаз_металл_черный/золотой_M_M_M,24,0.09373134328358208,X,кошачий глаз_металл_черный/золотой,M_M_M,X,X
квадратные_металл_черный/золотой_L_L_L,24,0.09402985074626866,X,квадратные_металл_черный/золотой,L_L_L,X,X
бабочка_пластик_черепаховый_M_L_M,23,0.09432835820895523,X,бабочка_пластик_черепаховый,M_L_M,X,X
бабочка_металл_черный_S_M_M,23,0.09462686567164179,X,бабочка_металл_черный,S_M_M,X,X
прямоугольные_пластик_коричневый_M_M_S,23,0.09492537313432836,X,прямоугольные_пластик_коричневый,M_M_S,X,Y
вайфайеры_пластик_черный_M_S_M,23,0.09522388059701492,X,вайфайеры_пластик_черный,M_S_M,X,y
прямоугольные_металл_серый/серебристый_M_L_L,23,0.0955223880597015,X,прямоугольные_металл_серый/серебристый,M_L_L,X,X
бабочка_пластик_многоцветный_M_L_L,23,0.09582089552238807,X,бабочка_пластик_многоцветный,M_L_L,X,X
квадратные_металл_серебристый_M_M_L,23,0.09611940298507463,X,квадратные_металл_серебристый,M_M_L,X,X
бабочка_металл_серый/золотой_M_L_M,23,0.0964179104477612,X,бабочка_металл_серый/золотой,M_L_M,X,X
трапеция_металл_коричневый_M_L_L,23,0.09671641791044776,X,трапеция_металл_коричневый,M_L_L,X,X
прямоугольные_металл_коричневый/золотой_M_L_M,23,0.09701492537313433,X,прямоугольные_металл_коричневый/золотой,M_L_M,X,X
треугольник_металл_черный_M_S_L,23,0.09731343283582089,X,треугольник_металл_черный,M_S_L,X,x
овальные_пластик_бордовый_M_M_L,23,0.09761194029850746,X,овальные_пластик_бордовый,M_M_L,X,X
бабочка_металл_фиолетовый_S_M_M,22,0.09791044776119404,X,бабочка_металл_фиолетовый,S_M_M,X,X
трапеция_пластик_черный_L_M_L,22,0.0982089552238806,X,трапеция_пластик_черный,L_M_L,X,X
гексагон_металл_многоцветный_M_L_M,22,0.09850746268656717,X,гексагон_металл_многоцветный,M_L_M,X,X
овальные_пластик_бежевый_M_M_L,22,0.09880597014925373,X,овальные_пластик_бежевый,M_M_L,X,X
овальные_титан_золотой_M_M_M,22,0.0991044776119403,X,овальные_титан_золотой,M_M_M,X,X
бабочка_титан_многоцветный_M_L_S,22,0.09940298507462686,X,бабочка_титан_многоцветный,M_L_S,X,X
прямоугольные_пластик_серый_L_L_M,22,0.09970149253731343,X,прямоугольные_пластик_серый,L_L_M,X,X
бабочка_пластик_красный_M_M_M,22,0.1,X,бабочка_пластик_красный,M_M_M,X,X
овальные_металл_коричневый/золотой_M_M_M,22,0.10029850746268656,X,овальные_металл_коричневый/золотой,M_M_M,X,X
бабочка_пластик_многоцветный_L_L_M,22,0.10059701492537314,X,бабочка_пластик_многоцветный,L_L_M,X,X
прямоугольные_пластик_бирюзовый_M_M_M,22,0.1008955223880597,X,прямоугольные_пластик_бирюзовый,M_M_M,X,X
круглые_пластик_синий_S_S_S,22,0.10119402985074627,X,круглые_пластик_синий,S_S_S,X,x
прямоугольные_металл_синий_S_M_M,22,0.10149253731343283,X,прямоугольные_металл_синий,S_M_M,X,X
бабочка_металл_черный_S_M_S,22,0.1017910447761194,X,бабочка_металл_черный,S_M_S,X,x
квадратные_металл_черный_L_M_L,22,0.10208955223880598,X,квадратные_металл_черный,L_M_L,X,X
кошачий глаз_пластик_розовый_M_M_M,22,0.10238805970149253,X,кошачий глаз_пластик_розовый,M_M_M,X,X
бабочка_металл_медный_M_L_M,22,0.10268656716417911,X,бабочка_металл_медный,M_L_M,X,X
панто_металл_серебристый_S_M_L,22,0.10298507462686567,X,панто_металл_серебристый,S_M_L,X,Y
необычные_титан_золотой_M_M_L,21,0.10328358208955224,X,необычные_титан_золотой,M_M_L,X,X
бабочка_металл_серый_M_L_M,21,0.10358208955223881,X,бабочка_металл_серый,M_L_M,X,X
прямоугольные_металл_черный_S_M_S,21,0.10388059701492537,X,прямоугольные_металл_черный,S_M_S,X,x
квадратные_металл_многоцветный_M_L_M,21,0.10417910447761194,X,квадратные_металл_многоцветный,M_L_M,X,X
бабочка_металл_черный_M_M_M,21,0.1044776119402985,X,бабочка_металл_черный,M_M_M,X,X
прямоугольные_титан_темно-серый_L_L_M,21,0.10477611940298508,X,прямоугольные_титан_темно-серый,L_L_M,X,X
панто_металл_черный/золотой_M_S_L,21,0.10507462686567164,X,панто_металл_черный/золотой,M_S_L,X,x
кошачий глаз_металл_многоцветный_M_M_L,21,0.10537313432835821,X,кошачий глаз_металл_многоцветный,M_M_L,X,X
необычные_металл_серый_L_M_L,21,0.10567164179104478,X,необычные_металл_серый,L_M_L,X,X
бабочка_металл_бежевый_M_L_S,21,0.10597014925373134,X,бабочка_металл_бежевый,M_L_S,X,X
прямоугольные_пластик_голубой_M_M_M,21,0.10626865671641791,X,прямоугольные_пластик_голубой,M_M_M,X,X
овальные_металл_черный/серебристый_M_L_L,21,0.10656716417910447,X,овальные_металл_черный/серебристый,M_L_L,X,X
бабочка_металл_зеленый_M_L_M,21,0.10686567164179105,X,бабочка_металл_зеленый,M_L_M,X,X
овальные_металл_сиреневый_M_M_L,21,0.1071641791044776,X,овальные_металл_сиреневый,M_M_L,X,X
прямоугольные_металл_коричневый/серебристый_L_L_M,20,0.10746268656716418,X,прямоугольные_металл_коричневый/серебристый,L_L_M,X,X
квадратные_титан_серебристый_M_L_L,20,0.10776119402985075,X,квадратные_титан_серебристый,M_L_L,X,X
прямоугольные_титан_черный_M_L_M,20,0.10805970149253731,X,прямоугольные_титан_черный,M_L_M,X,X
прямоугольные_металл_медный_M_L_L,20,0.10835820895522388,X,прямоугольные_металл_медный,M_L_L,X,X
прямоугольные_титан_золотой_M_L_M,20,0.10865671641791044,X,прямоугольные_титан_золотой,M_L_M,X,X
кошачий глаз_пластик_коричневый_M_L_L,20,0.10895522388059702,X,кошачий глаз_пластик_коричневый,M_L_L,X,X
овальные_металл_черный/золотой_M_L_M,20,0.10925373134328359,X,овальные_металл_черный/золотой,M_L_M,X,X
вайфайеры_пластик_синий_S_S_M,20,0.10955223880597015,X,вайфайеры_пластик_синий,S_S_M,X,x
бабочка_металл_бронзовый_M_L_S,20,0.10985074626865672,X,бабочка_металл_бронзовый,M_L_S,X,X
бабочка_пластик_синий_M_L_S,20,0.11014925373134328,X,бабочка_пластик_синий,M_L_S,X,X
трапеция_металл_коричневый_M_L_M,20,0.11044776119402985,X,трапеция_металл_коричневый,M_L_M,X,X
необычные_металл_золотой_M_L_S,20,0.11074626865671641,X,необычные_металл_золотой,M_L_S,X,X
квадратные_пластик_коричневый_M_L_M,20,0.11104477611940299,X,квадратные_пластик_коричневый,M_L_M,X,X
кошачий глаз_металл_синий/золотой_L_L_M,20,0.11134328358208956,X,кошачий глаз_металл_синий/золотой,L_L_M,X,X
трапеция_пластик_синий_M_M_M,20,0.11164179104477612,X,трапеция_пластик_синий,M_M_M,X,X
кошачий глаз_металл и пластик_многоцветный_M_M_L,20,0.11194029850746269,X,кошачий глаз_металл и пластик_многоцветный,M_M_L,X,X
квадратные_металл_темно-серый_M_L_L,19,0.11223880597014925,X,квадратные_металл_темно-серый,M_L_L,X,X
квадратные_металл_синий/серебристый_L_L_L,19,0.11253731343283582,X,квадратные_металл_синий/серебристый,L_L_L,X,X
прямоугольные_металл_серый_S_M_M,19,0.11283582089552238,X,прямоугольные_металл_серый,S_M_M,X,X
круглые_металл_коричневый/золотой_L_M_L,19,0.11313432835820895,X,круглые_металл_коричневый/золотой,L_M_L,X,X
бабочка_пластик_серый_M_L_S,19,0.11343283582089553,X,бабочка_пластик_серый,M_L_S,X,X
гексагон_металл_серый_M_M_L,19,0.11373134328358209,X,гексагон_металл_серый,M_M_L,X,X
гексагон_металл_коричневый/золотой_M_M_L,19,0.11402985074626866,X,гексагон_металл_коричневый/золотой,M_M_L,X,X
бабочка_металл_черный_M_L_L,19,0.11432835820895522,X,бабочка_металл_черный,M_L_L,X,X
кошачий глаз_пластик_черный/прозрачный_M_L_M,19,0.11462686567164179,X,кошачий глаз_пластик_черный/прозрачный,M_L_M,X,X
кошачий глаз_пластик_черный/прозрачный_M_M_M,19,0.11492537313432835,X,кошачий глаз_пластик_черный/прозрачный,M_M_M,X,X
бабочка_металл_желтый/зеленый_M_L_M,19,0.11522388059701492,X,бабочка_металл_желтый/зеленый,M_L_M,X,X
прямоугольные_металл_синий/серебристый_L_L_M,19,0.1155223880597015,X,прямоугольные_металл_синий/серебристый,L_L_M,X,X
квадратные_титан_золотой_L_L_L,19,0.11582089552238806,X,квадратные_титан_золотой,L_L_L,X,X
прямоугольные_металл_розовый_M_L_L,19,0.11611940298507463,X,прямоугольные_металл_розовый,M_L_L,X,X
бабочка_пластик_черный/прозрачный_M_M_M,19,0.11641791044776119,X,бабочка_пластик_черный/прозрачный,M_M_M,X,X
прямоугольные_титан_серый_L_L_M,19,0.11671641791044776,X,прямоугольные_титан_серый,L_L_M,X,X
необычные_металл_синий/золотой_M_L_L,19,0.11701492537313433,X,необычные_металл_синий/золотой,M_L_L,X,X
бабочка_пластик_красный_M_L_M,19,0.1173134328358209,X,бабочка_пластик_красный,M_L_M,X,X
прямоугольные_титан_черный/серебристый_L_L_M,19,0.11761194029850747,X,прямоугольные_титан_черный/серебристый,L_L_M,X,X
кошачий глаз_металл_серый/золотой_M_L_M,19,0.11791044776119403,X,кошачий глаз_металл_серый/золотой,M_L_M,X,X
прямоугольные_металл_серый/серебристый_L_M_M,19,0.1182089552238806,X,прямоугольные_металл_серый/серебристый,L_M_M,X,Y
бабочка_пластик_розовый_S_S_S,19,0.11850746268656716,X,бабочка_пластик_розовый,S_S_S,X,x
бабочка_титан_черный/золотой_M_L_M,19,0.11880597014925373,X,бабочка_титан_черный/золотой,M_L_M,X,X
капли_металл_черный/серебристый_M_L_M,19,0.1191044776119403,X,капли_металл_черный/серебристый,M_L_M,X,X
квадратные_металл_коричневый_L_L_L,19,0.11940298507462686,X,квадратные_металл_коричневый,L_L_L,X,X
трапеция_титан_серебристый_M_L_L,18,0.11970149253731344,X,трапеция_титан_серебристый,M_L_L,X,X
овальные_титан_медный_M_M_M,18,0.12,X,овальные_титан_медный,M_M_M,X,X
круглые_металл_серый_L_M_L,18,0.12029850746268657,X,круглые_металл_серый,L_M_L,X,X
бабочка_металл_бордовый_M_M_M,18,0.12059701492537313,X,бабочка_металл_бордовый,M_M_M,X,X
квадратные_металл_синий_M_M_L,18,0.1208955223880597,X,квадратные_металл_синий,M_M_L,X,X
квадратные_металл_черный/серебристый_M_M_L,18,0.12119402985074627,X,квадратные_металл_черный/серебристый,M_M_L,X,X
прямоугольные_пластик_черный_M_L_L,18,0.12149253731343283,X,прямоугольные_пластик_черный,M_L_L,X,X
квадратные_пластик_синий_L_L_M,18,0.1217910447761194,X,квадратные_пластик_синий,L_L_M,X,X
бабочка_пластик_фиолетовый_L_L_M,18,0.12208955223880597,X,бабочка_пластик_фиолетовый,L_L_M,X,X
панто_пластик_коричневый_M_M_L,18,0.12238805970149254,X,панто_пластик_коричневый,M_M_L,X,X
панто_металл_синий/золотой_L_S_L,18,0.12268656716417911,X,панто_металл_синий/золотой,L_S_L,X,Y
прямоугольные_металл_розовый_M_M_L,18,0.12298507462686567,X,прямоугольные_металл_розовый,M_M_L,X,X
прямоугольные_пластик_серый_S_M_M,18,0.12328358208955224,X,прямоугольные_пластик_серый,S_M_M,X,X
панто_пластик_синий_L_S_L,18,0.1235820895522388,X,панто_пластик_синий,L_S_L,X,Y
панто_пластик_голубой_L_M_L,18,0.12388059701492538,X,панто_пластик_голубой,L_M_L,X,X
квадратные_пластик_синий_L_L_L,18,0.12417910447761193,X,квадратные_пластик_синий,L_L_L,X,X
квадратные_пластик_серый_L_M_L,18,0.12447761194029851,X,квадратные_пластик_серый,L_M_L,X,X
квадратные_металл_серебристый_M_L_S,18,0.12477611940298508,X,квадратные_металл_серебристый,M_L_S,X,X
бабочка_пластик_фиолетовый_S_S_S,18,0.12507462686567164,X,бабочка_пластик_фиолетовый,S_S_S,X,x
круглые_пластик_розовый_S_S_M,18,0.1253731343283582,X,круглые_пластик_розовый,S_S_M,X,x
квадратные_металл_золотой_M_L_M,18,0.12567164179104479,X,квадратные_металл_золотой,M_L_M,X,X
прямоугольные_металл_бордовый_M_M_L,18,0.12597014925373134,X,прямоугольные_металл_бордовый,M_M_L,X,X
бабочка_металл_синий_M_L_M,18,0.1262686567164179,X,бабочка_металл_синий,M_L_M,X,X
кошачий глаз_пластик_черный_M_L_S,18,0.1265671641791045,X,кошачий глаз_пластик_черный,M_L_S,X,X
кошачий глаз_металл_бронзовый_M_L_M,18,0.12686567164179105,X,кошачий глаз_металл_бронзовый,M_L_M,X,X
прямоугольные_металл_коричневый/золотой_L_L_M,18,0.1271641791044776,X,прямоугольные_металл_коричневый/золотой,L_L_M,X,X
кошачий глаз_пластик_черный_M_L_L,17,0.12746268656716417,X,кошачий глаз_пластик_черный,M_L_L,X,X
необычные_металл_серебристый_L_L_L,17,0.12776119402985076,X,необычные_металл_серебристый,L_L_L,X,X
бабочка_металл_фиолетовый_S_M_S,17,0.12805970149253731,X,бабочка_металл_фиолетовый,S_M_S,X,x
прямоугольные_металл_фиолетовый_M_L_M,17,0.12835820895522387,X,прямоугольные_металл_фиолетовый,M_L_M,X,X
прямоугольные_металл_синий/серебристый_L_L_L,17,0.12865671641791046,X,прямоугольные_металл_синий/серебристый,L_L_L,X,X
панто_металл_черный_S_S_L,17,0.12895522388059702,X,панто_металл_черный,S_S_L,X,y
прямоугольные_металл_серый_M_M_S,17,0.12925373134328358,X,прямоугольные_металл_серый,M_M_S,X,Y
квадратные_титан_черный_L_L_L,17,0.12955223880597014,X,квадратные_титан_черный,L_L_L,X,X
прямоугольные_металл_синий_L_M_M,17,0.12985074626865672,X,прямоугольные_металл_синий,L_M_M,X,Y
овальные_металл_бронзовый_M_L_M,17,0.13014925373134328,X,овальные_металл_бронзовый,M_L_M,X,X
прямоугольные_металл_черный/серый_L_L_L,17,0.13044776119402984,X,прямоугольные_металл_черный/серый,L_L_L,X,X
необычные_металл_золотой_M_L_M,17,0.13074626865671643,X,необычные_металл_золотой,M_L_M,X,X
квадратные_металл_серебристый_M_L_M,17,0.131044776119403,X,квадратные_металл_серебристый,M_L_M,X,X
квадратные_пластик_темно-серый_M_M_L,17,0.13134328358208955,X,квадратные_пластик_темно-серый,M_M_L,X,X
панто_титан_коричневый/золотой_L_L_L,17,0.1316417910447761,X,панто_титан_коричневый/золотой,L_L_L,X,X
прямоугольные_титан_серебристый_L_L_L,17,0.1319402985074627,X,прямоугольные_титан_серебристый,L_L_L,X,X
овальные_металл_коричневый/золотой_M_L_L,17,0.13223880597014925,X,овальные_металл_коричневый/золотой,M_L_L,X,X
прямоугольные_металл_серый_M_L_S,17,0.1325373134328358,X,прямоугольные_металл_серый,M_L_S,X,X
трапеция_металл_черный/серебристый_M_L_M,17,0.1328358208955224,X,трапеция_металл_черный/серебристый,M_L_M,X,X
бабочка_пластик_зеленый_M_L_S,17,0.13313432835820896,X,бабочка_пластик_зеленый,M_L_S,X,X
квадратные_титан_золотой_M_L_L,17,0.13343283582089552,X,квадратные_титан_золотой,M_L_L,X,X
овальные_металл_черный_M_M_L,17,0.13373134328358208,X,овальные_металл_черный,M_M_L,X,X
трапеция_металл_темно-серый_L_L_M,17,0.13402985074626866,X,трапеция_металл_темно-серый,L_L_M,X,X
трапеция_пластик_черный_M_L_L,17,0.13432835820895522,X,трапеция_пластик_черный,M_L_L,X,X
бабочка_пластик_розовый_S_S_M,17,0.13462686567164178,X,бабочка_пластик_розовый,S_S_M,X,x
бабочка_металл_золотой_M_L_L,17,0.13492537313432837,X,бабочка_металл_золотой,M_L_L,X,X
авиаторы_металл_черный/серебристый_L_L_M,17,0.13522388059701493,X,авиаторы_металл_черный/серебристый,L_L_M,X,X
гексагон_металл_золотой_M_L_M,16,0.1355223880597015,X,гексагон_металл_золотой,M_L_M,X,X
трапеция_пластик_черный_S_S_M,16,0.13582089552238805,X,трапеция_пластик_черный,S_S_M,X,x
круглые_металл_черный/золотой_M_S_L,16,0.13611940298507463,X,круглые_металл_черный/золотой,M_S_L,X,x
панто_металл_коричневый_M_M_M,16,0.1364179104477612,X,панто_металл_коричневый,M_M_M,X,X
трапеция_пластик_черный_M_L_S,16,0.13671641791044775,X,трапеция_пластик_черный,M_L_S,X,X
квадратные_металл_черный/золотой_M_L_L,16,0.13701492537313434,X,квадратные_металл_черный/золотой,M_L_L,X,X
прямоугольные_пластик_розовый_S_S_S,16,0.1373134328358209,X,прямоугольные_пластик_розовый,S_S_S,X,x
панто_пластик_коричневый_L_S_L,16,0.13761194029850746,X,панто_пластик_коричневый,L_S_L,X,Y
трапеция_металл_розовый_L_M_L,16,0.13791044776119402,X,трапеция_металл_розовый,L_M_L,X,X
круглые_металл_черный/серебристый_L_M_L,16,0.1382089552238806,X,круглые_металл_черный/серебристый,L_M_L,X,X
кошачий глаз_металл_черный/серебристый_M_M_M,16,0.13850746268656716,X,кошачий глаз_металл_черный/серебристый,M_M_M,X,X
прямоугольные_металл_черный/коричневый_L_L_M,16,0.13880597014925372,X,прямоугольные_металл_черный/коричневый,L_L_M,X,X
прямоугольные_пластик_коричневый_L_L_L,16,0.1391044776119403,X,прямоугольные_пластик_коричневый,L_L_L,X,X
прямоугольные_пластик_синий_M_L_S,16,0.13940298507462687,X,прямоугольные_пластик_синий,M_L_S,X,X
панто_пластик_фиолетовый_S_S_M,16,0.13970149253731343,X,панто_пластик_фиолетовый,S_S_M,X,x
панто_пластик_голубой_M_M_L,16,0.14,X,панто_пластик_голубой,M_M_L,X,X
квадратные_пластик_синий_S_M_M,16,0.14029850746268657,X,квадратные_пластик_синий,S_M_M,X,X
квадратные_металл_золотой_L_L_L,16,0.14059701492537313,X,квадратные_металл_золотой,L_L_L,X,X
прямоугольные_металл_красный_M_M_M,16,0.1408955223880597,X,прямоугольные_металл_красный,M_M_M,X,X
капли_металл_золотой_L_L_M,16,0.14119402985074628,X,капли_металл_золотой,L_L_M,X,X
кошачий глаз_металл_бежевый_L_L_M,16,0.14149253731343284,X,кошачий глаз_металл_бежевый,L_L_M,X,X
половинки_металл_черный_L_M_L,16,0.1417910447761194,X,половинки_металл_черный,L_M_L,X,X
прямоугольные_пластик_прозрачный_M_L_M,16,0.14208955223880598,X,прямоугольные_пластик_прозрачный,M_L_M,X,X
половинки_металл_серый_L_M_L,16,0.14238805970149254,X,половинки_металл_серый,L_M_L,X,X
бабочка_пластик_бордовый_M_L_S,16,0.1426865671641791,X,бабочка_пластик_бордовый,M_L_S,X,X
панто_металл_коричневый_S_M_M,16,0.14298507462686566,X,панто_металл_коричневый,S_M_M,X,X
квадратные_металл_серый_L_M_L,16,0.14328358208955225,X,квадратные_металл_серый,L_M_L,X,X
квадратные_металл_синий_L_L_L,16,0.1435820895522388,X,квадратные_металл_синий,L_L_L,X,X
кошачий глаз_металл_синий/золотой_M_L_L,15,0.14388059701492537,X,кошачий глаз_металл_синий/золотой,M_L_L,X,X
прямоугольные_металл_бордовый_M_L_M,15,0.14417910447761195,X,прямоугольные_металл_бордовый,M_L_M,X,X
кошачий глаз_металл_многоцветный_M_L_L,15,0.1444776119402985,X,кошачий глаз_металл_многоцветный,M_L_L,X,X
квадратные_пластик_синий_S_S_S,15,0.14477611940298507,X,квадратные_пластик_синий,S_S_S,X,x
необычные_металл_черный/серебристый_M_L_M,15,0.14507462686567163,X,необычные_металл_черный/серебристый,M_L_M,X,X
прямоугольные_пластик_сиреневый_S_S_S,15,0.14537313432835822,X,прямоугольные_пластик_сиреневый,S_S_S,X,x
квадратные_металл_серебристый/золотой_M_L_L,15,0.14567164179104478,X,квадратные_металл_серебристый/золотой,M_L_L,X,X
вайфайеры_пластик_черный_M_M_L,15,0.14597014925373133,X,вайфайеры_пластик_черный,M_M_L,X,X
трапеция_металл_черный/серебристый_L_L_M,15,0.14626865671641792,X,трапеция_металл_черный/серебристый,L_L_M,X,X
бабочка_пластик_фиолетовый_S_M_S,15,0.14656716417910448,X,бабочка_пластик_фиолетовый,S_M_S,X,x
овальные_металл_коричневый_M_M_L,15,0.14686567164179104,X,овальные_металл_коричневый,M_M_L,X,X
трапеция_титан_серый_M_L_L,15,0.1471641791044776,X,трапеция_титан_серый,M_L_L,X,X
бабочка_металл_золотой_L_S_M,15,0.1474626865671642,X,бабочка_металл_золотой,L_S_M,X,y
трапеция_металл_черный_L_L_S,15,0.14776119402985075,X,трапеция_металл_черный,L_L_S,X,Y
бабочка_металл_бордовый_L_L_M,15,0.1480597014925373,X,бабочка_металл_бордовый,L_L_M,X,X
панто_пластик_черный_S_S_L,15,0.1483582089552239,X,панто_пластик_черный,S_S_L,X,y
прямоугольные_титан_черный/серый_L_L_M,15,0.14865671641791045,X,прямоугольные_титан_черный/серый,L_L_M,X,X
панто_титан_серый_M_M_L,15,0.148955223880597,X,панто_титан_серый,M_M_L,X,X
квадратные_титан_серый_M_L_M,15,0.14925373134328357,X,квадратные_титан_серый,M_L_M,X,X
квадратные_металл_серебристый_M_M_M,15,0.14955223880597016,X,квадратные_металл_серебристый,M_M_M,X,X
вайфайеры_пластик_черный_S_S_M,15,0.14985074626865671,X,вайфайеры_пластик_черный,S_S_M,X,x
кошачий глаз_металл_черный/серебристый_M_L_M,15,0.15014925373134327,X,кошачий глаз_металл_черный/серебристый,M_L_M,X,X
бабочка_металл_черный/серебристый_M_L_L,15,0.15044776119402986,X,бабочка_металл_черный/серебристый,M_L_L,X,X
гексагон_металл_многоцветный_M_M_M,15,0.15074626865671642,X,гексагон_металл_многоцветный,M_M_M,X,X
авиаторы_металл_темно-серый_L_L_M,14,0.15104477611940298,X,авиаторы_металл_темно-серый,L_L_M,X,X
круглые_металл_синий_M_M_L,14,0.15134328358208957,X,круглые_металл_синий,M_M_L,X,X
прямоугольные_титан_черный/серый_M_L_M,14,0.15164179104477613,X,прямоугольные_титан_черный/серый,M_L_M,X,X
квадратные_пластик_черный_S_M_M,14,0.15194029850746268,X,квадратные_пластик_черный,S_M_M,X,X
кошачий глаз_металл_розовый_L_L_M,14,0.15223880597014924,X,кошачий глаз_металл_розовый,L_L_M,X,X
бабочка_титан_розовый_M_L_M,14,0.15253731343283583,X,бабочка_титан_розовый,M_L_M,X,X
трапеция_пластик_серый_M_L_M,14,0.1528358208955224,X,трапеция_пластик_серый,M_L_M,X,X
прямоугольные_титан_золотой_L_L_L,14,0.15313432835820895,X,прямоугольные_титан_золотой,L_L_L,X,X
бабочка_пластик_синий_L_L_M,14,0.15343283582089554,X,бабочка_пластик_синий,L_L_M,X,X
бабочка_металл_золотой_L_L_L,14,0.1537313432835821,X,бабочка_металл_золотой,L_L_L,X,X
квадратные_металл_черный/золотой_L_M_L,14,0.15402985074626865,X,квадратные_металл_черный/золотой,L_M_L,X,X
панто_титан_черный_M_M_L,14,0.1543283582089552,X,панто_титан_черный,M_M_L,X,X
прямоугольные_металл_синий/серебристый_M_L_M,14,0.1546268656716418,X,прямоугольные_металл_синий/серебристый,M_L_M,X,X
гексагон_металл_фиолетовый_M_L_M,14,0.15492537313432836,X,гексагон_металл_фиолетовый,M_L_M,X,X
бабочка_пластик_бежевый_M_L_M,14,0.15522388059701492,X,бабочка_пластик_бежевый,M_L_M,X,X
круглые_металл_красный_M_S_L,14,0.1555223880597015,X,круглые_металл_красный,M_S_L,X,x
круглые_металл_серый_M_M_L,14,0.15582089552238806,X,круглые_металл_серый,M_M_L,X,X
бабочка_пластик_фиолетовый_S_S_M,14,0.15611940298507462,X,бабочка_пластик_фиолетовый,S_S_M,X,x
необычные_металл_черный_L_M_L,14,0.15641791044776118,X,необычные_металл_черный,L_M_L,X,X
круглые_металл_бежевый_M_M_L,14,0.15671641791044777,X,круглые_металл_бежевый,M_M_L,X,X
бабочка_металл_красный_M_M_M,14,0.15701492537313433,X,бабочка_металл_красный,M_M_M,X,X
кошачий глаз_металл_черный_M_L_M,14,0.1573134328358209,X,кошачий глаз_металл_черный,M_L_M,X,X
кошачий глаз_металл_черный/золотой_M_L_S,14,0.15761194029850747,X,кошачий глаз_металл_черный/золотой,M_L_S,X,X
прямоугольные_пластик_бордовый_M_L_S,14,0.15791044776119403,X,прямоугольные_пластик_бордовый,M_L_S,X,X
круглые_пластик_прозрачный_M_S_L,14,0.1582089552238806,X,круглые_пластик_прозрачный,M_S_L,X,x
гексагон_металл_коричневый/золотой_M_M_M,14,0.15850746268656715,X,гексагон_металл_коричневый/золотой,M_M_M,X,X
овальные_металл_коричневый_M_M_M,14,0.15880597014925374,X,овальные_металл_коричневый,M_M_M,X,X
панто_пластик_серый_M_M_L,14,0.1591044776119403,X,панто_пластик_серый,M_M_L,X,X
прямоугольные_металл_коричневый_L_M_M,14,0.15940298507462686,X,прямоугольные_металл_коричневый,L_M_M,X,Y
прямоугольные_пластик_синий_M_L_L,14,0.15970149253731344,X,прямоугольные_пластик_синий,M_L_L,X,X
необычные_металл_темно-серый_M_M_L,14,0.16,X,необычные_металл_темно-серый,M_M_L,X,X
необычные_металл_черный/серебристый_M_L_L,14,0.16029850746268656,X,необычные_металл_черный/серебристый,M_L_L,X,X
бабочка_металл_темно-серый_S_M_M,14,0.16059701492537312,X,бабочка_металл_темно-серый,S_M_M,X,X
бабочка_пластик_гавана_M_L_M,14,0.1608955223880597,X,бабочка_пластик_гавана,M_L_M,X,X
бабочка_металл_серый_M_L_L,14,0.16119402985074627,X,бабочка_металл_серый,M_L_L,X,X
бабочка_металл_серый/серебристый_M_L_M,14,0.16149253731343283,X,бабочка_металл_серый/серебристый,M_L_M,X,X
бабочка_металл_синий_M_M_M,14,0.1617910447761194,X,бабочка_металл_синий,M_M_M,X,X
панто_титан_серый_L_M_L,14,0.16208955223880597,X,панто_титан_серый,L_M_L,X,X
необычные_металл_многоцветный_M_S_L,14,0.16238805970149253,X,необычные_металл_многоцветный,M_S_L,X,x
круглые_металл_золотой_L_M_L,13,0.1626865671641791,X,круглые_металл_золотой,L_M_L,X,X
необычные_металл_коричневый_M_M_L,13,0.16298507462686568,X,необычные_металл_коричневый,M_M_L,X,X
бабочка_металл_серый/коричневый_L_L_M,13,0.16328358208955224,X,бабочка_металл_серый/коричневый,L_L_M,x,X
трапеция_пластик_черный/серый_S_M_M,13,0.1635820895522388,X,трапеция_пластик_черный/серый,S_M_M,X,X
кошачий глаз_пластик_синий_M_L_M,13,0.16388059701492538,X,кошачий глаз_пластик_синий,M_L_M,X,X
необычные_металл_черный/синий_M_L_S,13,0.16417910447761194,X,необычные_металл_черный/синий,M_L_S,X,X
круглые_металл_синий/золотой_M_M_L,13,0.1644776119402985,X,круглые_металл_синий/золотой,M_M_L,X,X
прямоугольные_пластик_голубой_S_S_S,13,0.1647761194029851,X,прямоугольные_пластик_голубой,S_S_S,X,x
прямоугольные_металл_черный/серый_M_L_L,13,0.16507462686567165,X,прямоугольные_металл_черный/серый,M_L_L,X,X
прямоугольные_металл_черный_S_S_M,13,0.1653731343283582,X,прямоугольные_металл_черный,S_S_M,X,x
прямоугольные_металл_черный/серебристый_L_L_L,13,0.16567164179104477,X,прямоугольные_металл_черный/серебристый,L_L_L,X,X
прямоугольные_металл_черный/золотой_M_M_M,13,0.16597014925373135,X,прямоугольные_металл_черный/золотой,M_M_M,X,X
квадратные_металл_синий_M_L_M,13,0.1662686567164179,X,квадратные_металл_синий,M_L_M,X,X
бабочка_металл_синий/золотой_M_L_L,13,0.16656716417910447,X,бабочка_металл_синий/золотой,M_L_L,X,X
панто_пластик_красный_M_M_L,13,0.16686567164179106,X,панто_пластик_красный,M_M_L,X,X
бабочка_металл_синий_S_M_M,13,0.16716417910447762,X,бабочка_металл_синий,S_M_M,X,X
овальные_титан_золотой_M_L_M,13,0.16746268656716418,X,овальные_титан_золотой,M_L_M,X,X
гексагон_металл_коричневый_M_M_L,13,0.16776119402985074,X,гексагон_металл_коричневый,M_M_L,X,X
прямоугольные_титан_темно-серый_L_L_L,13,0.16805970149253732,X,прямоугольные_титан_темно-серый,L_L_L,X,X
панто_металл_сиреневый_M_M_L,13,0.16835820895522388,X,панто_металл_сиреневый,M_M_L,X,X
трапеция_пластик_бирюзовый_M_M_S,13,0.16865671641791044,X,трапеция_пластик_бирюзовый,M_M_S,X,Y
круглые_металл_серебристый_L_M_L,13,0.16895522388059703,X,круглые_металл_серебристый,L_M_L,X,X
прямоугольные_пластик_черный_M_M_L,13,0.1692537313432836,X,прямоугольные_пластик_черный,M_M_L,X,X
панто_металл_черный/золотой_S_S_L,13,0.16955223880597015,X,панто_металл_черный/золотой,S_S_L,X,y
панто_пластик_черный_L_S_L,13,0.1698507462686567,X,панто_пластик_черный,L_S_L,X,Y
трапеция_пластик_черный_M_M_M,13,0.1701492537313433,X,трапеция_пластик_черный,M_M_M,X,X
квадратные_металл_черный/золотой_M_L_M,13,0.17044776119402985,X,квадратные_металл_черный/золотой,M_L_M,X,X
бабочка_титан_золотой_M_L_L,13,0.1707462686567164,X,бабочка_титан_золотой,M_L_L,X,X
прямоугольные_пластик_серый_M_L_M,13,0.171044776119403,X,прямоугольные_пластик_серый,M_L_M,X,X
квадратные_пластик_черный_S_M_S,13,0.17134328358208956,X,квадратные_пластик_черный,S_M_S,X,x
кошачий глаз_пластик_бордовый_M_L_M,13,0.17164179104477612,X,кошачий глаз_пластик_бордовый,M_L_M,X,X
панто_пластик_прозрачный_L_S_L,13,0.17194029850746267,X,панто_пластик_прозрачный,L_S_L,X,Y
бабочка_пластик_черный_M_M_S,13,0.17223880597014926,X,бабочка_пластик_черный,M_M_S,X,Y
прямоугольные_пластик_серый_M_M_S,13,0.17253731343283582,X,прямоугольные_пластик_серый,M_M_S,X,Y
необычные_металл_темно-серый_L_L_L,13,0.17283582089552238,X,необычные_металл_темно-серый,L_L_L,X,X
овальные_металл_черный_M_L_L,13,0.17313432835820897,X,овальные_металл_черный,M_L_L,X,X
прямоугольные_титан_черный_M_L_L,13,0.17343283582089553,X,прямоугольные_титан_черный,M_L_L,X,X
необычные_металл_золотой_L_L_M,13,0.17373134328358208,X,необычные_металл_золотой,L_L_M,X,X
трапеция_металл_золотой_M_L_M,13,0.17402985074626864,X,трапеция_металл_золотой,M_L_M,X,X
панто_металл_многоцветный_L_M_L,13,0.17432835820895523,X,панто_металл_многоцветный,L_M_L,X,X
прямоугольные_пластик_фиолетовый_M_S_M,13,0.1746268656716418,X,прямоугольные_пластик_фиолетовый,M_S_M,X,y
панто_металл_серый/золотой_M_M_M,13,0.17492537313432835,X,панто_металл_серый/золотой,M_M_M,X,X
овальные_металл_бронзовый_M_M_L,13,0.17522388059701494,X,овальные_металл_бронзовый,M_M_L,X,X
панто_титан_серый/серебристый_L_L_L,12,0.1755223880597015,X,панто_титан_серый/серебристый,L_L_L,x,X
гексагон_металл_золотой_M_M_L,12,0.17582089552238805,X,гексагон_металл_золотой,M_M_L,X,X
круглые_металл_красный_M_M_L,12,0.1761194029850746,X,круглые_металл_красный,M_M_L,X,X
квадратные_металл_черный/серебристый_M_L_L,12,0.1764179104477612,X,квадратные_металл_черный/серебристый,M_L_L,X,X
кошачий глаз_пластик_бордовый_L_L_M,12,0.17671641791044776,X,кошачий глаз_пластик_бордовый,L_L_M,X,X
панто_титан_синий_M_L_L,12,0.17701492537313432,X,панто_титан_синий,M_L_L,X,X
панто_металл_коричневый_L_M_L,12,0.1773134328358209,X,панто_металл_коричневый,L_M_L,X,X
прямоугольные_пластик_серый_M_L_S,12,0.17761194029850746,X,прямоугольные_пластик_серый,M_L_S,X,X
прямоугольные_пластик_синий_S_S_M,12,0.17791044776119402,X,прямоугольные_пластик_синий,S_S_M,X,x
панто_металл_черный/серебристый_S_M_L,12,0.1782089552238806,X,панто_металл_черный/серебристый,S_M_L,X,Y
панто_пластик_черный_M_S_L,12,0.17850746268656717,X,панто_пластик_черный,M_S_L,X,x
панто_титан_серебристый_L_L_L,12,0.17880597014925373,X,панто_титан_серебристый,L_L_L,X,X
бабочка_металл и пластик_многоцветный_M_L_M,12,0.1791044776119403,X,бабочка_металл и пластик_многоцветный,M_L_M,X,X
бабочка_металл_коричневый/золотой_M_M_L,12,0.17940298507462688,X,бабочка_металл_коричневый/золотой,M_M_L,X,X
бабочка_металл_коричневый/золотой_L_L_L,12,0.17970149253731343,X,бабочка_металл_коричневый/золотой,L_L_L,X,X
трапеция_титан_золотой_M_L_L,12,0.18,X,трапеция_титан_золотой,M_L_L,X,X
панто_пластик_бежевый_S_S_M,12,0.18029850746268658,X,панто_пластик_бежевый,S_S_M,X,x
бабочка_титан_серебристый_M_L_M,12,0.18059701492537314,X,бабочка_титан_серебристый,M_L_M,X,X
бабочка_металл_коричневый_S_M_M,12,0.1808955223880597,X,бабочка_металл_коричневый,S_M_M,X,X
бабочка_металл_серый/золотой_L_M_M,12,0.18119402985074626,X,бабочка_металл_серый/золотой,L_M_M,X,Y
бабочка_металл_малиновый_M_L_M,12,0.18149253731343284,X,бабочка_металл_малиновый,M_L_M,x,X
панто_пластик_многоцветный_L_M_L,12,0.1817910447761194,X,панто_пластик_многоцветный,L_M_L,X,X
квадратные_пластик_черепаховый_L_L_L,12,0.18208955223880596,X,квадратные_пластик_черепаховый,L_L_L,x,X
панто_пластик_черный_S_S_M,12,0.18238805970149255,X,панто_пластик_черный,S_S_M,X,x
бабочка_пластик_малиновый_L_L_M,12,0.1826865671641791,X,бабочка_пластик_малиновый,L_L_M,X,X
кошачий глаз_титан_бежевый_M_L_M,12,0.18298507462686567,X,кошачий глаз_титан_бежевый,M_L_M,x,X
панто_металл_бордовый_M_M_M,12,0.18328358208955223,X,панто_металл_бордовый,M_M_M,X,X
прямоугольные_пластик_черный_L_M_L,12,0.18358208955223881,X,прямоугольные_пластик_черный,L_M_L,X,X
половинки_металл_золотой_L_M_L,12,0.18388059701492537,X,половинки_металл_золотой,L_M_L,X,X
кошачий глаз_металл_коричневый_L_M_L,12,0.18417910447761193,X,кошачий глаз_металл_коричневый,L_M_L,X,X
гексагон_титан_розовый_M_L_M,12,0.18447761194029852,X,гексагон_титан_розовый,M_L_M,x,X
кошачий глаз_титан_черный/золотой_M_L_M,12,0.18477611940298508,X,кошачий глаз_титан_черный/золотой,M_L_M,x,X
кошачий глаз_металл_золотой_L_L_M,12,0.18507462686567164,X,кошачий глаз_металл_золотой,L_L_M,X,X
овальные_металл_черный/золотой_M_L_L,12,0.1853731343283582,X,овальные_металл_черный/золотой,M_L_L,X,X
кошачий глаз_пластик_сиреневый_L_L_M,12,0.18567164179104478,X,кошачий глаз_пластик_сиреневый,L_L_M,X,X
трапеция_металл_коричневый/серебристый_M_L_M,12,0.18597014925373134,X,трапеция_металл_коричневый/серебристый,M_L_M,X,X
панто_металл_коричневый/золотой_S_M_L,12,0.1862686567164179,X,панто_металл_коричневый/золотой,S_M_L,X,Y
прямоугольные_пластик_черный/синий_S_S_S,12,0.1865671641791045,X,прямоугольные_пластик_черный/синий,S_S_S,X,x
бабочка_пластик_многоцветный_S_M_M,12,0.18686567164179105,X,бабочка_пластик_многоцветный,S_M_M,X,X
квадратные_титан_темно-серый_M_M_M,12,0.1871641791044776,X,квадратные_титан_темно-серый,M_M_M,X,X
кошачий глаз_пластик_многоцветный_M_M_L,12,0.18746268656716417,X,кошачий глаз_пластик_многоцветный,M_M_L,X,X
бабочка_пластик_розовый_S_M_M,12,0.18776119402985075,X,бабочка_пластик_розовый,S_M_M,X,X
необычные_титан_черный/золотой_M_M_L,12,0.1880597014925373,X,необычные_титан_черный/золотой,M_M_L,X,X
необычные_титан_черный/золотой_L_M_L,12,0.18835820895522387,X,необычные_титан_черный/золотой,L_M_L,X,X
вайфайеры_пластик_черный/зеленый_S_M_M,12,0.18865671641791046,X,вайфайеры_пластик_черный/зеленый,S_M_M,x,X
гексагон_металл_бежевый_M_L_M,12,0.18895522388059702,X,гексагон_металл_бежевый,M_L_M,X,X
бабочка_металл_серый_M_L_S,12,0.18925373134328358,X,бабочка_металл_серый,M_L_S,X,X
гексагон_металл_черный/розовый_M_M_L,12,0.18955223880597014,X,гексагон_металл_черный/розовый,M_M_L,x,X
круглые_металл_черный_L_M_L,12,0.18985074626865672,X,круглые_металл_черный,L_M_L,X,X
круглые_металл_черный/серый_L_M_L,12,0.19014925373134328,X,круглые_металл_черный/серый,L_M_L,x,X
бабочка_металл_бронзовый_M_L_L,12,0.19044776119402984,X,бабочка_металл_бронзовый,M_L_L,X,X
круглые_металл_серебристый_M_M_L,12,0.19074626865671643,X,круглые_металл_серебристый,M_M_L,X,X
трапеция_пластик_синий_L_L_L,11,0.191044776119403,X,трапеция_пластик_синий,L_L_L,X,X
треугольник_металл_золотой_M_S_L,11,0.19134328358208955,X,треугольник_металл_золотой,M_S_L,x,x
квадратные_металл_черный/серебристый_M_L_M,11,0.19164179104477613,X,квадратные_металл_черный/серебристый,M_L_M,X,X
панто_металл_черный/золотой_L_L_M,11,0.1919402985074627,X,панто_металл_черный/золотой,L_L_M,X,X
бабочка_металл_желтый_M_L_S,11,0.19223880597014925,X,бабочка_металл_желтый,M_L_S,X,X
кошачий глаз_титан_синий/золотой_M_L_M,11,0.1925373134328358,X,кошачий глаз_титан_синий/золотой,M_L_M,x,X
бабочка_пластик_бирюзовый_L_L_M,11,0.1928358208955224,X,бабочка_пластик_бирюзовый,L_L_M,X,X
бабочка_металл_синий/золотой_M_M_L,11,0.19313432835820896,X,бабочка_металл_синий/золотой,M_M_L,X,X
бабочка_титан_коричневый/золотой_M_L_S,11,0.19343283582089552,X,бабочка_титан_коричневый/золотой,M_L_S,X,X
необычные_металл_черный_M_M_M,11,0.1937313432835821,X,необычные_металл_черный,M_M_M,X,X
кошачий глаз_пластик_бордовый_M_M_M,11,0.19402985074626866,X,кошачий глаз_пластик_бордовый,M_M_M,X,X
квадратные_металл_бронзовый_M_M_L,11,0.19432835820895522,X,квадратные_металл_бронзовый,M_M_L,X,X
панто_пластик_синий_M_S_L,11,0.19462686567164178,X,панто_пластик_синий,M_S_L,X,x
трапеция_металл_серебристый_M_L_M,11,0.19492537313432837,X,трапеция_металл_серебристый,M_L_M,X,X
панто_металл_серебристый_M_M_M,11,0.19522388059701493,X,панто_металл_серебристый,M_M_M,X,X
прямоугольные_пластик_черный/прозрачный_L_L_S,11,0.19552238805970149,X,прямоугольные_пластик_черный/прозрачный,L_L_S,X,Y
бабочка_металл_синий/серебристый_M_M_L,11,0.19582089552238807,X,бабочка_металл_синий/серебристый,M_M_L,X,X
необычные_металл_серебристый_M_M_L,11,0.19611940298507463,X,необычные_металл_серебристый,M_M_L,X,X
панто_пластик_черный_S_M_L,11,0.1964179104477612,X,панто_пластик_черный,S_M_L,X,Y
кошачий глаз_пластик_зеленый_M_L_M,11,0.19671641791044775,X,кошачий глаз_пластик_зеленый,M_L_M,X,X
гексагон_металл_бежевый_M_M_L,11,0.19701492537313434,X,гексагон_металл_бежевый,M_M_L,X,X
трапеция_металл_черный/серый_M_L_M,11,0.1973134328358209,X,трапеция_металл_черный/серый,M_L_M,X,X
трапеция_металл_черный_M_M_M,11,0.19761194029850745,X,трапеция_металл_черный,M_M_M,X,X
овальные_металл_серебристый_M_S_L,11,0.19791044776119404,X,овальные_металл_серебристый,M_S_L,X,x
овальные_металл_фиолетовый_L_M_M,11,0.1982089552238806,X,овальные_металл_фиолетовый,L_M_M,X,Y
кошачий глаз_пластик_персиковый_L_L_M,11,0.19850746268656716,X,кошачий глаз_пластик_персиковый,L_L_M,x,X
овальные_металл_бронзовый_M_M_M,11,0.19880597014925372,X,овальные_металл_бронзовый,M_M_M,X,X
кошачий глаз_титан_многоцветный_M_L_M,11,0.1991044776119403,X,кошачий глаз_титан_многоцветный,M_L_M,x,X
капли_металл_серый_L_L_L,11,0.19940298507462687,X,капли_металл_серый,L_L_L,X,X
панто_металл_коричневый_S_M_L,11,0.19970149253731342,X,панто_металл_коричневый,S_M_L,X,Y
половинки_металл_серебристый_L_M_L,11,0.2,X,половинки_металл_серебристый,L_M_L,X,X
панто_металл_золотой_M_L_M,11,0.20029850746268657,X,панто_металл_золотой,M_L_M,X,X
прямоугольные_пластик_серый_M_M_M,11,0.20059701492537313,X,прямоугольные_пластик_серый,M_M_M,X,X
прямоугольные_металл_черный_L_M_M,11,0.2008955223880597,X,прямоугольные_металл_черный,L_M_M,X,Y
овальные_титан_сиреневый_M_L_S,11,0.20119402985074628,X,овальные_титан_сиреневый,M_L_S,X,X
трапеция_металл_синий_L_L_L,11,0.20149253731343283,X,трапеция_металл_синий,L_L_L,X,X
прямоугольные_металл_черный/серый_M_L_M,11,0.2017910447761194,X,прямоугольные_металл_черный/серый,M_L_M,X,X
прямоугольные_металл_бронзовый_M_M_M,11,0.20208955223880598,X,прямоугольные_металл_бронзовый,M_M_M,X,X
необычные_металл_золотой_M_L_L,11,0.20238805970149254,X,необычные_металл_золотой,M_L_L,X,X
прямоугольные_пластик_прозрачный_L_L_L,11,0.2026865671641791,X,прямоугольные_пластик_прозрачный,L_L_L,X,X
бабочка_пластик_голубой_M_L_M,11,0.20298507462686566,X,бабочка_пластик_голубой,M_L_M,X,X
панто_пластик_синий_S_S_M,11,0.20328358208955224,X,панто_пластик_синий,S_S_M,X,x
прямоугольные_пластик_черный/синий_S_M_M,11,0.2035820895522388,X,прямоугольные_пластик_черный/синий,S_M_M,X,X
бабочка_металл_бордовый_M_L_L,11,0.20388059701492536,X,бабочка_металл_бордовый,M_L_L,X,X
бабочка_пластик_сиреневый_S_S_M,11,0.20417910447761195,X,бабочка_пластик_сиреневый,S_S_M,X,x
бабочка_пластик_оливковый_M_L_S,11,0.2044776119402985,X,бабочка_пластик_оливковый,M_L_S,x,X
панто_пластик_бордовый_M_M_L,11,0.20477611940298507,X,панто_пластик_бордовый,M_M_L,X,X
треугольник_металл_синий/серебристый_M_S_L,11,0.20507462686567166,X,треугольник_металл_синий/серебристый,M_S_L,x,x
бабочка_металл и пластик_розовый_M_L_M,11,0.20537313432835821,X,бабочка_металл и пластик_розовый,M_L_M,x,X
панто_металл_синий_M_M_M,11,0.20567164179104477,X,панто_металл_синий,M_M_M,X,X
бабочка_пластик_розовый_M_M_S,11,0.20597014925373133,X,бабочка_пластик_розовый,M_M_S,X,Y
гексагон_металл_розовый_M_M_L,11,0.20626865671641792,X,гексагон_металл_розовый,M_M_L,X,X
гексагон_металл_синий/серебристый_M_L_M,11,0.20656716417910448,X,гексагон_металл_синий/серебристый,M_L_M,X,X
необычные_металл_многоцветный_M_M_M,11,0.20686567164179104,X,необычные_металл_многоцветный,M_M_M,X,X
овальные_пластик_сиреневый_S_S_S,11,0.20716417910447762,X,овальные_пластик_сиреневый,S_S_S,x,x
квадратные_пластик_серый_L_L_M,11,0.20746268656716418,X,квадратные_пластик_серый,L_L_M,X,X
необычные_металл_коричневый/золотой_M_L_M,11,0.20776119402985074,X,необычные_металл_коричневый/золотой,M_L_M,X,X
трапеция_металл_темно-серый_S_M_S,10,0.2080597014925373,X,трапеция_металл_темно-серый,S_M_S,X,x
прямоугольные_металл_серый/серебристый_M_L_M,10,0.2083582089552239,X,прямоугольные_металл_серый/серебристый,M_L_M,X,X
бабочка_металл_голубой_M_L_M,10,0.20865671641791045,X,бабочка_металл_голубой,M_L_M,X,X
трапеция_пластик_серый_L_L_M,10,0.208955223880597,X,трапеция_пластик_серый,L_L_M,X,X
круглые_металл_черный_M_L_M,10,0.2092537313432836,X,круглые_металл_черный,M_L_M,X,X
круглые_металл_многоцветный_M_M_L,10,0.20955223880597015,X,круглые_металл_многоцветный,M_M_L,x,X
бабочка_металл_золотой_L_M_L,10,0.2098507462686567,X,бабочка_металл_золотой,L_M_L,X,X
необычные_титан_многоцветный_M_M_L,10,0.21014925373134327,X,необычные_титан_многоцветный,M_M_L,x,X
необычные_титан_синий/серебристый_L_M_L,10,0.21044776119402986,X,необычные_титан_синий/серебристый,L_M_L,x,X
бабочка_пластик_сиреневый_L_L_M,10,0.21074626865671642,X,бабочка_пластик_сиреневый,L_L_M,X,X
капли_металл_черный/серый_L_L_S,10,0.21104477611940298,X,капли_металл_черный/серый,L_L_S,X,Y
панто_титан_черный/розовый_M_L_L,10,0.21134328358208956,X,панто_титан_черный/розовый,M_L_L,x,X
бабочка_металл_желтый_M_L_M,10,0.21164179104477612,X,бабочка_металл_желтый,M_L_M,X,X
прямоугольные_титан_черный_L_L_S,10,0.21194029850746268,X,прямоугольные_титан_черный,L_L_S,X,Y
панто_титан_синий/серебристый_M_M_L,10,0.21223880597014924,X,панто_титан_синий/серебристый,M_M_L,x,X
панто_металл_многоцветный_M_M_M,10,0.21253731343283583,X,панто_металл_многоцветный,M_M_M,X,X
панто_титан_черный/золотой_M_L_M,10,0.2128358208955224,X,панто_титан_черный/золотой,M_L_M,X,X
прямоугольные_металл_черный/золотой_L_L_M,10,0.21313432835820895,X,прямоугольные_металл_черный/золотой,L_L_M,X,X
прямоугольные_пластик_черный/серый_M_L_M,10,0.21343283582089553,X,прямоугольные_пластик_черный/серый,M_L_M,X,X
квадратные_пластик_синий_M_L_L,10,0.2137313432835821,X,квадратные_пластик_синий,M_L_L,X,X
квадратные_металл_золотой_M_M_L,10,0.21402985074626865,X,квадратные_металл_золотой,M_M_L,X,X
прямоугольные_металл_черный/золотой_M_L_L,10,0.2143283582089552,X,прямоугольные_металл_черный/золотой,M_L_L,X,X
прямоугольные_пластик_темно-серый_M_L_M,10,0.2146268656716418,X,прямоугольные_пластик_темно-серый,M_L_M,X,X
овальные_металл_многоцветный_M_L_L,10,0.21492537313432836,X,овальные_металл_многоцветный,M_L_L,x,X
необычные_металл_синий_M_M_L,10,0.21522388059701492,X,необычные_металл_синий,M_M_L,X,X
бабочка_титан_серый_L_L_L,10,0.2155223880597015,X,бабочка_титан_серый,L_L_L,X,X
трапеция_металл_серый_M_M_S,10,0.21582089552238806,X,трапеция_металл_серый,M_M_S,X,Y
бабочка_титан_синий/золотой_M_L_M,10,0.21611940298507462,X,бабочка_титан_синий/золотой,M_L_M,X,X
бабочка_пластик_бордовый_S_M_S,10,0.21641791044776118,X,бабочка_пластик_бордовый,S_M_S,X,x
прямоугольные_пластик_черный_L_L_S,10,0.21671641791044777,X,прямоугольные_пластик_черный,L_L_S,X,Y
овальные_металл_серый_M_M_L,10,0.21701492537313433,X,овальные_металл_серый,M_M_L,X,X
капли_металл_серый/серебристый_M_L_M,10,0.21731343283582089,X,капли_металл_серый/серебристый,M_L_M,x,X
бабочка_пластик_зеленый_M_M_L,10,0.21761194029850747,X,бабочка_пластик_зеленый,M_M_L,X,X
бабочка_металл_коричневый_L_L_M,10,0.21791044776119403,X,бабочка_металл_коричневый,L_L_M,X,X
гексагон_металл_коричневый_M_L_M,10,0.2182089552238806,X,гексагон_металл_коричневый,M_L_M,X,X
трапеция_металл_синий_L_L_S,10,0.21850746268656718,X,трапеция_металл_синий,L_L_S,X,Y
квадратные_металл_черный/серебристый_L_L_M,10,0.21880597014925374,X,квадратные_металл_черный/серебристый,L_L_M,X,X
трапеция_пластик_синий_S_S_M,10,0.2191044776119403,X,трапеция_пластик_синий,S_S_M,X,x
овальные_металл_золотой_L_L_M,10,0.21940298507462686,X,овальные_металл_золотой,L_L_M,X,X
квадратные_пластик_прозрачный_L_L_L,10,0.21970149253731344,X,квадратные_пластик_прозрачный,L_L_L,X,X
бабочка_металл и пластик_черный/золотой_M_L_M,10,0.22,X,бабочка_металл и пластик_черный/золотой,M_L_M,X,X
панто_пластик_зеленый_M_M_L,10,0.22029850746268656,X,панто_пластик_зеленый,M_M_L,X,X
прямоугольные_титан_золотой_M_L_L,10,0.22059701492537315,X,прямоугольные_титан_золотой,M_L_L,X,X
квадратные_металл_фиолетовый_M_L_M,10,0.2208955223880597,X,квадратные_металл_фиолетовый,M_L_M,x,X
трапеция_титан_розовый_M_M_M,10,0.22119402985074627,X,трапеция_титан_розовый,M_M_M,x,X
необычные_титан_коричневый/серебристый_M_M_L,10,0.22149253731343282,X,необычные_титан_коричневый/серебристый,M_M_L,x,X
трапеция_металл_черный_S_M_S,10,0.2217910447761194,X,трапеция_металл_черный,S_M_S,X,x
бабочка_пластик_фиолетовый_S_M_M,10,0.22208955223880597,X,бабочка_пластик_фиолетовый,S_M_M,X,X
панто_пластик_коричневый_L_M_L,10,0.22238805970149253,X,панто_пластик_коричневый,L_M_L,X,X
бабочка_металл_бордовый_S_M_M,10,0.22268656716417912,X,бабочка_металл_бордовый,S_M_M,X,X
круглые_пластик_синий_S_S_M,9,0.22298507462686568,X,круглые_пластик_синий,S_S_M,X,x
квадратные_металл_черный_M_M_L,9,0.22328358208955223,X,квадратные_металл_черный,M_M_L,X,X
панто_металл_синий_S_S_M,9,0.2235820895522388,X,панто_металл_синий,S_S_M,X,x
квадратные_металл_черный_S_M_M,9,0.22388059701492538,X,квадратные_металл_черный,S_M_M,X,X
панто_металл_черный/золотой_M_L_L,9,0.22417910447761194,X,панто_металл_черный/золотой,M_L_L,X,X
круглые_металл_бронзовый_M_M_L,9,0.2244776119402985,X,круглые_металл_бронзовый,M_M_L,X,X
бабочка_пластик_розовый_M_L_M,9,0.2247761194029851,X,бабочка_пластик_розовый,M_L_M,X,X
панто_пластик_бордовый_S_S_S,9,0.22507462686567165,X,панто_пластик_бордовый,S_S_S,X,x
панто_пластик_гавана_M_M_L,9,0.2253731343283582,X,панто_пластик_гавана,M_M_L,X,X
прямоугольные_титан_серебристый_M_L_L,9,0.22567164179104476,X,прямоугольные_титан_серебристый,M_L_L,X,X
прямоугольные_пластик_черный_M_M_S,9,0.22597014925373135,X,прямоугольные_пластик_черный,M_M_S,X,Y
необычные_титан_серый_M_M_L,9,0.2262686567164179,X,необычные_титан_серый,M_M_L,X,X
трапеция_пластик_черный_S_M_S,9,0.22656716417910447,X,трапеция_пластик_черный,S_M_S,X,x
бабочка_пластик_сиреневый_M_M_M,9,0.22686567164179106,X,бабочка_пластик_сиреневый,M_M_M,X,X
овальные_титан_серый_L_L_L,9,0.22716417910447761,X,овальные_титан_серый,L_L_L,X,X
половинки_металл_темно-серый_L_M_L,9,0.22746268656716417,X,половинки_металл_темно-серый,L_M_L,X,X
необычные_титан_бордовый_M_M_L,9,0.22776119402985073,X,необычные_титан_бордовый,M_M_L,x,X
кошачий глаз_металл_фиолетовый_M_L_M,9,0.22805970149253732,X,кошачий глаз_металл_фиолетовый,M_L_M,X,X
бабочка_пластик_многоцветный_L_L_S,9,0.22835820895522388,X,бабочка_пластик_многоцветный,L_L_S,X,Y
капли_металл_черный/серый_L_L_M,9,0.22865671641791044,X,капли_металл_черный/серый,L_L_M,X,X
бабочка_металл_серый/золотой_M_M_L,9,0.22895522388059703,X,бабочка_металл_серый/золотой,M_M_L,X,X
квадратные_пластик_черный_M_M_M,9,0.22925373134328358,X,квадратные_пластик_черный,M_M_M,X,X
бабочка_металл_серебристый_L_L_M,9,0.22955223880597014,X,бабочка_металл_серебристый,L_L_M,X,X
квадратные_пластик_серый_M_L_M,9,0.2298507462686567,X,квадратные_пластик_серый,M_L_M,X,X
квадратные_пластик_многоцветный_M_L_L,9,0.2301492537313433,X,квадратные_пластик_многоцветный,M_L_L,X,X
квадратные_металл_серый/золотой_S_M_L,9,0.23044776119402985,X,квадратные_металл_серый/золотой,S_M_L,x,Y
панто_пластик_зеленый_S_S_S,9,0.2307462686567164,X,панто_пластик_зеленый,S_S_S,X,x
бабочка_металл и пластик_серый_M_M_M,9,0.231044776119403,X,бабочка_металл и пластик_серый,M_M_M,x,X
овальные_металл_черный_S_M_M,9,0.23134328358208955,X,овальные_металл_черный,S_M_M,X,X
кошачий глаз_пластик_фиолетовый_M_M_M,9,0.2316417910447761,X,кошачий глаз_пластик_фиолетовый,M_M_M,X,X
прямоугольные_титан_синий_L_L_L,9,0.2319402985074627,X,прямоугольные_титан_синий,L_L_L,X,X
трапеция_металл_темно-серый_M_M_S,9,0.23223880597014926,X,трапеция_металл_темно-серый,M_M_S,X,Y
панто_пластик_черный_M_L_L,9,0.23253731343283582,X,панто_пластик_черный,M_L_L,X,X
бабочка_металл_черный/серебристый_L_L_L,9,0.23283582089552238,X,бабочка_металл_черный/серебристый,L_L_L,X,X
панто_титан_золотой_M_M_L,9,0.23313432835820896,X,панто_титан_золотой,M_M_L,X,X
капли_металл_черный_M_L_M,9,0.23343283582089552,X,капли_металл_черный,M_L_M,X,X
бабочка_пластик_коричневый_L_L_S,9,0.23373134328358208,X,бабочка_пластик_коричневый,L_L_S,X,Y
капли_титан_серый_L_L_M,9,0.23402985074626867,X,капли_титан_серый,L_L_M,X,X
трапеция_пластик_синий_L_M_L,9,0.23432835820895523,X,трапеция_пластик_синий,L_M_L,X,X
прямоугольные_пластик_серый_L_L_L,9,0.2346268656716418,X,прямоугольные_пластик_серый,L_L_L,X,X
бабочка_титан_золотой_M_M_L,9,0.23492537313432835,X,бабочка_титан_золотой,M_M_L,X,X
бабочка_металл_зеленый_M_L_L,9,0.23522388059701493,X,бабочка_металл_зеленый,M_L_L,X,X
круглые_металл_серебристый_M_L_M,9,0.2355223880597015,X,круглые_металл_серебристый,M_L_M,X,X
панто_титан_черный/серебристый_M_L_L,9,0.23582089552238805,X,панто_титан_черный/серебристый,M_L_L,X,X
бабочка_пластик_розовый_M_L_S,9,0.23611940298507464,X,бабочка_пластик_розовый,M_L_S,X,X
необычные_титан_черный_M_M_L,9,0.2364179104477612,X,необычные_титан_черный,M_M_L,X,X
бабочка_металл_фиолетовый_M_L_L,9,0.23671641791044776,X,бабочка_металл_фиолетовый,M_L_L,X,X
прямоугольные_пластик_темно-серый_L_L_M,9,0.23701492537313432,X,прямоугольные_пластик_темно-серый,L_L_M,X,X
квадратные_титан_серый_M_L_L,9,0.2373134328358209,X,квадратные_титан_серый,M_L_L,X,X
квадратные_титан_синий/серебристый_L_L_L,9,0.23761194029850746,X,квадратные_титан_синий/серебристый,L_L_L,x,X
квадратные_титан_черный_M_L_L,9,0.23791044776119402,X,квадратные_титан_черный,M_L_L,X,X
панто_металл_бронзовый_L_M_L,9,0.2382089552238806,X,панто_металл_бронзовый,L_M_L,X,X
бабочка_титан_черный_M_L_M,9,0.23850746268656717,X,бабочка_титан_черный,M_L_M,X,X
вайфайеры_пластик_синий_L_M_L,9,0.23880597014925373,X,вайфайеры_пластик_синий,L_M_L,X,X
квадратные_пластик_черный_S_S_M,9,0.23910447761194029,X,квадратные_пластик_черный,S_S_M,X,x
бабочка_металл_коричневый_S_M_S,9,0.23940298507462687,X,бабочка_металл_коричневый,S_M_S,X,x
кошачий глаз_пластик_черный_M_M_L,9,0.23970149253731343,X,кошачий глаз_пластик_черный,M_M_L,X,X
панто_металл_золотой_M_M_M,9,0.24,X,панто_металл_золотой,M_M_M,X,X
панто_металл_золотой_S_M_M,9,0.24029850746268658,X,панто_металл_золотой,S_M_M,X,X
половинки_металл_коричневый_L_M_L,9,0.24059701492537314,X,половинки_металл_коричневый,L_M_L,X,X
половинки_металл_серый_S_L_L,9,0.2408955223880597,X,половинки_металл_серый,S_L_L,X,Z
половинки_металл_серый_M_L_L,9,0.24119402985074626,X,половинки_металл_серый,M_L_L,X,X
половинки_металл_коричневый_S_M_L,9,0.24149253731343284,X,половинки_металл_коричневый,S_M_L,X,Y
прямоугольные_пластик_коричневый_M_L_S,9,0.2417910447761194,X,прямоугольные_пластик_коричневый,M_L_S,X,X
прямоугольные_металл_черный/синий_M_L_M,9,0.24208955223880596,X,прямоугольные_металл_черный/синий,M_L_M,X,X
прямоугольные_металл_синий/серебристый_M_M_M,9,0.24238805970149255,X,прямоугольные_металл_синий/серебристый,M_M_M,X,X
квадратные_металл_золотой_M_L_L,9,0.2426865671641791,X,квадратные_металл_золотой,M_L_L,X,X
квадратные_пластик_черный/оранжевый_L_L_L,9,0.24298507462686567,X,квадратные_пластик_черный/оранжевый,L_L_L,x,X
прямоугольные_металл_серый_S_M_S,9,0.24328358208955222,X,прямоугольные_металл_серый,S_M_S,X,x
трапеция_пластик_бирюзовый_S_M_M,9,0.2435820895522388,X,трапеция_пластик_бирюзовый,S_M_M,X,X
панто_пластик_синий_S_S_S,9,0.24388059701492537,X,панто_пластик_синий,S_S_S,X,x
квадратные_пластик_черный_M_M_L,9,0.24417910447761193,X,квадратные_пластик_черный,M_M_L,X,X
бабочка_пластик_бордовый_S_S_M,9,0.24447761194029852,X,бабочка_пластик_бордовый,S_S_M,X,x
бабочка_титан_бордовый_M_L_M,9,0.24477611940298508,X,бабочка_титан_бордовый,M_L_M,X,X
прямоугольные_пластик_прозрачный_M_M_S,9,0.24507462686567164,X,прямоугольные_пластик_прозрачный,M_M_S,X,Y
кошачий глаз_металл_золотой_M_L_L,9,0.24537313432835822,X,кошачий глаз_металл_золотой,M_L_L,X,X
кошачий глаз_металл_коричневый/золотой_M_M_M,9,0.24567164179104478,X,кошачий глаз_металл_коричневый/золотой,M_M_M,X,X
бабочка_металл_синий_S_M_S,9,0.24597014925373134,X,бабочка_металл_синий,S_M_S,X,x
панто_металл_зеленый_M_M_L,9,0.2462686567164179,X,панто_металл_зеленый,M_M_L,X,X
панто_пластик_серый_L_M_L,9,0.2465671641791045,X,панто_пластик_серый,L_M_L,X,X
панто_пластик_многоцветный_M_M_L,9,0.24686567164179105,X,панто_пластик_многоцветный,M_M_L,X,X
круглые_пластик_прозрачный_L_M_L,8,0.2471641791044776,X,круглые_пластик_прозрачный,L_M_L,X,X
необычные_пластик_многоцветный_M_M_L,8,0.2474626865671642,X,необычные_пластик_многоцветный,M_M_L,X,X
трапеция_металл_черный/коричневый_L_L_M,8,0.24776119402985075,X,трапеция_металл_черный/коричневый,L_L_M,x,X
бабочка_металл_многоцветный_L_L_M,8,0.2480597014925373,X,бабочка_металл_многоцветный,L_L_M,X,X
бабочка_пластик_сиреневый_S_M_M,8,0.24835820895522387,X,бабочка_пластик_сиреневый,S_M_M,X,X
бабочка_пластик_темно-серый_M_L_M,8,0.24865671641791046,X,бабочка_пластик_темно-серый,M_L_M,X,X
бабочка_металл_бордовый_M_M_L,8,0.24895522388059702,X,бабочка_металл_бордовый,M_M_L,X,X
трапеция_пластик_голубой_S_S_M,8,0.24925373134328357,X,трапеция_пластик_голубой,S_S_M,x,x
панто_металл_черный/серый_L_M_L,8,0.24955223880597016,X,панто_металл_черный/серый,L_M_L,X,X
панто_металл_черный/серебристый_M_S_L,8,0.24985074626865672,X,панто_металл_черный/серебристый,M_S_L,X,x
бабочка_металл_коричневый/золотой_M_L_L,8,0.2501492537313433,X,бабочка_металл_коричневый/золотой,M_L_L,X,X
трапеция_металл_черный/синий_L_L_L,8,0.25044776119402984,X,трапеция_металл_черный/синий,L_L_L,x,X
круглые_пластик_серый_S_S_M,8,0.2507462686567164,X,круглые_пластик_серый,S_S_M,x,x
круглые_металл_бронзовый_M_L_M,8,0.251044776119403,X,круглые_металл_бронзовый,M_L_M,X,X
квадратные_металл_серый_S_M_L,8,0.25134328358208957,X,квадратные_металл_серый,S_M_L,X,Y
необычные_титан_серый_M_L_L,8,0.25164179104477613,X,необычные_титан_серый,M_L_L,X,X
необычные_металл_черный_L_L_L,8,0.2519402985074627,X,необычные_металл_черный,L_L_L,X,X
вайфайеры_пластик_черный_S_S_L,8,0.25223880597014925,X,вайфайеры_пластик_черный,S_S_L,X,y
трапеция_металл и пластик_черный_M_L_M,8,0.2525373134328358,X,трапеция_металл и пластик_черный,M_L_M,x,X
кошачий глаз_пластик_черный_L_L_S,8,0.25283582089552237,X,кошачий глаз_пластик_черный,L_L_S,X,Y
квадратные_титан_черный/серебристый_L_L_L,8,0.253134328358209,X,квадратные_титан_черный/серебристый,L_L_L,X,X
кошачий глаз_пластик_черный/фиолетовый_S_S_M,8,0.25343283582089554,X,кошачий глаз_пластик_черный/фиолетовый,S_S_M,x,x
бабочка_металл_серебристый_M_L_S,8,0.2537313432835821,X,бабочка_металл_серебристый,M_L_S,X,X
половинки_металл_серебристый_S_L_L,8,0.25402985074626866,X,половинки_металл_серебристый,S_L_L,X,Z
квадратные_пластик_черный/прозрачный_M_M_M,8,0.2543283582089552,X,квадратные_пластик_черный/прозрачный,M_M_M,x,X
капли_металл_черный/коричневый_L_L_M,8,0.2546268656716418,X,капли_металл_черный/коричневый,L_L_M,x,X
круглые_титан_золотой_L_M_L,8,0.25492537313432834,X,круглые_титан_золотой,L_M_L,X,X
необычные_металл_черный/золотой_M_L_M,8,0.25522388059701495,X,необычные_металл_черный/золотой,M_L_M,X,X
квадратные_пластик_черный_M_L_S,8,0.2555223880597015,X,квадратные_пластик_черный,M_L_S,X,X
необычные_металл_бронзовый_M_M_L,8,0.25582089552238807,X,необычные_металл_бронзовый,M_M_L,X,X
квадратные_пластик_синий_L_M_L,8,0.25611940298507463,X,квадратные_пластик_синий,L_M_L,X,X
кошачий глаз_пластик_синий_M_M_S,8,0.2564179104477612,X,кошачий глаз_пластик_синий,M_M_S,X,Y
необычные_металл_синий/золотой_L_L_L,8,0.25671641791044775,X,необычные_металл_синий/золотой,L_L_L,X,X
панто_металл_серый_S_S_L,8,0.2570149253731343,X,панто_металл_серый,S_S_L,X,y
овальные_титан_розовый_M_L_S,8,0.2573134328358209,X,овальные_титан_розовый,M_L_S,X,X
овальные_титан_оранжевый_M_L_S,8,0.2576119402985075,X,овальные_титан_оранжевый,M_L_S,x,X
прямоугольные_металл_синий/серебристый_M_L_L,8,0.25791044776119404,X,прямоугольные_металл_синий/серебристый,M_L_L,X,X
бабочка_пластик_прозрачный_M_L_S,8,0.2582089552238806,X,бабочка_пластик_прозрачный,M_L_S,X,X
необычные_металл_черный/золотой_M_L_L,8,0.25850746268656716,X,необычные_металл_черный/золотой,M_L_L,X,X
необычные_металл_серый_M_M_L,8,0.2588059701492537,X,необычные_металл_серый,M_M_L,X,X
бабочка_пластик_черный_S_S_L,8,0.2591044776119403,X,бабочка_пластик_черный,S_S_L,X,y
овальные_металл_серый_L_M_L,8,0.2594029850746269,X,овальные_металл_серый,L_M_L,X,X
круглые_титан_черный_M_M_L,8,0.25970149253731345,X,круглые_титан_черный,M_M_L,X,X
квадратные_пластик_черный_L_L_S,8,0.26,X,квадратные_пластик_черный,L_L_S,X,Y
круглые_титан_серый_M_M_L,8,0.26029850746268657,X,круглые_титан_серый,M_M_L,X,X
овальные_титан_золотой_M_M_L,8,0.2605970149253731,X,овальные_титан_золотой,M_M_L,X,X
гексагон_металл_фиолетовый_L_L_M,8,0.2608955223880597,X,гексагон_металл_фиолетовый,L_L_M,X,X
кошачий глаз_металл_черный_M_M_L,8,0.26119402985074625,X,кошачий глаз_металл_черный,M_M_L,X,X
панто_металл_розовый_M_M_M,8,0.26149253731343286,X,панто_металл_розовый,M_M_M,X,X
квадратные_металл_золотой_L_M_L,8,0.2617910447761194,X,квадратные_металл_золотой,L_M_L,X,X
прямоугольные_пластик_черный/красный_L_L_S,8,0.262089552238806,X,прямоугольные_пластик_черный/красный,L_L_S,X,Y
панто_пластик_синий_L_M_L,8,0.26238805970149254,X,панто_пластик_синий,L_M_L,X,X
прямоугольные_пластик_прозрачный_M_L_L,8,0.2626865671641791,X,прямоугольные_пластик_прозрачный,M_L_L,X,X
панто_пластик_сиреневый_L_M_L,8,0.26298507462686566,X,панто_пластик_сиреневый,L_M_L,X,X
кошачий глаз_металл_золотой_M_M_L,8,0.2632835820895522,X,кошачий глаз_металл_золотой,M_M_L,X,X
трапеция_металл_темно-серый_M_L_L,8,0.26358208955223883,X,трапеция_металл_темно-серый,M_L_L,X,X
квадратные_титан_медный_L_L_L,8,0.2638805970149254,X,квадратные_титан_медный,L_L_L,x,X
трапеция_металл_синий_M_L_L,8,0.26417910447761195,X,трапеция_металл_синий,M_L_L,X,X
бабочка_пластик_бордовый_M_M_L,8,0.2644776119402985,X,бабочка_пластик_бордовый,M_M_L,X,X
бабочка_металл_синий/серебристый_M_L_L,8,0.26477611940298507,X,бабочка_металл_синий/серебристый,M_L_L,X,X
бабочка_металл_серый_M_M_M,8,0.2650746268656716,X,бабочка_металл_серый,M_M_M,X,X
прямоугольные_металл_темно-серый_M_M_S,8,0.2653731343283582,X,прямоугольные_металл_темно-серый,M_M_S,X,Y
панто_металл_многоцветный_L_S_L,8,0.2656716417910448,X,панто_металл_многоцветный,L_S_L,X,Y
панто_пластик_прозрачный_M_M_M,8,0.26597014925373136,X,панто_пластик_прозрачный,M_M_M,X,X
прямоугольные_металл_черный/синий_L_L_M,8,0.2662686567164179,X,прямоугольные_металл_черный/синий,L_L_M,X,X
необычные_металл_бордовый_M_L_M,8,0.2665671641791045,X,необычные_металл_бордовый,M_L_M,X,X
трапеция_металл_оранжевый_M_L_L,8,0.26686567164179104,X,трапеция_металл_оранжевый,M_L_L,x,X
бабочка_пластик_бордовый_L_L_M,8,0.2671641791044776,X,бабочка_пластик_бордовый,L_L_M,X,X
вайфайеры_пластик_черный_M_M_M,8,0.26746268656716415,X,вайфайеры_пластик_черный,M_M_M,X,X
гексагон_металл_бронзовый_M_M_L,8,0.26776119402985077,X,гексагон_металл_бронзовый,M_M_L,X,X
бабочка_металл_черный/серебристый_M_M_L,8,0.26805970149253733,X,бабочка_металл_черный/серебристый,M_M_L,X,X
капли_металл_черный_L_L_M,8,0.2683582089552239,X,капли_металл_черный,L_L_M,X,X
панто_титан_черный_M_L_L,8,0.26865671641791045,X,панто_титан_черный,M_L_L,X,X
панто_пластик_фиолетовый_S_S_L,8,0.268955223880597,X,панто_пластик_фиолетовый,S_S_L,X,y
бабочка_пластик_коричневый_M_L_L,8,0.26925373134328356,X,бабочка_пластик_коричневый,M_L_L,X,X
квадратные_металл_черный/серый_L_L_M,8,0.2695522388059701,X,квадратные_металл_черный/серый,L_L_M,x,X
круглые_металл_синий/серебристый_M_M_L,8,0.26985074626865674,X,круглые_металл_синий/серебристый,M_M_L,x,X
круглые_металл_черный/серебристый_M_S_L,8,0.2701492537313433,X,круглые_металл_черный/серебристый,M_S_L,X,x
квадратные_металл_черный/золотой_M_M_L,7,0.27044776119402986,X,квадратные_металл_черный/золотой,M_M_L,X,X
круглые_металл_сиреневый_M_M_M,7,0.2707462686567164,X,круглые_металл_сиреневый,M_M_M,x,X
трапеция_пластик_розовый_M_M_S,7,0.271044776119403,X,трапеция_пластик_розовый,M_M_S,X,Y
бабочка_металл и пластик_черный/золотой_M_M_M,7,0.27134328358208953,X,бабочка_металл и пластик_черный/золотой,M_M_M,X,X
бабочка_металл и пластик_синий/золотой_M_L_M,7,0.2716417910447761,X,бабочка_металл и пластик_синий/золотой,M_L_M,X,X
овальные_пластик_голубой_S_S_M,7,0.2719402985074627,X,овальные_пластик_голубой,S_S_M,X,x
кошачий глаз_металл и пластик_черный/золотой_M_L_M,7,0.27223880597014927,X,кошачий глаз_металл и пластик_черный/золотой,M_L_M,X,X
клабмастеры_металл_черный_L_L_M,7,0.2725373134328358,X,клабмастеры_металл_черный,L_L_M,x,X
овальные_титан_розовый_M_L_M,7,0.2728358208955224,X,овальные_титан_розовый,M_L_M,X,X
гексагон_металл_коричневый/золотой_M_L_L,7,0.27313432835820894,X,гексагон_металл_коричневый/золотой,M_L_L,X,X
прямоугольные_металл_синий_M_L_L,7,0.2734328358208955,X,прямоугольные_металл_синий,M_L_L,X,X
панто_пластик_бежевый_L_M_L,7,0.27373134328358206,X,панто_пластик_бежевый,L_M_L,X,X
панто_металл_черный/синий_M_M_L,7,0.2740298507462687,X,панто_металл_черный/синий,M_M_L,X,X
трапеция_титан_синий/серебристый_L_L_L,7,0.27432835820895524,X,трапеция_титан_синий/серебристый,L_L_L,x,X
бабочка_пластик_синий_M_M_M,7,0.2746268656716418,X,бабочка_пластик_синий,M_M_M,X,X
прямоугольные_пластик_черный_S_M_M,7,0.27492537313432835,X,прямоугольные_пластик_черный,S_M_M,X,X
кошачий глаз_пластик_бордовый_L_L_S,7,0.2752238805970149,X,кошачий глаз_пластик_бордовый,L_L_S,X,Y
трапеция_пластик_серый_L_L_L,7,0.2755223880597015,X,трапеция_пластик_серый,L_L_L,X,X
бабочка_пластик_коричневый_L_L_L,7,0.27582089552238803,X,бабочка_пластик_коричневый,L_L_L,X,X
прямоугольные_титан_черный/серебристый_M_L_M,7,0.27611940298507465,X,прямоугольные_титан_черный/серебристый,M_L_M,X,X
бабочка_пластик_черный_L_M_L,7,0.2764179104477612,X,бабочка_пластик_черный,L_M_L,X,X
бабочка_пластик_черный_L_M_M,7,0.27671641791044777,X,бабочка_пластик_черный,L_M_M,X,Y
панто_титан_черный_L_L_L,7,0.2770149253731343,X,панто_титан_черный,L_L_L,X,X
панто_пластик_фиолетовый_M_M_L,7,0.2773134328358209,X,панто_пластик_фиолетовый,M_M_L,X,X
панто_пластик_темно-серый_M_S_L,7,0.27761194029850744,X,панто_пластик_темно-серый,M_S_L,x,x
панто_пластик_черный/прозрачный_M_M_L,7,0.27791044776119406,X,панто_пластик_черный/прозрачный,M_M_L,X,X
панто_металл_многоцветный_L_L_M,7,0.2782089552238806,X,панто_металл_многоцветный,L_L_M,X,X
панто_металл_многоцветный_M_L_M,7,0.2785074626865672,X,панто_металл_многоцветный,M_L_M,X,X
квадратные_пластик_синий_M_M_L,7,0.27880597014925373,X,квадратные_пластик_синий,M_M_L,X,X
квадратные_пластик_синий_M_M_M,7,0.2791044776119403,X,квадратные_пластик_синий,M_M_M,X,X
панто_металл_многоцветный_M_S_L,7,0.27940298507462685,X,панто_металл_многоцветный,M_S_L,X,x
панто_пластик_прозрачный_M_S_L,7,0.2797014925373134,X,панто_пластик_прозрачный,M_S_L,X,x
бабочка_пластик_черепаховый_M_L_S,7,0.28,X,бабочка_пластик_черепаховый,M_L_S,X,X
прямоугольные_пластик_черный/серый_M_L_S,7,0.2802985074626866,X,прямоугольные_пластик_черный/серый,M_L_S,X,X
бабочка_пластик_черный/прозрачный_S_M_S,7,0.28059701492537314,X,бабочка_пластик_черный/прозрачный,S_M_S,X,x
прямоугольные_пластик_черный/прозрачный_M_M_L,7,0.2808955223880597,X,прямоугольные_пластик_черный/прозрачный,M_M_L,X,X
бабочка_пластик_черный_S_S_M,7,0.28119402985074626,X,бабочка_пластик_черный,S_S_M,X,x
бабочка_титан_сиреневый_M_L_M,7,0.2814925373134328,X,бабочка_титан_сиреневый,M_L_M,x,X
прямоугольные_пластик_многоцветный_S_S_S,7,0.2817910447761194,X,прямоугольные_пластик_многоцветный,S_S_S,X,x
кошачий глаз_металл_бронзовый_M_M_L,7,0.282089552238806,X,кошачий глаз_металл_бронзовый,M_M_L,X,X
бабочка_пластик_бордовый_S_M_M,7,0.28238805970149256,X,бабочка_пластик_бордовый,S_M_M,X,X
бабочка_металл_серебристый_M_L_L,7,0.2826865671641791,X,бабочка_металл_серебристый,M_L_L,X,X
бабочка_металл_розовый_L_M_L,7,0.2829850746268657,X,бабочка_металл_розовый,L_M_L,X,X
бабочка_металл_розовый_L_M_S,7,0.28328358208955223,X,бабочка_металл_розовый,L_M_S,X,Z
панто_металл_коричневый/серебристый_M_M_M,7,0.2835820895522388,X,панто_металл_коричневый/серебристый,M_M_M,x,X
панто_металл_красный_S_M_L,7,0.28388059701492535,X,панто_металл_красный,S_M_L,X,Y
панто_металл_малиновый_M_M_M,7,0.28417910447761197,X,панто_металл_малиновый,M_M_M,x,X
прямоугольные_титан_темно-серый_M_L_L,7,0.2844776119402985,X,прямоугольные_титан_темно-серый,M_L_L,X,X
прямоугольные_титан_серый_M_L_S,7,0.2847761194029851,X,прямоугольные_титан_серый,M_L_S,X,X
капли_металл_серый_L_L_M,7,0.28507462686567164,X,капли_металл_серый,L_L_M,X,X
половинки_металл_серебристый_L_L_L,7,0.2853731343283582,X,половинки_металл_серебристый,L_L_L,X,X
круглые_титан_бронзовый_M_M_L,7,0.28567164179104476,X,круглые_титан_бронзовый,M_M_L,x,X
круглые_титан_синий_M_M_L,7,0.2859701492537313,X,круглые_титан_синий,M_M_L,x,X
прямоугольные_пластик_многоцветный_L_L_M,7,0.28626865671641794,X,прямоугольные_пластик_многоцветный,L_L_M,X,X
прямоугольные_пластик_синий_M_M_L,7,0.2865671641791045,X,прямоугольные_пластик_синий,M_M_L,X,X
необычные_титан_золотой_M_M_M,7,0.28686567164179105,X,необычные_титан_золотой,M_M_M,X,X
бабочка_пластик_малиновый_M_L_M,7,0.2871641791044776,X,бабочка_пластик_малиновый,M_L_M,X,X
кошачий глаз_металл_темно-серый_M_L_M,7,0.28746268656716417,X,кошачий глаз_металл_темно-серый,M_L_M,X,X
кошачий глаз_металл_темно-серый_M_S_L,7,0.28776119402985073,X,кошачий глаз_металл_темно-серый,M_S_L,X,x
прямоугольные_пластик_фиолетовый_M_L_S,7,0.2880597014925373,X,прямоугольные_пластик_фиолетовый,M_L_S,X,X
панто_металл_серебристый_L_M_L,7,0.2883582089552239,X,панто_металл_серебристый,L_M_L,X,X
панто_металл_синий/золотой_L_M_L,7,0.28865671641791046,X,панто_металл_синий/золотой,L_M_L,X,X
квадратные_пластик_серый_S_S_S,7,0.288955223880597,X,квадратные_пластик_серый,S_S_S,X,x
квадратные_металл_серый/серебристый_M_L_L,7,0.2892537313432836,X,квадратные_металл_серый/серебристый,M_L_L,x,X
трапеция_металл_коричневый_L_M_L,7,0.28955223880597014,X,трапеция_металл_коричневый,L_M_L,X,X
кошачий глаз_пластик_синий_M_M_M,7,0.2898507462686567,X,кошачий глаз_пластик_синий,M_M_M,X,X
кошачий глаз_пластик_сиреневый_S_M_M,7,0.29014925373134326,X,кошачий глаз_пластик_сиреневый,S_M_M,X,X
кошачий глаз_металл_бордовый_M_L_S,7,0.2904477611940299,X,кошачий глаз_металл_бордовый,M_L_S,X,X
кошачий глаз_металл_золотой_L_M_L,7,0.29074626865671643,X,кошачий глаз_металл_золотой,L_M_L,X,X
овальные_металл_черный/серебристый_M_M_L,7,0.291044776119403,X,овальные_металл_черный/серебристый,M_M_L,X,X
кошачий глаз_металл_коричневый/золотой_M_L_L,7,0.29134328358208955,X,кошачий глаз_металл_коричневый/золотой,M_L_L,X,X
кошачий глаз_титан_темно-серый_M_L_M,7,0.2916417910447761,X,кошачий глаз_титан_темно-серый,M_L_M,x,X
бабочка_металл_сиреневый_M_L_L,7,0.29194029850746267,X,бабочка_металл_сиреневый,M_L_L,X,X
бабочка_металл_синий/серебристый_M_M_M,7,0.29223880597014923,X,бабочка_металл_синий/серебристый,M_M_M,X,X
трапеция_металл_синий_L_L_M,7,0.29253731343283584,X,трапеция_металл_синий,L_L_M,X,X
половинки_металл_синий_L_M_L,7,0.2928358208955224,X,половинки_металл_синий,L_M_L,x,X
гексагон_титан_черный/золотой_M_L_M,7,0.29313432835820896,X,гексагон_титан_черный/золотой,M_L_M,X,X
квадратные_титан_коричневый_M_L_M,7,0.2934328358208955,X,квадратные_титан_коричневый,M_L_M,x,X
вайфайеры_пластик_синий_S_S_L,7,0.2937313432835821,X,вайфайеры_пластик_синий,S_S_L,X,y
прямоугольные_металл_черный/серебристый_M_L_S,7,0.29402985074626864,X,прямоугольные_металл_черный/серебристый,M_L_S,X,X
прямоугольные_металл_черный/серый_L_L_S,7,0.2943283582089552,X,прямоугольные_металл_черный/серый,L_L_S,X,Y
овальные_титан_сиреневый_M_L_M,7,0.2946268656716418,X,овальные_титан_сиреневый,M_L_M,X,X
овальные_титан_серебристый_M_M_M,7,0.2949253731343284,X,овальные_титан_серебристый,M_M_M,X,X
квадратные_титан_синий_L_L_S,7,0.29522388059701493,X,квадратные_титан_синий,L_L_S,x,Y
прямоугольные_металл_многоцветный_M_L_M,7,0.2955223880597015,X,прямоугольные_металл_многоцветный,M_L_M,X,X
прямоугольные_металл_коричневый_S_M_S,7,0.29582089552238805,X,прямоугольные_металл_коричневый,S_M_S,X,x
кошачий глаз_титан_бордовый_M_L_M,7,0.2961194029850746,X,кошачий глаз_титан_бордовый,M_L_M,x,X
кошачий глаз_титан_золотой_M_L_M,7,0.29641791044776117,X,кошачий глаз_титан_золотой,M_L_M,x,X
бабочка_пластик_бордовый_S_S_S,7,0.2967164179104478,X,бабочка_пластик_бордовый,S_S_S,X,x
необычные_металл_розовый_L_M_L,7,0.29701492537313434,X,необычные_металл_розовый,L_M_L,x,X
бабочка_пластик_бордовый_L_L_S,7,0.2973134328358209,X,бабочка_пластик_бордовый,L_L_S,X,Y
прямоугольные_металл_черный/синий_L_L_L,7,0.29761194029850746,X,прямоугольные_металл_черный/синий,L_L_L,X,X
бабочка_металл_розовый_L_S_S,7,0.297910447761194,X,бабочка_металл_розовый,L_S_S,X,Z
бабочка_металл_черный/серебристый_M_M_M,7,0.2982089552238806,X,бабочка_металл_черный/серебристый,M_M_M,X,X
гексагон_металл_фиолетовый_M_M_M,7,0.29850746268656714,X,гексагон_металл_фиолетовый,M_M_M,X,X
гексагон_металл_черный_L_M_L,7,0.29880597014925375,X,гексагон_металл_черный,L_M_L,X,X
гексагон_металл_черный_M_M_M,7,0.2991044776119403,X,гексагон_металл_черный,M_M_M,X,X
прямоугольные_металл_черный_M_M_S,7,0.29940298507462687,X,прямоугольные_металл_черный,M_M_S,X,Y
бабочка_металл_розовый_L_L_M,7,0.29970149253731343,X,бабочка_металл_розовый,L_L_M,X,X
бабочка_пластик_синий_S_S_M,7,0.3,X,бабочка_пластик_синий,S_S_M,X,x
бабочка_пластик_сиреневый_M_L_S,7,0.30029850746268655,X,бабочка_пластик_сиреневый,M_L_S,X,X
бабочка_пластик_фиолетовый_M_L_L,7,0.3005970149253731,X,бабочка_пластик_фиолетовый,M_L_L,X,X
необычные_пластик_многоцветный_L_M_M,7,0.3008955223880597,X,необычные_пластик_многоцветный,L_M_M,X,Y
бабочка_металл_многоцветный_S_L_M,7,0.3011940298507463,X,бабочка_металл_многоцветный,S_L_M,X,y
панто_пластик_многоцветный_L_S_L,7,0.30149253731343284,X,панто_пластик_многоцветный,L_S_L,X,Y
бабочка_металл_золотой_S_M_M,7,0.3017910447761194,X,бабочка_металл_золотой,S_M_M,X,X
бабочка_металл и пластик_многоцветный_M_L_L,7,0.30208955223880596,X,бабочка_металл и пластик_многоцветный,M_L_L,X,X
панто_металл_черный/серый_S_S_L,7,0.3023880597014925,X,панто_металл_черный/серый,S_S_L,X,y
панто_металл_черный/синий_L_M_L,7,0.30268656716417913,X,панто_металл_черный/синий,L_M_L,X,X
панто_металл_синий_L_M_L,7,0.3029850746268657,X,панто_металл_синий,L_M_L,X,X
панто_металл_фиолетовый_S_M_M,7,0.30328358208955225,X,панто_металл_фиолетовый,S_M_M,X,X
бабочка_металл_бирюзовый_M_M_L,7,0.3035820895522388,X,бабочка_металл_бирюзовый,M_M_L,X,X
бабочка_металл и пластик_черный/золотой_M_L_L,7,0.30388059701492537,X,бабочка_металл и пластик_черный/золотой,M_L_L,X,X
трапеция_титан_черный_M_L_L,7,0.30417910447761193,X,трапеция_титан_черный,M_L_L,x,X
круглые_металл_синий/золотой_M_S_L,7,0.3044776119402985,X,круглые_металл_синий/золотой,M_S_L,X,x
необычные_металл_красный_M_M_M,6,0.3047761194029851,X,необычные_металл_красный,M_M_M,x,X
бабочка_металл_черный_M_L_S,6,0.30507462686567166,X,бабочка_металл_черный,M_L_S,X,X
кошачий глаз_пластик_розовый_S_M_M,6,0.3053731343283582,X,кошачий глаз_пластик_розовый,S_M_M,X,X
панто_металл_бронзовый_L_S_L,6,0.3056716417910448,X,панто_металл_бронзовый,L_S_L,X,Y
половинки_металл_бежевый_L_M_L,6,0.30597014925373134,X,половинки_металл_бежевый,L_M_L,Y,X
квадратные_пластик_черный/серый_M_L_M,6,0.3062686567164179,X,квадратные_пластик_черный/серый,M_L_M,X,X
квадратные_пластик_черный/серый_S_M_S,6,0.30656716417910446,X,квадратные_пластик_черный/серый,S_M_S,X,x
половинки_металл_серый_M_M_L,6,0.30686567164179107,X,половинки_металл_серый,M_M_L,X,X
половинки_металл_золотой_S_L_L,6,0.30716417910447763,X,половинки_металл_золотой,S_L_L,X,Z
гексагон_титан_черный/синий_L_M_M,6,0.3074626865671642,X,гексагон_титан_черный/синий,L_M_M,Y,Y
необычные_металл_синий_M_M_M,6,0.30776119402985075,X,необычные_металл_синий,M_M_M,X,X
бабочка_пластик_красный_M_L_S,6,0.3080597014925373,X,бабочка_пластик_красный,M_L_S,X,X
необычные_металл_сиреневый_L_L_M,6,0.30835820895522387,X,необычные_металл_сиреневый,L_L_M,x,X
кошачий глаз_пластик_серый_M_M_M,6,0.3086567164179104,X,кошачий глаз_пластик_серый,M_M_M,X,X
бабочка_пластик_зеленый_M_L_M,6,0.30895522388059704,X,бабочка_пластик_зеленый,M_L_M,X,X
бабочка_металл_черный/серый_S_M_S,6,0.3092537313432836,X,бабочка_металл_черный/серый,S_M_S,X,x
трапеция_металл_коричневый_L_L_L,6,0.30955223880597016,X,трапеция_металл_коричневый,L_L_L,X,X
прямоугольные_металл_серый/серебристый_L_L_L,6,0.3098507462686567,X,прямоугольные_металл_серый/серебристый,L_L_L,X,X
прямоугольные_металл_коричневый_M_L_S,6,0.3101492537313433,X,прямоугольные_металл_коричневый,M_L_S,X,X
необычные_металл_фиолетовый_S_M_M,6,0.31044776119402984,X,необычные_металл_фиолетовый,S_M_M,x,X
гексагон_титан_синий/золотой_M_M_L,6,0.3107462686567164,X,гексагон_титан_синий/золотой,M_M_L,Y,X
панто_металл_желтый/зеленый_M_M_L,6,0.311044776119403,X,панто_металл_желтый/зеленый,M_M_L,X,X
капли_титан_золотой_L_L_M,6,0.31134328358208957,X,капли_титан_золотой,L_L_M,x,X
панто_пластик_синий_S_M_M,6,0.31164179104477613,X,панто_пластик_синий,S_M_M,X,X
панто_титан_темно-серый_M_M_L,6,0.3119402985074627,X,панто_титан_темно-серый,M_M_L,X,X
половинки_металл_серебристый_S_M_L,6,0.31223880597014925,X,половинки_металл_серебристый,S_M_L,X,Y
панто_титан_серебристый_M_M_L,6,0.3125373134328358,X,панто_титан_серебристый,M_M_L,X,X
панто_титан_коричневый_M_M_L,6,0.31283582089552237,X,панто_титан_коричневый,M_M_L,Y,X
панто_металл_красный_M_M_M,6,0.313134328358209,X,панто_металл_красный,M_M_M,X,X
бабочка_пластик_бордовый_M_M_M,6,0.31343283582089554,X,бабочка_пластик_бордовый,M_M_M,X,X
панто_титан_черный/золотой_L_M_L,6,0.3137313432835821,X,панто_титан_черный/золотой,L_M_L,X,X
необычные_металл_золотой_M_M_M,6,0.31402985074626866,X,необычные_металл_золотой,M_M_M,X,X
бабочка_металл_фиолетовый_M_M_M,6,0.3143283582089552,X,бабочка_металл_фиолетовый,M_M_M,X,X
половинки_металл_темно-серый_S_M_L,6,0.3146268656716418,X,половинки_металл_темно-серый,S_M_L,X,Y
овальные_титан_серебристый_M_S_L,6,0.31492537313432833,X,овальные_титан_серебристый,M_S_L,X,x
панто_металл_бежевый_M_M_M,6,0.31522388059701495,X,панто_металл_бежевый,M_M_M,X,X
трапеция_металл_серебристый_L_L_S,6,0.3155223880597015,X,трапеция_металл_серебристый,L_L_S,X,Y
трапеция_металл_многоцветный_L_L_M,6,0.31582089552238807,X,трапеция_металл_многоцветный,L_L_M,x,X
бабочка_пластик_бордовый_L_L_L,6,0.3161194029850746,X,бабочка_пластик_бордовый,L_L_L,X,X
бабочка_пластик_бежевый_L_M_M,6,0.3164179104477612,X,бабочка_пластик_бежевый,L_M_M,X,Y
панто_титан_черный/золотой_L_L_L,6,0.31671641791044775,X,панто_титан_черный/золотой,L_L_L,X,X
бабочка_металл и пластик_многоцветный_M_M_L,6,0.3170149253731343,X,бабочка_металл и пластик_многоцветный,M_M_L,X,X
бабочка_металл_бежевый_M_L_L,6,0.3173134328358209,X,бабочка_металл_бежевый,M_L_L,X,X
трапеция_пластик_розовый_S_S_M,6,0.3176119402985075,X,трапеция_пластик_розовый,S_S_M,X,x
круглые_металл_черный/золотой_L_S_L,6,0.31791044776119404,X,круглые_металл_черный/золотой,L_S_L,X,Y
круглые_металл_синий_L_M_L,6,0.3182089552238806,X,круглые_металл_синий,L_M_L,X,X
панто_металл_синий_S_S_L,6,0.31850746268656716,X,панто_металл_синий,S_S_L,X,y
бабочка_металл_коричневый/золотой_L_M_S,6,0.3188059701492537,X,бабочка_металл_коричневый/золотой,L_M_S,X,Z
авиаторы_металл_серый_L_L_S,6,0.3191044776119403,X,авиаторы_металл_серый,L_L_S,x,Y
квадратные_металл_темно-серый_M_M_M,6,0.3194029850746269,X,квадратные_металл_темно-серый,M_M_M,X,X
прямоугольные_титан_серебристый_L_L_M,6,0.31970149253731345,X,прямоугольные_титан_серебристый,L_L_M,X,X
панто_пластик_черный_L_L_M,6,0.32,X,панто_пластик_черный,L_L_M,X,X
панто_пластик_черный/синий_M_M_L,6,0.32029850746268657,X,панто_пластик_черный/синий,M_M_L,x,X
бабочка_металл и пластик_зеленый_M_L_M,6,0.3205970149253731,X,бабочка_металл и пластик_зеленый,M_L_M,X,X
панто_металл_черный_S_S_M,6,0.3208955223880597,X,панто_металл_черный,S_S_M,X,x
панто_пластик_бордовый_S_S_M,6,0.32119402985074624,X,панто_пластик_бордовый,S_S_M,X,x
круглые_титан_коричневый/золотой_M_S_L,6,0.32149253731343286,X,круглые_титан_коричневый/золотой,M_S_L,x,x
круглые_титан_золотой_L_L_L,6,0.3217910447761194,X,круглые_титан_золотой,L_L_L,X,X
круглые_пластик_черный_L_M_L,6,0.322089552238806,X,круглые_пластик_черный,L_M_L,X,X
бабочка_металл_коричневый_L_M_M,6,0.32238805970149254,X,бабочка_металл_коричневый,L_M_M,X,Y
бабочка_металл_серый/серебристый_L_L_M,6,0.3226865671641791,X,бабочка_металл_серый/серебристый,L_L_M,X,X
квадратные_металл_синий/золотой_L_M_L,6,0.32298507462686565,X,квадратные_металл_синий/золотой,L_M_L,x,X
прямоугольные_титан_коричневый_M_L_M,6,0.3232835820895522,X,прямоугольные_титан_коричневый,M_L_M,x,X
бабочка_пластик_серый_M_M_L,6,0.3235820895522388,X,бабочка_пластик_серый,M_M_L,X,X
бабочка_пластик_синий_L_L_S,6,0.3238805970149254,X,бабочка_пластик_синий,L_L_S,X,Y
необычные_металл_черный_M_L_L,6,0.32417910447761195,X,необычные_металл_черный,M_L_L,X,X
необычные_металл_черный/красный_M_M_L,6,0.3244776119402985,X,необычные_металл_черный/красный,M_M_L,x,X
прямоугольные_титан_золотой_M_L_S,6,0.32477611940298506,X,прямоугольные_титан_золотой,M_L_S,X,X
необычные_пластик_черный_M_M_M,6,0.3250746268656716,X,необычные_пластик_черный,M_M_M,X,X
овальные_пластик_черный_M_M_M,6,0.3253731343283582,X,овальные_пластик_черный,M_M_M,X,X
овальные_пластик_черный_S_S_S,6,0.3256716417910448,X,овальные_пластик_черный,S_S_S,X,x
трапеция_титан_коричневый_M_L_M,6,0.32597014925373136,X,трапеция_титан_коричневый,M_L_M,Y,X
кошачий глаз_металл и пластик_черный/золотой_M_M_L,6,0.3262686567164179,X,кошачий глаз_металл и пластик_черный/золотой,M_M_L,X,X
клабмастеры_металл_синий/серебристый_L_L_M,6,0.3265671641791045,X,клабмастеры_металл_синий/серебристый,L_L_M,x,X
прямоугольные_металл_синий_M_M_S,6,0.32686567164179103,X,прямоугольные_металл_синий,M_M_S,X,Y
кошачий глаз_металл_синий_S_M_M,6,0.3271641791044776,X,кошачий глаз_металл_синий,S_M_M,X,X
кошачий глаз_пластик_зеленый_M_M_M,6,0.32746268656716415,X,кошачий глаз_пластик_зеленый,M_M_M,X,X
кошачий глаз_металл_синий/серебристый_M_M_L,6,0.32776119402985077,X,кошачий глаз_металл_синий/серебристый,M_M_L,X,X
необычные_титан_золотой_M_L_L,6,0.3280597014925373,X,необычные_титан_золотой,M_L_L,X,X
бабочка_пластик_синий_M_M_S,6,0.3283582089552239,X,бабочка_пластик_синий,M_M_S,X,Y
необычные_титан_черный_M_L_L,6,0.32865671641791044,X,необычные_титан_черный,M_L_L,X,X
вайфайеры_пластик_синий_S_M_M,6,0.328955223880597,X,вайфайеры_пластик_синий,S_M_M,X,X
гексагон_металл_синий/золотой_M_M_L,6,0.32925373134328356,X,гексагон_металл_синий/золотой,M_M_L,x,X
панто_пластик_прозрачный_S_S_L,6,0.3295522388059702,X,панто_пластик_прозрачный,S_S_L,X,y
панто_пластик_синий_M_M_M,6,0.32985074626865674,X,панто_пластик_синий,M_M_M,X,X
прямоугольные_пластик_фиолетовый_S_S_M,6,0.3301492537313433,X,прямоугольные_пластик_фиолетовый,S_S_M,X,x
трапеция_металл_темно-серый_M_L_S,6,0.33044776119402985,X,трапеция_металл_темно-серый,M_L_S,X,X
бабочка_титан_черный_M_L_L,6,0.3307462686567164,X,бабочка_титан_черный,M_L_L,X,X
панто_металл_серый/золотой_M_L_M,6,0.331044776119403,X,панто_металл_серый/золотой,M_L_M,X,X
квадратные_пластик_сиреневый_S_S_S,6,0.33134328358208953,X,квадратные_пластик_сиреневый,S_S_S,x,x
круглые_металл_синий/золотой_M_L_L,6,0.33164179104477615,X,круглые_металл_синий/золотой,M_L_L,X,X
кошачий глаз_металл_серый_M_M_M,6,0.3319402985074627,X,кошачий глаз_металл_серый,M_M_M,x,X
круглые_металл_бордовый_L_M_L,6,0.33223880597014926,X,круглые_металл_бордовый,L_M_L,x,X
трапеция_металл_синий_M_M_L,6,0.3325373134328358,X,трапеция_металл_синий,M_M_L,X,X
квадратные_пластик_синий_S_S_L,6,0.3328358208955224,X,квадратные_пластик_синий,S_S_L,X,y
круглые_металл и пластик_многоцветный_M_M_L,6,0.33313432835820894,X,круглые_металл и пластик_многоцветный,M_M_L,x,X
бабочка_титан_коричневый_M_L_M,6,0.3334328358208955,X,бабочка_титан_коричневый,M_L_M,x,X
круглые_титан_серебристый_M_M_L,6,0.3337313432835821,X,круглые_титан_серебристый,M_M_L,X,X
бабочка_металл_синий_L_M_M,6,0.3340298507462687,X,бабочка_металл_синий,L_M_M,X,Y
бабочка_металл_красный_L_L_M,6,0.33432835820895523,X,бабочка_металл_красный,L_L_M,X,X
круглые_металл_коричневый_M_M_L,6,0.3346268656716418,X,круглые_металл_коричневый,M_M_L,X,X
прямоугольные_пластик_черный/оранжевый_L_L_M,6,0.33492537313432835,X,прямоугольные_пластик_черный/оранжевый,L_L_M,x,X
кошачий глаз_пластик_черный_M_M_S,6,0.3352238805970149,X,кошачий глаз_пластик_черный,M_M_S,X,Y
панто_металл_розовый_M_L_M,6,0.33552238805970147,X,панто_металл_розовый,M_L_M,X,X
бабочка_металл_серый/серебристый_M_M_M,6,0.3358208955223881,X,бабочка_металл_серый/серебристый,M_M_M,X,X
бабочка_титан_бордовый_M_L_S,6,0.33611940298507464,X,бабочка_титан_бордовый,M_L_S,X,X
прямоугольные_пластик_многоцветный_L_M_L,6,0.3364179104477612,X,прямоугольные_пластик_многоцветный,L_M_L,X,X
панто_пластик_персиковый_S_S_L,6,0.33671641791044776,X,панто_пластик_персиковый,S_S_L,x,y
бабочка_пластик_черный_S_M_S,6,0.3370149253731343,X,бабочка_пластик_черный,S_M_S,X,x
овальные_металл_серый/серебристый_M_M_L,6,0.3373134328358209,X,овальные_металл_серый/серебристый,M_M_L,Y,X
панто_титан_бронзовый_M_L_L,6,0.33761194029850744,X,панто_титан_бронзовый,M_L_L,X,X
гексагон_металл_бежевый_M_L_L,6,0.33791044776119405,X,гексагон_металл_бежевый,M_L_L,X,X
бабочка_титан_коричневый/золотой_M_L_M,6,0.3382089552238806,X,бабочка_титан_коричневый/золотой,M_L_M,X,X
панто_титан_бордовый_M_L_M,6,0.3385074626865672,X,панто_титан_бордовый,M_L_M,x,X
панто_металл_многоцветный_M_L_L,6,0.33880597014925373,X,панто_металл_многоцветный,M_L_L,X,X
панто_титан_бронзовый_M_L_M,6,0.3391044776119403,X,панто_титан_бронзовый,M_L_M,X,X
бабочка_титан_золотой_L_L_L,6,0.33940298507462685,X,бабочка_титан_золотой,L_L_L,X,X
круглые_металл_серебристый_M_M_M,5,0.3397014925373134,X,круглые_металл_серебристый,M_M_M,X,X
бабочка_металл_бронзовый_L_L_M,5,0.34,X,бабочка_металл_бронзовый,L_L_M,X,X
круглые_пластик_коричневый_M_M_L,5,0.3402985074626866,X,круглые_пластик_коричневый,M_M_L,x,X
овальные_металл_черный_L_S_L,5,0.34059701492537314,X,овальные_металл_черный,L_S_L,X,Y
кошачий глаз_металл_бежевый_M_M_M,5,0.3408955223880597,X,кошачий глаз_металл_бежевый,M_M_M,X,X
прямоугольные_пластик_бордовый_L_L_L,5,0.34119402985074626,X,прямоугольные_пластик_бордовый,L_L_L,X,X
необычные_титан_золотой_L_L_L,5,0.3414925373134328,X,необычные_титан_золотой,L_L_L,X,X
прямоугольные_пластик_синий_S_L_M,5,0.3417910447761194,X,прямоугольные_пластик_синий,S_L_M,X,y
бабочка_металл и пластик_серый/золотой_M_L_M,5,0.342089552238806,X,бабочка_металл и пластик_серый/золотой,M_L_M,Y,X
прямоугольные_металл_черный/зеленый_L_L_L,5,0.34238805970149255,X,прямоугольные_металл_черный/зеленый,L_L_L,X,X
бабочка_металл_бирюзовый_M_L_M,5,0.3426865671641791,X,бабочка_металл_бирюзовый,M_L_M,X,X
прямоугольные_металл_фиолетовый_M_M_M,5,0.34298507462686567,X,прямоугольные_металл_фиолетовый,M_M_M,X,X
бабочка_титан_желтый_M_L_M,5,0.34328358208955223,X,бабочка_титан_желтый,M_L_M,X,X
гексагон_металл и пластик_золотой_M_L_M,5,0.3435820895522388,X,гексагон_металл и пластик_золотой,M_L_M,x,X
прямоугольные_металл_синий_M_M_L,5,0.34388059701492535,X,прямоугольные_металл_синий,M_M_L,X,X
прямоугольные_пластик_серый_S_S_S,5,0.34417910447761196,X,прямоугольные_пластик_серый,S_S_S,X,x
прямоугольные_пластик_серый_S_S_M,5,0.3444776119402985,X,прямоугольные_пластик_серый,S_S_M,X,x
овальные_металл_бежевый_M_L_M,5,0.3447761194029851,X,овальные_металл_бежевый,M_L_M,Y,X
кошачий глаз_металл_сиреневый_M_M_L,5,0.34507462686567164,X,кошачий глаз_металл_сиреневый,M_M_L,x,X
кошачий глаз_металл_синий/серебристый_M_L_M,5,0.3453731343283582,X,кошачий глаз_металл_синий/серебристый,M_L_M,X,X
бабочка_пластик_серый_M_L_L,5,0.34567164179104476,X,бабочка_пластик_серый,M_L_L,X,X
бабочка_пластик_фиолетовый_S_S_L,5,0.3459701492537313,X,бабочка_пластик_фиолетовый,S_S_L,X,y
бабочка_пластик_фиолетовый_L_M_L,5,0.34626865671641793,X,бабочка_пластик_фиолетовый,L_M_L,X,X
овальные_металл_коричневый_L_S_L,5,0.3465671641791045,X,овальные_металл_коричневый,L_S_L,X,Y
необычные_титан_синий/золотой_M_M_M,5,0.34686567164179105,X,необычные_титан_синий/золотой,M_M_M,Y,X
бабочка_металл_красный_M_L_L,5,0.3471641791044776,X,бабочка_металл_красный,M_L_L,X,X
необычные_титан_серый_L_L_L,5,0.34746268656716417,X,необычные_титан_серый,L_L_L,X,X
бабочка_пластик_сиреневый_S_S_S,5,0.34776119402985073,X,бабочка_пластик_сиреневый,S_S_S,X,x
бабочка_пластик_сиреневый_M_L_M,5,0.3480597014925373,X,бабочка_пластик_сиреневый,M_L_M,X,X
бабочка_металл и пластик_зеленый_M_L_L,5,0.3483582089552239,X,бабочка_металл и пластик_зеленый,M_L_L,X,X
кошачий глаз_металл_синий/серебристый_M_M_M,5,0.34865671641791046,X,кошачий глаз_металл_синий/серебристый,M_M_M,X,X
бабочка_металл_голубой_M_L_L,5,0.348955223880597,X,бабочка_металл_голубой,M_L_L,X,X
прямоугольные_титан_золотой_L_L_M,5,0.3492537313432836,X,прямоугольные_титан_золотой,L_L_M,X,X
прямоугольные_пластик_черный_S_L_M,5,0.34955223880597014,X,прямоугольные_пластик_черный,S_L_M,X,y
бабочка_пластик_синий_M_L_L,5,0.3498507462686567,X,бабочка_пластик_синий,M_L_L,X,X
бабочка_пластик_синий_M_M_L,5,0.35014925373134326,x,бабочка_пластик_синий,M_M_L,X,X
овальные_металл_бордовый_M_L_M,5,0.35044776119402987,x,овальные_металл_бордовый,M_L_M,x,X
кошачий глаз_пластик_коричневый_L_L_S,5,0.35074626865671643,x,кошачий глаз_пластик_коричневый,L_L_S,X,Y
круглые_пластик_фиолетовый_S_S_M,5,0.351044776119403,x,круглые_пластик_фиолетовый,S_S_M,x,x
панто_пластик_черепаховый_M_M_L,5,0.35134328358208955,x,панто_пластик_черепаховый,M_M_L,x,X
квадратные_металл_синий/серебристый_L_L_M,5,0.3516417910447761,x,квадратные_металл_синий/серебристый,L_L_M,X,X
квадратные_металл_синий/серебристый_M_M_L,5,0.35194029850746267,x,квадратные_металл_синий/серебристый,M_M_L,X,X
круглые_металл_коричневый/золотой_M_M_L,5,0.3522388059701492,x,круглые_металл_коричневый/золотой,M_M_L,X,X
квадратные_металл_коричневый_S_M_L,5,0.35253731343283584,x,квадратные_металл_коричневый,S_M_L,X,Y
панто_металл_синий/серебристый_L_L_L,5,0.3528358208955224,x,панто_металл_синий/серебристый,L_L_L,X,X
панто_пластик_зеленый_L_M_L,5,0.35313432835820896,x,панто_пластик_зеленый,L_M_L,X,X
круглые_металл_золотой_S_M_L,5,0.3534328358208955,x,круглые_металл_золотой,S_M_L,X,Y
панто_пластик_бордовый_L_M_L,5,0.3537313432835821,x,панто_пластик_бордовый,L_M_L,X,X
квадратные_пластик_серый_M_M_L,5,0.35402985074626864,x,квадратные_пластик_серый,M_M_L,X,X
квадратные_пластик_многоцветный_M_M_L,5,0.3543283582089552,x,квадратные_пластик_многоцветный,M_M_L,X,X
бабочка_металл_красный_M_L_S,5,0.3546268656716418,x,бабочка_металл_красный,M_L_S,X,X
панто_металл_серебристый_S_S_M,5,0.35492537313432837,x,панто_металл_серебристый,S_S_M,X,x
панто_пластик_голубой_L_S_L,5,0.35522388059701493,x,панто_пластик_голубой,L_S_L,X,Y
панто_пластик_голубой_S_S_L,5,0.3555223880597015,x,панто_пластик_голубой,S_S_L,X,y
квадратные_пластик_серый_M_M_M,5,0.35582089552238805,x,квадратные_пластик_серый,M_M_M,X,X
квадратные_пластик_синий_L_L_S,5,0.3561194029850746,x,квадратные_пластик_синий,L_L_S,X,Y
круглые_пластик_черный_S_S_M,5,0.3564179104477612,x,круглые_пластик_черный,S_S_M,X,x
круглые_пластик_черный_M_M_L,5,0.3567164179104478,x,круглые_пластик_черный,M_M_L,X,X
трапеция_металл_черный/золотой_M_L_M,5,0.35701492537313434,x,трапеция_металл_черный/золотой,M_L_M,X,X
бабочка_металл_коричневый_L_M_L,5,0.3573134328358209,x,бабочка_металл_коричневый,L_M_L,X,X
трапеция_пластик_черный/розовый_L_M_L,5,0.35761194029850746,x,трапеция_пластик_черный/розовый,L_M_L,Y,X
бабочка_металл_коричневый_L_S_S,5,0.357910447761194,x,бабочка_металл_коричневый,L_S_S,X,Z
трапеция_пластик_черный/прозрачный_M_M_M,5,0.3582089552238806,x,трапеция_пластик_черный/прозрачный,M_M_M,X,X
панто_металл_серебристый_S_S_L,5,0.3585074626865672,x,панто_металл_серебристый,S_S_L,X,y
панто_металл_сиреневый_S_S_L,5,0.35880597014925375,x,панто_металл_сиреневый,S_S_L,X,y
панто_пластик_фиолетовый_L_M_L,5,0.3591044776119403,x,панто_пластик_фиолетовый,L_M_L,X,X
авиаторы_металл_золотой_M_L_S,5,0.35940298507462687,x,авиаторы_металл_золотой,M_L_S,x,X
квадратные_металл_черный/серебристый_S_M_L,5,0.3597014925373134,x,квадратные_металл_черный/серебристый,S_M_L,X,Y
панто_металл_черный/золотой_L_S_L,5,0.36,x,панто_металл_черный/золотой,L_S_L,X,Y
панто_металл_черный/золотой_M_L_M,5,0.36029850746268655,x,панто_металл_черный/золотой,M_L_M,X,X
круглые_металл_темно-серый_M_M_L,5,0.36059701492537316,x,круглые_металл_темно-серый,M_M_L,Y,X
трапеция_титан_золотой_M_M_M,5,0.3608955223880597,x,трапеция_титан_золотой,M_M_M,X,X
овальные_пластик_красный_S_S_M,5,0.3611940298507463,x,овальные_пластик_красный,S_S_M,x,x
трапеция_пластик_бежевый_L_L_L,5,0.36149253731343284,x,трапеция_пластик_бежевый,L_L_L,x,X
овальные_металл_серый_M_L_M,5,0.3617910447761194,x,овальные_металл_серый,M_L_M,X,X
бабочка_металл_коричневый/золотой_L_S_M,5,0.36208955223880596,x,бабочка_металл_коричневый/золотой,L_S_M,X,y
панто_пластик_черный_S_M_M,5,0.3623880597014925,x,панто_пластик_черный,S_M_M,X,X
квадратные_пластик_коричневый_M_M_M,5,0.36268656716417913,x,квадратные_пластик_коричневый,M_M_M,X,X
квадратные_пластик_зеленый_S_S_S,5,0.3629850746268657,x,квадратные_пластик_зеленый,S_S_S,X,x
квадратные_пластик_голубой_L_L_L,5,0.36328358208955225,x,квадратные_пластик_голубой,L_L_L,x,X
трапеция_пластик_многоцветный_L_L_L,5,0.3635820895522388,x,трапеция_пластик_многоцветный,L_L_L,x,X
трапеция_пластик_коричневый_L_L_M,5,0.36388059701492537,x,трапеция_пластик_коричневый,L_L_M,x,X
бабочка_металл_золотой_M_M_L,5,0.3641791044776119,x,бабочка_металл_золотой,M_M_L,X,X
бабочка_металл_зеленый_M_M_M,5,0.3644776119402985,x,бабочка_металл_зеленый,M_M_M,X,X
трапеция_пластик_серый_L_M_L,5,0.3647761194029851,x,трапеция_пластик_серый,L_M_L,X,X
трапеция_пластик_прозрачный_L_M_L,5,0.36507462686567166,x,трапеция_пластик_прозрачный,L_M_L,X,X
бабочка_металл_многоцветный_M_L_S,5,0.3653731343283582,x,бабочка_металл_многоцветный,M_L_S,X,X
квадратные_металл_темно-серый_M_L_M,5,0.3656716417910448,x,квадратные_металл_темно-серый,M_L_M,X,X
круглые_титан_черный_M_L_L,5,0.36597014925373134,x,круглые_титан_черный,M_L_L,X,X
бабочка_металл_серебристый_L_M_L,5,0.3662686567164179,x,бабочка_металл_серебристый,L_M_L,X,X
панто_металл_фиолетовый_S_S_M,5,0.36656716417910445,x,панто_металл_фиолетовый,S_S_M,X,x
овальные_титан_серый_M_M_L,5,0.36686567164179107,x,овальные_титан_серый,M_M_L,X,X
прямоугольные_металл_золотой_S_M_L,5,0.36716417910447763,x,прямоугольные_металл_золотой,S_M_L,X,Y
квадратные_пластик_черный/желтый_L_L_L,5,0.3674626865671642,x,квадратные_пластик_черный/желтый,L_L_L,Y,X
необычные_металл_серебристый_M_L_L,5,0.36776119402985075,x,необычные_металл_серебристый,M_L_L,X,X
бабочка_металл_синий_M_L_L,5,0.3680597014925373,x,бабочка_металл_синий,M_L_L,X,X
трапеция_металл_коричневый_M_M_S,5,0.36835820895522386,x,трапеция_металл_коричневый,M_M_S,X,Y
трапеция_металл_коричневый_S_M_S,5,0.3686567164179104,x,трапеция_металл_коричневый,S_M_S,X,x
бабочка_металл_коричневый_M_L_S,5,0.36895522388059704,x,бабочка_металл_коричневый,M_L_S,X,X
необычные_металл_бежевый_M_M_L,5,0.3692537313432836,x,необычные_металл_бежевый,M_M_L,x,X
половинки_металл_золотой_S_M_L,5,0.36955223880597016,x,половинки_металл_золотой,S_M_L,X,Y
кошачий глаз_пластик_черный_L_L_L,5,0.3698507462686567,x,кошачий глаз_пластик_черный,L_L_L,X,X
овальные_титан_серебристый_L_L_L,5,0.3701492537313433,x,овальные_титан_серебристый,L_L_L,X,X
бабочка_пластик_бежевый_M_L_L,5,0.37044776119402983,x,бабочка_пластик_бежевый,M_L_L,X,X
квадратные_металл_зеленый_M_L_L,5,0.3707462686567164,x,квадратные_металл_зеленый,M_L_L,x,X
квадратные_металл_золотой_L_L_M,5,0.371044776119403,x,квадратные_металл_золотой,L_L_M,X,X
необычные_металл_серебристый_M_M_M,5,0.37134328358208957,x,необычные_металл_серебристый,M_M_M,X,X
трапеция_металл_синий_S_M_S,5,0.3716417910447761,x,трапеция_металл_синий,S_M_S,X,x
половинки_металл_бирюзовый_L_M_L,5,0.3719402985074627,x,половинки_металл_бирюзовый,L_M_L,Y,X
трапеция_металл_синий_M_M_S,5,0.37223880597014924,x,трапеция_металл_синий,M_M_S,X,Y
бабочка_металл_розовый_M_M_L,5,0.3725373134328358,x,бабочка_металл_розовый,M_M_L,X,X
половинки_металл_золотой_M_M_M,5,0.37283582089552236,x,половинки_металл_золотой,M_M_M,X,X
необычные_металл_бронзовый_L_M_L,5,0.373134328358209,x,необычные_металл_бронзовый,L_M_L,X,X
необычные_металл_бордовый_M_M_L,5,0.37343283582089554,x,необычные_металл_бордовый,M_M_L,X,X
кошачий глаз_пластик_черепаховый_M_L_M,5,0.3737313432835821,x,кошачий глаз_пластик_черепаховый,M_L_M,X,X
капли_металл и пластик_черный_M_M_L,5,0.37402985074626866,x,капли_металл и пластик_черный,M_M_L,Y,X
квадратные_титан_золотой_M_M_M,5,0.3743283582089552,x,квадратные_титан_золотой,M_M_M,X,X
панто_металл_зеленый_S_M_L,5,0.3746268656716418,x,панто_металл_зеленый,S_M_L,X,Y
панто_металл_золотой_M_L_L,5,0.37492537313432833,x,панто_металл_золотой,M_L_L,X,X
панто_металл_желтый/зеленый_L_M_L,5,0.37522388059701495,x,панто_металл_желтый/зеленый,L_M_L,X,X
капли_титан_серый_M_L_M,5,0.3755223880597015,x,капли_титан_серый,M_L_M,X,X
капли_титан_золотой_M_L_M,5,0.37582089552238807,x,капли_титан_золотой,M_L_M,x,X
панто_титан_черный_L_M_L,5,0.3761194029850746,x,панто_титан_черный,L_M_L,X,X
панто_титан_черный/коричневый_L_L_L,5,0.3764179104477612,x,панто_титан_черный/коричневый,L_L_L,Y,X
панто_титан_темно-серый_L_M_L,5,0.37671641791044774,x,панто_титан_темно-серый,L_M_L,X,X
половинки_металл_серый_L_L_L,5,0.3770149253731343,x,половинки_металл_серый,L_L_L,X,X
квадратные_титан_серый_M_M_L,5,0.3773134328358209,x,квадратные_титан_серый,M_M_L,X,X
квадратные_пластик_темно-серый_M_L_L,5,0.3776119402985075,x,квадратные_пластик_темно-серый,M_L_L,X,X
панто_титан_бронзовый_M_M_M,5,0.37791044776119403,x,панто_титан_бронзовый,M_M_M,X,X
квадратные_металл_коричневый/серебристый_M_L_L,5,0.3782089552238806,x,квадратные_металл_коричневый/серебристый,M_L_L,Y,X
бабочка_металл_темно-серый_L_M_S,5,0.37850746268656715,x,бабочка_металл_темно-серый,L_M_S,X,Z
панто_пластик_синий_S_S_L,5,0.3788059701492537,x,панто_пластик_синий,S_S_L,X,y
бабочка_металл_черный/красный_M_L_M,5,0.37910447761194027,x,бабочка_металл_черный/красный,M_L_M,Y,X
бабочка_металл_черный/золотой_L_S_M,5,0.3794029850746269,x,бабочка_металл_черный/золотой,L_S_M,X,y
бабочка_металл_фиолетовый_L_L_M,5,0.37970149253731345,x,бабочка_металл_фиолетовый,L_L_M,X,X
квадратные_пластик_черный_S_S_L,5,0.38,x,квадратные_пластик_черный,S_S_L,X,y
прямоугольные_титан_черный_M_L_S,5,0.38029850746268656,x,прямоугольные_титан_черный,M_L_S,X,X
трапеция_металл_серый_M_M_L,5,0.3805970149253731,x,трапеция_металл_серый,M_M_L,X,X
трапеция_металл_серебристый_M_M_L,5,0.3808955223880597,x,трапеция_металл_серебристый,M_M_L,X,X
квадратные_пластик_темно-серый_M_L_M,5,0.38119402985074624,x,квадратные_пластик_темно-серый,M_L_M,X,X
гексагон_титан_золотой_M_L_M,5,0.38149253731343286,x,гексагон_титан_золотой,M_L_M,x,X
кошачий глаз_пластик_прозрачный_M_M_M,5,0.3817910447761194,x,кошачий глаз_пластик_прозрачный,M_M_M,x,X
кошачий глаз_пластик_многоцветный_L_L_M,5,0.382089552238806,x,кошачий глаз_пластик_многоцветный,L_L_M,X,X
прямоугольные_пластик_черный/зеленый_S_M_M,5,0.38238805970149253,x,прямоугольные_пластик_черный/зеленый,S_M_M,x,X
бабочка_пластик_черный/зеленый_M_L_M,5,0.3826865671641791,x,бабочка_пластик_черный/зеленый,M_L_M,x,X
бабочка_пластик_прозрачный_M_M_M,5,0.38298507462686565,x,бабочка_пластик_прозрачный,M_M_M,X,X
бабочка_пластик_черный/прозрачный_L_L_M,5,0.38328358208955227,x,бабочка_пластик_черный/прозрачный,L_L_M,X,X
прямоугольные_металл_черный_S_M_M,5,0.3835820895522388,x,прямоугольные_металл_черный,S_M_M,X,X
необычные_пластик_прозрачный_L_M_M,5,0.3838805970149254,x,необычные_пластик_прозрачный,L_M_M,x,Y
овальные_металл_малиновый_S_M_M,5,0.38417910447761194,x,овальные_металл_малиновый,S_M_M,Y,X
бабочка_титан_черный/золотой_L_L_M,5,0.3844776119402985,x,бабочка_титан_черный/золотой,L_L_M,X,X
необычные_металл_зеленый_M_M_L,5,0.38477611940298506,x,необычные_металл_зеленый,M_M_L,x,X
необычные_пластик_черный_L_M_M,5,0.3850746268656716,x,необычные_пластик_черный,L_M_M,X,Y
необычные_пластик_черный_M_L_L,5,0.38537313432835824,x,необычные_пластик_черный,M_L_L,X,X
прямоугольные_пластик_розовый_M_L_S,5,0.3856716417910448,x,прямоугольные_пластик_розовый,M_L_S,X,X
гексагон_металл_черный_M_M_L,5,0.38597014925373135,x,гексагон_металл_черный,M_M_L,X,X
гексагон_металл_черный/золотой_M_M_M,5,0.3862686567164179,x,гексагон_металл_черный/золотой,M_M_M,X,X
гексагон_металл_фиолетовый_S_M_M,5,0.38656716417910447,x,гексагон_металл_фиолетовый,S_M_M,X,X
гексагон_металл_черный/золотой_M_L_L,5,0.38686567164179103,x,гексагон_металл_черный/золотой,M_L_L,X,X
овальные_пластик_черный/розовый_S_S_M,5,0.3871641791044776,x,овальные_пластик_черный/розовый,S_S_M,Y,x
бабочка_титан_бежевый_M_L_M,5,0.3874626865671642,x,бабочка_титан_бежевый,M_L_M,Y,X
овальные_пластик_прозрачный_M_M_M,5,0.38776119402985076,x,овальные_пластик_прозрачный,M_M_M,X,X
овальные_пластик_коричневый_M_L_M,5,0.3880597014925373,x,овальные_пластик_коричневый,M_L_M,X,X
прямоугольные_титан_коричневый_L_L_L,5,0.3883582089552239,x,прямоугольные_титан_коричневый,L_L_L,x,X
спортивные_пластик_коричневый_L_L_M,5,0.38865671641791044,x,спортивные_пластик_коричневый,L_L_M,Y,X
бабочка_металл и пластик_бежевый_M_L_L,5,0.388955223880597,x,бабочка_металл и пластик_бежевый,M_L_L,Y,X
гексагон_металл_золотой_M_L_L,5,0.38925373134328356,x,гексагон_металл_золотой,M_L_L,X,X
гексагон_металл_бордовый_M_L_M,5,0.3895522388059702,x,гексагон_металл_бордовый,M_L_M,x,X
круглые_металл_черный/золотой_L_M_L,5,0.38985074626865673,x,круглые_металл_черный/золотой,L_M_L,X,X
гексагон_металл и пластик_серый_L_S_L,5,0.3901492537313433,x,гексагон_металл и пластик_серый,L_S_L,Y,Y
необычные_металл_синий/золотой_L_M_L,5,0.39044776119402985,x,необычные_металл_синий/золотой,L_M_L,X,X
кошачий глаз_пластик_темно-серый_L_L_M,5,0.3907462686567164,x,кошачий глаз_пластик_темно-серый,L_L_M,x,X
кошачий глаз_пластик_серый_M_M_L,5,0.39104477611940297,x,кошачий глаз_пластик_серый,M_M_L,X,X
бабочка_пластик_красный_L_L_S,5,0.39134328358208953,x,бабочка_пластик_красный,L_L_S,X,Y
бабочка_титан_серебристый_M_L_L,5,0.39164179104477614,x,бабочка_титан_серебристый,M_L_L,X,X
бабочка_пластик_черный/синий_M_L_S,5,0.3919402985074627,x,бабочка_пластик_черный/синий,M_L_S,Y,X
прямоугольные_металл и пластик_черный/серый_M_L_L,5,0.39223880597014926,x,прямоугольные_металл и пластик_черный/серый,M_L_L,Y,X
овальные_металл_серебристый_S_M_L,5,0.3925373134328358,x,овальные_металл_серебристый,S_M_L,X,Y
трапеция_металл_золотой_L_L_L,5,0.3928358208955224,x,трапеция_металл_золотой,L_L_L,X,X
трапеция_металл_бронзовый_M_L_M,5,0.39313432835820894,x,трапеция_металл_бронзовый,M_L_M,x,X
бабочка_пластик_зеленый_L_L_L,5,0.3934328358208955,x,бабочка_пластик_зеленый,L_L_L,X,X
бабочка_пластик_гавана_L_L_L,5,0.3937313432835821,x,бабочка_пластик_гавана,L_L_L,X,X
бабочка_пластик_гавана_L_L_S,5,0.3940298507462687,x,бабочка_пластик_гавана,L_L_S,X,Y
квадратные_титан_черный/золотой_M_L_M,5,0.39432835820895523,x,квадратные_титан_черный/золотой,M_L_M,x,X
гексагон_титан_бронзовый_M_L_M,5,0.3946268656716418,x,гексагон_титан_бронзовый,M_L_M,Y,X
гексагон_титан_желтый/зеленый_M_L_M,5,0.39492537313432835,x,гексагон_титан_желтый/зеленый,M_L_M,Y,X
гексагон_пластик_черепаховый_L_M_L,5,0.3952238805970149,x,гексагон_пластик_черепаховый,L_M_L,x,X
гексагон_пластик_многоцветный_M_M_L,5,0.39552238805970147,x,гексагон_пластик_многоцветный,M_M_L,x,X
необычные_металл_черный/серый_L_M_L,5,0.3958208955223881,x,необычные_металл_черный/серый,L_M_L,x,X
бабочка_металл и пластик_синий/золотой_M_M_L,4,0.39611940298507464,x,бабочка_металл и пластик_синий/золотой,M_M_L,X,X
трапеция_пластик_серый_M_L_S,4,0.3964179104477612,x,трапеция_пластик_серый,M_L_S,X,X
трапеция_титан_серый_M_L_S,4,0.39671641791044776,x,трапеция_титан_серый,M_L_S,X,X
трапеция_титан_золотой_M_L_M,4,0.3970149253731343,x,трапеция_титан_золотой,M_L_M,X,X
трапеция_титан_бронзовый_M_L_M,4,0.3973134328358209,x,трапеция_титан_бронзовый,M_L_M,Y,X
бабочка_металл и пластик_зеленый_M_M_M,4,0.39761194029850744,x,бабочка_металл и пластик_зеленый,M_M_M,X,X
панто_металл_черный/синий_M_S_L,4,0.39791044776119405,x,панто_металл_черный/синий,M_S_L,X,x
квадратные_пластик_бежевый_L_L_M,4,0.3982089552238806,x,квадратные_пластик_бежевый,L_L_M,Y,X
квадратные_металл_черный/серый_L_L_L,4,0.39850746268656717,x,квадратные_металл_черный/серый,L_L_L,x,X
панто_металл_черный/золотой_L_M_M,4,0.39880597014925373,x,панто_металл_черный/золотой,L_M_M,X,Y
квадратные_пластик_коричневый_M_L_L,4,0.3991044776119403,x,квадратные_пластик_коричневый,M_L_L,X,X
панто_металл_сиреневый_S_S_M,4,0.39940298507462685,x,панто_металл_сиреневый,S_S_M,X,x
бабочка_металл_персиковый_M_L_M,4,0.3997014925373134,x,бабочка_металл_персиковый,M_L_M,Y,X
трапеция_пластик_бирюзовый_L_L_L,4,0.4,x,трапеция_пластик_бирюзовый,L_L_L,X,X
бабочка_металл_золотой_S_S_S,4,0.4002985074626866,x,бабочка_металл_золотой,S_S_S,X,x
бабочка_металл_зеленый_L_S_M,4,0.40059701492537314,x,бабочка_металл_зеленый,L_S_M,X,y
трапеция_пластик_прозрачный_L_L_L,4,0.4008955223880597,x,трапеция_пластик_прозрачный,L_L_L,X,X
трапеция_пластик_прозрачный_M_L_L,4,0.40119402985074626,x,трапеция_пластик_прозрачный,M_L_L,X,X
трапеция_пластик_прозрачный_M_L_S,4,0.4014925373134328,x,трапеция_пластик_прозрачный,M_L_S,X,X
бабочка_металл_желтый_L_L_M,4,0.4017910447761194,x,бабочка_металл_желтый,L_L_M,X,X
трапеция_пластик_многоцветный_M_L_M,4,0.402089552238806,x,трапеция_пластик_многоцветный,M_L_M,x,X
трапеция_пластик_зеленый_S_M_S,4,0.40238805970149255,x,трапеция_пластик_зеленый,S_M_S,x,x
круглые_пластик_многоцветный_M_M_M,4,0.4026865671641791,x,круглые_пластик_многоцветный,M_M_M,x,X
круглые_пластик_бордовый_S_S_M,4,0.40298507462686567,x,круглые_пластик_бордовый,S_S_M,Y,x
круглые_металл_коричневый_L_M_L,4,0.40328358208955223,x,круглые_металл_коричневый,L_M_L,X,X
круглые_металл_черный_S_S_M,4,0.4035820895522388,x,круглые_металл_черный,S_S_M,X,x
бабочка_титан_золотой_M_M_M,4,0.40388059701492535,x,бабочка_титан_золотой,M_M_M,X,X
бабочка_титан_желтый_L_L_L,4,0.40417910447761196,x,бабочка_титан_желтый,L_L_L,X,X
прямоугольные_пластик_темно-серый_L_L_S,4,0.4044776119402985,x,прямоугольные_пластик_темно-серый,L_L_S,X,Y
прямоугольные_пластик_серый_S_L_M,4,0.4047761194029851,x,прямоугольные_пластик_серый,S_L_M,X,y
прямоугольные_пластик_серый_S_M_S,4,0.40507462686567164,x,прямоугольные_пластик_серый,S_M_S,X,x
прямоугольные_пластик_черный/серый_S_M_M,4,0.4053731343283582,x,прямоугольные_пластик_черный/серый,S_M_M,X,X
прямоугольные_пластик_черный/синий_M_L_M,4,0.40567164179104476,x,прямоугольные_пластик_черный/синий,M_L_M,X,X
прямоугольные_пластик_черный/синий_S_M_S,4,0.4059701492537313,x,прямоугольные_пластик_черный/синий,S_M_S,X,x
бабочка_пластик_черный/белый_M_L_M,4,0.40626865671641793,x,бабочка_пластик_черный/белый,M_L_M,x,X
прямоугольные_пластик_черный/белый_L_L_M,4,0.4065671641791045,x,прямоугольные_пластик_черный/белый,L_L_M,x,X
прямоугольные_пластик_темно-серый_S_M_S,4,0.40686567164179105,x,прямоугольные_пластик_темно-серый,S_M_S,X,x
овальные_металл_коричневый/золотой_L_L_M,4,0.4071641791044776,x,овальные_металл_коричневый/золотой,L_L_M,X,X
овальные_металл_золотой_L_M_L,4,0.40746268656716417,x,овальные_металл_золотой,L_M_L,X,X
овальные_металл_золотой_M_S_L,4,0.4077611940298507,x,овальные_металл_золотой,M_S_L,X,x
овальные_металл_желтый_M_M_L,4,0.40805970149253734,x,овальные_металл_желтый,M_M_L,Y,X
кошачий глаз_металл_фиолетовый_M_M_L,4,0.4083582089552239,x,кошачий глаз_металл_фиолетовый,M_M_L,X,X
кошачий глаз_металл_черный/золотой_L_M_L,4,0.40865671641791046,x,кошачий глаз_металл_черный/золотой,L_M_L,X,X
кошачий глаз_металл_бирюзовый_M_L_L,4,0.408955223880597,x,кошачий глаз_металл_бирюзовый,M_L_L,Y,X
прямоугольные_пластик_прозрачный_S_S_S,4,0.4092537313432836,x,прямоугольные_пластик_прозрачный,S_S_S,X,x
прямоугольные_пластик_прозрачный_M_M_M,4,0.40955223880597014,x,прямоугольные_пластик_прозрачный,M_M_M,X,X
прямоугольные_пластик_прозрачный_S_S_M,4,0.4098507462686567,x,прямоугольные_пластик_прозрачный,S_S_M,X,x
бабочка_титан_синий/золотой_M_L_S,4,0.4101492537313433,x,бабочка_титан_синий/золотой,M_L_S,X,X
бабочка_титан_синий/серебристый_M_L_M,4,0.41044776119402987,x,бабочка_титан_синий/серебристый,M_L_M,Y,X
бабочка_титан_серый/золотой_M_L_M,4,0.41074626865671643,x,бабочка_титан_серый/золотой,M_L_M,x,X
бабочка_титан_серый/золотой_M_M_L,4,0.411044776119403,x,бабочка_титан_серый/золотой,M_M_L,x,X
прямоугольные_пластик_красный_L_L_M,4,0.41134328358208955,x,прямоугольные_пластик_красный,L_L_M,Y,X
овальные_металл_серебристый_M_M_L,4,0.4116417910447761,x,овальные_металл_серебристый,M_M_L,X,X
овальные_металл_серый/коричневый_M_L_M,4,0.41194029850746267,x,овальные_металл_серый/коричневый,M_L_M,Y,X
овальные_металл_розовый_M_L_L,4,0.4122388059701493,x,овальные_металл_розовый,M_L_L,X,X
кошачий глаз_металл_синий/золотой_M_M_L,4,0.41253731343283584,x,кошачий глаз_металл_синий/золотой,M_M_L,X,X
кошачий глаз_металл_серебристый_M_L_L,4,0.4128358208955224,x,кошачий глаз_металл_серебристый,M_L_L,X,X
кошачий глаз_металл_серебристый_M_L_M,4,0.41313432835820896,x,кошачий глаз_металл_серебристый,M_L_M,X,X
кошачий глаз_металл_серебристый_M_S_L,4,0.4134328358208955,x,кошачий глаз_металл_серебристый,M_S_L,X,x
овальные_металл_коричневый_L_L_M,4,0.4137313432835821,x,овальные_металл_коричневый,L_L_M,X,X
бабочка_титан_многоцветный_M_M_M,4,0.41402985074626864,x,бабочка_титан_многоцветный,M_M_M,X,X
бабочка_титан_коричневый/золотой_M_M_M,4,0.41432835820895525,x,бабочка_титан_коричневый/золотой,M_M_M,X,X
бабочка_титан_красный_M_L_M,4,0.4146268656716418,x,бабочка_титан_красный,M_L_M,Y,X
бабочка_пластик_розовый_M_M_L,4,0.41492537313432837,x,бабочка_пластик_розовый,M_M_L,X,X
бабочка_пластик_фиолетовый_L_L_S,4,0.4152238805970149,x,бабочка_пластик_фиолетовый,L_L_S,X,Y
бабочка_пластик_сиреневый_S_M_S,4,0.4155223880597015,x,бабочка_пластик_сиреневый,S_M_S,X,x
бабочка_пластик_темно-серый_L_L_M,4,0.41582089552238805,x,бабочка_пластик_темно-серый,L_L_M,X,X
кошачий глаз_металл_синий_M_L_M,4,0.4161194029850746,x,кошачий глаз_металл_синий,M_L_M,X,X
кошачий глаз_пластик_коричневый_L_L_M,4,0.4164179104477612,x,кошачий глаз_пластик_коричневый,L_L_M,X,X
кошачий глаз_пластик_гавана_L_L_M,4,0.4167164179104478,x,кошачий глаз_пластик_гавана,L_L_M,x,X
необычные_титан_зеленый_L_M_L,4,0.41701492537313434,x,необычные_титан_зеленый,L_M_L,Y,X
прямоугольные_металл_черный/зеленый_L_L_M,4,0.4173134328358209,x,прямоугольные_металл_черный/зеленый,L_L_M,X,X
прямоугольные_металл_черный/зеленый_M_L_L,4,0.41761194029850746,x,прямоугольные_металл_черный/зеленый,M_L_L,X,X
прямоугольные_металл_темно-серый_S_S_M,4,0.417910447761194,x,прямоугольные_металл_темно-серый,S_S_M,X,x
прямоугольные_металл_фиолетовый_M_L_L,4,0.4182089552238806,x,прямоугольные_металл_фиолетовый,M_L_L,X,X
прямоугольные_металл_синий_S_S_M,4,0.4185074626865672,x,прямоугольные_металл_синий,S_S_M,X,x
прямоугольные_металл_черный/серый_M_M_M,4,0.41880597014925375,x,прямоугольные_металл_черный/серый,M_M_M,X,X
прямоугольные_металл_черный/синий_M_L_L,4,0.4191044776119403,x,прямоугольные_металл_черный/синий,M_L_L,X,X
прямоугольные_металл_черный/красный_L_L_L,4,0.41940298507462687,x,прямоугольные_металл_черный/красный,L_L_L,Y,X
вайфайеры_пластик_черный_S_M_M,4,0.4197014925373134,x,вайфайеры_пластик_черный,S_M_M,X,X
вайфайеры_пластик_черный/синий_S_S_S,4,0.42,x,вайфайеры_пластик_черный/синий,S_S_S,x,x
вайфайеры_пластик_черный_L_L_L,4,0.42029850746268654,x,вайфайеры_пластик_черный,L_L_L,X,X
прямоугольные_пластик_зеленый_M_L_S,4,0.42059701492537316,x,прямоугольные_пластик_зеленый,M_L_S,X,X
вайфайеры_пластик_черепаховый_L_L_L,4,0.4208955223880597,x,вайфайеры_пластик_черепаховый,L_L_L,Y,X
вайфайеры_пластик_прозрачный_L_M_L,4,0.4211940298507463,x,вайфайеры_пластик_прозрачный,L_M_L,x,X
вайфайеры_пластик_бирюзовый_S_S_S,4,0.42149253731343284,x,вайфайеры_пластик_бирюзовый,S_S_S,Y,x
прямоугольные_пластик_голубой_L_L_M,4,0.4217910447761194,x,прямоугольные_пластик_голубой,L_L_M,X,X
прямоугольные_пластик_гавана_L_L_L,4,0.42208955223880595,x,прямоугольные_пластик_гавана,L_L_L,X,X
прямоугольные_пластик_гавана_L_M_L,4,0.4223880597014925,x,прямоугольные_пластик_гавана,L_M_L,X,X
прямоугольные_пластик_бирюзовый_S_S_M,4,0.42268656716417913,x,прямоугольные_пластик_бирюзовый,S_S_M,X,x
прямоугольные_пластик_бордовый_M_L_M,4,0.4229850746268657,x,прямоугольные_пластик_бордовый,M_L_M,X,X
прямоугольные_пластик_белый_L_M_L,4,0.42328358208955225,x,прямоугольные_пластик_белый,L_M_L,Y,X
овальные_металл_черный/серебристый_M_L_M,4,0.4235820895522388,x,овальные_металл_черный/серебристый,M_L_M,X,X
кошачий глаз_металл_бордовый_M_M_M,4,0.42388059701492536,x,кошачий глаз_металл_бордовый,M_M_M,X,X
кошачий глаз_металл_зеленый_M_L_M,4,0.4241791044776119,x,кошачий глаз_металл_зеленый,M_L_M,Y,X
бабочка_пластик_синий_S_M_S,4,0.4244776119402985,x,бабочка_пластик_синий,S_M_S,X,x
бабочка_пластик_синий_S_S_L,4,0.4247761194029851,x,бабочка_пластик_синий,S_S_L,X,y
бабочка_пластик_серый_M_M_M,4,0.42507462686567166,x,бабочка_пластик_серый,M_M_M,X,X
бабочка_пластик_серый_M_M_S,4,0.4253731343283582,x,бабочка_пластик_серый,M_M_S,X,Y
бабочка_пластик_серый_L_L_M,4,0.4256716417910448,x,бабочка_пластик_серый,L_L_M,X,X
бабочка_пластик_серый_L_L_S,4,0.42597014925373133,x,бабочка_пластик_серый,L_L_S,X,Y
прямоугольные_титан_синий_M_L_L,4,0.4262686567164179,x,прямоугольные_титан_синий,M_L_L,X,X
прямоугольные_титан_серый/серебристый_L_L_M,4,0.42656716417910445,x,прямоугольные_титан_серый/серебристый,L_L_M,Y,X
бабочка_пластик_многоцветный_S_S_S,4,0.42686567164179107,x,бабочка_пластик_многоцветный,S_S_S,X,x
бабочка_пластик_многоцветный_L_M_L,4,0.4271641791044776,x,бабочка_пластик_многоцветный,L_M_L,X,X
бабочка_пластик_многоцветный_L_L_L,4,0.4274626865671642,x,бабочка_пластик_многоцветный,L_L_L,X,X
необычные_пластик_черный_M_M_L,4,0.42776119402985074,x,необычные_пластик_черный,M_M_L,X,X
кошачий глаз_пластик_многоцветный_S_S_S,4,0.4280597014925373,x,кошачий глаз_пластик_многоцветный,S_S_S,X,x
необычные_пластик_черный_L_M_L,4,0.42835820895522386,x,необычные_пластик_черный,L_M_L,X,X
необычные_пластик_синий_M_L_M,4,0.4286567164179104,x,необычные_пластик_синий,M_L_M,x,X
необычные_пластик_зеленый_L_L_L,4,0.42895522388059704,x,необычные_пластик_зеленый,L_L_L,Y,X
необычные_пластик_бордовый_M_L_M,4,0.4292537313432836,x,необычные_пластик_бордовый,M_L_M,Y,X
гексагон_металл_черный/серебристый_M_M_M,4,0.42955223880597015,x,гексагон_металл_черный/серебристый,M_M_M,x,X
гексагон_металл_серый/золотой_S_M_M,4,0.4298507462686567,x,гексагон_металл_серый/золотой,S_M_M,x,X
гексагон_металл_многоцветный_M_M_L,4,0.4301492537313433,x,гексагон_металл_многоцветный,M_M_L,X,X
гексагон_металл_розовый_M_L_M,4,0.43044776119402983,x,гексагон_металл_розовый,M_L_M,X,X
гексагон_металл_красный_M_M_M,4,0.4307462686567164,x,гексагон_металл_красный,M_M_M,Y,X
гексагон_металл_золотой_M_L_S,4,0.431044776119403,x,гексагон_металл_золотой,M_L_S,X,X
вайфайеры_пластик_черный/розовый_S_S_S,4,0.43134328358208956,x,вайфайеры_пластик_черный/розовый,S_S_S,Y,x
вайфайеры_пластик_черный/серый_S_S_M,4,0.4316417910447761,x,вайфайеры_пластик_черный/серый,S_S_M,x,x
вайфайеры_пластик_черный/синий_M_M_M,4,0.4319402985074627,x,вайфайеры_пластик_черный/синий,M_M_M,x,X
гексагон_металл_бронзовый_M_L_L,4,0.43223880597014924,x,гексагон_металл_бронзовый,M_L_L,X,X
гексагон_металл_бежевый_M_M_M,4,0.4325373134328358,x,гексагон_металл_бежевый,M_M_M,X,X
гексагон_металл и пластик_серебристый_M_L_M,4,0.43283582089552236,x,гексагон_металл и пластик_серебристый,M_L_M,Y,X
прямоугольные_титан_черный/золотой_M_L_S,4,0.433134328358209,x,прямоугольные_титан_черный/золотой,M_L_S,x,X
бабочка_пластик_красный_M_M_S,4,0.43343283582089553,x,бабочка_пластик_красный,M_M_S,X,Y
бабочка_пластик_красный_S_M_M,4,0.4337313432835821,x,бабочка_пластик_красный,S_M_M,X,X
бабочка_пластик_красный_S_S_S,4,0.43402985074626865,x,бабочка_пластик_красный,S_S_S,X,x
бабочка_пластик_коричневый_M_M_M,4,0.4343283582089552,x,бабочка_пластик_коричневый,M_M_M,X,X
бабочка_пластик_красный_L_L_M,4,0.43462686567164177,x,бабочка_пластик_красный,L_L_M,X,X
бабочка_пластик_коричневый_L_M_L,4,0.4349253731343284,x,бабочка_пластик_коричневый,L_M_L,X,X
необычные_металл_черный/серебристый_M_M_L,4,0.43522388059701494,x,необычные_металл_черный/серебристый,M_M_L,X,X
необычные_металл_черный/золотой_L_M_M,4,0.4355223880597015,x,необычные_металл_черный/золотой,L_M_M,X,Y
необычные_металл_синий/серебристый_L_L_L,4,0.43582089552238806,x,необычные_металл_синий/серебристый,L_L_L,X,X
кошачий глаз_пластик_фиолетовый_M_L_M,4,0.4361194029850746,x,кошачий глаз_пластик_фиолетовый,M_L_M,X,X
бабочка_металл_черный/серебристый_S_M_M,4,0.4364179104477612,x,бабочка_металл_черный/серебристый,S_M_M,X,X
бабочка_пластик_бордовый_S_S_L,4,0.43671641791044774,x,бабочка_пластик_бордовый,S_S_L,X,y
гексагон_титан_фиолетовый_M_M_L,4,0.43701492537313436,x,гексагон_титан_фиолетовый,M_M_L,x,X
прямоугольные_металл_бронзовый_L_L_M,4,0.4373134328358209,x,прямоугольные_металл_бронзовый,L_L_M,X,X
прямоугольные_металл и пластик_черный_M_L_M,4,0.4376119402985075,x,прямоугольные_металл и пластик_черный,M_L_M,Y,X
прямоугольные_металл_бордовый_L_M_M,4,0.43791044776119403,x,прямоугольные_металл_бордовый,L_M_M,X,Y
половинки_титан_золотой_M_L_L,4,0.4382089552238806,x,половинки_титан_золотой,M_L_L,Y,X
половинки_металл_темно-серый_M_L_L,4,0.43850746268656715,x,половинки_металл_темно-серый,M_L_L,X,X
прямоугольные_металл_коричневый_M_M_S,4,0.4388059701492537,x,прямоугольные_металл_коричневый,M_M_S,X,Y
гексагон_пластик_черный_M_L_M,4,0.4391044776119403,x,гексагон_пластик_черный,M_L_M,x,X
квадратные_титан_коричневый_L_L_M,4,0.4394029850746269,x,квадратные_титан_коричневый,L_L_M,x,X
квадратные_титан_бронзовый_M_L_L,4,0.43970149253731344,x,квадратные_титан_бронзовый,M_L_L,Y,X
панто_металл и пластик_черный_L_M_L,4,0.44,x,панто_металл и пластик_черный,L_M_L,Y,X
панто_металл и пластик_черный/красный_L_M_L,4,0.44029850746268656,x,панто_металл и пластик_черный/красный,L_M_L,Y,X
квадратные_титан_черный_M_M_L,4,0.4405970149253731,x,квадратные_титан_черный,M_M_L,X,X
квадратные_титан_темно-серый_M_L_L,4,0.4408955223880597,x,квадратные_титан_темно-серый,M_L_L,X,X
квадратные_титан_черный/золотой_L_L_L,4,0.4411940298507463,x,квадратные_титан_черный/золотой,L_L_L,x,X
овальные_титан_фиолетовый_M_L_S,4,0.44149253731343285,x,овальные_титан_фиолетовый,M_L_S,Y,X
овальные_титан_черный/серебристый_M_M_L,4,0.4417910447761194,x,овальные_титан_черный/серебристый,M_M_L,Y,X
прямоугольные_металл_серый_L_M_M,4,0.44208955223880597,x,прямоугольные_металл_серый,L_M_M,X,Y
спортивные_пластик_черный_L_L_M,4,0.44238805970149253,x,спортивные_пластик_черный,L_L_M,x,X
трапеция_металл_серый/серебристый_M_L_M,4,0.4426865671641791,x,трапеция_металл_серый/серебристый,M_L_M,Y,X
трапеция_металл_серебристый_M_M_M,4,0.44298507462686565,x,трапеция_металл_серебристый,M_M_M,X,X
трапеция_металл_серебристый_L_L_M,4,0.44328358208955226,x,трапеция_металл_серебристый,L_L_M,X,X
трапеция_металл_серебристый_M_L_L,4,0.4435820895522388,x,трапеция_металл_серебристый,M_L_L,X,X
бабочка_пластик_бордовый_L_M_L,4,0.4438805970149254,x,бабочка_пластик_бордовый,L_M_L,X,X
бабочка_пластик_бежевый_M_L_S,4,0.44417910447761194,x,бабочка_пластик_бежевый,M_L_S,X,X
бабочка_металл_черный_M_M_L,4,0.4444776119402985,x,бабочка_металл_черный,M_M_L,X,X
кошачий глаз_пластик_синий_M_L_L,4,0.44477611940298506,x,кошачий глаз_пластик_синий,M_L_L,X,X
необычные_металл_многоцветный_L_L_M,4,0.4450746268656716,x,необычные_металл_многоцветный,L_L_M,X,X
кошачий глаз_пластик_черный_L_M_L,4,0.44537313432835823,x,кошачий глаз_пластик_черный,L_M_L,X,X
кошачий глаз_пластик_черепаховый_M_M_M,4,0.4456716417910448,x,кошачий глаз_пластик_черепаховый,M_M_M,X,X
кошачий глаз_пластик_черный/белый_M_M_M,4,0.44597014925373135,x,кошачий глаз_пластик_черный/белый,M_M_M,x,X
кошачий глаз_пластик_черепаховый_L_L_L,4,0.4462686567164179,x,кошачий глаз_пластик_черепаховый,L_L_L,X,X
половинки_металл_серебристый/золотой_M_M_L,4,0.44656716417910447,x,половинки_металл_серебристый/золотой,M_M_L,Y,X
половинки_металл_золотой_M_M_L,4,0.44686567164179103,x,половинки_металл_золотой,M_M_L,X,X
половинки_металл_коричневый_L_L_L,4,0.4471641791044776,x,половинки_металл_коричневый,L_L_L,X,X
капли_металл_черный/серебристый_M_L_S,4,0.4474626865671642,x,капли_металл_черный/серебристый,M_L_S,X,X
капли_металл_синий/серебристый_M_L_S,4,0.44776119402985076,x,капли_металл_синий/серебристый,M_L_S,Y,X
капли_металл_темно-серый_L_L_L,4,0.4480597014925373,x,капли_металл_темно-серый,L_L_L,Y,X
капли_металл_серебристый_L_L_L,4,0.4483582089552239,x,капли_металл_серебристый,L_L_L,x,X
квадратные_пластик_черный/серый_L_L_L,4,0.44865671641791044,x,квадратные_пластик_черный/серый,L_L_L,X,X
панто_металл_золотой_S_S_M,4,0.448955223880597,x,панто_металл_золотой,S_S_M,X,x
панто_металл_золотой_L_L_L,4,0.44925373134328356,x,панто_металл_золотой,L_L_L,X,X
панто_металл_желтый_L_L_L,4,0.4495522388059702,x,панто_металл_желтый,L_L_L,Y,X
квадратные_титан_серебристый_L_L_M,4,0.44985074626865673,x,квадратные_титан_серебристый,L_L_M,X,X
квадратные_титан_оранжевый_M_L_M,4,0.4501492537313433,x,квадратные_титан_оранжевый,M_L_M,Y,X
квадратные_титан_серебристый_L_L_L,4,0.45044776119402985,x,квадратные_титан_серебристый,L_L_L,X,X
прямоугольные_металл_бронзовый_S_L_M,4,0.4507462686567164,x,прямоугольные_металл_бронзовый,S_L_M,X,y
панто_пластик_сиреневый_S_S_M,4,0.45104477611940297,x,панто_пластик_сиреневый,S_S_M,X,x
панто_пластик_темно-серый_L_S_L,4,0.4513432835820895,x,панто_пластик_темно-серый,L_S_L,x,Y
панто_титан_черный/золотой_M_M_M,4,0.45164179104477614,x,панто_титан_черный/золотой,M_M_M,X,X
капли_титан_серебристый_L_L_M,4,0.4519402985074627,x,капли_титан_серебристый,L_L_M,x,X
капли_металл_черный_M_L_S,4,0.45223880597014926,x,капли_металл_черный,M_L_S,X,X
панто_титан_серебристый_M_L_L,4,0.4525373134328358,x,панто_титан_серебристый,M_L_L,X,X
панто_металл_коричневый_M_L_M,4,0.4528358208955224,x,панто_металл_коричневый,M_L_M,X,X
панто_металл_коричневый_M_S_L,4,0.45313432835820894,x,панто_металл_коричневый,M_S_L,X,x
панто_металл_коричневый_L_L_M,4,0.4534328358208955,x,панто_металл_коричневый,L_L_M,X,X
квадратные_пластик_черный_M_S_M,4,0.4537313432835821,x,квадратные_пластик_черный,M_S_M,X,y
квадратные_пластик_черный_L_S_L,4,0.45402985074626867,x,квадратные_пластик_черный,L_S_L,X,Y
квадратные_пластик_черный_M_M_S,4,0.45432835820895523,x,квадратные_пластик_черный,M_M_S,X,Y
квадратные_пластик_черный_M_S_L,4,0.4546268656716418,x,квадратные_пластик_черный,M_S_L,X,x
квадратные_пластик_черный/синий_S_M_M,4,0.45492537313432835,x,квадратные_пластик_черный/синий,S_M_M,x,X
бабочка_металл_серый_M_M_L,4,0.4552238805970149,x,бабочка_металл_серый,M_M_L,X,X
бабочка_металл_черный/серебристый_M_L_S,4,0.45552238805970147,x,бабочка_металл_черный/серебристый,M_L_S,X,X
бабочка_металл_фиолетовый_S_L_M,4,0.4558208955223881,x,бабочка_металл_фиолетовый,S_L_M,X,y
трапеция_металл_синий_M_M_M,4,0.45611940298507464,x,трапеция_металл_синий,M_M_M,X,X
трапеция_металл_синий/серебристый_L_L_M,4,0.4564179104477612,x,трапеция_металл_синий/серебристый,L_L_M,X,X
необычные_металл_коричневый/золотой_L_M_L,4,0.45671641791044776,x,необычные_металл_коричневый/золотой,L_M_L,X,X
кошачий глаз_титан_черный/серебристый_M_L_M,4,0.4570149253731343,x,кошачий глаз_титан_черный/серебристый,M_L_M,Y,X
кошачий глаз_титан_розовый_M_L_M,4,0.4573134328358209,x,кошачий глаз_титан_розовый,M_L_M,Y,X
необычные_металл_бежевый_M_L_M,4,0.45761194029850744,x,необычные_металл_бежевый,M_L_M,x,X
необычные_металл_бирюзовый_L_M_L,4,0.45791044776119405,x,необычные_металл_бирюзовый,L_M_L,Y,X
круглые_титан_черный_L_M_L,4,0.4582089552238806,x,круглые_титан_черный,L_M_L,X,X
бабочка_металл_красный_L_L_S,4,0.45850746268656717,x,бабочка_металл_красный,L_L_S,X,Y
квадратные_металл_желтый_M_L_L,4,0.45880597014925373,x,квадратные_металл_желтый,M_L_L,Y,X
панто_металл_серебристый_M_L_L,4,0.4591044776119403,x,панто_металл_серебристый,M_L_L,X,X
квадратные_пластик_черный/коричневый_S_S_M,4,0.45940298507462685,x,квадратные_пластик_черный/коричневый,S_S_M,Y,x
квадратные_пластик_синий_S_S_M,4,0.4597014925373134,x,квадратные_пластик_синий,S_S_M,X,x
панто_титан_желтый/зеленый_M_M_L,4,0.46,x,панто_титан_желтый/зеленый,M_M_L,Y,X
панто_титан_золотой_M_L_L,4,0.4602985074626866,x,панто_титан_золотой,M_L_L,X,X
панто_титан_бронзовый_M_M_L,4,0.46059701492537314,x,панто_титан_бронзовый,M_M_L,X,X
панто_пластик_черный/красный_S_S_M,4,0.4608955223880597,x,панто_пластик_черный/красный,S_S_M,Y,x
панто_пластик_фиолетовый_S_M_M,4,0.46119402985074626,x,панто_пластик_фиолетовый,S_M_M,X,X
квадратные_металл_синий_M_L_L,4,0.4614925373134328,x,квадратные_металл_синий,M_L_L,X,X
панто_металл_черный_L_S_M,4,0.46179104477611943,x,панто_металл_черный,L_S_M,X,y
квадратные_металл_серый_M_L_M,4,0.462089552238806,x,квадратные_металл_серый,M_L_M,X,X
квадратные_металл_серый_S_M_M,4,0.46238805970149255,x,квадратные_металл_серый,S_M_M,X,X
квадратные_металл_синий/золотой_L_L_M,4,0.4626865671641791,x,квадратные_металл_синий/золотой,L_L_M,x,X
квадратные_металл_многоцветный_L_L_M,4,0.46298507462686567,x,квадратные_металл_многоцветный,L_L_M,X,X
квадратные_металл_оливковый_L_L_L,4,0.4632835820895522,x,квадратные_металл_оливковый,L_L_L,Y,X
панто_пластик_голубой_S_S_M,4,0.4635820895522388,x,панто_пластик_голубой,S_S_M,X,x
квадратные_пластик_серый_M_S_L,4,0.4638805970149254,x,квадратные_пластик_серый,M_S_L,X,x
квадратные_пластик_прозрачный_L_S_L,4,0.46417910447761196,x,квадратные_пластик_прозрачный,L_S_L,X,Y
квадратные_пластик_прозрачный_M_L_L,4,0.4644776119402985,x,квадратные_пластик_прозрачный,M_L_L,X,X
квадратные_пластик_многоцветный_S_S_M,4,0.4647761194029851,x,квадратные_пластик_многоцветный,S_S_M,X,x
панто_металл_серый/серебристый_M_M_L,4,0.46507462686567164,x,панто_металл_серый/серебристый,M_M_L,x,X
бабочка_металл_коричневый/серебристый_M_L_M,4,0.4653731343283582,x,бабочка_металл_коричневый/серебристый,M_L_M,Y,X
бабочка_металл_коричневый_L_L_S,4,0.46567164179104475,x,бабочка_металл_коричневый,L_L_S,X,Y
бабочка_металл_серый_L_L_M,4,0.46597014925373137,x,бабочка_металл_серый,L_L_M,X,X
круглые_титан_серебристый_M_M_M,4,0.46626865671641793,x,круглые_титан_серебристый,M_M_M,X,X
круглые_титан_серебристый_L_M_L,4,0.4665671641791045,x,круглые_титан_серебристый,L_M_L,X,X
круглые_пластик_сиреневый_S_S_S,4,0.46686567164179105,x,круглые_пластик_сиреневый,S_S_S,Y,x
круглые_пластик_серый_M_M_L,4,0.4671641791044776,x,круглые_пластик_серый,M_M_L,x,X
трапеция_металл_черный/коричневый_L_L_S,4,0.46746268656716417,x,трапеция_металл_черный/коричневый,L_L_S,x,Y
трапеция_металл_черный/красный_L_L_L,4,0.4677611940298507,x,трапеция_металл_черный/красный,L_L_L,x,X
трапеция_металл_черный/красный_M_L_M,4,0.46805970149253734,x,трапеция_металл_черный/красный,M_L_M,x,X
трапеция_металл_черный/красный_M_M_M,4,0.4683582089552239,x,трапеция_металл_черный/красный,M_M_M,x,X
трапеция_металл_черный/серебристый_L_S_M,4,0.46865671641791046,x,трапеция_металл_черный/серебристый,L_S_M,X,y
трапеция_металл_черный/золотой_L_L_S,4,0.468955223880597,x,трапеция_металл_черный/золотой,L_L_S,X,Y
круглые_металл_черный/золотой_L_L_L,4,0.4692537313432836,x,круглые_металл_черный/золотой,L_L_L,X,X
трапеция_пластик_фиолетовый_M_M_L,4,0.46955223880597013,x,трапеция_пластик_фиолетовый,M_M_L,x,X
бабочка_металл и пластик_голубой_M_L_M,4,0.4698507462686567,x,бабочка_металл и пластик_голубой,M_L_M,Y,X
трапеция_пластик_черный/прозрачный_M_L_L,4,0.4701492537313433,x,трапеция_пластик_черный/прозрачный,M_L_L,X,X
трапеция_титан_сиреневый_M_L_M,4,0.47044776119402987,x,трапеция_титан_сиреневый,M_L_M,Y,X
авиаторы_металл_золотой_L_L_M,4,0.4707462686567164,x,авиаторы_металл_золотой,L_L_M,x,X
трапеция_титан_черный_M_M_L,4,0.471044776119403,x,трапеция_титан_черный,M_M_L,x,X
бабочка_металл_бордовый_S_S_M,3,0.47134328358208955,x,бабочка_металл_бордовый,S_S_M,X,x
трапеция_пластик_гавана_L_M_L,3,0.4716417910447761,x,трапеция_пластик_гавана,L_M_L,Y,X
трапеция_пластик_красный_L_L_L,3,0.47194029850746266,x,трапеция_пластик_красный,L_L_L,Y,X
авиаторы_металл_черный/золотой_L_L_M,3,0.4722388059701493,x,авиаторы_металл_черный/золотой,L_L_M,Y,X
бабочка_металл_бронзовый_M_M_L,3,0.47253731343283584,x,бабочка_металл_бронзовый,M_M_L,X,X
авиаторы_металл_синий/серебристый_L_L_M,3,0.4728358208955224,x,авиаторы_металл_синий/серебристый,L_L_M,Y,X
авиаторы_металл_черный_L_L_S,3,0.47313432835820896,x,авиаторы_металл_черный,L_L_S,Y,Y
круглые_металл_бордовый_M_M_L,3,0.4734328358208955,x,круглые_металл_бордовый,M_M_L,x,X
бабочка_металл и пластик_синий/золотой_M_L_L,3,0.4737313432835821,x,бабочка_металл и пластик_синий/золотой,M_L_L,X,X
бабочка_металл и пластик_бордовый_M_L_L,3,0.47402985074626863,x,бабочка_металл и пластик_бордовый,M_L_L,Y,X
круглые_металл_черный_M_S_L,3,0.47432835820895525,x,круглые_металл_черный,M_S_L,X,x
панто_пластик_сиреневый_S_M_M,3,0.4746268656716418,x,панто_пластик_сиреневый,S_M_M,X,X
панто_пластик_серый_L_S_L,3,0.47492537313432837,x,панто_пластик_серый,L_S_L,X,Y
панто_пластик_серый_M_S_L,3,0.4752238805970149,x,панто_пластик_серый,M_S_L,X,x
панто_пластик_розовый_M_M_L,3,0.4755223880597015,x,панто_пластик_розовый,M_M_L,X,X
панто_пластик_розовый_S_S_L,3,0.47582089552238804,x,панто_пластик_розовый,S_S_L,X,y
квадратные_металл_черный/золотой_L_L_M,3,0.4761194029850746,x,квадратные_металл_черный/золотой,L_L_M,X,X
панто_пластик_бордовый_M_M_M,3,0.4764179104477612,x,панто_пластик_бордовый,M_M_M,X,X
квадратные_металл_синий_M_M_M,3,0.4767164179104478,x,квадратные_металл_синий,M_M_M,X,X
панто_пластик_бежевый_S_S_L,3,0.47701492537313434,x,панто_пластик_бежевый,S_S_L,X,y
бабочка_металл_розовый_S_M_L,3,0.4773134328358209,x,бабочка_металл_розовый,S_M_L,X,Y
панто_пластик_персиковый_L_S_M,3,0.47761194029850745,x,панто_пластик_персиковый,L_S_M,x,y
круглые_металл_коричневый_L_L_L,3,0.477910447761194,x,круглые_металл_коричневый,L_L_L,X,X
круглые_пластик_черный/синий_S_S_M,3,0.47820895522388057,x,круглые_пластик_черный/синий,S_S_M,Y,x
квадратные_металл_серый_M_L_S,3,0.4785074626865672,x,квадратные_металл_серый,M_L_S,X,X
квадратные_металл_серый_M_M_L,3,0.47880597014925375,x,квадратные_металл_серый,M_M_L,X,X
квадратные_металл_многоцветный_M_L_L,3,0.4791044776119403,x,квадратные_металл_многоцветный,M_L_L,X,X
квадратные_металл_серебристый_L_M_L,3,0.47940298507462686,x,квадратные_металл_серебристый,L_M_L,X,X
панто_пластик_малиновый_S_S_L,3,0.4797014925373134,x,панто_пластик_малиновый,S_S_L,Y,y
панто_металл_черный/фиолетовый_L_M_L,3,0.48,x,панто_металл_черный/фиолетовый,L_M_L,y,X
квадратные_металл_черный/золотой_L_L_S,3,0.48029850746268654,x,квадратные_металл_черный/золотой,L_L_S,X,Y
панто_пластик_бирюзовый_L_S_M,3,0.48059701492537316,x,панто_пластик_бирюзовый,L_S_M,Y,y
панто_пластик_бордовый_L_S_M,3,0.4808955223880597,x,панто_пластик_бордовый,L_S_M,X,y
панто_пластик_черный/прозрачный_M_L_L,3,0.4811940298507463,x,панто_пластик_черный/прозрачный,M_L_L,X,X
капли_титан_черный_L_L_M,3,0.48149253731343283,x,капли_титан_черный,L_L_M,Y,X
квадратные_металл_синий/серебристый_L_L_S,3,0.4817910447761194,x,квадратные_металл_синий/серебристый,L_L_S,X,Y
квадратные_металл_синий/серебристый_M_M_M,3,0.48208955223880595,x,квадратные_металл_синий/серебристый,M_M_M,X,X
квадратные_металл_черный/синий_L_L_M,3,0.4823880597014925,x,квадратные_металл_черный/синий,L_L_M,Y,X
квадратные_металл_черный_L_L_S,3,0.4826865671641791,x,квадратные_металл_черный,L_L_S,X,Y
панто_металл_сиреневый_M_S_M,3,0.4829850746268657,x,панто_металл_сиреневый,M_S_M,X,y
панто_металл_черный/белый_M_S_L,3,0.48328358208955224,x,панто_металл_черный/белый,M_S_L,Y,x
панто_металл_черный/оранжевый_L_M_L,3,0.4835820895522388,x,панто_металл_черный/оранжевый,L_M_L,x,X
трапеция_металл_серый_L_M_M,3,0.48388059701492536,x,трапеция_металл_серый,L_M_M,X,Y
бабочка_металл_фиолетовый_M_L_S,3,0.4841791044776119,x,бабочка_металл_фиолетовый,M_L_S,X,X
необычные_металл и пластик_черный/золотой_M_L_L,3,0.4844776119402985,x,необычные_металл и пластик_черный/золотой,M_L_L,Y,X
трапеция_металл_черный_L_M_L,3,0.4847761194029851,x,трапеция_металл_черный,L_M_L,X,X
бабочка_металл_зеленый_L_L_S,3,0.48507462686567165,x,бабочка_металл_зеленый,L_L_S,X,Y
бабочка_металл_зеленый_L_M_L,3,0.4853731343283582,x,бабочка_металл_зеленый,L_M_L,X,X
бабочка_металл_черный/золотой_L_M_L,3,0.4856716417910448,x,бабочка_металл_черный/золотой,L_M_L,X,X
бабочка_металл_серый/серебристый_S_M_M,3,0.48597014925373133,x,бабочка_металл_серый/серебристый,S_M_M,X,X
бабочка_металл_коричневый/золотой_S_M_M,3,0.4862686567164179,x,бабочка_металл_коричневый/золотой,S_M_M,X,X
бабочка_металл_оливковый_M_M_L,3,0.48656716417910445,x,бабочка_металл_оливковый,M_M_L,Y,X
трапеция_пластик_бежевый_L_M_L,3,0.48686567164179106,x,трапеция_пластик_бежевый,L_M_L,x,X
трапеция_пластик_бирюзовый_S_M_S,3,0.4871641791044776,x,трапеция_пластик_бирюзовый,S_M_S,X,x
трапеция_пластик_бирюзовый_S_S_M,3,0.4874626865671642,x,трапеция_пластик_бирюзовый,S_S_M,X,x
круглые_титан_серый_L_M_L,3,0.48776119402985074,x,круглые_титан_серый,L_M_L,X,X
круглые_титан_коричневый/золотой_M_M_L,3,0.4880597014925373,x,круглые_титан_коричневый/золотой,M_M_L,x,X
круглые_металл_зеленый_M_L_L,3,0.48835820895522386,x,круглые_металл_зеленый,M_L_L,Y,X
круглые_металл_золотой_M_M_M,3,0.4886567164179105,x,круглые_металл_золотой,M_M_M,X,X
трапеция_металл_черный/золотой_M_L_L,3,0.48895522388059703,x,трапеция_металл_черный/золотой,M_L_L,X,X
трапеция_металл_черный/серый_L_L_L,3,0.4892537313432836,x,трапеция_металл_черный/серый,L_L_L,X,X
панто_пластик_синий_S_M_L,3,0.48955223880597015,x,панто_пластик_синий,S_M_L,X,Y
панто_металл_черный/серебристый_M_L_L,3,0.4898507462686567,x,панто_металл_черный/серебристый,M_L_L,X,X
панто_металл_серый/золотой_M_M_L,3,0.49014925373134327,x,панто_металл_серый/золотой,M_M_L,X,X
панто_пластик_черный_L_M_M,3,0.49044776119402983,x,панто_пластик_черный,L_M_M,X,Y
квадратные_пластик_коричневый_L_M_L,3,0.49074626865671644,x,квадратные_пластик_коричневый,L_M_L,X,X
квадратные_пластик_красный_L_L_L,3,0.491044776119403,x,квадратные_пластик_красный,L_L_L,Y,X
квадратные_металл_бордовый_S_M_L,3,0.49134328358208956,x,квадратные_металл_бордовый,S_M_L,x,Y
панто_пластик_черный/прозрачный_S_M_M,3,0.4916417910447761,x,панто_пластик_черный/прозрачный,S_M_M,X,X
квадратные_металл_бежевый_M_L_M,3,0.4919402985074627,x,квадратные_металл_бежевый,M_L_M,Y,X
панто_металл_серебристый/золотой_M_M_L,3,0.49223880597014924,x,панто_металл_серебристый/золотой,M_M_L,y,X
панто_металл_серебристый_L_L_L,3,0.4925373134328358,x,панто_металл_серебристый,L_L_L,X,X
квадратные_пластик_зеленый_L_M_L,3,0.4928358208955224,x,квадратные_пластик_зеленый,L_M_L,X,X
квадратные_пластик_зеленый_M_M_M,3,0.493134328358209,x,квадратные_пластик_зеленый,M_M_M,X,X
бабочка_пластик_голубой_L_L_L,3,0.49343283582089553,x,бабочка_пластик_голубой,L_L_L,X,X
бабочка_пластик_голубой_S_M_M,3,0.4937313432835821,x,бабочка_пластик_голубой,S_M_M,X,X
бабочка_пластик_гавана_L_L_M,3,0.49402985074626865,x,бабочка_пластик_гавана,L_L_M,X,X
трапеция_металл_серый_M_M_M,3,0.4943283582089552,x,трапеция_металл_серый,M_M_M,X,X
трапеция_металл_серый_M_S_M,3,0.49462686567164177,x,трапеция_металл_серый,M_S_M,X,y
круглые_металл и пластик_бежевый_M_L_L,3,0.4949253731343284,x,круглые_металл и пластик_бежевый,M_L_L,Y,X
необычные_металл_бордовый_L_M_L,3,0.49522388059701494,x,необычные_металл_бордовый,L_M_L,X,X
бабочка_металл_синий/золотой_L_L_M,3,0.4955223880597015,x,бабочка_металл_синий/золотой,L_L_M,X,X
бабочка_металл_синий/золотой_S_M_M,3,0.49582089552238806,x,бабочка_металл_синий/золотой,S_M_M,X,X
кошачий глаз_титан_бирюзовый_M_M_L,3,0.4961194029850746,x,кошачий глаз_титан_бирюзовый,M_M_L,Y,X
бабочка_металл_розовый_S_M_M,3,0.4964179104477612,x,бабочка_металл_розовый,S_M_M,X,X
трапеция_металл_синий_L_M_M,3,0.49671641791044774,x,трапеция_металл_синий,L_M_M,X,Y
трапеция_металл_темно-серый_M_M_M,3,0.49701492537313435,x,трапеция_металл_темно-серый,M_M_M,X,X
необычные_металл и пластик_коричневый/серебристый_L_M_L,3,0.4973134328358209,x,необычные_металл и пластик_коричневый/серебристый,L_M_L,Y,X
бабочка_металл_черный/золотой_S_M_M,3,0.49761194029850747,x,бабочка_металл_черный/золотой,S_M_M,X,X
панто_металл_синий/серебристый_L_L_M,3,0.49791044776119403,x,панто_металл_синий/серебристый,L_L_M,X,X
квадратные_металл_белый_L_L_L,3,0.4982089552238806,x,квадратные_металл_белый,L_L_L,Y,X
панто_титан_темно-серый_M_M_M,3,0.49850746268656715,x,панто_титан_темно-серый,M_M_M,X,X
панто_титан_черный/золотой_M_M_L,3,0.4988059701492537,x,панто_титан_черный/золотой,M_M_L,X,X
панто_титан_синий_L_M_L,3,0.4991044776119403,x,панто_титан_синий,L_M_L,X,X
капли_металл_черный/серый_M_L_S,3,0.4994029850746269,x,капли_металл_черный/серый,M_L_S,X,X
панто_титан_черный/серебристый_M_M_L,3,0.49970149253731344,x,панто_титан_черный/серебристый,M_M_L,X,X
панто_титан_серый_M_M_M,3,0.5,x,панто_титан_серый,M_M_M,X,X
квадратные_пластик_серый_M_L_L,3,0.5002985074626866,Y,квадратные_пластик_серый,M_L_L,X,X
квадратные_пластик_серый_M_L_S,3,0.5005970149253731,Y,квадратные_пластик_серый,M_L_S,X,X
капли_титан_синий/серебристый_L_L_M,3,0.5008955223880597,Y,капли_титан_синий/серебристый,L_L_M,Y,X
панто_титан_синий/серебристый_L_M_L,3,0.5011940298507462,Y,панто_титан_синий/серебристый,L_M_L,x,X
квадратные_пластик_прозрачный_L_M_L,3,0.5014925373134328,Y,квадратные_пластик_прозрачный,L_M_L,X,X
панто_металл_розовый_S_M_L,3,0.5017910447761194,Y,панто_металл_розовый,S_M_L,X,Y
панто_титан_розовый_M_M_L,3,0.502089552238806,Y,панто_титан_розовый,M_M_L,Y,X
половинки_металл_черный_M_L_L,3,0.5023880597014926,Y,половинки_металл_черный,M_L_L,X,X
половинки_металл_голубой_L_M_L,3,0.5026865671641791,Y,половинки_металл_голубой,L_M_L,y,X
половинки_металл_серебристый_M_L_L,3,0.5029850746268657,Y,половинки_металл_серебристый,M_L_L,X,X
квадратные_пластик_черный/красный_S_S_L,3,0.5032835820895523,Y,квадратные_пластик_черный/красный,S_S_L,Y,y
панто_металл_многоцветный_S_M_M,3,0.5035820895522388,Y,панто_металл_многоцветный,S_M_M,X,X
половинки_металл_черный/золотой_L_M_L,3,0.5038805970149254,Y,половинки_металл_черный/золотой,L_M_L,Y,X
панто_металл_коричневый/серебристый_M_M_L,3,0.5041791044776119,Y,панто_металл_коричневый/серебристый,M_M_L,x,X
бабочка_пластик_красный_M_L_L,3,0.5044776119402985,Y,бабочка_пластик_красный,M_L_L,X,X
бабочка_пластик_красный_S_S_M,3,0.5047761194029851,Y,бабочка_пластик_красный,S_S_M,X,x
прямоугольные_титан_черный/золотой_M_L_M,3,0.5050746268656716,Y,прямоугольные_титан_черный/золотой,M_L_M,x,X
необычные_металл_серебристый_L_L_M,3,0.5053731343283582,Y,необычные_металл_серебристый,L_L_M,X,X
трапеция_металл_коричневый/серебристый_L_L_L,3,0.5056716417910447,Y,трапеция_металл_коричневый/серебристый,L_L_L,X,X
необычные_металл_коричневый_L_L_L,3,0.5059701492537313,Y,необычные_металл_коричневый,L_L_L,X,X
бабочка_пластик_зеленый_L_M_L,3,0.506268656716418,Y,бабочка_пластик_зеленый,L_M_L,X,X
трапеция_металл и пластик_черный/серебристый_L_L_L,3,0.5065671641791045,Y,трапеция_металл и пластик_черный/серебристый,L_L_L,Y,X
бабочка_пластик_бежевый_L_M_L,3,0.5068656716417911,Y,бабочка_пластик_бежевый,L_M_L,X,X
кошачий глаз_пластик_черепаховый_M_L_L,3,0.5071641791044776,Y,кошачий глаз_пластик_черепаховый,M_L_L,X,X
бабочка_металл_черный/серый_S_L_S,3,0.5074626865671642,Y,бабочка_металл_черный/серый,S_L_S,X,z
трапеция_металл_зеленый_L_L_L,3,0.5077611940298508,Y,трапеция_металл_зеленый,L_L_L,x,X
трапеция_металл_зеленый_L_L_M,3,0.5080597014925373,Y,трапеция_металл_зеленый,L_L_M,x,X
половинки_металл_бронзовый_L_M_L,3,0.5083582089552239,Y,половинки_металл_бронзовый,L_M_L,Y,X
панто_металл_красный_M_S_L,3,0.5086567164179104,Y,панто_металл_красный,M_S_L,X,x
гексагон_титан_черный/золотой_M_M_M,3,0.508955223880597,Y,гексагон_титан_черный/золотой,M_M_M,X,X
гексагон_титан_золотой_L_M_M,3,0.5092537313432836,Y,гексагон_титан_золотой,L_M_M,x,Y
гексагон_титан_золотой_M_M_L,3,0.5095522388059701,Y,гексагон_титан_золотой,M_M_L,x,X
капли_металл_серебристый_L_L_M,3,0.5098507462686567,Y,капли_металл_серебристый,L_L_M,x,X
панто_металл_коричневый/золотой_M_L_M,3,0.5101492537313432,Y,панто_металл_коричневый/золотой,M_L_M,X,X
квадратные_пластик_черный/серый_M_M_M,3,0.5104477611940299,Y,квадратные_пластик_черный/серый,M_M_M,X,X
гексагон_титан_темно-серый_L_M_L,3,0.5107462686567165,Y,гексагон_титан_темно-серый,L_M_L,Y,X
гексагон_титан_фиолетовый_M_L_M,3,0.511044776119403,Y,гексагон_титан_фиолетовый,M_L_M,x,X
гексагон_титан_черный/золотой_M_M_L,3,0.5113432835820896,Y,гексагон_титан_черный/золотой,M_M_L,X,X
квадратные_титан_серебристый_M_M_M,3,0.5116417910447761,Y,квадратные_титан_серебристый,M_M_M,X,X
панто_металл_гавана_M_M_L,3,0.5119402985074627,Y,панто_металл_гавана,M_M_L,Y,X
прямоугольные_металл и пластик_многоцветный_L_L_L,3,0.5122388059701493,Y,прямоугольные_металл и пластик_многоцветный,L_L_L,Y,X
кошачий глаз_пластик_фиолетовый_L_L_S,3,0.5125373134328358,Y,кошачий глаз_пластик_фиолетовый,L_L_S,X,Y
бабочка_пластик_прозрачный_M_L_L,3,0.5128358208955224,Y,бабочка_пластик_прозрачный,M_L_L,X,X
бабочка_пластик_прозрачный_M_M_L,3,0.5131343283582089,Y,бабочка_пластик_прозрачный,M_M_L,X,X
необычные_металл_темно-серый_L_M_L,3,0.5134328358208955,Y,необычные_металл_темно-серый,L_M_L,X,X
необычные_металл_темно-серый_M_L_S,3,0.513731343283582,Y,необычные_металл_темно-серый,M_L_S,X,X
спортивные_металл_черный_M_L_M,3,0.5140298507462686,Y,спортивные_металл_черный,M_L_M,x,X
прямоугольные_титан_черный/серебристый_M_L_S,3,0.5143283582089552,Y,прямоугольные_титан_черный/серебристый,M_L_S,X,X
кошачий глаз_пластик_серый_L_M_M,3,0.5146268656716418,Y,кошачий глаз_пластик_серый,L_M_M,X,Y
кошачий глаз_пластик_серый_M_L_L,3,0.5149253731343284,Y,кошачий глаз_пластик_серый,M_L_L,X,X
необычные_металл_розовый_M_M_M,3,0.515223880597015,Y,необычные_металл_розовый,M_M_M,x,X
спортивные_металл_черный_L_L_L,3,0.5155223880597015,Y,спортивные_металл_черный,L_L_L,x,X
необычные_металл_коричневый_S_M_L,3,0.5158208955223881,Y,необычные_металл_коричневый,S_M_L,X,Y
необычные_металл_многоцветный_M_L_L,3,0.5161194029850746,Y,необычные_металл_многоцветный,M_L_L,X,X
необычные_металл_многоцветный_M_L_M,3,0.5164179104477612,Y,необычные_металл_многоцветный,M_L_M,X,X
кошачий глаз_пластик_черный/прозрачный_M_L_S,3,0.5167164179104478,Y,кошачий глаз_пластик_черный/прозрачный,M_L_S,X,X
прямоугольные_титан_черный_L_L_L,3,0.5170149253731343,Y,прямоугольные_титан_черный,L_L_L,X,X
половинки_металл_черный_M_M_L,3,0.5173134328358209,Y,половинки_металл_черный,M_M_L,X,X
половинки_металл_черный_M_M_M,3,0.5176119402985074,Y,половинки_металл_черный,M_M_M,X,X
половинки_металл_черный_S_L_L,3,0.517910447761194,Y,половинки_металл_черный,S_L_L,X,Z
панто_металл_желтый/зеленый_M_L_L,3,0.5182089552238806,Y,панто_металл_желтый/зеленый,M_L_L,X,X
панто_металл_зеленый_L_M_L,3,0.5185074626865671,Y,панто_металл_зеленый,L_M_L,X,X
гексагон_пластик_фиолетовый_S_S_M,3,0.5188059701492538,Y,гексагон_пластик_фиолетовый,S_S_M,Y,x
гексагон_пластик_красный_S_M_M,3,0.5191044776119403,Y,гексагон_пластик_красный,S_M_M,Y,X
прямоугольные_металл_желтый_L_L_L,3,0.5194029850746269,Y,прямоугольные_металл_желтый,L_L_L,Y,X
панто_металл и пластик_многоцветный_L_M_L,3,0.5197014925373135,Y,панто_металл и пластик_многоцветный,L_M_L,Y,X
панто_металл_бордовый_L_M_L,3,0.52,Y,панто_металл_бордовый,L_M_L,X,X
капли_металл и пластик_синий_M_M_L,3,0.5202985074626866,Y,капли_металл и пластик_синий,M_M_L,Y,X
капли_металл_золотой_L_L_L,3,0.5205970149253731,Y,капли_металл_золотой,L_L_L,X,X
гексагон_титан_серый_L_L_L,3,0.5208955223880597,Y,гексагон_титан_серый,L_L_L,Y,X
овальные_пластик_черный/зеленый_S_M_M,3,0.5211940298507463,Y,овальные_пластик_черный/зеленый,S_M_M,Y,X
гексагон_металл_синий/серебристый_S_M_M,3,0.5214925373134328,Y,гексагон_металл_синий/серебристый,S_M_M,X,X
гексагон_металл_синий_L_M_L,3,0.5217910447761194,Y,гексагон_металл_синий,L_M_L,x,X
панто_металл_бордовый_S_M_M,3,0.5220895522388059,Y,панто_металл_бордовый,S_M_M,X,X
панто_металл и пластик_черный/золотой_M_M_L,3,0.5223880597014925,Y,панто_металл и пластик_черный/золотой,M_M_L,x,X
панто_металл и пластик_черный/золотой_L_M_L,3,0.522686567164179,Y,панто_металл и пластик_черный/золотой,L_M_L,x,X
гексагон_металл_черный/золотой_L_L_L,3,0.5229850746268657,Y,гексагон_металл_черный/золотой,L_L_L,X,X
гексагон_металл_синий/серебристый_M_M_L,3,0.5232835820895523,Y,гексагон_металл_синий/серебристый,M_M_L,X,X
прямоугольные_металл_коричневый_S_M_M,3,0.5235820895522388,Y,прямоугольные_металл_коричневый,S_M_M,X,X
овальные_пластик_черный_S_S_M,3,0.5238805970149254,Y,овальные_пластик_черный,S_S_M,X,x
прямоугольные_металл_розовый_L_L_M,3,0.524179104477612,Y,прямоугольные_металл_розовый,L_L_M,X,X
гексагон_пластик_черный_L_L_L,3,0.5244776119402985,Y,гексагон_пластик_черный,L_L_L,x,X
гексагон_металл_синий_M_L_M,3,0.5247761194029851,Y,гексагон_металл_синий,M_L_M,x,X
бабочка_пластик_синий_S_S_S,3,0.5250746268656716,Y,бабочка_пластик_синий,S_S_S,X,x
прямоугольные_пластик_черный/серый_L_L_L,3,0.5253731343283582,Y,прямоугольные_пластик_черный/серый,L_L_L,X,X
необычные_пластик_многоцветный_M_L_M,3,0.5256716417910448,Y,необычные_пластик_многоцветный,M_L_M,X,X
бабочка_пластик_розовый_M_L_L,3,0.5259701492537313,Y,бабочка_пластик_розовый,M_L_L,X,X
бабочка_пластик_розовый_S_S_L,3,0.5262686567164179,Y,бабочка_пластик_розовый,S_S_L,X,y
необычные_металл_черный/золотой_S_M_L,3,0.5265671641791044,Y,необычные_металл_черный/золотой,S_M_L,X,Y
бабочка_пластик_коричневый/золотой_L_L_M,3,0.5268656716417911,Y,бабочка_пластик_коричневый/золотой,L_L_M,Y,X
бабочка_пластик_коричневый_M_M_L,3,0.5271641791044777,Y,бабочка_пластик_коричневый,M_M_L,X,X
необычные_металл_фиолетовый_M_M_M,3,0.5274626865671642,Y,необычные_металл_фиолетовый,M_M_M,x,X
бабочка_пластик_розовый_L_M_L,3,0.5277611940298508,Y,бабочка_пластик_розовый,L_M_L,X,X
необычные_металл_черный/золотой_M_M_M,3,0.5280597014925373,Y,необычные_металл_черный/золотой,M_M_M,X,X
квадратные_титан_черный_M_L_S,3,0.5283582089552239,Y,квадратные_титан_черный,M_L_S,X,X
прямоугольные_металл_многоцветный_M_L_L,3,0.5286567164179105,Y,прямоугольные_металл_многоцветный,M_L_L,X,X
овальные_пластик_фиолетовый_M_L_M,3,0.528955223880597,Y,овальные_пластик_фиолетовый,M_L_M,Y,X
гексагон_титан_бордовый_M_L_M,3,0.5292537313432836,Y,гексагон_титан_бордовый,M_L_M,y,X
квадратные_титан_черный/серебристый_L_L_S,3,0.5295522388059701,Y,квадратные_титан_черный/серебристый,L_L_S,X,Y
прямоугольные_металл_темно-серый_S_M_M,3,0.5298507462686567,Y,прямоугольные_металл_темно-серый,S_M_M,X,X
гексагон_металл_коричневый/золотой_M_L_M,3,0.5301492537313433,Y,гексагон_металл_коричневый/золотой,M_L_M,X,X
гексагон_металл_розовый_M_L_L,3,0.5304477611940298,Y,гексагон_металл_розовый,M_L_L,X,X
гексагон_металл_черный/серебристый_M_L_S,3,0.5307462686567164,Y,гексагон_металл_черный/серебристый,M_L_S,x,X
гексагон_металл_серый/золотой_M_M_M,3,0.531044776119403,Y,гексагон_металл_серый/золотой,M_M_M,x,X
прямоугольные_металл_темно-серый_L_M_L,3,0.5313432835820896,Y,прямоугольные_металл_темно-серый,L_M_L,X,X
кошачий глаз_пластик_коричневый_M_L_S,3,0.5316417910447762,Y,кошачий глаз_пластик_коричневый,M_L_S,X,X
бабочка_пластик_малиновый_M_L_S,3,0.5319402985074627,Y,бабочка_пластик_малиновый,M_L_S,X,X
бабочка_пластик_многоцветный_S_S_M,3,0.5322388059701493,Y,бабочка_пластик_многоцветный,S_S_M,X,x
прямоугольные_титан_бронзовый_M_L_S,3,0.5325373134328358,Y,прямоугольные_титан_бронзовый,M_L_S,Y,X
прямоугольные_титан_желтый_M_L_M,3,0.5328358208955224,Y,прямоугольные_титан_желтый,M_L_M,Y,X
необычные_пластик_черный_L_L_M,3,0.533134328358209,Y,необычные_пластик_черный,L_L_M,X,X
бабочка_пластик_черный/прозрачный_M_L_L,3,0.5334328358208955,Y,бабочка_пластик_черный/прозрачный,M_L_L,X,X
прямоугольные_пластик_черный_S_S_M,3,0.5337313432835821,Y,прямоугольные_пластик_черный,S_S_M,X,x
прямоугольные_титан_бронзовый_M_L_M,3,0.5340298507462686,Y,прямоугольные_титан_бронзовый,M_L_M,Y,X
бабочка_пластик_прозрачный_S_M_S,3,0.5343283582089552,Y,бабочка_пластик_прозрачный,S_M_S,X,x
прямоугольные_титан_коричневый/серебристый_L_L_L,3,0.5346268656716417,Y,прямоугольные_титан_коричневый/серебристый,L_L_L,Y,X
бабочка_пластик_фиолетовый_M_M_L,3,0.5349253731343283,Y,бабочка_пластик_фиолетовый,M_M_L,X,X
прямоугольные_титан_золотой_L_L_S,3,0.535223880597015,Y,прямоугольные_титан_золотой,L_L_S,X,Y
овальные_титан_золотой_M_S_L,3,0.5355223880597015,Y,овальные_титан_золотой,M_S_L,X,x
овальные_пластик_черный_M_L_M,3,0.5358208955223881,Y,овальные_пластик_черный,M_L_M,X,X
гексагон_металл_коричневый/золотой_L_L_M,3,0.5361194029850747,Y,гексагон_металл_коричневый/золотой,L_L_M,X,X
гексагон_металл_черный/золотой_M_L_S,3,0.5364179104477612,Y,гексагон_металл_черный/золотой,M_L_S,X,X
вайфайеры_пластик_черный_S_M_S,3,0.5367164179104478,Y,вайфайеры_пластик_черный,S_M_S,X,x
гексагон_металл_зеленый_M_M_L,3,0.5370149253731343,Y,гексагон_металл_зеленый,M_M_L,Y,X
гексагон_металл_бордовый_M_M_L,3,0.5373134328358209,Y,гексагон_металл_бордовый,M_M_L,x,X
гексагон_металл_бронзовый_M_L_M,3,0.5376119402985075,Y,гексагон_металл_бронзовый,M_L_M,X,X
гексагон_металл и пластик_черепаховый_L_S_L,3,0.537910447761194,Y,гексагон_металл и пластик_черепаховый,L_S_L,Y,Y
гексагон_металл и пластик_коричневый_L_M_L,3,0.5382089552238806,Y,гексагон_металл и пластик_коричневый,L_M_L,Y,X
гексагон_металл и пластик_розовый_L_L_L,3,0.5385074626865671,Y,гексагон_металл и пластик_розовый,L_L_L,Y,X
кошачий глаз_металл и пластик_коричневый/золотой_M_M_L,3,0.5388059701492537,Y,кошачий глаз_металл и пластик_коричневый/золотой,M_M_L,Y,X
вайфайеры_пластик_черный/белый_S_S_M,3,0.5391044776119402,Y,вайфайеры_пластик_черный/белый,S_S_M,Y,x
вайфайеры_пластик_черный/серый_M_M_M,3,0.5394029850746269,Y,вайфайеры_пластик_черный/серый,M_M_M,x,X
кошачий глаз_металл и пластик_многоцветный_M_L_M,3,0.5397014925373135,Y,кошачий глаз_металл и пластик_многоцветный,M_L_M,X,X
овальные_пластик_прозрачный_M_L_S,3,0.54,Y,овальные_пластик_прозрачный,M_L_S,X,X
овальные_пластик_коричневый_M_M_M,3,0.5402985074626866,Y,овальные_пластик_коричневый,M_M_M,X,X
прямоугольные_пластик_зеленый_M_M_M,3,0.5405970149253732,Y,прямоугольные_пластик_зеленый,M_M_M,X,X
вайфайеры_пластик_серый_S_S_L,3,0.5408955223880597,Y,вайфайеры_пластик_серый,S_S_L,Y,y
овальные_металл_черный/серебристый_M_M_M,3,0.5411940298507463,Y,овальные_металл_черный/серебристый,M_M_M,X,X
овальные_металл_черный_L_L_M,3,0.5414925373134328,Y,овальные_металл_черный,L_L_M,X,X
прямоугольные_пластик_бордовый_M_L_L,3,0.5417910447761194,Y,прямоугольные_пластик_бордовый,M_L_L,X,X
прямоугольные_пластик_голубой_S_S_M,3,0.542089552238806,Y,прямоугольные_пластик_голубой,S_S_M,X,x
овальные_пластик_прозрачный_M_L_L,3,0.5423880597014925,Y,овальные_пластик_прозрачный,M_L_L,X,X
прямоугольные_пластик_черепаховый_M_M_L,3,0.5426865671641791,Y,прямоугольные_пластик_черепаховый,M_M_L,x,X
прямоугольные_пластик_сиреневый_S_S_M,3,0.5429850746268656,Y,прямоугольные_пластик_сиреневый,S_S_M,X,x
кошачий глаз_металл_черный_M_L_L,3,0.5432835820895522,Y,кошачий глаз_металл_черный,M_L_L,X,X
прямоугольные_пластик_черный/синий_M_M_M,3,0.5435820895522389,Y,прямоугольные_пластик_черный/синий,M_M_M,X,X
прямоугольные_пластик_черный/красный_S_S_M,3,0.5438805970149254,Y,прямоугольные_пластик_черный/красный,S_S_M,X,x
прямоугольные_пластик_черный/прозрачный_L_M_L,3,0.544179104477612,Y,прямоугольные_пластик_черный/прозрачный,L_M_L,X,X
прямоугольные_пластик_черный/прозрачный_M_L_L,3,0.5444776119402985,Y,прямоугольные_пластик_черный/прозрачный,M_L_L,X,X
необычные_титан_серебристый_L_L_L,3,0.5447761194029851,Y,необычные_титан_серебристый,L_L_L,x,X
кошачий глаз_пластик_красный_S_S_S,3,0.5450746268656717,Y,кошачий глаз_пластик_красный,S_S_S,x,x
кошачий глаз_пластик_малиновый_L_L_M,3,0.5453731343283582,Y,кошачий глаз_пластик_малиновый,L_L_M,Y,X
кошачий глаз_пластик_коричневый_L_M_L,3,0.5456716417910448,Y,кошачий глаз_пластик_коричневый,L_M_L,X,X
кошачий глаз_пластик_коричневый_L_M_M,3,0.5459701492537313,Y,кошачий глаз_пластик_коричневый,L_M_M,X,Y
прямоугольные_пластик_черный/серый_M_M_M,3,0.5462686567164179,Y,прямоугольные_пластик_черный/серый,M_M_M,X,X
прямоугольные_пластик_черный/серый_S_M_S,3,0.5465671641791044,Y,прямоугольные_пластик_черный/серый,S_M_S,X,x
необычные_пластик_фиолетовый_M_M_L,3,0.546865671641791,Y,необычные_пластик_фиолетовый,M_M_L,x,X
необычные_пластик_черный/коричневый_M_M_L,3,0.5471641791044776,Y,необычные_пластик_черный/коричневый,M_M_L,Y,X
прямоугольные_пластик_голубой_L_L_L,3,0.5474626865671641,Y,прямоугольные_пластик_голубой,L_L_L,X,X
прямоугольные_металл_черный_S_M_L,3,0.5477611940298508,Y,прямоугольные_металл_черный,S_M_L,X,Y
прямоугольные_пластик_бирюзовый_S_S_S,3,0.5480597014925374,Y,прямоугольные_пластик_бирюзовый,S_S_S,X,x
овальные_пластик_бронзовый_S_M_M,3,0.5483582089552239,Y,овальные_пластик_бронзовый,S_M_M,Y,X
овальные_пластик_гавана_M_M_L,3,0.5486567164179105,Y,овальные_пластик_гавана,M_M_L,Y,X
бабочка_титан_темно-серый_L_L_M,3,0.548955223880597,Y,бабочка_титан_темно-серый,L_L_M,Y,X
прямоугольные_пластик_бордовый_M_M_L,3,0.5492537313432836,Y,прямоугольные_пластик_бордовый,M_M_L,X,X
прямоугольные_пластик_гавана_L_L_M,3,0.5495522388059702,Y,прямоугольные_пластик_гавана,L_L_M,X,X
кошачий глаз_металл_коричневый/золотой_L_L_M,3,0.5498507462686567,Y,кошачий глаз_металл_коричневый/золотой,L_L_M,X,X
овальные_металл_синий_S_M_M,3,0.5501492537313433,Y,овальные_металл_синий,S_M_M,Y,X
бабочка_титан_черный/серебристый_M_L_S,3,0.5504477611940298,Y,бабочка_титан_черный/серебристый,M_L_S,Y,X
бабочка_титан_серый_M_L_M,3,0.5507462686567164,Y,бабочка_титан_серый,M_L_M,X,X
овальные_металл_серебристый_M_L_M,3,0.551044776119403,Y,овальные_металл_серебристый,M_L_M,X,X
овальные_металл_синий/серебристый_M_L_L,3,0.5513432835820895,Y,овальные_металл_синий/серебристый,M_L_L,Y,X
кошачий глаз_металл_серый/золотой_M_M_L,3,0.5516417910447761,Y,кошачий глаз_металл_серый/золотой,M_M_L,X,X
бабочка_титан_серебристый_L_L_M,3,0.5519402985074627,Y,бабочка_титан_серебристый,L_L_M,X,X
бабочка_титан_серебристый_M_M_L,3,0.5522388059701493,Y,бабочка_титан_серебристый,M_M_L,X,X
кошачий глаз_металл_синий_M_M_L,3,0.5525373134328359,Y,кошачий глаз_металл_синий,M_M_L,X,X
кошачий глаз_металл_сиреневый_M_L_M,3,0.5528358208955224,Y,кошачий глаз_металл_сиреневый,M_L_M,x,X
кошачий глаз_металл_сиреневый_M_M_M,3,0.553134328358209,Y,кошачий глаз_металл_сиреневый,M_M_M,x,X
бабочка_титан_желтый_M_L_S,3,0.5534328358208955,Y,бабочка_титан_желтый,M_L_S,X,X
бабочка_титан_желтый_M_M_M,3,0.5537313432835821,Y,бабочка_титан_желтый,M_M_M,X,X
бабочка_пластик_черепаховый_M_M_L,3,0.5540298507462686,Y,бабочка_пластик_черепаховый,M_M_L,X,X
бабочка_пластик_черепаховый_M_M_M,3,0.5543283582089552,Y,бабочка_пластик_черепаховый,M_M_M,X,X
прямоугольные_пластик_прозрачный_S_L_S,3,0.5546268656716418,Y,прямоугольные_пластик_прозрачный,S_L_S,X,z
кошачий глаз_пластик_бежевый_M_M_S,3,0.5549253731343283,Y,кошачий глаз_пластик_бежевый,M_M_S,x,Y
кошачий глаз_пластик_бордовый_M_L_L,3,0.5552238805970149,Y,кошачий глаз_пластик_бордовый,M_L_L,X,X
бабочка_пластик_черный/коричневый_M_L_M,3,0.5555223880597014,Y,бабочка_пластик_черный/коричневый,M_L_M,Y,X
необычные_титан_золотой_L_M_L,3,0.5558208955223881,Y,необычные_титан_золотой,L_M_L,X,X
кошачий глаз_пластик_гавана_M_L_L,3,0.5561194029850747,Y,кошачий глаз_пластик_гавана,M_L_L,x,X
кошачий глаз_пластик_голубой_M_L_M,3,0.5564179104477612,Y,кошачий глаз_пластик_голубой,M_L_M,Y,X
вайфайеры_пластик_синий_M_M_M,3,0.5567164179104478,Y,вайфайеры_пластик_синий,M_M_M,X,X
прямоугольные_пластик_зеленый_L_L_L,3,0.5570149253731344,Y,прямоугольные_пластик_зеленый,L_L_L,X,X
прямоугольные_пластик_зеленый_L_L_M,3,0.5573134328358209,Y,прямоугольные_пластик_зеленый,L_L_M,X,X
прямоугольные_пластик_зеленый_L_M_L,3,0.5576119402985075,Y,прямоугольные_пластик_зеленый,L_M_L,X,X
овальные_металл_темно-серый_M_M_M,3,0.557910447761194,Y,овальные_металл_темно-серый,M_M_M,x,X
овальные_металл_темно-серый_M_S_L,3,0.5582089552238806,Y,овальные_металл_темно-серый,M_S_L,x,x
кошачий глаз_металл_бежевый_M_L_L,3,0.5585074626865671,Y,кошачий глаз_металл_бежевый,M_L_L,X,X
необычные_титан_черный/серый_L_M_L,3,0.5588059701492537,Y,необычные_титан_черный/серый,L_M_L,Y,X
необычные_титан_синий_M_L_L,3,0.5591044776119403,Y,необычные_титан_синий,M_L_L,Y,X
кошачий глаз_металл_серый_M_S_L,3,0.5594029850746268,Y,кошачий глаз_металл_серый,M_S_L,x,x
овальные_металл_персиковый_M_L_L,3,0.5597014925373134,Y,овальные_металл_персиковый,M_L_L,Y,X
овальные_металл_розовый_M_L_M,3,0.56,Y,овальные_металл_розовый,M_L_M,X,X
овальные_металл_коричневый_M_L_L,3,0.5602985074626866,Y,овальные_металл_коричневый,M_L_L,X,X
кошачий глаз_металл_коричневый_M_L_L,3,0.5605970149253732,Y,кошачий глаз_металл_коричневый,M_L_L,X,X
кошачий глаз_металл_коричневый_M_L_M,3,0.5608955223880597,Y,кошачий глаз_металл_коричневый,M_L_M,X,X
овальные_металл_бордовый_L_L_M,3,0.5611940298507463,Y,овальные_металл_бордовый,L_L_M,x,X
кошачий глаз_металл_многоцветный_M_L_S,3,0.5614925373134328,Y,кошачий глаз_металл_многоцветный,M_L_S,X,X
кошачий глаз_металл_розовый_M_L_M,3,0.5617910447761194,Y,кошачий глаз_металл_розовый,M_L_M,X,X
бабочка_титан_фиолетовый_M_M_M,3,0.562089552238806,Y,бабочка_титан_фиолетовый,M_M_M,x,X
бабочка_титан_черный/золотой_M_L_S,3,0.5623880597014925,Y,бабочка_титан_черный/золотой,M_L_S,X,X
кошачий глаз_металл_коричневый_M_S_L,3,0.5626865671641791,Y,кошачий глаз_металл_коричневый,M_S_L,X,x
прямоугольные_пластик_синий_M_M_S,3,0.5629850746268656,Y,прямоугольные_пластик_синий,M_M_S,X,Y
бабочка_титан_коричневый_M_L_L,3,0.5632835820895522,Y,бабочка_титан_коричневый,M_L_L,x,X
кошачий глаз_металл_черный/серебристый_M_L_L,3,0.5635820895522388,Y,кошачий глаз_металл_черный/серебристый,M_L_L,X,X
кошачий глаз_металл_черный/серый_M_L_M,3,0.5638805970149253,Y,кошачий глаз_металл_черный/серый,M_L_M,y,X
бабочка_титан_розовый_M_M_M,3,0.564179104477612,Y,бабочка_титан_розовый,M_M_M,X,X
прямоугольные_пластик_фиолетовый_S_M_S,3,0.5644776119402986,Y,прямоугольные_пластик_фиолетовый,S_M_S,X,x
бабочка_пластик_черный_S_S_S,3,0.5647761194029851,Y,бабочка_пластик_черный,S_S_S,X,x
прямоугольные_пластик_многоцветный_S_S_M,3,0.5650746268656717,Y,прямоугольные_пластик_многоцветный,S_S_M,X,x
бабочка_титан_коричневый_M_M_L,3,0.5653731343283582,Y,бабочка_титан_коричневый,M_M_L,x,X
бабочка_титан_медный_M_L_M,3,0.5656716417910448,Y,бабочка_титан_медный,M_L_M,Y,X
круглые_пластик_красный_S_S_S,3,0.5659701492537313,Y,круглые_пластик_красный,S_S_S,x,x
круглые_пластик_многоцветный_M_M_L,3,0.5662686567164179,Y,круглые_пластик_многоцветный,M_M_L,x,X
круглые_пластик_персиковый_S_S_M,3,0.5665671641791045,Y,круглые_пластик_персиковый,S_S_M,Y,x
трапеция_пластик_черепаховый_L_M_L,3,0.566865671641791,Y,трапеция_пластик_черепаховый,L_M_L,Y,X
трапеция_пластик_черный/зеленый_S_M_M,3,0.5671641791044776,Y,трапеция_пластик_черный/зеленый,S_M_M,Y,X
круглые_пластик_черный/красный_S_S_M,3,0.5674626865671641,Y,круглые_пластик_черный/красный,S_S_M,Y,x
круглые_пластик_коричневый_L_S_L,3,0.5677611940298507,Y,круглые_пластик_коричневый,L_S_L,x,Y
круглые_пластик_красный_S_S_M,3,0.5680597014925373,Y,круглые_пластик_красный,S_S_M,x,x
трапеция_пластик_темно-серый_M_M_S,3,0.5683582089552239,Y,трапеция_пластик_темно-серый,M_M_S,x,Y
трапеция_пластик_темно-серый_S_S_M,3,0.5686567164179105,Y,трапеция_пластик_темно-серый,S_S_M,x,x
трапеция_титан_серебристый_L_L_M,3,0.568955223880597,Y,трапеция_титан_серебристый,L_L_M,X,X
трапеция_титан_серебристый_M_M_L,3,0.5692537313432836,Y,трапеция_титан_серебристый,M_M_L,X,X
трапеция_пластик_черный/прозрачный_M_L_S,3,0.5695522388059702,Y,трапеция_пластик_черный/прозрачный,M_L_S,X,X
круглые_металл_синий_M_S_L,3,0.5698507462686567,Y,круглые_металл_синий,M_S_L,X,x
трапеция_пластик_черный/синий_S_S_M,3,0.5701492537313433,Y,трапеция_пластик_черный/синий,S_S_M,x,x
трапеция_пластик_черный_S_M_M,3,0.5704477611940298,Y,трапеция_пластик_черный,S_M_M,X,X
трапеция_пластик_черный/красный_L_L_L,3,0.5707462686567164,Y,трапеция_пластик_черный/красный,L_L_L,Y,X
бабочка_металл_бирюзовый_L_L_M,3,0.571044776119403,Y,бабочка_металл_бирюзовый,L_L_M,X,X
панто_пластик_коричневый_M_M_M,3,0.5713432835820895,Y,панто_пластик_коричневый,M_M_M,X,X
круглые_металл_черный/золотой_M_L_L,3,0.5716417910447761,Y,круглые_металл_черный/золотой,M_L_L,X,X
круглые_металл_синий/золотой_L_M_L,3,0.5719402985074626,Y,круглые_металл_синий/золотой,L_M_L,X,X
круглые_пластик_голубой_S_S_S,3,0.5722388059701492,Y,круглые_пластик_голубой,S_S_S,Y,x
трапеция_пластик_синий_S_M_S,3,0.5725373134328359,Y,трапеция_пластик_синий,S_M_S,X,x
трапеция_пластик_серый_M_M_S,3,0.5728358208955224,Y,трапеция_пластик_серый,M_M_S,X,Y
бабочка_металл и пластик_коричневый/золотой_L_L_M,2,0.573134328358209,Y,бабочка_металл и пластик_коричневый/золотой,L_L_M,y,X
бабочка_металл и пластик_фиолетовый_M_L_M,2,0.5734328358208955,Y,бабочка_металл и пластик_фиолетовый,M_L_M,Y,X
трапеция_пластик_синий_M_S_L,2,0.5737313432835821,Y,трапеция_пластик_синий,M_S_L,X,x
бабочка_металл и пластик_серый_L_M_L,2,0.5740298507462687,Y,бабочка_металл и пластик_серый,L_M_L,x,X
бабочка_металл и пластик_синий/золотой_L_L_L,2,0.5743283582089552,Y,бабочка_металл и пластик_синий/золотой,L_L_L,X,X
трапеция_пластик_розовый_M_L_M,2,0.5746268656716418,Y,трапеция_пластик_розовый,M_L_M,X,X
трапеция_пластик_розовый_S_M_S,2,0.5749253731343283,Y,трапеция_пластик_розовый,S_M_S,X,x
круглые_пластик_зеленый_M_M_L,2,0.5752238805970149,Y,круглые_пластик_зеленый,M_M_L,Y,X
круглые_пластик_коричневый_L_M_L,2,0.5755223880597015,Y,круглые_пластик_коричневый,L_M_L,x,X
панто_пластик_серый_S_M_L,2,0.575820895522388,Y,панто_пластик_серый,S_M_L,X,Y
квадратные_металл_коричневый_L_L_S,2,0.5761194029850746,Y,квадратные_металл_коричневый,L_L_S,X,Y
квадратные_металл_коричневый_M_L_L,2,0.5764179104477611,Y,квадратные_металл_коричневый,M_L_L,X,X
панто_пластик_розовый_M_M_M,2,0.5767164179104478,Y,панто_пластик_розовый,M_M_M,X,X
панто_пластик_розовый_S_M_S,2,0.5770149253731344,Y,панто_пластик_розовый,S_M_S,X,x
панто_пластик_синий_S_M_S,2,0.5773134328358209,Y,панто_пластик_синий,S_M_S,X,x
панто_пластик_сиреневый_M_M_M,2,0.5776119402985075,Y,панто_пластик_сиреневый,M_M_M,X,X
панто_пластик_сиреневый_M_S_L,2,0.577910447761194,Y,панто_пластик_сиреневый,M_S_L,X,x
круглые_пластик_черный_S_S_L,2,0.5782089552238806,Y,круглые_пластик_черный,S_S_L,X,y
трапеция_металл_черный/белый_L_L_L,2,0.5785074626865672,Y,трапеция_металл_черный/белый,L_L_L,y,X
бабочка_металл_розовый_M_L_S,2,0.5788059701492537,Y,бабочка_металл_розовый,M_L_S,X,X
круглые_титан_многоцветный_M_M_L,2,0.5791044776119403,Y,круглые_титан_многоцветный,M_M_L,Y,X
круглые_титан_серебристый_L_L_L,2,0.5794029850746268,Y,круглые_титан_серебристый,L_L_L,X,X
круглые_титан_серый/серебристый_L_M_L,2,0.5797014925373134,Y,круглые_титан_серый/серебристый,L_M_L,y,X
квадратные_металл_синий_S_M_M,2,0.58,Y,квадратные_металл_синий,S_M_M,X,X
панто_пластик_бежевый_M_M_L,2,0.5802985074626865,Y,панто_пластик_бежевый,M_M_L,X,X
квадратные_металл_коричневый/золотой_M_L_M,2,0.5805970149253732,Y,квадратные_металл_коричневый/золотой,M_L_M,Y,X
квадратные_металл_гавана_L_L_L,2,0.5808955223880597,Y,квадратные_металл_гавана,L_L_L,y,X
квадратные_металл_голубой_L_L_M,2,0.5811940298507463,Y,квадратные_металл_голубой,L_L_M,Y,X
квадратные_металл_зеленый_L_M_L,2,0.5814925373134329,Y,квадратные_металл_зеленый,L_M_L,x,X
панто_пластик_прозрачный_S_M_L,2,0.5817910447761194,Y,панто_пластик_прозрачный,S_M_L,X,Y
квадратные_металл_бронзовый_M_L_L,2,0.582089552238806,Y,квадратные_металл_бронзовый,M_L_L,X,X
круглые_пластик_черный_L_S_L,2,0.5823880597014925,Y,круглые_пластик_черный,L_S_L,X,Y
круглые_пластик_черный_M_M_S,2,0.5826865671641791,Y,круглые_пластик_черный,M_M_S,X,Y
квадратные_металл_серый/золотой_L_M_L,2,0.5829850746268657,Y,квадратные_металл_серый/золотой,L_M_L,x,X
квадратные_металл_серый_M_L_L,2,0.5832835820895522,Y,квадратные_металл_серый,M_L_L,X,X
квадратные_металл_бронзовый_M_L_M,2,0.5835820895522388,Y,квадратные_металл_бронзовый,M_L_M,X,X
панто_пластик_малиновый_M_M_L,2,0.5838805970149253,Y,панто_пластик_малиновый,M_M_L,Y,X
панто_пластик_многоцветный_M_M_M,2,0.5841791044776119,Y,панто_пластик_многоцветный,M_M_M,X,X
панто_пластик_многоцветный_S_S_L,2,0.5844776119402985,Y,панто_пластик_многоцветный,S_S_L,X,y
квадратные_металл_серый_M_M_M,2,0.5847761194029851,Y,квадратные_металл_серый,M_M_M,X,X
панто_металл_черный_M_L_L,2,0.5850746268656717,Y,панто_металл_черный,M_L_L,X,X
кошачий глаз_металл_розовый_M_M_M,2,0.5853731343283582,Y,кошачий глаз_металл_розовый,M_M_M,X,X
овальные_металл_коричневый/золотой_L_L_L,2,0.5856716417910448,Y,овальные_металл_коричневый/золотой,L_L_L,X,X
необычные_титан_черный/золотой_M_L_M,2,0.5859701492537314,Y,необычные_титан_черный/золотой,M_L_M,X,X
необычные_титан_черный/золотой_M_L_S,2,0.5862686567164179,Y,необычные_титан_черный/золотой,M_L_S,X,X
необычные_титан_черный/серебристый_M_M_L,2,0.5865671641791045,Y,необычные_титан_черный/серебристый,M_M_L,Y,X
кошачий глаз_пластик_зеленый_L_L_M,2,0.586865671641791,Y,кошачий глаз_пластик_зеленый,L_L_M,X,X
кошачий глаз_пластик_зеленый_M_L_L,2,0.5871641791044776,Y,кошачий глаз_пластик_зеленый,M_L_L,X,X
вайфайеры_пластик_фиолетовый_S_S_S,2,0.5874626865671642,Y,вайфайеры_пластик_фиолетовый,S_S_S,Y,x
кошачий глаз_металл_коричневый_S_M_M,2,0.5877611940298507,Y,кошачий глаз_металл_коричневый,S_M_M,X,X
кошачий глаз_металл_красный_L_M_L,2,0.5880597014925373,Y,кошачий глаз_металл_красный,L_M_L,Y,X
овальные_металл_голубой_M_L_M,2,0.5883582089552238,Y,овальные_металл_голубой,M_L_M,y,X
овальные_металл_желтый_M_L_L,2,0.5886567164179104,Y,овальные_металл_желтый,M_L_L,Y,X
овальные_металл_золотой_S_M_M,2,0.5889552238805971,Y,овальные_металл_золотой,S_M_M,X,X
кошачий глаз_металл_темно-серый_S_M_M,2,0.5892537313432836,Y,кошачий глаз_металл_темно-серый,S_M_M,X,X
кошачий глаз_металл_фиолетовый_M_M_M,2,0.5895522388059702,Y,кошачий глаз_металл_фиолетовый,M_M_M,X,X
кошачий глаз_металл_красный_M_M_M,2,0.5898507462686567,Y,кошачий глаз_металл_красный,M_M_M,Y,X
прямоугольные_пластик_темно-серый_M_M_S,2,0.5901492537313433,Y,прямоугольные_пластик_темно-серый,M_M_S,X,Y
бабочка_пластик_черный/серый_M_M_L,2,0.5904477611940299,Y,бабочка_пластик_черный/серый,M_M_L,Y,X
бабочка_пластик_черный/фиолетовый_M_L_S,2,0.5907462686567164,Y,бабочка_пластик_черный/фиолетовый,M_L_S,Y,X
бабочка_пластик_черный_L_S_M,2,0.591044776119403,Y,бабочка_пластик_черный,L_S_M,X,y
овальные_металл_бронзовый_M_L_L,2,0.5913432835820895,Y,овальные_металл_бронзовый,M_L_L,X,X
бабочка_титан_фиолетовый_M_L_M,2,0.5916417910447761,Y,бабочка_титан_фиолетовый,M_L_M,x,X
бабочка_титан_черный/золотой_M_L_L,2,0.5919402985074627,Y,бабочка_титан_черный/золотой,M_L_L,X,X
бабочка_титан_черный/розовый_M_L_S,2,0.5922388059701492,Y,бабочка_титан_черный/розовый,M_L_S,y,X
прямоугольные_пластик_розовый_S_M_S,2,0.5925373134328358,Y,прямоугольные_пластик_розовый,S_M_S,X,x
бабочка_титан_черный/серый_M_L_M,2,0.5928358208955223,Y,бабочка_титан_черный/серый,M_L_M,y,X
прямоугольные_пластик_оранжевый_S_S_S,2,0.593134328358209,Y,прямоугольные_пластик_оранжевый,S_S_S,y,x
бабочка_титан_оливковый_M_L_M,2,0.5934328358208956,Y,бабочка_титан_оливковый,M_L_M,y,X
бабочка_титан_розовый_M_M_L,2,0.5937313432835821,Y,бабочка_титан_розовый,M_M_L,X,X
бабочка_пластик_черный/серый_M_L_L,2,0.5940298507462687,Y,бабочка_пластик_черный/серый,M_L_L,Y,X
бабочка_титан_бронзовый_M_M_M,2,0.5943283582089552,Y,бабочка_титан_бронзовый,M_M_M,X,X
бабочка_титан_желтый/зеленый_M_L_M,2,0.5946268656716418,Y,бабочка_титан_желтый/зеленый,M_L_M,y,X
бабочка_титан_серый_M_M_L,2,0.5949253731343284,Y,бабочка_титан_серый,M_M_L,X,X
бабочка_титан_синий/золотой_M_M_M,2,0.5952238805970149,Y,бабочка_титан_синий/золотой,M_M_M,X,X
бабочка_титан_синий_M_L_M,2,0.5955223880597015,Y,бабочка_титан_синий,M_L_M,Y,X
прямоугольные_пластик_многоцветный_L_L_L,2,0.595820895522388,Y,прямоугольные_пластик_многоцветный,L_L_L,X,X
прямоугольные_пластик_многоцветный_S_M_M,2,0.5961194029850746,Y,прямоугольные_пластик_многоцветный,S_M_M,X,X
прямоугольные_пластик_гавана_M_M_S,2,0.5964179104477612,Y,прямоугольные_пластик_гавана,M_M_S,X,Y
гексагон_металл и пластик_зеленый_M_M_L,2,0.5967164179104477,Y,гексагон_металл и пластик_зеленый,M_M_L,y,X
гексагон_металл и пластик_золотой_L_L_L,2,0.5970149253731343,Y,гексагон_металл и пластик_золотой,L_L_L,x,X
овальные_металл и пластик_многоцветный_M_M_L,2,0.597313432835821,Y,овальные_металл и пластик_многоцветный,M_M_L,y,X
бабочка_титан_золотой_M_L_S,2,0.5976119402985075,Y,бабочка_титан_золотой,M_L_S,X,X
овальные_металл_серебристый_M_L_S,2,0.5979104477611941,Y,овальные_металл_серебристый,M_L_S,X,X
овальные_металл_серый/золотой_M_L_L,2,0.5982089552238806,Y,овальные_металл_серый/золотой,M_L_L,y,X
прямоугольные_пластик_многоцветный_S_M_S,2,0.5985074626865672,Y,прямоугольные_пластик_многоцветный,S_M_S,X,x
кошачий глаз_металл_бордовый_M_L_L,2,0.5988059701492537,Y,кошачий глаз_металл_бордовый,M_L_L,X,X
кошачий глаз_металл_желтый/зеленый_M_L_S,2,0.5991044776119403,Y,кошачий глаз_металл_желтый/зеленый,M_L_S,y,X
овальные_металл_сиреневый_M_M_M,2,0.5994029850746269,Y,овальные_металл_сиреневый,M_M_M,X,X
бабочка_пластик_черный/коричневый_L_L_M,2,0.5997014925373134,Y,бабочка_пластик_черный/коричневый,L_L_M,Y,X
прямоугольные_пластик_черный/красный_M_L_M,2,0.6,Y,прямоугольные_пластик_черный/красный,M_L_M,X,X
бабочка_пластик_черепаховый_L_M_M,2,0.6002985074626865,Y,бабочка_пластик_черепаховый,L_M_M,X,Y
прямоугольные_пластик_черный/белый_S_S_M,2,0.6005970149253731,Y,прямоугольные_пластик_черный/белый,S_S_M,x,x
прямоугольные_пластик_черный/зеленый_M_L_M,2,0.6008955223880597,Y,прямоугольные_пластик_черный/зеленый,M_L_M,x,X
прямоугольные_пластик_прозрачный_L_M_L,2,0.6011940298507462,Y,прямоугольные_пластик_прозрачный,L_M_L,X,X
прямоугольные_пластик_прозрачный_S_M_S,2,0.6014925373134329,Y,прямоугольные_пластик_прозрачный,S_M_S,X,x
кошачий глаз_металл_синий_S_S_M,2,0.6017910447761194,Y,кошачий глаз_металл_синий,S_S_M,X,x
необычные_титан_золотой_M_L_M,2,0.602089552238806,Y,необычные_титан_золотой,M_L_M,X,X
необычные_титан_коричневый/золотой_M_L_M,2,0.6023880597014926,Y,необычные_титан_коричневый/золотой,M_L_M,y,X
необычные_титан_коричневый_L_M_L,2,0.6026865671641791,Y,необычные_титан_коричневый,L_M_L,y,X
необычные_титан_многоцветный_M_L_S,2,0.6029850746268657,Y,необычные_титан_многоцветный,M_L_S,x,X
кошачий глаз_металл_черный_M_L_S,2,0.6032835820895522,Y,кошачий глаз_металл_черный,M_L_S,X,X
необычные_титан_серебристый_M_M_L,2,0.6035820895522388,Y,необычные_титан_серебристый,M_M_L,x,X
необычные_титан_серый/серебристый_L_M_L,2,0.6038805970149254,Y,необычные_титан_серый/серебристый,L_M_L,y,X
необычные_титан_серый_L_L_M,2,0.6041791044776119,Y,необычные_титан_серый,L_L_M,X,X
вайфайеры_пластик_малиновый_S_M_S,2,0.6044776119402985,Y,вайфайеры_пластик_малиновый,S_M_S,y,x
вайфайеры_пластик_многоцветный_S_S_S,2,0.604776119402985,Y,вайфайеры_пластик_многоцветный,S_S_S,y,x
вайфайеры_пластик_прозрачный_S_S_L,2,0.6050746268656716,Y,вайфайеры_пластик_прозрачный,S_S_L,x,y
прямоугольные_пластик_голубой_M_L_L,2,0.6053731343283583,Y,прямоугольные_пластик_голубой,M_L_L,X,X
прямоугольные_пластик_голубой_M_L_M,2,0.6056716417910448,Y,прямоугольные_пластик_голубой,M_L_M,X,X
кошачий глаз_металл и пластик_многоцветный_M_L_L,2,0.6059701492537314,Y,кошачий глаз_металл и пластик_многоцветный,M_L_L,X,X
клабмастеры_металл_синий/серебристый_L_M_L,2,0.6062686567164179,Y,клабмастеры_металл_синий/серебристый,L_M_L,x,X
клабмастеры_металл_синий_L_L_M,2,0.6065671641791045,Y,клабмастеры_металл_синий,L_L_M,y,X
необычные_титан_золотой_L_L_M,2,0.6068656716417911,Y,необычные_титан_золотой,L_L_M,X,X
овальные_металл_черный_L_M_L,2,0.6071641791044776,Y,овальные_металл_черный,L_M_L,X,X
овальные_пластик_белый_M_L_M,2,0.6074626865671642,Y,овальные_пластик_белый,M_L_M,y,X
вайфайеры_металл_черный_L_S_M,2,0.6077611940298507,Y,вайфайеры_металл_черный,L_S_M,y,y
овальные_пластик_розовый_S_S_M,2,0.6080597014925373,Y,овальные_пластик_розовый,S_S_M,X,x
овальные_пластик_красный_S_S_S,2,0.6083582089552239,Y,овальные_пластик_красный,S_S_S,x,x
овальные_пластик_многоцветный_M_L_M,2,0.6086567164179104,Y,овальные_пластик_многоцветный,M_L_M,X,X
вайфайеры_пластик_бирюзовый_M_S_M,2,0.608955223880597,Y,вайфайеры_пластик_бирюзовый,M_S_M,Y,y
прямоугольные_пластик_черный/серый_L_L_M,2,0.6092537313432835,Y,прямоугольные_пластик_черный/серый,L_L_M,X,X
прямоугольные_пластик_черный/синий_L_L_L,2,0.6095522388059702,Y,прямоугольные_пластик_черный/синий,L_L_L,X,X
прямоугольные_пластик_черепаховый_L_L_L,2,0.6098507462686568,Y,прямоугольные_пластик_черепаховый,L_L_L,x,X
прямоугольные_пластик_черепаховый_L_L_M,2,0.6101492537313433,Y,прямоугольные_пластик_черепаховый,L_L_M,x,X
прямоугольные_пластик_черепаховый_L_M_L,2,0.6104477611940299,Y,прямоугольные_пластик_черепаховый,L_M_L,x,X
прямоугольные_пластик_черепаховый_M_L_M,2,0.6107462686567164,Y,прямоугольные_пластик_черепаховый,M_L_M,x,X
прямоугольные_пластик_сиреневый_M_L_S,2,0.611044776119403,Y,прямоугольные_пластик_сиреневый,M_L_S,X,X
кошачий глаз_металл_черный/синий_M_L_L,2,0.6113432835820896,Y,кошачий глаз_металл_черный/синий,M_L_L,y,X
овальные_пластик_бирюзовый_S_S_S,2,0.6116417910447761,Y,овальные_пластик_бирюзовый,S_S_S,y,x
необычные_пластик_фиолетовый_M_L_S,2,0.6119402985074627,Y,необычные_пластик_фиолетовый,M_L_S,x,X
необычные_пластик_черепаховый_M_L_L,2,0.6122388059701492,Y,необычные_пластик_черепаховый,M_L_L,Y,X
необычные_пластик_черный_L_L_L,2,0.6125373134328358,Y,необычные_пластик_черный,L_L_L,X,X
прямоугольные_пластик_черный/прозрачный_M_L_S,2,0.6128358208955224,Y,прямоугольные_пластик_черный/прозрачный,M_L_S,X,X
кошачий глаз_пластик_розовый_M_M_L,2,0.6131343283582089,Y,кошачий глаз_пластик_розовый,M_M_L,X,X
необычные_пластик_черный_M_L_S,2,0.6134328358208955,Y,необычные_пластик_черный,M_L_S,X,X
кошачий глаз_пластик_многоцветный_M_L_S,2,0.6137313432835821,Y,кошачий глаз_пластик_многоцветный,M_L_S,X,X
прямоугольные_металл_серый_S_S_M,2,0.6140298507462687,Y,прямоугольные_металл_серый,S_S_M,X,x
необычные_пластик_прозрачный_L_L_L,2,0.6143283582089553,Y,необычные_пластик_прозрачный,L_L_L,x,X
необычные_пластик_голубой_L_L_L,2,0.6146268656716418,Y,необычные_пластик_голубой,L_L_L,Y,X
необычные_металл_черный_M_L_M,2,0.6149253731343284,Y,необычные_металл_черный,M_L_M,X,X
бабочка_пластик_черепаховый_L_L_L,2,0.6152238805970149,Y,бабочка_пластик_черепаховый,L_L_L,X,X
прямоугольные_титан_зеленый_M_L_L,2,0.6155223880597015,Y,прямоугольные_титан_зеленый,M_L_L,Y,X
прямоугольные_титан_золотой_L_M_L,2,0.6158208955223881,Y,прямоугольные_титан_золотой,L_M_L,X,X
прямоугольные_пластик_черный_S_S_L,2,0.6161194029850746,Y,прямоугольные_пластик_черный,S_S_L,X,y
гексагон_металл_золотой_L_L_L,2,0.6164179104477612,Y,гексагон_металл_золотой,L_L_L,X,X
вайфайеры_пластик_черепаховый_L_M_L,2,0.6167164179104477,Y,вайфайеры_пластик_черепаховый,L_M_L,Y,X
овальные_титан_серебристый_M_M_L,2,0.6170149253731343,Y,овальные_титан_серебристый,M_M_L,X,X
овальные_титан_серый/золотой_M_M_L,2,0.6173134328358209,Y,овальные_титан_серый/золотой,M_M_L,y,X
овальные_титан_бронзовый_M_L_M,2,0.6176119402985074,Y,овальные_титан_бронзовый,M_L_M,Y,X
овальные_титан_бронзовый_M_M_M,2,0.6179104477611941,Y,овальные_титан_бронзовый,M_M_M,Y,X
овальные_титан_золотой_M_L_L,2,0.6182089552238806,Y,овальные_титан_золотой,M_L_L,X,X
овальные_пластик_черный_M_M_L,2,0.6185074626865672,Y,овальные_пластик_черный,M_M_L,X,X
прямоугольные_металл_черный/золотой_S_M_M,2,0.6188059701492538,Y,прямоугольные_металл_черный/золотой,S_M_M,X,X
гексагон_металл и пластик_синий/золотой_M_L_L,2,0.6191044776119403,Y,гексагон_металл и пластик_синий/золотой,M_L_L,Y,X
кошачий глаз_металл и пластик_многоцветный_L_M_L,2,0.6194029850746269,Y,кошачий глаз_металл и пластик_многоцветный,L_M_L,X,X
гексагон_металл_бордовый_L_M_L,2,0.6197014925373134,Y,гексагон_металл_бордовый,L_M_L,x,X
гексагон_металл и пластик_синий/золотой_M_L_M,2,0.62,Y,гексагон_металл и пластик_синий/золотой,M_L_M,Y,X
гексагон_металл и пластик_синий/серебристый_L_S_L,2,0.6202985074626866,Y,гексагон_металл и пластик_синий/серебристый,L_S_L,y,Y
прямоугольные_металл_черный/серебристый_L_L_S,2,0.6205970149253731,Y,прямоугольные_металл_черный/серебристый,L_L_S,X,Y
гексагон_металл_желтый/зеленый_M_M_L,2,0.6208955223880597,Y,гексагон_металл_желтый/зеленый,M_M_L,y,X
клабмастеры_металл_черный_L_M_L,2,0.6211940298507462,Y,клабмастеры_металл_черный,L_M_L,x,X
кошачий глаз_металл и пластик_бордовый_L_M_L,2,0.6214925373134328,Y,кошачий глаз_металл и пластик_бордовый,L_M_L,Y,X
клабмастеры_металл и пластик_черепаховый_L_M_L,2,0.6217910447761194,Y,клабмастеры_металл и пластик_черепаховый,L_M_L,y,X
клабмастеры_металл и пластик_черный/серебристый_L_L_L,2,0.622089552238806,Y,клабмастеры_металл и пластик_черный/серебристый,L_L_L,Y,X
гексагон_металл и пластик_черепаховый_M_L_L,2,0.6223880597014926,Y,гексагон_металл и пластик_черепаховый,M_L_L,Y,X
гексагон_металл и пластик_черный/золотой_L_M_L,2,0.6226865671641791,Y,гексагон_металл и пластик_черный/золотой,L_M_L,Y,X
гексагон_металл и пластик_черный/золотой_M_M_L,2,0.6229850746268657,Y,гексагон_металл и пластик_черный/золотой,M_M_L,Y,X
прямоугольные_металл_черный/зеленый_M_L_M,2,0.6232835820895523,Y,прямоугольные_металл_черный/зеленый,M_L_M,X,X
клабмастеры_металл и пластик_гавана_L_M_L,2,0.6235820895522388,Y,клабмастеры_металл и пластик_гавана,L_M_L,y,X
гексагон_металл_серебристый_L_M_L,2,0.6238805970149254,Y,гексагон_металл_серебристый,L_M_L,y,X
гексагон_пластик_черный_M_M_M,2,0.6241791044776119,Y,гексагон_пластик_черный,M_M_M,x,X
квадратные_титан_черный/серебристый_M_L_M,2,0.6244776119402985,Y,квадратные_титан_черный/серебристый,M_L_M,X,X
квадратные_титан_черный_L_M_L,2,0.624776119402985,Y,квадратные_титан_черный,L_M_L,X,X
квадратные_титан_черный_L_S_L,2,0.6250746268656716,Y,квадратные_титан_черный,L_S_L,X,Y
квадратные_титан_синий/серебристый_M_L_L,2,0.6253731343283582,Y,квадратные_титан_синий/серебристый,M_L_L,x,X
прямоугольные_металл_многоцветный_L_L_M,2,0.6256716417910447,Y,прямоугольные_металл_многоцветный,L_L_M,X,X
гексагон_металл_синий/золотой_M_L_M,2,0.6259701492537313,Y,гексагон_металл_синий/золотой,M_L_M,x,X
гексагон_металл_многоцветный_L_S_M,2,0.626268656716418,Y,гексагон_металл_многоцветный,L_S_M,X,y
гексагон_металл_многоцветный_S_S_M,2,0.6265671641791045,Y,гексагон_металл_многоцветный,S_S_M,X,x
клабмастеры_металл и пластик_черный/серый_L_L_L,2,0.6268656716417911,Y,клабмастеры_металл и пластик_черный/серый,L_L_L,y,X
овальные_пластик_серый_S_S_M,2,0.6271641791044776,Y,овальные_пластик_серый,S_S_M,Y,x
овальные_пластик_синий_S_S_M,2,0.6274626865671642,Y,овальные_пластик_синий,S_S_M,X,x
овальные_пластик_сиреневый_S_S_M,2,0.6277611940298508,Y,овальные_пластик_сиреневый,S_S_M,x,x
квадратные_титан_черный_M_M_M,2,0.6280597014925373,Y,квадратные_титан_черный,M_M_M,X,X
бабочка_пластик_черный/белый_M_L_S,2,0.6283582089552239,Y,бабочка_пластик_черный/белый,M_L_S,x,X
бабочка_пластик_черный/зеленый_M_M_M,2,0.6286567164179104,Y,бабочка_пластик_черный/зеленый,M_M_M,x,X
кошачий глаз_пластик_коричневый_M_M_L,2,0.628955223880597,Y,кошачий глаз_пластик_коричневый,M_M_L,X,X
кошачий глаз_пластик_красный_M_L_M,2,0.6292537313432836,Y,кошачий глаз_пластик_красный,M_L_M,x,X
гексагон_металл_черный/серый_M_M_M,2,0.6295522388059701,Y,гексагон_металл_черный/серый,M_M_M,y,X
гексагон_металл_черный_L_L_L,2,0.6298507462686567,Y,гексагон_металл_черный,L_L_L,X,X
овальные_титан_коричневый_M_L_M,2,0.6301492537313432,Y,овальные_титан_коричневый,M_L_M,Y,X
овальные_титан_коричневый_M_M_L,2,0.6304477611940299,Y,овальные_титан_коричневый,M_M_L,Y,X
необычные_пластик_серый_M_L_M,2,0.6307462686567165,Y,необычные_пластик_серый,M_L_M,Y,X
необычные_пластик_синий_L_L_M,2,0.631044776119403,Y,необычные_пластик_синий,L_L_M,x,X
прямоугольные_титан_коричневый/серебристый_M_L_M,2,0.6313432835820896,Y,прямоугольные_титан_коричневый/серебристый,M_L_M,Y,X
прямоугольные_титан_зеленый_L_L_M,2,0.6316417910447761,Y,прямоугольные_титан_зеленый,L_L_M,Y,X
бабочка_пластик_черный/розовый_L_L_M,2,0.6319402985074627,Y,бабочка_пластик_черный/розовый,L_L_M,x,X
бабочка_пластик_черный/розовый_L_L_S,2,0.6322388059701493,Y,бабочка_пластик_черный/розовый,L_L_S,x,Y
бабочка_пластик_черный/розовый_M_L_L,2,0.6325373134328358,Y,бабочка_пластик_черный/розовый,M_L_L,x,X
бабочка_пластик_черный/розовый_M_L_M,2,0.6328358208955224,Y,бабочка_пластик_черный/розовый,M_L_M,x,X
гексагон_пластик_черный_L_M_L,2,0.6331343283582089,Y,гексагон_пластик_черный,L_M_L,x,X
гексагон_металл_синий_M_M_L,2,0.6334328358208955,Y,гексагон_металл_синий,M_M_L,x,X
гексагон_металл_фиолетовый_M_M_L,2,0.633731343283582,Y,гексагон_металл_фиолетовый,M_M_L,X,X
прямоугольные_металл_серебристый_S_S_L,2,0.6340298507462686,Y,прямоугольные_металл_серебристый,S_S_L,X,y
гексагон_титан_зеленый_M_L_M,2,0.6343283582089553,Y,гексагон_титан_зеленый,M_L_M,y,X
овальные_пластик_черный_S_M_M,2,0.6346268656716418,Y,овальные_пластик_черный,S_M_M,X,X
овальные_пластик_черный_S_S_L,2,0.6349253731343284,Y,овальные_пластик_черный,S_S_L,X,y
кошачий глаз_металл и пластик_черный/золотой_M_L_L,2,0.635223880597015,Y,кошачий глаз_металл и пластик_черный/золотой,M_L_L,X,X
бабочка_пластик_розовый_L_S_M,2,0.6355223880597015,Y,бабочка_пластик_розовый,L_S_M,X,y
прямоугольные_пластик_черный_L_M_M,2,0.6358208955223881,Y,прямоугольные_пластик_черный,L_M_M,X,Y
бабочка_пластик_темно-серый_M_L_L,2,0.6361194029850746,Y,бабочка_пластик_темно-серый,M_L_L,X,X
прямоугольные_пластик_черный/серебристый_L_L_L,2,0.6364179104477612,Y,прямоугольные_пластик_черный/серебристый,L_L_L,y,X
необычные_пластик_коричневый_M_L_M,2,0.6367164179104478,Y,необычные_пластик_коричневый,M_L_M,Y,X
необычные_пластик_коричневый_M_M_L,2,0.6370149253731343,Y,необычные_пластик_коричневый,M_M_L,Y,X
гексагон_пластик_черепаховый_M_L_M,2,0.6373134328358209,Y,гексагон_пластик_черепаховый,M_L_M,x,X
гексагон_пластик_черный/синий_S_S_M,2,0.6376119402985074,Y,гексагон_пластик_черный/синий,S_S_M,y,x
необычные_металл_черный/серый_M_M_M,2,0.637910447761194,Y,необычные_металл_черный/серый,M_M_M,x,X
необычные_металл_черный/синий_L_M_L,2,0.6382089552238805,Y,необычные_металл_черный/синий,L_M_L,X,X
бабочка_пластик_коричневый/золотой_M_M_L,2,0.6385074626865672,Y,бабочка_пластик_коричневый/золотой,M_M_L,Y,X
прямоугольные_титан_серый/золотой_L_L_M,2,0.6388059701492538,Y,прямоугольные_титан_серый/золотой,L_L_M,y,X
прямоугольные_титан_синий/серебристый_L_M_L,2,0.6391044776119403,Y,прямоугольные_титан_синий/серебристый,L_M_L,y,X
прямоугольные_титан_синий_M_L_S,2,0.6394029850746269,Y,прямоугольные_титан_синий,M_L_S,X,X
прямоугольные_титан_черный/золотой_L_L_L,2,0.6397014925373135,Y,прямоугольные_титан_черный/золотой,L_L_L,x,X
бабочка_пластик_розовый_L_L_M,2,0.64,Y,бабочка_пластик_розовый,L_L_M,X,X
прямоугольные_металл_многоцветный_M_M_M,2,0.6402985074626866,Y,прямоугольные_металл_многоцветный,M_M_M,X,X
необычные_металл_черный/золотой_L_L_L,2,0.6405970149253731,Y,необычные_металл_черный/золотой,L_L_L,X,X
кошачий глаз_пластик_фиолетовый_M_L_L,2,0.6408955223880597,Y,кошачий глаз_пластик_фиолетовый,M_L_L,X,X
необычные_металл_сиреневый_M_S_L,2,0.6411940298507462,Y,необычные_металл_сиреневый,M_S_L,x,x
кошачий глаз_пластик_серый_M_L_M,2,0.6414925373134328,Y,кошачий глаз_пластик_серый,M_L_M,X,X
прямоугольные_титан_коричневый_L_L_M,2,0.6417910447761194,Y,прямоугольные_титан_коричневый,L_L_M,x,X
необычные_металл_черный/серебристый_M_M_M,2,0.6420895522388059,Y,необычные_металл_черный/серебристый,M_M_M,X,X
необычные_металл_черный/серый_L_M_M,2,0.6423880597014925,Y,необычные_металл_черный/серый,L_M_M,x,Y
квадратные_титан_многоцветный_L_L_L,2,0.6426865671641792,Y,квадратные_титан_многоцветный,L_L_L,Y,X
половинки_титан_коричневый_M_L_L,2,0.6429850746268657,Y,половинки_титан_коричневый,M_L_L,y,X
половинки_титан_темно-серый_M_L_L,2,0.6432835820895523,Y,половинки_титан_темно-серый,M_L_L,y,X
квадратные_пластик_черный/синий_L_L_L,2,0.6435820895522388,Y,квадратные_пластик_черный/синий,L_L_L,x,X
необычные_металл_коричневый_L_M_L,2,0.6438805970149254,Y,необычные_металл_коричневый,L_M_L,X,X
необычные_металл_серый_L_L_L,2,0.644179104477612,Y,необычные_металл_серый,L_L_L,X,X
кошачий глаз_пластик_розовый_M_S_M,2,0.6444776119402985,Y,кошачий глаз_пластик_розовый,M_S_M,X,y
кошачий глаз_пластик_розовый_S_S_M,2,0.6447761194029851,Y,кошачий глаз_пластик_розовый,S_S_M,X,x
прямоугольные_металл_голубой_M_L_L,2,0.6450746268656716,Y,прямоугольные_металл_голубой,M_L_L,Y,X
квадратные_титан_темно-серый_L_L_M,2,0.6453731343283582,Y,квадратные_титан_темно-серый,L_L_M,X,X
панто_металл и пластик_золотой_M_M_L,2,0.6456716417910447,Y,панто_металл и пластик_золотой,M_M_L,y,X
гексагон_пластик_синий_L_M_L,2,0.6459701492537313,Y,гексагон_пластик_синий,L_M_L,Y,X
гексагон_пластик_синий_M_L_M,2,0.6462686567164179,Y,гексагон_пластик_синий,M_L_M,Y,X
гексагон_пластик_многоцветный_L_L_L,2,0.6465671641791044,Y,гексагон_пластик_многоцветный,L_L_L,x,X
квадратные_титан_золотой_M_M_L,2,0.6468656716417911,Y,квадратные_титан_золотой,M_M_L,X,X
квадратные_титан_коричневый/золотой_M_M_M,2,0.6471641791044777,Y,квадратные_титан_коричневый/золотой,M_M_M,y,X
панто_металл_бежевый_M_L_L,2,0.6474626865671642,Y,панто_металл_бежевый,M_L_L,X,X
панто_металл_бордовый_M_L_L,2,0.6477611940298508,Y,панто_металл_бордовый,M_L_L,X,X
гексагон_пластик_многоцветный_M_L_M,2,0.6480597014925373,Y,гексагон_пластик_многоцветный,M_L_M,x,X
гексагон_пластик_прозрачный_M_M_L,2,0.6483582089552239,Y,гексагон_пластик_прозрачный,M_M_L,y,X
прямоугольные_металл_коричневый/золотой_M_M_M,2,0.6486567164179105,Y,прямоугольные_металл_коричневый/золотой,M_M_M,X,X
прямоугольные_металл_коричневый/золотой_S_M_M,2,0.648955223880597,Y,прямоугольные_металл_коричневый/золотой,S_M_M,X,X
прямоугольные_металл_коричневый_L_M_L,2,0.6492537313432836,Y,прямоугольные_металл_коричневый,L_M_L,X,X
капли_металл_золотой_M_L_M,2,0.6495522388059701,Y,капли_металл_золотой,M_L_M,X,X
овальные_пластик_черный_M_L_L,2,0.6498507462686567,Y,овальные_пластик_черный,M_L_L,X,X
гексагон_титан_черный_M_L_L,2,0.6501492537313432,Y,гексагон_титан_черный,M_L_L,y,X
гексагон_титан_сиреневый_M_L_M,2,0.6504477611940298,Y,гексагон_титан_сиреневый,M_L_M,y,X
прямоугольные_металл_зеленый_L_L_M,2,0.6507462686567164,Y,прямоугольные_металл_зеленый,L_L_M,Y,X
прямоугольные_металл_зеленый_M_L_L,2,0.651044776119403,Y,прямоугольные_металл_зеленый,M_L_L,Y,X
прямоугольные_металл_золотой_L_L_S,2,0.6513432835820896,Y,прямоугольные_металл_золотой,L_L_S,X,Y
панто_металл_бордовый_S_S_L,2,0.6516417910447762,Y,панто_металл_бордовый,S_S_L,X,y
панто_металл_бежевый_L_M_L,2,0.6519402985074627,Y,панто_металл_бежевый,L_M_L,X,X
капли_металл_золотой_M_L_S,2,0.6522388059701493,Y,капли_металл_золотой,M_L_S,X,X
капли_металл_коричневый/золотой_M_L_M,2,0.6525373134328358,Y,капли_металл_коричневый/золотой,M_L_M,y,X
капли_металл_коричневый_L_L_S,2,0.6528358208955224,Y,капли_металл_коричневый,L_L_S,Y,Y
панто_титан_черный/серебристый_L_M_L,2,0.653134328358209,Y,панто_титан_черный/серебристый,L_M_L,X,X
квадратные_пластик_сиреневый_L_L_M,2,0.6534328358208955,Y,квадратные_пластик_сиреневый,L_L_M,x,X
квадратные_пластик_синий_M_L_M,2,0.6537313432835821,Y,квадратные_пластик_синий,M_L_M,X,X
кошачий глаз_пластик_черный/красный_M_L_M,2,0.6540298507462686,Y,кошачий глаз_пластик_черный/красный,M_L_M,Y,X
необычные_металл_золотой_M_S_L,2,0.6543283582089552,Y,необычные_металл_золотой,M_S_L,X,x
прямоугольные_металл_бордовый_S_S_L,2,0.6546268656716417,Y,прямоугольные_металл_бордовый,S_S_L,X,y
панто_металл_коричневый/золотой_M_L_L,2,0.6549253731343283,Y,панто_металл_коричневый/золотой,M_L_L,X,X
квадратные_пластик_черный/прозрачный_M_L_L,2,0.655223880597015,Y,квадратные_пластик_черный/прозрачный,M_L_L,x,X
квадратные_пластик_черный/серый_S_M_M,2,0.6555223880597015,Y,квадратные_пластик_черный/серый,S_M_M,X,X
гексагон_титан_многоцветный_M_M_L,2,0.6558208955223881,Y,гексагон_титан_многоцветный,M_M_L,y,X
гексагон_титан_серебристый_L_L_L,2,0.6561194029850747,Y,гексагон_титан_серебристый,L_L_L,Y,X
капли_металл_розовый_M_L_M,2,0.6564179104477612,Y,капли_металл_розовый,M_L_M,y,X
половинки_металл_бронзовый_L_L_L,2,0.6567164179104478,Y,половинки_металл_бронзовый,L_L_L,Y,X
кошачий глаз_пластик_синий_M_L_S,2,0.6570149253731343,Y,кошачий глаз_пластик_синий,M_L_S,X,X
кошачий глаз_пластик_темно-серый_M_L_M,2,0.6573134328358209,Y,кошачий глаз_пластик_темно-серый,M_L_M,x,X
бабочка_пластик_персиковый_S_M_S,2,0.6576119402985074,Y,бабочка_пластик_персиковый,S_M_S,Y,x
необычные_металл_фиолетовый_M_M_L,2,0.657910447761194,Y,необычные_металл_фиолетовый,M_M_L,x,X
панто_металл_зеленый_L_M_M,2,0.6582089552238806,Y,панто_металл_зеленый,L_M_M,X,Y
панто_металл_зеленый_L_S_M,2,0.6585074626865671,Y,панто_металл_зеленый,L_S_M,X,y
квадратные_титан_серебристый_M_M_L,2,0.6588059701492537,Y,квадратные_титан_серебристый,M_M_L,X,X
прямоугольные_металл_бирюзовый_L_L_M,2,0.6591044776119404,Y,прямоугольные_металл_бирюзовый,L_L_M,y,X
необычные_металл_многоцветный_S_M_M,2,0.6594029850746269,Y,необычные_металл_многоцветный,S_M_M,X,X
бабочка_пластик_гавана_L_M_L,2,0.6597014925373135,Y,бабочка_пластик_гавана,L_M_L,X,X
бабочка_пластик_гавана_L_M_M,2,0.66,Y,бабочка_пластик_гавана,L_M_M,X,Y
прямоугольные_титан_черный/красный_M_L_L,2,0.6602985074626866,Y,прямоугольные_титан_черный/красный,M_L_L,y,X
прямоугольные_титан_черный/серый_L_L_L,2,0.6605970149253731,Y,прямоугольные_титан_черный/серый,L_L_L,X,X
прямоугольные_титан_черный/серый_L_M_L,2,0.6608955223880597,Y,прямоугольные_титан_черный/серый,L_M_L,X,X
кошачий глаз_пластик_синий_L_L_M,2,0.6611940298507463,Y,кошачий глаз_пластик_синий,L_L_M,X,X
кошачий глаз_пластик_синий_L_L_S,2,0.6614925373134328,Y,кошачий глаз_пластик_синий,L_L_S,X,Y
квадратные_пластик_черный/красный_S_S_M,2,0.6617910447761194,Y,квадратные_пластик_черный/красный,S_S_M,Y,x
квадратные_пластик_черный/прозрачный_L_L_M,2,0.662089552238806,Y,квадратные_пластик_черный/прозрачный,L_L_M,x,X
квадратные_пластик_синий_M_M_S,2,0.6623880597014925,Y,квадратные_пластик_синий,M_M_S,X,Y
половинки_металл_темно-серый_M_S_L,2,0.6626865671641791,Y,половинки_металл_темно-серый,M_S_L,X,x
половинки_металл_черный/красный_L_L_L,2,0.6629850746268656,Y,половинки_металл_черный/красный,L_L_L,y,X
половинки_металл_черный_L_L_L,2,0.6632835820895523,Y,половинки_металл_черный,L_L_L,X,X
половинки_металл_коричневый_S_L_L,2,0.6635820895522389,Y,половинки_металл_коричневый,S_L_L,X,Z
панто_металл_серый_S_S_M,2,0.6638805970149254,Y,панто_металл_серый,S_S_M,X,x
необычные_металл_серый/золотой_M_M_L,2,0.664179104477612,Y,необычные_металл_серый/золотой,M_M_L,y,X
панто_металл_коричневый/золотой_M_M_M,2,0.6644776119402985,Y,панто_металл_коричневый/золотой,M_M_M,X,X
панто_металл_коричневый_M_L_L,2,0.6647761194029851,Y,панто_металл_коричневый,M_L_L,X,X
панто_металл_красный_L_M_L,2,0.6650746268656716,Y,панто_металл_красный,L_M_L,X,X
капли_металл_коричневый_M_L_M,2,0.6653731343283582,Y,капли_металл_коричневый,M_L_M,Y,X
половинки_металл_синий/серебристый_L_M_L,2,0.6656716417910448,Y,половинки_металл_синий/серебристый,L_M_L,y,X
капли_металл_темно-серый_L_L_M,2,0.6659701492537313,Y,капли_металл_темно-серый,L_L_M,Y,X
капли_металл_черный/золотой_L_L_M,2,0.6662686567164179,Y,капли_металл_черный/золотой,L_L_M,Y,X
бабочка_пластик_бирюзовый_S_S_M,2,0.6665671641791044,Y,бабочка_пластик_бирюзовый,S_S_M,X,x
трапеция_металл_коричневый_M_L_S,2,0.666865671641791,Y,трапеция_металл_коричневый,M_L_S,X,X
бабочка_металл_черный/серый_M_L_M,2,0.6671641791044776,Y,бабочка_металл_черный/серый,M_L_M,X,X
бабочка_пластик_коричневый_M_M_S,2,0.6674626865671642,Y,бабочка_пластик_коричневый,M_M_S,X,Y
бабочка_пластик_красный_L_L_L,2,0.6677611940298508,Y,бабочка_пластик_красный,L_L_L,X,X
прямоугольные_титан_черный/золотой_L_M_L,2,0.6680597014925374,Y,прямоугольные_титан_черный/золотой,L_M_L,x,X
бабочка_пластик_зеленый_S_M_M,2,0.6683582089552239,Y,бабочка_пластик_зеленый,S_M_M,X,X
необычные_металл_серебристый_S_M_L,2,0.6686567164179105,Y,необычные_металл_серебристый,S_M_L,X,Y
кошачий глаз_пластик_фиолетовый_S_S_S,2,0.668955223880597,Y,кошачий глаз_пластик_фиолетовый,S_S_S,X,x
необычные_металл_зеленый_L_L_L,2,0.6692537313432836,Y,необычные_металл_зеленый,L_L_L,x,X
трапеция_металл_бронзовый_M_M_L,2,0.6695522388059701,Y,трапеция_металл_бронзовый,M_M_L,x,X
бабочка_пластик_зеленый_L_L_M,2,0.6698507462686567,Y,бабочка_пластик_зеленый,L_L_M,X,X
бабочка_пластик_зеленый_M_L_L,2,0.6701492537313433,Y,бабочка_пластик_зеленый,M_L_L,X,X
бабочка_пластик_бежевый_M_M_M,2,0.6704477611940298,Y,бабочка_пластик_бежевый,M_M_M,X,X
бабочка_пластик_бежевый_S_M_S,2,0.6707462686567164,Y,бабочка_пластик_бежевый,S_M_S,X,x
бабочка_пластик_бирюзовый_M_L_M,2,0.6710447761194029,Y,бабочка_пластик_бирюзовый,M_L_M,X,X
квадратные_пластик_гавана_M_L_L,2,0.6713432835820895,Y,квадратные_пластик_гавана,M_L_L,x,X
квадратные_металл_бордовый_M_L_M,2,0.6716417910447762,Y,квадратные_металл_бордовый,M_L_M,x,X
квадратные_металл_бордовый_M_M_L,2,0.6719402985074627,Y,квадратные_металл_бордовый,M_M_L,x,X
круглые_титан_черный/коричневый_M_M_L,2,0.6722388059701493,Y,круглые_титан_черный/коричневый,M_M_L,y,X
необычные_металл и пластик_зеленый_M_M_L,2,0.6725373134328358,Y,необычные_металл и пластик_зеленый,M_M_L,y,X
необычные_металл и пластик_коричневый_M_L_L,2,0.6728358208955224,Y,необычные_металл и пластик_коричневый,M_L_L,y,X
необычные_металл и пластик_многоцветный_M_L_L,2,0.673134328358209,Y,необычные_металл и пластик_многоцветный,M_L_L,Y,X
бабочка_металл_черный/золотой_M_S_M,2,0.6734328358208955,Y,бабочка_металл_черный/золотой,M_S_M,X,y
панто_титан_синий_M_M_L,2,0.6737313432835821,Y,панто_титан_синий,M_M_L,X,X
капли_титан_серебристый_L_L_L,2,0.6740298507462686,Y,капли_титан_серебристый,L_L_L,x,X
квадратные_пластик_голубой_L_M_L,2,0.6743283582089552,Y,квадратные_пластик_голубой,L_M_L,x,X
квадратные_пластик_зеленый_L_L_L,2,0.6746268656716418,Y,квадратные_пластик_зеленый,L_L_L,X,X
панто_металл_темно-серый_M_S_L,2,0.6749253731343283,Y,панто_металл_темно-серый,M_S_L,X,x
квадратные_пластик_бордовый_M_M_M,2,0.6752238805970149,Y,квадратные_пластик_бордовый,M_M_M,Y,X
квадратные_пластик_гавана_L_L_L,2,0.6755223880597014,Y,квадратные_пластик_гавана,L_L_L,x,X
квадратные_пластик_гавана_L_M_L,2,0.6758208955223881,Y,квадратные_пластик_гавана,L_M_L,x,X
панто_металл_серый_S_M_L,2,0.6761194029850747,Y,панто_металл_серый,S_M_L,X,Y
капли_титан_синий_L_L_M,2,0.6764179104477612,Y,капли_титан_синий,L_L_M,y,X
панто_титан_синий_L_S_L,2,0.6767164179104478,Y,панто_титан_синий,L_S_L,X,Y
капли_металл_черный_L_L_L,2,0.6770149253731343,Y,капли_металл_черный,L_L_L,X,X
капли_металл_черный_L_L_S,2,0.6773134328358209,Y,капли_металл_черный,L_L_S,X,Y
панто_титан_черный/серый_L_M_L,2,0.6776119402985075,Y,панто_титан_черный/серый,L_M_L,y,X
панто_титан_черный_L_S_L,2,0.677910447761194,Y,панто_титан_черный,L_S_L,X,Y
половинки_металл и пластик_красный_L_M_L,2,0.6782089552238806,Y,половинки_металл и пластик_красный,L_M_L,y,X
панто_металл_синий/золотой_M_M_M,2,0.6785074626865671,Y,панто_металл_синий/золотой,M_M_M,X,X
квадратные_пластик_персиковый_L_M_L,2,0.6788059701492537,Y,квадратные_пластик_персиковый,L_M_L,y,X
квадратные_пластик_розовый_M_L_M,2,0.6791044776119403,Y,квадратные_пластик_розовый,M_L_M,Y,X
квадратные_пластик_розовый_S_S_M,2,0.6794029850746268,Y,квадратные_пластик_розовый,S_S_M,Y,x
панто_металл_серый/серебристый_S_M_L,2,0.6797014925373134,Y,панто_металл_серый/серебристый,S_M_L,x,Y
панто_титан_серебристый_M_M_M,2,0.68,Y,панто_титан_серебристый,M_M_M,X,X
панто_титан_серый_M_L_L,2,0.6802985074626866,Y,панто_титан_серый,M_L_L,X,X
квадратные_пластик_серый_S_S_M,2,0.6805970149253732,Y,квадратные_пластик_серый,S_S_M,X,x
квадратные_пластик_коричневый_M_M_S,2,0.6808955223880597,Y,квадратные_пластик_коричневый,M_M_S,X,Y
панто_металл_темно-серый_S_M_L,2,0.6811940298507463,Y,панто_металл_темно-серый,S_M_L,X,Y
панто_металл_темно-серый_S_M_M,2,0.6814925373134328,Y,панто_металл_темно-серый,S_M_M,X,X
панто_металл_темно-серый_S_S_M,2,0.6817910447761194,Y,панто_металл_темно-серый,S_S_M,X,x
панто_пластик_черепаховый_L_M_L,2,0.682089552238806,Y,панто_пластик_черепаховый,L_M_L,x,X
квадратные_металл_черный/серебристый_L_L_S,2,0.6823880597014925,Y,квадратные_металл_черный/серебристый,L_L_S,X,Y
квадратные_металл_черный/серебристый_M_M_M,2,0.6826865671641791,Y,квадратные_металл_черный/серебристый,M_M_M,X,X
круглые_титан_бронзовый_M_M_M,2,0.6829850746268656,Y,круглые_титан_бронзовый,M_M_M,x,X
панто_титан_бежевый_M_L_M,2,0.6832835820895522,Y,панто_титан_бежевый,M_L_M,y,X
панто_титан_бордовый_M_M_L,2,0.6835820895522388,Y,панто_титан_бордовый,M_M_L,x,X
панто_пластик_черный/серый_M_S_L,2,0.6838805970149253,Y,панто_пластик_черный/серый,M_S_L,Y,x
квадратные_металл и пластик_черный/серебристый_L_L_L,2,0.684179104477612,Y,квадратные_металл и пластик_черный/серебристый,L_L_L,Y,X
панто_металл_серебристый_S_L_L,2,0.6844776119402985,Y,панто_металл_серебристый,S_L_L,X,Z
панто_титан_бронзовый_L_M_L,2,0.6847761194029851,Y,панто_титан_бронзовый,L_M_L,X,X
панто_титан_зеленый_M_M_L,2,0.6850746268656717,Y,панто_титан_зеленый,M_M_L,y,X
панто_титан_золотой_L_M_L,2,0.6853731343283582,Y,панто_титан_золотой,L_M_L,X,X
бабочка_пластик_бордовый_M_L_L,2,0.6856716417910448,Y,бабочка_пластик_бордовый,M_L_L,X,X
кошачий глаз_пластик_черепаховый_S_M_L,2,0.6859701492537313,Y,кошачий глаз_пластик_черепаховый,S_M_L,X,Y
кошачий глаз_пластик_черный/белый_L_L_M,2,0.6862686567164179,Y,кошачий глаз_пластик_черный/белый,L_L_M,x,X
кошачий глаз_пластик_черный/зеленый_M_M_M,2,0.6865671641791045,Y,кошачий глаз_пластик_черный/зеленый,M_M_M,y,X
квадратные_пластик_зеленый_M_L_L,2,0.686865671641791,Y,квадратные_пластик_зеленый,M_L_L,X,X
квадратные_пластик_зеленый_M_L_S,2,0.6871641791044776,Y,квадратные_пластик_зеленый,M_L_S,X,X
квадратные_пластик_коричневый_L_L_L,2,0.6874626865671641,Y,квадратные_пластик_коричневый,L_L_L,X,X
панто_пластик_черный_M_L_M,2,0.6877611940298507,Y,панто_пластик_черный,M_L_M,X,X
бабочка_металл_синий/золотой_L_L_L,2,0.6880597014925374,Y,бабочка_металл_синий/золотой,L_L_L,X,X
бабочка_металл_синий/золотой_M_L_S,2,0.6883582089552239,Y,бабочка_металл_синий/золотой,M_L_S,X,X
необычные_металл и пластик_многоцветный_M_M_L,2,0.6886567164179105,Y,необычные_металл и пластик_многоцветный,M_M_L,Y,X
бабочка_металл_сиреневый_M_M_L,2,0.688955223880597,Y,бабочка_металл_сиреневый,M_M_L,X,X
бабочка_металл_темно-серый_M_L_M,2,0.6892537313432836,Y,бабочка_металл_темно-серый,M_L_M,X,X
трапеция_металл_синий/золотой_L_S_M,2,0.6895522388059702,Y,трапеция_металл_синий/золотой,L_S_M,y,y
необычные_металл_бордовый_M_M_M,2,0.6898507462686567,Y,необычные_металл_бордовый,M_M_M,X,X
бабочка_пластик_голубой_M_L_S,2,0.6901492537313433,Y,бабочка_пластик_голубой,M_L_S,X,X
капли_титан_черный/серебристый_M_L_S,2,0.6904477611940298,Y,капли_титан_черный/серебристый,M_L_S,Y,X
капли_титан_черный_M_L_M,2,0.6907462686567164,Y,капли_титан_черный,M_L_M,Y,X
квадратные_металл_синий_L_L_M,2,0.691044776119403,Y,квадратные_металл_синий,L_L_M,X,X
панто_металл_черный/серый_M_S_L,2,0.6913432835820895,Y,панто_металл_черный/серый,M_S_L,X,x
панто_металл_черный/синий_S_M_L,2,0.6916417910447761,Y,панто_металл_черный/синий,S_M_L,X,Y
панто_металл_черный_L_M_M,2,0.6919402985074626,Y,панто_металл_черный,L_M_M,X,Y
панто_металл_черный_L_S_S,2,0.6922388059701493,Y,панто_металл_черный,L_S_S,X,Z
квадратные_металл_серебристый_M_L_L,2,0.6925373134328359,Y,квадратные_металл_серебристый,M_L_L,X,X
панто_пластик_черный/прозрачный_L_M_L,2,0.6928358208955224,Y,панто_пластик_черный/прозрачный,L_M_L,X,X
панто_пластик_черный/прозрачный_L_S_L,2,0.693134328358209,Y,панто_пластик_черный/прозрачный,L_S_L,X,Y
квадратные_металл_черный_M_L_S,2,0.6934328358208955,Y,квадратные_металл_черный,M_L_S,X,X
панто_металл_черный/оранжевый_M_M_L,2,0.6937313432835821,Y,панто_металл_черный/оранжевый,M_M_L,x,X
панто_металл_черный/оранжевый_S_M_L,2,0.6940298507462687,Y,панто_металл_черный/оранжевый,S_M_L,x,Y
квадратные_металл и пластик_черный/золотой_L_L_L,2,0.6943283582089552,Y,квадратные_металл и пластик_черный/золотой,L_L_L,Y,X
квадратные_металл и пластик_серый_M_L_M,2,0.6946268656716418,Y,квадратные_металл и пластик_серый,M_L_M,Y,X
панто_пластик_черный/прозрачный_M_L_M,2,0.6949253731343283,Y,панто_пластик_черный/прозрачный,M_L_M,X,X
трапеция_металл_многоцветный_M_L_M,2,0.6952238805970149,Y,трапеция_металл_многоцветный,M_L_M,x,X
бабочка_металл_черный_M_M_S,2,0.6955223880597015,Y,бабочка_металл_черный,M_M_S,X,Y
необычные_металл и пластик_синий_M_L_M,2,0.695820895522388,Y,необычные_металл и пластик_синий,M_L_M,y,X
необычные_металл и пластик_черный/серебристый_L_M_L,2,0.6961194029850746,Y,необычные_металл и пластик_черный/серебристый,L_M_L,y,X
квадратные_металл_черный/серый_M_M_M,2,0.6964179104477612,Y,квадратные_металл_черный/серый,M_M_M,x,X
панто_металл_черный/коричневый_L_S_L,2,0.6967164179104478,Y,панто_металл_черный/коричневый,L_S_L,y,Y
панто_металл_черный/красный_S_M_L,2,0.6970149253731344,Y,панто_металл_черный/красный,S_M_L,y,Y
панто_пластик_черный/оранжевый_M_M_L,2,0.6973134328358209,Y,панто_пластик_черный/оранжевый,M_M_L,Y,X
трапеция_металл_черный/золотой_M_L_S,2,0.6976119402985075,Y,трапеция_металл_черный/золотой,M_L_S,X,X
бабочка_металл_коричневый_M_M_L,2,0.697910447761194,Y,бабочка_металл_коричневый,M_M_L,X,X
круглые_титан_темно-серый_L_M_L,2,0.6982089552238806,Y,круглые_титан_темно-серый,L_M_L,Y,X
трапеция_металл_черный/синий_L_L_M,2,0.6985074626865672,Y,трапеция_металл_черный/синий,L_L_M,x,X
трапеция_металл_черный_M_M_L,2,0.6988059701492537,Y,трапеция_металл_черный,M_M_L,X,X
бабочка_металл_черный/зеленый_S_L_S,2,0.6991044776119403,Y,бабочка_металл_черный/зеленый,S_L_S,Y,z
трапеция_металл_серый/золотой_M_L_S,2,0.6994029850746268,Y,трапеция_металл_серый/золотой,M_L_S,Y,X
трапеция_металл_серый_M_L_M,2,0.6997014925373134,Y,трапеция_металл_серый,M_L_M,X,X
бабочка_металл_желтый_L_M_L,2,0.7,Y,бабочка_металл_желтый,L_M_L,X,X
бабочка_металл_зеленый_L_L_M,2,0.7002985074626865,y,бабочка_металл_зеленый,L_L_M,X,X
трапеция_пластик_оливковый_M_M_L,2,0.7005970149253732,y,трапеция_пластик_оливковый,M_M_L,Y,X
трапеция_пластик_прозрачный_L_L_M,2,0.7008955223880597,y,трапеция_пластик_прозрачный,L_L_M,X,X
трапеция_пластик_прозрачный_M_L_M,2,0.7011940298507463,y,трапеция_пластик_прозрачный,M_L_M,X,X
бабочка_металл_бирюзовый_M_M_M,2,0.7014925373134329,y,бабочка_металл_бирюзовый,M_M_M,X,X
бабочка_металл_бордовый_L_L_S,2,0.7017910447761194,y,бабочка_металл_бордовый,L_L_S,X,Y
круглые_металл_многоцветный_L_L_L,2,0.702089552238806,y,круглые_металл_многоцветный,L_L_L,x,X
бабочка_металл_бронзовый_L_M_L,2,0.7023880597014925,y,бабочка_металл_бронзовый,L_M_L,X,X
бабочка_металл_белый_L_L_M,2,0.7026865671641791,y,бабочка_металл_белый,L_L_M,y,X
трапеция_титан_черный_M_L_S,2,0.7029850746268657,y,трапеция_титан_черный,M_L_S,x,X
трапеция_пластик_красный_S_S_M,2,0.7032835820895522,y,трапеция_пластик_красный,S_S_M,Y,x
трапеция_пластик_многоцветный_L_M_L,2,0.7035820895522388,y,трапеция_пластик_многоцветный,L_M_L,x,X
треугольник_металл_бежевый_M_L_M,2,0.7038805970149253,y,треугольник_металл_бежевый,M_L_M,y,X
трапеция_пластик_голубой_M_L_M,2,0.7041791044776119,y,трапеция_пластик_голубой,M_L_M,x,X
трапеция_пластик_зеленый_L_L_M,2,0.7044776119402985,y,трапеция_пластик_зеленый,L_L_M,x,X
трапеция_титан_серый_L_L_S,2,0.7047761194029851,y,трапеция_титан_серый,L_L_S,X,Y
трапеция_титан_серый_M_L_M,2,0.7050746268656717,y,трапеция_титан_серый,M_L_M,X,X
круглые_металл_синий_L_L_L,2,0.7053731343283582,y,круглые_металл_синий,L_L_L,X,X
круглые_металл и пластик_серый_M_M_L,2,0.7056716417910448,y,круглые_металл и пластик_серый,M_M_L,y,X
круглые_металл и пластик_черный/золотой_M_L_L,2,0.7059701492537314,y,круглые_металл и пластик_черный/золотой,M_L_L,Y,X
круглые_пластик_синий_S_S_L,2,0.7062686567164179,y,круглые_пластик_синий,S_S_L,X,y
круглые_пластик_фиолетовый_M_S_L,2,0.7065671641791045,y,круглые_пластик_фиолетовый,M_S_L,x,x
круглые_пластик_фиолетовый_S_S_L,2,0.706865671641791,y,круглые_пластик_фиолетовый,S_S_L,x,y
панто_пластик_сиреневый_S_S_L,2,0.7071641791044776,y,панто_пластик_сиреневый,S_S_L,X,y
панто_пластик_серый_M_M_M,2,0.7074626865671642,y,панто_пластик_серый,M_M_M,X,X
трапеция_титан_серебристый_L_L_L,2,0.7077611940298507,y,трапеция_титан_серебристый,L_L_L,X,X
бабочка_металл и пластик_коричневый_L_M_L,2,0.7080597014925373,y,бабочка_металл и пластик_коричневый,L_M_L,Y,X
бабочка_металл и пластик_многоцветный_L_L_M,2,0.7083582089552238,y,бабочка_металл и пластик_многоцветный,L_L_M,X,X
бабочка_металл и пластик_многоцветный_M_M_M,2,0.7086567164179104,y,бабочка_металл и пластик_многоцветный,M_M_M,X,X
бабочка_металл и пластик_многоцветный_S_M_L,2,0.7089552238805971,y,бабочка_металл и пластик_многоцветный,S_M_L,X,Y
бабочка_металл и пластик_золотой_M_L_L,2,0.7092537313432836,y,бабочка_металл и пластик_золотой,M_L_L,X,X
трапеция_пластик_черный/серый_L_L_L,2,0.7095522388059702,y,трапеция_пластик_черный/серый,L_L_L,X,X
трапеция_пластик_черный/золотой_L_M_L,2,0.7098507462686567,y,трапеция_пластик_черный/золотой,L_M_L,y,X
бабочка_металл_коричневый/золотой_L_L_S,2,0.7101492537313433,y,бабочка_металл_коричневый/золотой,L_L_S,X,Y
бабочка_металл_коричневый/золотой_L_M_L,2,0.7104477611940299,y,бабочка_металл_коричневый/золотой,L_M_L,X,X
круглые_металл и пластик_черный/серебристый_M_M_L,2,0.7107462686567164,y,круглые_металл и пластик_черный/серебристый,M_M_L,y,X
круглые_металл_белый_M_M_L,2,0.711044776119403,y,круглые_металл_белый,M_M_L,y,X
бабочка_металл и пластик_синий/золотой_M_L_S,2,0.7113432835820895,y,бабочка_металл и пластик_синий/золотой,M_L_S,X,X
прямоугольные_пластик_розовый_M_L_M,2,0.7116417910447761,y,прямоугольные_пластик_розовый,M_L_M,X,X
квадратные_металл_многоцветный_L_L_L,2,0.7119402985074627,y,квадратные_металл_многоцветный,L_L_L,X,X
трапеция_титан_золотой_L_M_L,2,0.7122388059701492,y,трапеция_титан_золотой,L_M_L,X,X
трапеция_титан_многоцветный_M_L_M,2,0.7125373134328358,y,трапеция_титан_многоцветный,M_L_M,y,X
трапеция_пластик_сиреневый_S_S_S,2,0.7128358208955224,y,трапеция_пластик_сиреневый,S_S_S,y,x
трапеция_пластик_фиолетовый_S_M_S,2,0.713134328358209,y,трапеция_пластик_фиолетовый,S_M_S,x,x
трапеция_титан_черный/серый_M_L_M,2,0.7134328358208956,y,трапеция_титан_черный/серый,M_L_M,y,X
авиаторы_металл_черный_M_L_S,2,0.7137313432835821,y,авиаторы_металл_черный,M_L_S,Y,X
трапеция_пластик_черный/прозрачный_M_M_S,2,0.7140298507462687,y,трапеция_пластик_черный/прозрачный,M_M_S,X,Y
панто_пластик_зеленый_S_S_L,2,0.7143283582089552,y,панто_пластик_зеленый,S_S_L,X,y
квадратные_металл_коричневый_M_L_M,2,0.7146268656716418,y,квадратные_металл_коричневый,M_L_M,X,X
панто_пластик_гавана_L_M_L,2,0.7149253731343284,y,панто_пластик_гавана,L_M_L,X,X
панто_пластик_гавана_L_S_L,2,0.7152238805970149,y,панто_пластик_гавана,L_S_L,X,Y
панто_пластик_гавана_M_L_L,2,0.7155223880597015,y,панто_пластик_гавана,M_L_L,X,X
панто_пластик_гавана_M_S_L,2,0.715820895522388,y,панто_пластик_гавана,M_S_L,X,x
трапеция_пластик_черный/синий_S_M_S,2,0.7161194029850746,y,трапеция_пластик_черный/синий,S_M_S,x,x
панто_пластик_коричневый_M_S_L,2,0.7164179104477612,y,панто_пластик_коричневый,M_S_L,X,x
круглые_металл_многоцветный_M_L_L,2,0.7167164179104477,y,круглые_металл_многоцветный,M_L_L,x,X
круглые_металл_розовый_L_L_L,2,0.7170149253731344,y,круглые_металл_розовый,L_L_L,Y,X
круглые_металл_розовый_M_M_L,2,0.7173134328358209,y,круглые_металл_розовый,M_M_L,Y,X
круглые_металл_коричневый_M_L_L,2,0.7176119402985075,y,круглые_металл_коричневый,M_L_L,X,X
круглые_металл_фиолетовый_M_M_L,2,0.7179104477611941,y,круглые_металл_фиолетовый,M_M_L,Y,X
круглые_металл_черный/розовый_M_S_L,2,0.7182089552238806,y,круглые_металл_черный/розовый,M_S_L,y,x
круглые_металл_черный_L_S_L,2,0.7185074626865672,y,круглые_металл_черный,L_S_L,X,Y
панто_пластик_зеленый_M_L_L,2,0.7188059701492537,y,панто_пластик_зеленый,M_L_L,X,X
авиаторы_металл_зеленый_M_L_S,1,0.7191044776119403,y,авиаторы_металл_зеленый,M_L_S,z,X
авиаторы_пластик_серый_L_L_M,1,0.7194029850746269,y,авиаторы_пластик_серый,L_L_M,z,X
бабочка_металл и пластик_бордовый_M_L_M,1,0.7197014925373134,y,бабочка_металл и пластик_бордовый,M_L_M,Y,X
бабочка_металл и пластик_бордовый_M_M_M,1,0.72,y,бабочка_металл и пластик_бордовый,M_M_M,Y,X
бабочка_металл и пластик_бронзовый_M_M_L,1,0.7202985074626865,y,бабочка_металл и пластик_бронзовый,M_M_L,z,X
бабочка_металл и пластик_зеленый_M_M_L,1,0.7205970149253731,y,бабочка_металл и пластик_зеленый,M_M_L,X,X
бабочка_металл и пластик_коричневый_M_L_L,1,0.7208955223880597,y,бабочка_металл и пластик_коричневый,M_L_L,Y,X
бабочка_металл и пластик_коричневый_M_M_L,1,0.7211940298507463,y,бабочка_металл и пластик_коричневый,M_M_L,Y,X
бабочка_металл и пластик_красный_L_M_L,1,0.7214925373134329,y,бабочка_металл и пластик_красный,L_M_L,z,X
бабочка_металл и пластик_прозрачный_M_L_L,1,0.7217910447761194,y,бабочка_металл и пластик_прозрачный,M_L_L,y,X
бабочка_металл и пластик_прозрачный_M_L_M,1,0.722089552238806,y,бабочка_металл и пластик_прозрачный,M_L_M,y,X
трапеция_пластик_черный_S_S_S,1,0.7223880597014926,y,трапеция_пластик_черный,S_S_S,X,x
трапеция_титан_бордовый_M_L_M,1,0.7226865671641791,y,трапеция_титан_бордовый,M_L_M,y,X
трапеция_титан_серый_L_L_L,1,0.7229850746268657,y,трапеция_титан_серый,L_L_L,X,X
круглые_пластик_бордовый_S_S_L,1,0.7232835820895522,y,круглые_пластик_бордовый,S_S_L,Y,y
круглые_металл_коричневый_M_S_M,1,0.7235820895522388,y,круглые_металл_коричневый,M_S_M,X,y
круглые_металл_красный_L_M_L,1,0.7238805970149254,y,круглые_металл_красный,L_M_L,X,X
круглые_металл_красный_L_S_L,1,0.7241791044776119,y,круглые_металл_красный,L_S_L,X,Y
круглые_металл_оранжевый_L_S_L,1,0.7244776119402985,y,круглые_металл_оранжевый,L_S_L,Z,Y
круглые_металл_серебристый/золотой_L_M_L,1,0.724776119402985,y,круглые_металл_серебристый/золотой,L_M_L,Z,X
круглые_металл_серебристый_M_S_M,1,0.7250746268656716,y,круглые_металл_серебристый,M_S_M,X,y
круглые_металл_серый/золотой_L_M_L,1,0.7253731343283583,y,круглые_металл_серый/золотой,L_M_L,X,X
бабочка_металл_желтый/зеленый_M_M_M,1,0.7256716417910448,y,бабочка_металл_желтый/зеленый,M_M_M,X,X
бабочка_металл_желтый_M_L_L,1,0.7259701492537314,y,бабочка_металл_желтый,M_L_L,X,X
круглые_металл_фиолетовый_L_S_M,1,0.7262686567164179,y,круглые_металл_фиолетовый,L_S_M,Y,y
круглые_металл_черный/серебристый_L_L_L,1,0.7265671641791045,y,круглые_металл_черный/серебристый,L_L_L,X,X
круглые_металл_черный/серебристый_L_M_M,1,0.7268656716417911,y,круглые_металл_черный/серебристый,L_M_M,X,Y
круглые_пластик_бирюзовый_L_M_L,1,0.7271641791044776,y,круглые_пластик_бирюзовый,L_M_L,y,X
круглые_пластик_бирюзовый_M_S_M,1,0.7274626865671642,y,круглые_пластик_бирюзовый,M_S_M,y,y
круглые_пластик_бордовый_M_M_L,1,0.7277611940298507,y,круглые_пластик_бордовый,M_M_L,Y,X
трапеция_пластик_коричневый_M_L_M,1,0.7280597014925373,y,трапеция_пластик_коричневый,M_L_M,x,X
трапеция_пластик_коричневый_M_L_S,1,0.7283582089552239,y,трапеция_пластик_коричневый,M_L_S,x,X
трапеция_пластик_многоцветный_L_L_M,1,0.7286567164179104,y,трапеция_пластик_многоцветный,L_L_M,x,X
трапеция_пластик_оливковый_L_L_L,1,0.728955223880597,y,трапеция_пластик_оливковый,L_L_L,Y,X
бабочка_металл_бордовый_L_L_L,1,0.7292537313432835,y,бабочка_металл_бордовый,L_L_L,X,X
бабочка_металл_бордовый_S_M_S,1,0.7295522388059702,y,бабочка_металл_бордовый,S_M_S,X,x
бабочка_металл_голубой_L_L_M,1,0.7298507462686568,y,бабочка_металл_голубой,L_L_M,X,X
бабочка_металл_голубой_M_L_S,1,0.7301492537313433,y,бабочка_металл_голубой,M_L_S,X,X
круглые_металл_желтый_M_M_L,1,0.7304477611940299,y,круглые_металл_желтый,M_M_L,X,X
круглые_металл_зеленый_L_S_L,1,0.7307462686567164,y,круглые_металл_зеленый,L_S_L,Y,Y
трапеция_пластик_бирюзовый_S_S_S,1,0.731044776119403,y,трапеция_пластик_бирюзовый,S_S_S,X,x
трапеция_пластик_бордовый_M_L_M,1,0.7313432835820896,y,трапеция_пластик_бордовый,M_L_M,X,X
трапеция_пластик_горчичный_M_L_M,1,0.7316417910447761,y,трапеция_пластик_горчичный,M_L_M,y,X
трапеция_пластик_зеленый_M_L_L,1,0.7319402985074627,y,трапеция_пластик_зеленый,M_L_L,x,X
трапеция_пластик_зеленый_M_M_L,1,0.7322388059701492,y,трапеция_пластик_зеленый,M_M_L,x,X
трапеция_пластик_зеленый_S_S_M,1,0.7325373134328358,y,трапеция_пластик_зеленый,S_S_M,x,x
квадратные_металл_синий_L_S_L,1,0.7328358208955223,y,квадратные_металл_синий,L_S_L,X,Y
квадратные_металл_синий_L_S_M,1,0.7331343283582089,y,квадратные_металл_синий,L_S_M,X,y
квадратные_металл_синий_S_M_L,1,0.7334328358208955,y,квадратные_металл_синий,S_M_L,X,Y
квадратные_металл_темно-серый_M_M_L,1,0.7337313432835821,y,квадратные_металл_темно-серый,M_M_L,X,X
квадратные_металл_фиолетовый_L_L_M,1,0.7340298507462687,y,квадратные_металл_фиолетовый,L_L_M,x,X
квадратные_металл_фиолетовый_S_S_L,1,0.7343283582089553,y,квадратные_металл_фиолетовый,S_S_L,x,y
квадратные_металл_черный/белый_L_L_S,1,0.7346268656716418,y,квадратные_металл_черный/белый,L_L_S,Z,Y
квадратные_металл_черный/зеленый_L_L_L,1,0.7349253731343284,y,квадратные_металл_черный/зеленый,L_L_L,Z,X
квадратные_металл_коричневый/золотой_L_L_M,1,0.7352238805970149,y,квадратные_металл_коричневый/золотой,L_L_M,Y,X
квадратные_металл_коричневый/золотой_L_L_S,1,0.7355223880597015,y,квадратные_металл_коричневый/золотой,L_L_S,Y,Y
квадратные_металл_коричневый/золотой_L_M_L,1,0.735820895522388,y,квадратные_металл_коричневый/золотой,L_M_L,Y,X
панто_металл_черный/синий_L_M_M,1,0.7361194029850746,y,панто_металл_черный/синий,L_M_M,X,Y
панто_металл_черный_M_L_M,1,0.7364179104477612,y,панто_металл_черный,M_L_M,X,X
панто_пластик_бирюзовый_L_M_L,1,0.7367164179104477,y,панто_пластик_бирюзовый,L_M_L,Y,X
квадратные_металл_синий/золотой_M_L_L,1,0.7370149253731343,y,квадратные_металл_синий/золотой,M_L_L,x,X
квадратные_металл_синий_L_L_S,1,0.7373134328358208,y,квадратные_металл_синий,L_L_S,X,Y
квадратные_металл_бронзовый_M_M_M,1,0.7376119402985075,y,квадратные_металл_бронзовый,M_M_M,X,X
квадратные_металл_голубой_M_L_L,1,0.7379104477611941,y,квадратные_металл_голубой,M_L_L,Y,X
квадратные_металл_желтый_L_L_S,1,0.7382089552238806,y,квадратные_металл_желтый,L_L_S,Y,Y
квадратные_металл_зеленый_L_L_L,1,0.7385074626865672,y,квадратные_металл_зеленый,L_L_L,x,X
квадратные_металл_зеленый_M_L_S,1,0.7388059701492538,y,квадратные_металл_зеленый,M_L_S,x,X
квадратные_металл_зеленый_M_M_M,1,0.7391044776119403,y,квадратные_металл_зеленый,M_M_M,x,X
квадратные_металл_золотой_M_L_S,1,0.7394029850746269,y,квадратные_металл_золотой,M_L_S,X,X
квадратные_металл_коричневый/золотой_L_L_L,1,0.7397014925373134,y,квадратные_металл_коричневый/золотой,L_L_L,Y,X
панто_пластик_красный_S_S_S,1,0.74,y,панто_пластик_красный,S_S_S,X,x
панто_пластик_малиновый_S_S_S,1,0.7402985074626866,y,панто_пластик_малиновый,S_S_S,Y,x
панто_пластик_оливковый_L_M_L,1,0.7405970149253731,y,панто_пластик_оливковый,L_M_L,y,X
панто_пластик_оливковый_L_S_L,1,0.7408955223880597,y,панто_пластик_оливковый,L_S_L,y,Y
панто_пластик_оранжевый_S_S_M,1,0.7411940298507462,y,панто_пластик_оранжевый,S_S_M,Z,x
панто_пластик_персиковый_M_M_L,1,0.7414925373134328,y,панто_пластик_персиковый,M_M_L,x,X
панто_пластик_прозрачный_M_L_L,1,0.7417910447761195,y,панто_пластик_прозрачный,M_L_L,X,X
квадратные_металл_бронзовый_M_L_S,1,0.742089552238806,y,квадратные_металл_бронзовый,M_L_S,X,X
квадратные_металл_черный_L_S_M,1,0.7423880597014926,y,квадратные_металл_черный,L_S_M,X,y
квадратные_металл_черный_S_M_L,1,0.7426865671641791,y,квадратные_металл_черный,S_M_L,X,Y
квадратные_пластик_бирюзовый_M_M_M,1,0.7429850746268657,y,квадратные_пластик_бирюзовый,M_M_M,Z,X
квадратные_пластик_бордовый_M_L_L,1,0.7432835820895523,y,квадратные_пластик_бордовый,M_L_L,Y,X
панто_металл_черный/серебристый_M_M_M,1,0.7435820895522388,y,панто_металл_черный/серебристый,M_M_M,X,X
панто_пластик_черный/белый_S_S_M,1,0.7438805970149254,y,панто_пластик_черный/белый,S_S_M,y,x
панто_пластик_черный/зеленый_M_M_L,1,0.7441791044776119,y,панто_пластик_черный/зеленый,M_M_L,y,X
панто_пластик_черный/зеленый_S_S_S,1,0.7444776119402985,y,панто_пластик_черный/зеленый,S_S_S,y,x
панто_металл_фиолетовый_M_L_M,1,0.744776119402985,y,панто_металл_фиолетовый,M_L_M,X,X
панто_металл_черный/белый_M_M_L,1,0.7450746268656716,y,панто_металл_черный/белый,M_M_L,Y,X
панто_металл_черный/зеленый_L_M_L,1,0.7453731343283582,y,панто_металл_черный/зеленый,L_M_L,y,X
панто_металл_черный/зеленый_M_M_L,1,0.7456716417910447,y,панто_металл_черный/зеленый,M_M_L,y,X
панто_металл_черный/золотой_L_L_L,1,0.7459701492537314,y,панто_металл_черный/золотой,L_L_L,X,X
панто_металл_черный/золотой_M_L_S,1,0.746268656716418,y,панто_металл_черный/золотой,M_L_S,X,X
квадратные_металл_черный/золотой_M_L_S,1,0.7465671641791045,y,квадратные_металл_черный/золотой,M_L_S,X,X
квадратные_металл_черный/серебристый_M_L_S,1,0.7468656716417911,y,квадратные_металл_черный/серебристый,M_L_S,X,X
панто_пластик_сиреневый_L_L_L,1,0.7471641791044776,y,панто_пластик_сиреневый,L_L_L,X,X
панто_пластик_темно-серый_L_M_L,1,0.7474626865671642,y,панто_пластик_темно-серый,L_M_L,x,X
панто_пластик_фиолетовый_L_L_L,1,0.7477611940298508,y,панто_пластик_фиолетовый,L_L_L,X,X
панто_пластик_фиолетовый_M_L_M,1,0.7480597014925373,y,панто_пластик_фиолетовый,M_L_M,X,X
панто_пластик_фиолетовый_M_S_L,1,0.7483582089552239,y,панто_пластик_фиолетовый,M_S_L,X,x
панто_пластик_фиолетовый_S_M_L,1,0.7486567164179104,y,панто_пластик_фиолетовый,S_M_L,X,Y
панто_пластик_черепаховый_M_S_L,1,0.748955223880597,y,панто_пластик_черепаховый,M_S_L,x,x
панто_пластик_черепаховый_S_S_L,1,0.7492537313432835,y,панто_пластик_черепаховый,S_S_L,x,y
панто_пластик_бордовый_M_L_M,1,0.7495522388059701,y,панто_пластик_бордовый,M_L_M,X,X
квадратные_металл_коричневый_L_L_M,1,0.7498507462686567,y,квадратные_металл_коричневый,L_L_M,X,X
панто_пластик_розовый_S_S_S,1,0.7501492537313433,y,панто_пластик_розовый,S_S_S,X,x
панто_пластик_серый_L_M_M,1,0.7504477611940299,y,панто_пластик_серый,L_M_M,X,Y
панто_пластик_синий/серебристый_M_M_L,1,0.7507462686567165,y,панто_пластик_синий/серебристый,M_M_L,y,X
панто_пластик_синий_L_L_M,1,0.751044776119403,y,панто_пластик_синий,L_L_M,X,X
панто_пластик_синий_M_L_L,1,0.7513432835820896,y,панто_пластик_синий,M_L_L,X,X
панто_пластик_синий_M_L_M,1,0.7516417910447761,y,панто_пластик_синий,M_L_M,X,X
панто_металл_темно-серый_L_M_L,1,0.7519402985074627,y,панто_металл_темно-серый,L_M_L,X,X
квадратные_пластик_бордовый_M_L_M,1,0.7522388059701492,y,квадратные_пластик_бордовый,M_L_M,Y,X
квадратные_пластик_гавана_L_L_M,1,0.7525373134328358,y,квадратные_пластик_гавана,L_L_M,x,X
квадратные_пластик_гавана_M_M_M,1,0.7528358208955224,y,квадратные_пластик_гавана,M_M_M,x,X
квадратные_пластик_голубой_M_L_M,1,0.7531343283582089,y,квадратные_пластик_голубой,M_L_M,x,X
квадратные_пластик_голубой_S_M_S,1,0.7534328358208955,y,квадратные_пластик_голубой,S_M_S,x,x
квадратные_пластик_голубой_S_S_M,1,0.753731343283582,y,квадратные_пластик_голубой,S_S_M,x,x
квадратные_пластик_желтый_L_M_L,1,0.7540298507462686,y,квадратные_пластик_желтый,L_M_L,Z,X
квадратные_металл и пластик_черный/золотой_L_M_L,1,0.7543283582089553,y,квадратные_металл и пластик_черный/золотой,L_M_L,Y,X
квадратные_металл и пластик_черный/золотой_M_L_L,1,0.7546268656716418,y,квадратные_металл и пластик_черный/золотой,M_L_L,Y,X
квадратные_металл и пластик_черный/золотой_M_M_L,1,0.7549253731343284,y,квадратные_металл и пластик_черный/золотой,M_M_L,Y,X
панто_металл_синий/серебристый_M_L_L,1,0.755223880597015,y,панто_металл_синий/серебристый,M_L_L,X,X
панто_металл_синий/серебристый_M_S_L,1,0.7555223880597015,y,панто_металл_синий/серебристый,M_S_L,X,x
панто_металл_синий/серебристый_S_S_M,1,0.7558208955223881,y,панто_металл_синий/серебристый,S_S_M,X,x
панто_металл_сиреневый_L_L_L,1,0.7561194029850746,y,панто_металл_сиреневый,L_L_L,X,X
панто_металл_сиреневый_S_M_M,1,0.7564179104477612,y,панто_металл_сиреневый,S_M_M,X,X
квадратные_металл и пластик_коричневый_M_L_L,1,0.7567164179104477,y,квадратные_металл и пластик_коричневый,M_L_L,Y,X
квадратные_металл и пластик_многоцветный_L_L_L,1,0.7570149253731343,y,квадратные_металл и пластик_многоцветный,L_L_L,z,X
квадратные_металл и пластик_оранжевый_L_M_L,1,0.7573134328358209,y,квадратные_металл и пластик_оранжевый,L_M_L,z,X
квадратные_металл и пластик_серый_L_M_L,1,0.7576119402985074,y,квадратные_металл и пластик_серый,L_M_L,Y,X
квадратные_металл и пластик_синий/серебристый_L_L_L,1,0.757910447761194,y,квадратные_металл и пластик_синий/серебристый,L_L_L,z,X
квадратные_металл и пластик_синий_L_L_L,1,0.7582089552238805,y,квадратные_металл и пластик_синий,L_L_L,z,X
квадратные_металл и пластик_темно-серый_M_S_L,1,0.7585074626865672,y,квадратные_металл и пластик_темно-серый,M_S_L,z,x
квадратные_металл и пластик_черный/золотой_L_L_M,1,0.7588059701492538,y,квадратные_металл и пластик_черный/золотой,L_L_M,Y,X
панто_пластик_черный/красный_S_M_M,1,0.7591044776119403,y,панто_пластик_черный/красный,S_M_M,Y,X
панто_пластик_черный/оранжевый_S_S_L,1,0.7594029850746269,y,панто_пластик_черный/оранжевый,S_S_L,Y,y
капли_титан_черный_L_L_S,1,0.7597014925373134,y,капли_титан_черный,L_L_S,Y,Y
квадратные_металл и пластик_бордовый_M_L_L,1,0.76,y,квадратные_металл и пластик_бордовый,M_L_L,z,X
квадратные_металл и пластик_гавана_M_L_L,1,0.7602985074626866,y,квадратные_металл и пластик_гавана,M_L_L,z,X
квадратные_металл и пластик_зеленый_M_L_L,1,0.7605970149253731,y,квадратные_металл и пластик_зеленый,M_L_L,z,X
квадратные_металл и пластик_коричневый_L_L_L,1,0.7608955223880597,y,квадратные_металл и пластик_коричневый,L_L_L,Y,X
квадратные_металл и пластик_коричневый_L_M_L,1,0.7611940298507462,y,квадратные_металл и пластик_коричневый,L_M_L,Y,X
панто_металл_серый/золотой_L_M_L,1,0.7614925373134328,y,панто_металл_серый/золотой,L_M_L,X,X
панто_металл_серый/золотой_S_M_L,1,0.7617910447761194,y,панто_металл_серый/золотой,S_M_L,X,Y
панто_металл_серый/серебристый_M_M_M,1,0.7620895522388059,y,панто_металл_серый/серебристый,M_M_M,x,X
панто_металл_серый/серебристый_S_M_M,1,0.7623880597014925,y,панто_металл_серый/серебристый,S_M_M,x,X
панто_металл_серый_M_L_M,1,0.7626865671641792,y,панто_металл_серый,M_L_M,X,X
квадратные_пластик_красный_L_L_M,1,0.7629850746268657,y,квадратные_пластик_красный,L_L_M,Y,X
квадратные_пластик_многоцветный_L_L_L,1,0.7632835820895523,y,квадратные_пластик_многоцветный,L_L_L,X,X
квадратные_пластик_многоцветный_L_M_L,1,0.7635820895522388,y,квадратные_пластик_многоцветный,L_M_L,X,X
панто_пластик_черный_L_L_S,1,0.7638805970149254,y,панто_пластик_черный,L_L_S,X,Y
панто_титан_бордовый_M_M_M,1,0.764179104477612,y,панто_титан_бордовый,M_M_M,x,X
панто_титан_голубой_M_L_L,1,0.7644776119402985,y,панто_титан_голубой,M_L_L,Z,X
панто_титан_коричневый/золотой_L_M_L,1,0.7647761194029851,y,панто_титан_коричневый/золотой,L_M_L,X,X
панто_титан_многоцветный_L_M_L,1,0.7650746268656716,y,панто_титан_многоцветный,L_M_L,y,X
панто_титан_многоцветный_L_S_L,1,0.7653731343283582,y,панто_титан_многоцветный,L_S_L,y,Y
панто_металл_розовый_M_L_L,1,0.7656716417910447,y,панто_металл_розовый,M_L_L,X,X
панто_металл_серебристый_M_L_S,1,0.7659701492537313,y,панто_металл_серебристый,M_L_S,X,X
квадратные_металл_бронзовый_L_L_L,1,0.7662686567164179,y,квадратные_металл_бронзовый,L_L_L,X,X
панто_пластик_черный/прозрачный_S_M_L,1,0.7665671641791045,y,панто_пластик_черный/прозрачный,S_M_L,X,Y
панто_пластик_черный/розовый_M_S_L,1,0.7668656716417911,y,панто_пластик_черный/розовый,M_S_L,Z,x
панто_пластик_черный/серый_M_M_L,1,0.7671641791044777,y,панто_пластик_черный/серый,M_M_L,Y,X
панто_пластик_черный/синий_S_M_M,1,0.7674626865671642,y,панто_пластик_черный/синий,S_M_M,x,X
панто_пластик_черный/фиолетовый_M_S_L,1,0.7677611940298508,y,панто_пластик_черный/фиолетовый,M_S_L,y,x
панто_пластик_черный/фиолетовый_S_M_M,1,0.7680597014925373,y,панто_пластик_черный/фиолетовый,S_M_M,y,X
панто_пластик_черный_L_L_L,1,0.7683582089552239,y,панто_пластик_черный,L_L_L,X,X
квадратные_пластик_зеленый_L_L_M,1,0.7686567164179104,y,квадратные_пластик_зеленый,L_L_M,X,X
квадратные_пластик_зеленый_L_L_S,1,0.768955223880597,y,квадратные_пластик_зеленый,L_L_S,X,Y
квадратные_пластик_зеленый_M_L_M,1,0.7692537313432836,y,квадратные_пластик_зеленый,M_L_M,X,X
квадратные_пластик_золотой_M_M_M,1,0.7695522388059701,y,квадратные_пластик_золотой,M_M_M,Z,X
квадратные_пластик_коричневый_L_L_M,1,0.7698507462686567,y,квадратные_пластик_коричневый,L_L_M,X,X
квадратные_металл и пластик_черный/серебристый_L_M_L,1,0.7701492537313432,y,квадратные_металл и пластик_черный/серебристый,L_M_L,Y,X
квадратные_металл и пластик_черный/серый_L_L_M,1,0.7704477611940298,y,квадратные_металл и пластик_черный/серый,L_L_M,z,X
квадратные_металл и пластик_черный_L_L_L,1,0.7707462686567165,y,квадратные_металл и пластик_черный,L_L_L,z,X
капли_титан_темно-серый_L_L_S,1,0.771044776119403,y,капли_титан_темно-серый,L_L_S,Z,Y
капли_титан_черный/золотой_L_L_M,1,0.7713432835820896,y,капли_титан_черный/золотой,L_L_M,y,X
капли_титан_черный/золотой_M_L_M,1,0.7716417910447761,y,капли_титан_черный/золотой,M_L_M,y,X
капли_титан_черный/серебристый_M_L_M,1,0.7719402985074627,y,капли_титан_черный/серебристый,M_L_M,Y,X
панто_титан_черный/красный_L_S_L,1,0.7722388059701493,y,панто_титан_черный/красный,L_S_L,Z,Y
панто_титан_черный/серебристый_L_L_L,1,0.7725373134328358,y,панто_титан_черный/серебристый,L_L_L,X,X
панто_титан_черный/синий_L_L_L,1,0.7728358208955224,y,панто_титан_черный/синий,L_L_L,y,X
панто_титан_черный/синий_L_S_L,1,0.7731343283582089,y,панто_титан_черный/синий,L_S_L,y,Y
капли_пластик_синий/серебристый_L_L_S,1,0.7734328358208955,y,капли_пластик_синий/серебристый,L_L_S,Z,Y
капли_пластик_черный_L_L_L,1,0.7737313432835821,y,капли_пластик_черный,L_L_L,Y,X
капли_пластик_черный_L_L_M,1,0.7740298507462686,y,капли_пластик_черный,L_L_M,Y,X
капли_пластик_черный_L_L_S,1,0.7743283582089552,y,капли_пластик_черный,L_L_S,Y,Y
капли_пластик_черный_M_L_S,1,0.7746268656716417,y,капли_пластик_черный,M_L_S,Y,X
капли_титан_зеленый_M_L_S,1,0.7749253731343284,y,капли_титан_зеленый,M_L_S,Z,X
капли_титан_серебристый_M_L_M,1,0.775223880597015,y,капли_титан_серебристый,M_L_M,x,X
капли_титан_серый_M_L_L,1,0.7755223880597015,y,капли_титан_серый,M_L_L,X,X
панто_титан_серый_L_L_L,1,0.7758208955223881,y,панто_титан_серый,L_L_L,X,X
панто_титан_серый_L_S_L,1,0.7761194029850746,y,панто_титан_серый,L_S_L,X,Y
панто_титан_синий/золотой_M_M_M,1,0.7764179104477612,y,панто_титан_синий/золотой,M_M_M,Z,X
капли_пластик_коричневый_L_L_S,1,0.7767164179104478,y,капли_пластик_коричневый,L_L_S,Z,Y
капли_пластик_прозрачный_L_L_M,1,0.7770149253731343,y,капли_пластик_прозрачный,L_L_M,y,X
капли_пластик_прозрачный_L_L_S,1,0.7773134328358209,y,капли_пластик_прозрачный,L_L_S,y,Y
капли_пластик_серый_L_L_L,1,0.7776119402985074,y,капли_пластик_серый,L_L_L,y,X
капли_пластик_серый_M_L_S,1,0.777910447761194,y,капли_пластик_серый,M_L_S,y,X
квадратные_пластик_оливковый_L_M_L,1,0.7782089552238806,y,квадратные_пластик_оливковый,L_M_L,Z,X
квадратные_пластик_прозрачный_S_M_M,1,0.7785074626865671,y,квадратные_пластик_прозрачный,S_M_M,X,X
квадратные_пластик_розовый_L_L_L,1,0.7788059701492537,y,квадратные_пластик_розовый,L_L_L,Y,X
квадратные_пластик_розовый_M_L_L,1,0.7791044776119403,y,квадратные_пластик_розовый,M_L_L,Y,X
панто_металл_серый_M_M_M,1,0.7794029850746269,y,панто_металл_серый,M_M_M,X,X
панто_металл_синий/золотой_M_L_M,1,0.7797014925373135,y,панто_металл_синий/золотой,M_L_M,X,X
панто_титан_розовый_M_S_L,1,0.78,y,панто_титан_розовый,M_S_L,Y,x
панто_титан_серебристый_L_M_L,1,0.7802985074626866,y,панто_титан_серебристый,L_M_L,X,X
квадратные_пластик_черный/зеленый_L_L_S,1,0.7805970149253731,y,квадратные_пластик_черный/зеленый,L_L_S,Z,Y
квадратные_пластик_черный/золотой_L_M_M,1,0.7808955223880597,y,квадратные_пластик_черный/золотой,L_M_M,Z,Y
квадратные_пластик_черный/коричневый_L_M_M,1,0.7811940298507463,y,квадратные_пластик_черный/коричневый,L_M_M,Y,Y
квадратные_пластик_черный/красный_S_M_M,1,0.7814925373134328,y,квадратные_пластик_черный/красный,S_M_M,Y,X
панто_металл_оранжевый_S_S_M,1,0.7817910447761194,y,панто_металл_оранжевый,S_S_M,Z,x
капли_металл_синий/серебристый_L_L_L,1,0.7820895522388059,y,капли_металл_синий/серебристый,L_L_L,Y,X
капли_металл_синий/серебристый_L_L_M,1,0.7823880597014925,y,капли_металл_синий/серебристый,L_L_M,Y,X
капли_металл_синий_L_L_L,1,0.7826865671641791,y,капли_металл_синий,L_L_L,Y,X
панто_металл_многоцветный_L_L_L,1,0.7829850746268656,y,панто_металл_многоцветный,L_L_L,X,X
панто_металл_многоцветный_M_L_S,1,0.7832835820895523,y,панто_металл_многоцветный,M_L_S,X,X
квадратные_пластик_синий_M_L_S,1,0.7835820895522388,y,квадратные_пластик_синий,M_L_S,X,X
квадратные_пластик_синий_M_S_M,1,0.7838805970149254,y,квадратные_пластик_синий,M_S_M,X,y
квадратные_пластик_фиолетовый_L_M_M,1,0.784179104477612,y,квадратные_пластик_фиолетовый,L_M_M,Y,Y
квадратные_пластик_фиолетовый_S_M_M,1,0.7844776119402985,y,квадратные_пластик_фиолетовый,S_M_M,Y,X
квадратные_пластик_фиолетовый_S_S_M,1,0.7847761194029851,y,квадратные_пластик_фиолетовый,S_S_M,Y,x
квадратные_пластик_черепаховый_M_L_M,1,0.7850746268656716,y,квадратные_пластик_черепаховый,M_L_M,x,X
капли_металл_серый_M_L_S,1,0.7853731343283582,y,капли_металл_серый,M_L_S,X,X
квадратные_пластик_черный/синий_M_L_M,1,0.7856716417910448,y,квадратные_пластик_черный/синий,M_L_M,x,X
квадратные_пластик_черный_M_S_S,1,0.7859701492537313,y,квадратные_пластик_черный,M_S_S,X,z
квадратные_пластик_черный_S_L_L,1,0.7862686567164179,y,квадратные_пластик_черный,S_L_L,X,Z
квадратные_пластик_черный_S_M_L,1,0.7865671641791044,y,квадратные_пластик_черный,S_M_L,X,Y
панто_металл_красный_M_L_L,1,0.786865671641791,y,панто_металл_красный,M_L_L,X,X
панто_металл_малиновый_S_M_L,1,0.7871641791044776,y,панто_металл_малиновый,S_M_L,x,Y
панто_металл_медный_M_L_L,1,0.7874626865671642,y,панто_металл_медный,M_L_L,Z,X
половинки_металл и пластик_синий_L_M_L,1,0.7877611940298508,y,половинки_металл и пластик_синий,L_M_L,Z,X
половинки_металл и пластик_черный/золотой_L_M_L,1,0.7880597014925373,y,половинки_металл и пластик_черный/золотой,L_M_L,Z,X
половинки_металл_бирюзовый_L_L_L,1,0.7883582089552239,y,половинки_металл_бирюзовый,L_L_L,Y,X
капли_металл_золотой_M_M_S,1,0.7886567164179105,y,капли_металл_золотой,M_M_S,X,Y
капли_металл_серебристый_M_L_L,1,0.788955223880597,y,капли_металл_серебристый,M_L_L,x,X
капли_металл_серебристый_M_L_M,1,0.7892537313432836,y,капли_металл_серебристый,M_L_M,x,X
капли_металл_серебристый_M_L_S,1,0.7895522388059701,y,капли_металл_серебристый,M_L_S,x,X
капли_металл_серый_M_L_L,1,0.7898507462686567,y,капли_металл_серый,M_L_L,X,X
панто_металл_желтый_M_M_M,1,0.7901492537313433,y,панто_металл_желтый,M_M_M,Y,X
панто_металл_золотой_L_S_L,1,0.7904477611940298,y,панто_металл_золотой,L_S_L,X,Y
панто_металл_золотой_S_L_L,1,0.7907462686567164,y,панто_металл_золотой,S_L_L,X,Z
квадратные_пластик_черный/прозрачный_L_M_L,1,0.7910447761194029,y,квадратные_пластик_черный/прозрачный,L_M_L,x,X
квадратные_пластик_черный/синий_L_L_S,1,0.7913432835820896,y,квадратные_пластик_черный/синий,L_L_S,x,Y
прямоугольные_металл и пластик_прозрачный_M_M_L,1,0.7916417910447762,y,прямоугольные_металл и пластик_прозрачный,M_M_L,Z,X
прямоугольные_металл и пластик_серый/золотой_M_M_L,1,0.7919402985074627,y,прямоугольные_металл и пластик_серый/золотой,M_M_L,Z,X
прямоугольные_металл и пластик_синий/серебристый_L_L_L,1,0.7922388059701493,y,прямоугольные_металл и пластик_синий/серебристый,L_L_L,Z,X
квадратные_титан_розовый_M_L_M,1,0.7925373134328358,y,квадратные_титан_розовый,M_L_M,z,X
квадратные_титан_серебристый_M_L_S,1,0.7928358208955224,y,квадратные_титан_серебристый,M_L_S,X,X
квадратные_титан_серый_L_L_S,1,0.793134328358209,y,квадратные_титан_серый,L_L_S,X,Y
панто_металл_бронзовый_M_L_L,1,0.7934328358208955,y,панто_металл_бронзовый,M_L_L,X,X
панто_металл_бронзовый_M_L_M,1,0.7937313432835821,y,панто_металл_бронзовый,M_L_M,X,X
панто_металл_голубой_L_M_M,1,0.7940298507462686,y,панто_металл_голубой,L_M_M,Y,Y
панто_металл_голубой_M_L_L,1,0.7943283582089552,y,панто_металл_голубой,M_L_L,Y,X
панто_металл_голубой_M_S_M,1,0.7946268656716418,y,панто_металл_голубой,M_S_M,Y,y
половинки_металл_черный/золотой_L_L_L,1,0.7949253731343283,y,половинки_металл_черный/золотой,L_L_L,Y,X
половинки_металл_черный/золотой_M_M_L,1,0.7952238805970149,y,половинки_металл_черный/золотой,M_M_L,Y,X
половинки_пластик_голубой_L_L_L,1,0.7955223880597015,y,половинки_пластик_голубой,L_L_L,Z,X
половинки_пластик_черный/белый_L_M_L,1,0.7958208955223881,y,половинки_пластик_черный/белый,L_M_L,Z,X
половинки_титан_серый_L_L_L,1,0.7961194029850747,y,половинки_титан_серый,L_L_L,Z,X
квадратные_титан_коричневый/золотой_M_L_M,1,0.7964179104477612,y,квадратные_титан_коричневый/золотой,M_L_M,y,X
квадратные_титан_многоцветный_M_L_M,1,0.7967164179104478,y,квадратные_титан_многоцветный,M_L_M,Y,X
квадратные_титан_многоцветный_M_M_M,1,0.7970149253731343,y,квадратные_титан_многоцветный,M_M_M,Y,X
капли_металл_синий_L_L_M,1,0.7973134328358209,y,капли_металл_синий,L_L_M,Y,X
капли_металл_синий_M_L_M,1,0.7976119402985075,y,капли_металл_синий,M_L_M,Y,X
капли_металл_черный/золотой_M_L_M,1,0.797910447761194,y,капли_металл_черный/золотой,M_L_M,Y,X
капли_металл_черный/оранжевый_L_L_L,1,0.7982089552238806,y,капли_металл_черный/оранжевый,L_L_L,Z,X
половинки_металл_золотой_L_L_L,1,0.7985074626865671,y,половинки_металл_золотой,L_L_L,X,X
половинки_металл_серый_M_S_L,1,0.7988059701492537,y,половинки_металл_серый,M_S_L,X,x
половинки_металл_синий_M_S_L,1,0.7991044776119403,y,половинки_металл_синий,M_S_L,x,x
половинки_металл_темно-серый_L_L_L,1,0.7994029850746268,y,половинки_металл_темно-серый,L_L_L,X,X
панто_металл и пластик_черный/серый_L_M_L,1,0.7997014925373135,y,панто_металл и пластик_черный/серый,L_M_L,Y,X
панто_металл и пластик_черный/серый_M_M_L,1,0.8,y,панто_металл и пластик_черный/серый,M_M_L,Y,X
панто_металл и пластик_черный/синий_L_M_L,1,0.8002985074626866,y,панто_металл и пластик_черный/синий,L_M_L,Z,X
панто_металл и пластик_черный_M_S_L,1,0.8005970149253732,y,панто_металл и пластик_черный,M_S_L,Y,x
панто_металл_белый_M_M_L,1,0.8008955223880597,y,панто_металл_белый,M_M_L,Z,X
панто_металл_бирюзовый_S_S_M,1,0.8011940298507463,y,панто_металл_бирюзовый,S_S_M,y,x
квадратные_титан_бежевый_M_L_M,1,0.8014925373134328,y,квадратные_титан_бежевый,M_L_M,z,X
квадратные_титан_бронзовый_L_L_L,1,0.8017910447761194,y,квадратные_титан_бронзовый,L_L_L,Y,X
панто_металл и пластик_черепаховый_M_L_L,1,0.802089552238806,y,панто_металл и пластик_черепаховый,M_L_L,y,X
панто_металл и пластик_черепаховый_M_M_L,1,0.8023880597014925,y,панто_металл и пластик_черепаховый,M_M_L,y,X
панто_металл и пластик_черный/зеленый_L_M_L,1,0.8026865671641791,y,панто_металл и пластик_черный/зеленый,L_M_L,Z,X
панто_металл и пластик_черный/золотой_L_L_L,1,0.8029850746268656,y,панто_металл и пластик_черный/золотой,L_L_L,x,X
панто_металл и пластик_черный/золотой_L_S_L,1,0.8032835820895522,y,панто_металл и пластик_черный/золотой,L_S_L,x,Y
панто_металл и пластик_черный/золотой_M_S_L,1,0.8035820895522388,y,панто_металл и пластик_черный/золотой,M_S_L,x,x
панто_металл и пластик_черный/прозрачный_M_M_L,1,0.8038805970149254,y,панто_металл и пластик_черный/прозрачный,M_M_L,Z,X
панто_металл и пластик_черный/серый_L_L_L,1,0.804179104477612,y,панто_металл и пластик_черный/серый,L_L_L,Y,X
капли_металл и пластик_серый_M_L_S,1,0.8044776119402985,y,капли_металл и пластик_серый,M_L_S,y,X
капли_металл и пластик_серый_M_M_L,1,0.8047761194029851,y,капли_металл и пластик_серый,M_M_L,y,X
капли_металл и пластик_черный/золотой_L_L_L,1,0.8050746268656717,y,капли_металл и пластик_черный/золотой,L_L_L,Z,X
капли_металл и пластик_черный/серебристый_L_L_L,1,0.8053731343283582,y,капли_металл и пластик_черный/серебристый,L_L_L,Z,X
капли_металл_желтый_L_L_L,1,0.8056716417910448,y,капли_металл_желтый,L_L_L,Z,X
панто_металл и пластик_серый_M_S_L,1,0.8059701492537313,y,панто_металл и пластик_серый,M_S_L,Y,x
панто_металл и пластик_серый_S_S_L,1,0.8062686567164179,y,панто_металл и пластик_серый,S_S_L,Y,y
панто_металл и пластик_фиолетовый_S_S_L,1,0.8065671641791045,y,панто_металл и пластик_фиолетовый,S_S_L,Z,y
прямоугольные_металл и пластик_синий_M_M_L,1,0.806865671641791,y,прямоугольные_металл и пластик_синий,M_M_L,Z,X
прямоугольные_металл_бордовый_L_S_M,1,0.8071641791044776,y,прямоугольные_металл_бордовый,L_S_M,X,y
прямоугольные_металл_бронзовый_M_L_L,1,0.8074626865671641,y,прямоугольные_металл_бронзовый,M_L_L,X,X
гексагон_титан_коричневый_L_L_L,1,0.8077611940298507,y,гексагон_титан_коричневый,L_L_L,y,X
гексагон_титан_коричневый_L_M_L,1,0.8080597014925374,y,гексагон_титан_коричневый,L_M_L,y,X
гексагон_титан_красный_M_M_L,1,0.8083582089552239,y,гексагон_титан_красный,M_M_L,Z,X
гексагон_титан_серебристый_M_L_M,1,0.8086567164179105,y,гексагон_титан_серебристый,M_L_M,Y,X
гексагон_титан_черный/золотой_L_M_L,1,0.808955223880597,y,гексагон_титан_черный/золотой,L_M_L,X,X
овальные_титан_сиреневый_M_L_L,1,0.8092537313432836,y,овальные_титан_сиреневый,M_L_L,X,X
овальные_титан_сиреневый_M_M_M,1,0.8095522388059702,y,овальные_титан_сиреневый,M_M_M,X,X
овальные_титан_черный_M_M_L,1,0.8098507462686567,y,овальные_титан_черный,M_M_L,Z,X
панто_металл и пластик_коричневый/золотой_L_S_L,1,0.8101492537313433,y,панто_металл и пластик_коричневый/золотой,L_S_L,y,Y
панто_металл и пластик_коричневый/золотой_M_M_L,1,0.8104477611940298,y,панто_металл и пластик_коричневый/золотой,M_M_L,y,X
панто_металл и пластик_коричневый_L_M_L,1,0.8107462686567164,y,панто_металл и пластик_коричневый,L_M_L,Z,X
панто_металл и пластик_многоцветный_M_L_L,1,0.811044776119403,y,панто_металл и пластик_многоцветный,M_L_L,Y,X
панто_металл и пластик_розовый_M_L_L,1,0.8113432835820895,y,панто_металл и пластик_розовый,M_L_L,Z,X
гексагон_пластик_серый_M_M_M,1,0.8116417910447761,y,гексагон_пластик_серый,M_M_M,Z,X
гексагон_пластик_синий_S_S_M,1,0.8119402985074626,y,гексагон_пластик_синий,S_S_M,Y,x
гексагон_пластик_фиолетовый_M_L_L,1,0.8122388059701493,y,гексагон_пластик_фиолетовый,M_L_L,Y,X
гексагон_пластик_фиолетовый_M_L_M,1,0.8125373134328359,y,гексагон_пластик_фиолетовый,M_L_M,Y,X
гексагон_пластик_фиолетовый_M_M_M,1,0.8128358208955224,y,гексагон_пластик_фиолетовый,M_M_M,Y,X
овальные_титан_серый_L_M_L,1,0.813134328358209,y,овальные_титан_серый,L_M_L,X,X
овальные_титан_серый_M_M_M,1,0.8134328358208955,y,овальные_титан_серый,M_M_M,X,X
овальные_титан_синий_L_L_L,1,0.8137313432835821,y,овальные_титан_синий,L_L_L,Z,X
прямоугольные_металл_золотой_M_L_S,1,0.8140298507462687,y,прямоугольные_металл_золотой,M_L_S,X,X
прямоугольные_металл_коричневый/золотой_S_L_M,1,0.8143283582089552,y,прямоугольные_металл_коричневый/золотой,S_L_M,X,y
гексагон_пластик_зеленый_M_L_M,1,0.8146268656716418,y,гексагон_пластик_зеленый,M_L_M,y,X
гексагон_пластик_зеленый_M_M_L,1,0.8149253731343283,y,гексагон_пластик_зеленый,M_M_L,y,X
гексагон_пластик_коричневый_M_M_M,1,0.8152238805970149,y,гексагон_пластик_коричневый,M_M_M,Z,X
гексагон_пластик_красный_M_L_M,1,0.8155223880597015,y,гексагон_пластик_красный,M_L_M,Y,X
гексагон_пластик_красный_S_S_M,1,0.815820895522388,y,гексагон_пластик_красный,S_S_M,Y,x
гексагон_пластик_прозрачный_S_S_M,1,0.8161194029850747,y,гексагон_пластик_прозрачный,S_S_M,y,x
квадратные_титан_бронзовый_M_M_L,1,0.8164179104477612,y,квадратные_титан_бронзовый,M_M_L,Y,X
квадратные_титан_голубой_L_L_M,1,0.8167164179104478,y,квадратные_титан_голубой,L_L_M,z,X
квадратные_титан_желтый_M_L_M,1,0.8170149253731344,y,квадратные_титан_желтый,M_L_M,z,X
квадратные_титан_зеленый_M_M_L,1,0.8173134328358209,y,квадратные_титан_зеленый,M_M_L,Z,X
квадратные_титан_золотой_L_L_M,1,0.8176119402985075,y,квадратные_титан_золотой,L_L_M,X,X
прямоугольные_металл_голубой_L_L_M,1,0.817910447761194,y,прямоугольные_металл_голубой,L_L_M,Y,X
прямоугольные_металл_зеленый_L_L_L,1,0.8182089552238806,y,прямоугольные_металл_зеленый,L_L_L,Y,X
прямоугольные_металл_золотой_L_M_L,1,0.8185074626865672,y,прямоугольные_металл_золотой,L_M_L,X,X
овальные_пластик_черепаховый_L_S_L,1,0.8188059701492537,y,овальные_пластик_черепаховый,L_S_L,Z,Y
овальные_пластик_черный/прозрачный_M_L_M,1,0.8191044776119403,y,овальные_пластик_черный/прозрачный,M_L_M,Z,X
овальные_пластик_черный_L_L_L,1,0.8194029850746268,y,овальные_пластик_черный,L_L_L,X,X
овальные_пластик_черный_L_M_L,1,0.8197014925373134,y,овальные_пластик_черный,L_M_L,X,X
овальные_пластик_черный_L_S_L,1,0.82,y,овальные_пластик_черный,L_S_L,X,Y
овальные_пластик_черный_M_M_S,1,0.8202985074626866,y,овальные_пластик_черный,M_M_S,X,Y
овальные_титан_бордовый_M_L_S,1,0.8205970149253732,y,овальные_титан_бордовый,M_L_S,Z,X
овальные_титан_бронзовый_L_M_L,1,0.8208955223880597,y,овальные_титан_бронзовый,L_M_L,Y,X
прямоугольные_металл_серебристый/золотой_L_L_L,1,0.8211940298507463,y,прямоугольные_металл_серебристый/золотой,L_L_L,z,X
прямоугольные_металл_серебристый_L_M_L,1,0.8214925373134329,y,прямоугольные_металл_серебристый,L_M_L,X,X
прямоугольные_металл_серебристый_M_L_S,1,0.8217910447761194,y,прямоугольные_металл_серебристый,M_L_S,X,X
прямоугольные_металл_серый/золотой_M_L_L,1,0.822089552238806,y,прямоугольные_металл_серый/золотой,M_L_L,z,X
прямоугольные_металл_серый/коричневый_L_L_L,1,0.8223880597014925,y,прямоугольные_металл_серый/коричневый,L_L_L,z,X
гексагон_металл_синий/серебристый_M_M_M,1,0.8226865671641791,y,гексагон_металл_синий/серебристый,M_M_M,X,X
гексагон_металл_темно-серый_M_M_L,1,0.8229850746268657,y,гексагон_металл_темно-серый,M_M_L,Z,X
гексагон_металл_черный/желтый_M_M_L,1,0.8232835820895522,y,гексагон_металл_черный/желтый,M_M_L,Z,X
квадратные_титан_черный/золотой_M_L_L,1,0.8235820895522388,y,квадратные_титан_черный/золотой,M_L_L,x,X
квадратные_титан_черный/золотой_M_M_M,1,0.8238805970149253,y,квадратные_титан_черный/золотой,M_M_M,x,X
квадратные_титан_черный/серебристый_M_L_L,1,0.8241791044776119,y,квадратные_титан_черный/серебристый,M_L_L,X,X
квадратные_титан_черный/серый_M_L_M,1,0.8244776119402986,y,квадратные_титан_черный/серый,M_L_M,y,X
гексагон_пластик_черный/прозрачный_M_M_L,1,0.8247761194029851,y,гексагон_пластик_черный/прозрачный,M_M_L,y,X
гексагон_пластик_черный/прозрачный_S_M_M,1,0.8250746268656717,y,гексагон_пластик_черный/прозрачный,S_M_M,y,X
прямоугольные_металл_красный_L_L_M,1,0.8253731343283582,y,прямоугольные_металл_красный,L_L_M,X,X
прямоугольные_металл_многоцветный_M_L_S,1,0.8256716417910448,y,прямоугольные_металл_многоцветный,M_L_S,X,X
панто_металл и пластик_серый_L_M_L,1,0.8259701492537314,y,панто_металл и пластик_серый,L_M_L,Y,X
квадратные_титан_серый_L_M_L,1,0.8262686567164179,y,квадратные_титан_серый,L_M_L,X,X
квадратные_титан_синий/золотой_L_L_L,1,0.8265671641791045,y,квадратные_титан_синий/золотой,L_L_L,y,X
квадратные_титан_синий/золотой_M_M_M,1,0.826865671641791,y,квадратные_титан_синий/золотой,M_M_M,y,X
квадратные_титан_синий_L_L_L,1,0.8271641791044776,y,квадратные_титан_синий,L_L_L,x,X
квадратные_титан_сиреневый_M_L_M,1,0.8274626865671642,y,квадратные_титан_сиреневый,M_L_M,y,X
квадратные_титан_темно-серый_M_L_M,1,0.8277611940298507,y,квадратные_титан_темно-серый,M_L_M,X,X
квадратные_титан_черный/золотой_L_L_M,1,0.8280597014925373,y,квадратные_титан_черный/золотой,L_L_M,x,X
прямоугольные_металл_фиолетовый_S_S_M,1,0.8283582089552238,y,прямоугольные_металл_фиолетовый,S_S_M,X,x
овальные_пластик_синий_L_M_L,1,0.8286567164179105,y,овальные_пластик_синий,L_M_L,X,X
овальные_пластик_фиолетовый_S_M_M,1,0.8289552238805971,y,овальные_пластик_фиолетовый,S_M_M,Y,X
клабмастеры_металл и пластик_золотой_L_M_L,1,0.8292537313432836,y,клабмастеры_металл и пластик_золотой,L_M_L,y,X
клабмастеры_металл и пластик_серебристый_L_M_L,1,0.8295522388059702,y,клабмастеры_металл и пластик_серебристый,L_M_L,y,X
клабмастеры_металл и пластик_черный/золотой_L_L_L,1,0.8298507462686567,y,клабмастеры_металл и пластик_черный/золотой,L_L_L,y,X
клабмастеры_металл и пластик_черный/серебристый_L_M_L,1,0.8301492537313433,y,клабмастеры_металл и пластик_черный/серебристый,L_M_L,Y,X
клабмастеры_металл_многоцветный_L_L_L,1,0.8304477611940299,y,клабмастеры_металл_многоцветный,L_L_L,Z,X
гексагон_металл_золотой_M_M_M,1,0.8307462686567164,y,гексагон_металл_золотой,M_M_M,X,X
гексагон_металл_золотой_M_S_L,1,0.831044776119403,y,гексагон_металл_золотой,M_S_L,X,x
гексагон_металл_коричневый_M_L_L,1,0.8313432835820895,y,гексагон_металл_коричневый,M_L_L,X,X
гексагон_металл_многоцветный_L_M_M,1,0.8316417910447761,y,гексагон_металл_многоцветный,L_M_M,X,Y
гексагон_металл_многоцветный_M_L_S,1,0.8319402985074626,y,гексагон_металл_многоцветный,M_L_S,X,X
гексагон_металл_розовый_L_L_L,1,0.8322388059701492,y,гексагон_металл_розовый,L_L_L,X,X
гексагон_металл_серый/коричневый_L_L_L,1,0.8325373134328358,y,гексагон_металл_серый/коричневый,L_L_L,Z,X
прямоугольные_металл_фиолетовый_M_L_S,1,0.8328358208955224,y,прямоугольные_металл_фиолетовый,M_L_S,X,X
гексагон_пластик_бежевый_S_M_M,1,0.833134328358209,y,гексагон_пластик_бежевый,S_M_M,Z,X
гексагон_пластик_бордовый_S_S_M,1,0.8334328358208956,y,гексагон_пластик_бордовый,S_S_M,Z,x
гексагон_пластик_гавана_L_L_L,1,0.8337313432835821,y,гексагон_пластик_гавана,L_L_L,y,X
гексагон_пластик_гавана_M_L_M,1,0.8340298507462687,y,гексагон_пластик_гавана,M_L_M,y,X
гексагон_пластик_голубой_M_L_M,1,0.8343283582089552,y,гексагон_пластик_голубой,M_L_M,Z,X
прямоугольные_металл_серый_L_M_L,1,0.8346268656716418,y,прямоугольные_металл_серый,L_M_L,X,X
прямоугольные_металл_синий/серебристый_M_M_L,1,0.8349253731343284,y,прямоугольные_металл_синий/серебристый,M_M_L,X,X
прямоугольные_металл_синий_M_L_S,1,0.8352238805970149,y,прямоугольные_металл_синий,M_L_S,X,X
овальные_титан_бронзовый_M_S_L,1,0.8355223880597015,y,овальные_титан_бронзовый,M_S_L,Y,x
овальные_титан_желтый_L_M_L,1,0.835820895522388,y,овальные_титан_желтый,L_M_L,y,X
овальные_титан_желтый_M_L_M,1,0.8361194029850746,y,овальные_титан_желтый,M_L_M,y,X
овальные_титан_золотой_L_M_L,1,0.8364179104477611,y,овальные_титан_золотой,L_M_L,X,X
овальные_титан_многоцветный_L_M_L,1,0.8367164179104477,y,овальные_титан_многоцветный,L_M_L,Z,X
овальные_титан_розовый_M_M_M,1,0.8370149253731344,y,овальные_титан_розовый,M_M_M,X,X
овальные_титан_серебристый_L_M_L,1,0.8373134328358209,y,овальные_титан_серебристый,L_M_L,X,X
овальные_титан_серебристый_M_L_M,1,0.8376119402985075,y,овальные_титан_серебристый,M_L_M,X,X
вайфайеры_пластик_черный_S_S_S,1,0.837910447761194,y,вайфайеры_пластик_черный,S_S_S,X,x
вайфайеры_титан_коричневый/золотой_L_L_L,1,0.8382089552238806,y,вайфайеры_титан_коричневый/золотой,L_L_L,Z,X
вайфайеры_титан_синий/серебристый_L_L_L,1,0.8385074626865672,y,вайфайеры_титан_синий/серебристый,L_L_L,Z,X
гексагон_металл и пластик_бордовый_M_M_L,1,0.8388059701492537,y,гексагон_металл и пластик_бордовый,M_M_L,Z,X
гексагон_металл и пластик_желтый_M_L_M,1,0.8391044776119403,y,гексагон_металл и пластик_желтый,M_L_M,Z,X
гексагон_металл и пластик_многоцветный_M_L_M,1,0.8394029850746269,y,гексагон_металл и пластик_многоцветный,M_L_M,Z,X
прямоугольные_металл_черный/красный_L_M_L,1,0.8397014925373134,y,прямоугольные_металл_черный/красный,L_M_L,Y,X
прямоугольные_металл_черный/оранжевый_M_L_M,1,0.84,y,прямоугольные_металл_черный/оранжевый,M_L_M,z,X
гексагон_металл_бордовый_M_M_M,1,0.8402985074626865,y,гексагон_металл_бордовый,M_M_M,x,X
гексагон_металл_бронзовый_L_L_L,1,0.8405970149253731,y,гексагон_металл_бронзовый,L_L_L,X,X
гексагон_металл_голубой_M_M_L,1,0.8408955223880596,y,гексагон_металл_голубой,M_M_L,Z,X
гексагон_металл_горчичный_M_M_L,1,0.8411940298507463,y,гексагон_металл_горчичный,M_M_L,Z,X
вайфайеры_пластик_черный/коричневый_L_L_L,1,0.8414925373134329,y,вайфайеры_пластик_черный/коричневый,L_L_L,Z,X
вайфайеры_пластик_черный/синий_S_S_M,1,0.8417910447761194,y,вайфайеры_пластик_черный/синий,S_S_M,x,x
вайфайеры_пластик_черный_L_M_S,1,0.842089552238806,y,вайфайеры_пластик_черный,L_M_S,X,Z
вайфайеры_пластик_черный_L_S_L,1,0.8423880597014926,y,вайфайеры_пластик_черный,L_S_L,X,Y
прямоугольные_металл_черный/золотой_L_M_L,1,0.8426865671641791,y,прямоугольные_металл_черный/золотой,L_M_L,X,X
прямоугольные_металл_черный/золотой_M_L_S,1,0.8429850746268657,y,прямоугольные_металл_черный/золотой,M_L_S,X,X
прямоугольные_металл_черный/золотой_S_L_M,1,0.8432835820895522,y,прямоугольные_металл_черный/золотой,S_L_M,X,y
прямоугольные_металл_черный/коричневый_L_L_L,1,0.8435820895522388,y,прямоугольные_металл_черный/коричневый,L_L_L,X,X
гексагон_металл и пластик_серый_L_L_L,1,0.8438805970149253,y,гексагон_металл и пластик_серый,L_L_L,Y,X
гексагон_металл и пластик_сиреневый_L_L_L,1,0.8441791044776119,y,гексагон_металл и пластик_сиреневый,L_L_L,Z,X
гексагон_металл и пластик_черный_L_M_L,1,0.8444776119402985,y,гексагон_металл и пластик_черный,L_M_L,y,X
гексагон_металл_бордовый_M_L_L,1,0.844776119402985,y,гексагон_металл_бордовый,M_L_L,x,X
клабмастеры_металл_черный/серебристый_M_M_L,1,0.8450746268656717,y,клабмастеры_металл_черный/серебристый,M_M_L,Z,X
клабраунд_пластик_серый_L_M_L,1,0.8453731343283583,y,клабраунд_пластик_серый,L_M_L,Z,X
кошачий глаз_металл и пластик_бежевый_M_L_M,1,0.8456716417910448,y,кошачий глаз_металл и пластик_бежевый,M_L_M,y,X
кошачий глаз_металл и пластик_бордовый_M_L_S,1,0.8459701492537314,y,кошачий глаз_металл и пластик_бордовый,M_L_S,Y,X
кошачий глаз_металл и пластик_бронзовый_L_M_L,1,0.8462686567164179,y,кошачий глаз_металл и пластик_бронзовый,L_M_L,y,X
кошачий глаз_металл и пластик_многоцветный_M_M_M,1,0.8465671641791045,y,кошачий глаз_металл и пластик_многоцветный,M_M_M,X,X
кошачий глаз_металл и пластик_синий/золотой_M_M_L,1,0.846865671641791,y,кошачий глаз_металл и пластик_синий/золотой,M_M_L,y,X
кошачий глаз_металл и пластик_фиолетовый_M_M_L,1,0.8471641791044776,y,кошачий глаз_металл и пластик_фиолетовый,M_M_L,Z,X
овальные_пластик_прозрачный_M_L_M,1,0.8474626865671642,y,овальные_пластик_прозрачный,M_L_M,X,X
овальные_пластик_розовый_M_L_S,1,0.8477611940298507,y,овальные_пластик_розовый,M_L_S,X,X
овальные_пластик_розовый_M_M_L,1,0.8480597014925373,y,овальные_пластик_розовый,M_M_L,X,X
овальные_пластик_серый_L_M_L,1,0.8483582089552238,y,овальные_пластик_серый,L_M_L,Y,X
прямоугольные_пластик_желтый_L_L_L,1,0.8486567164179104,y,прямоугольные_пластик_желтый,L_L_L,Z,X
бабочка_титан_черный_M_L_S,1,0.848955223880597,y,бабочка_титан_черный,M_L_S,X,X
вайфайеры_металл_синий_L_S_M,1,0.8492537313432836,y,вайфайеры_металл_синий,L_S_M,Z,y
вайфайеры_металл_черный/серебристый_L_L_L,1,0.8495522388059702,y,вайфайеры_металл_черный/серебристый,L_L_L,Z,X
овальные_пластик_бордовый_S_S_S,1,0.8498507462686568,y,овальные_пластик_бордовый,S_S_S,X,x
овальные_пластик_гавана_M_M_M,1,0.8501492537313433,Z,овальные_пластик_гавана,M_M_M,Y,X
овальные_пластик_голубой_L_M_L,1,0.8504477611940299,Z,овальные_пластик_голубой,L_M_L,X,X
овальные_пластик_желтый_L_M_L,1,0.8507462686567164,Z,овальные_пластик_желтый,L_M_L,Z,X
овальные_пластик_коричневый_L_L_L,1,0.851044776119403,Z,овальные_пластик_коричневый,L_L_L,X,X
овальные_пластик_красный_M_M_L,1,0.8513432835820895,Z,овальные_пластик_красный,M_M_L,x,X
овальные_пластик_многоцветный_S_S_S,1,0.8516417910447761,Z,овальные_пластик_многоцветный,S_S_S,X,x
овальные_пластик_персиковый_S_S_S,1,0.8519402985074627,Z,овальные_пластик_персиковый,S_S_S,Z,x
прямоугольные_пластик_гавана_M_M_M,1,0.8522388059701492,Z,прямоугольные_пластик_гавана,M_M_M,X,X
овальные_металл_черный/золотой_L_L_M,1,0.8525373134328358,Z,овальные_металл_черный/золотой,L_L_M,X,X
овальные_металл_черный/серый_M_M_L,1,0.8528358208955223,Z,овальные_металл_черный/серый,M_M_L,Z,X
овальные_металл_черный_M_S_L,1,0.8531343283582089,Z,овальные_металл_черный,M_S_L,X,x
овальные_пластик_бежевый_S_S_L,1,0.8534328358208956,Z,овальные_пластик_бежевый,S_S_L,X,y
овальные_пластик_бордовый_L_M_L,1,0.8537313432835821,Z,овальные_пластик_бордовый,L_M_L,X,X
овальные_пластик_бордовый_S_M_M,1,0.8540298507462687,Z,овальные_пластик_бордовый,S_M_M,X,X
овальные_пластик_бордовый_S_S_L,1,0.8543283582089553,Z,овальные_пластик_бордовый,S_S_L,X,y
прямоугольные_металл_черный/серый_M_L_S,1,0.8546268656716418,Z,прямоугольные_металл_черный/серый,M_L_S,X,X
прямоугольные_металл_черный/синий_S_L_S,1,0.8549253731343284,Z,прямоугольные_металл_черный/синий,S_L_S,X,z
прямоугольные_металл_черный_L_S_M,1,0.8552238805970149,Z,прямоугольные_металл_черный,L_S_M,X,y
прямоугольные_пластик_бежевый_M_L_M,1,0.8555223880597015,Z,прямоугольные_пластик_бежевый,M_L_M,y,X
прямоугольные_пластик_бежевый_M_M_L,1,0.855820895522388,Z,прямоугольные_пластик_бежевый,M_M_L,y,X
прямоугольные_пластик_бирюзовый_L_L_L,1,0.8561194029850746,Z,прямоугольные_пластик_бирюзовый,L_L_L,X,X
прямоугольные_пластик_бордовый_S_S_M,1,0.8564179104477612,Z,прямоугольные_пластик_бордовый,S_S_M,X,x
прямоугольные_пластик_гавана_M_L_M,1,0.8567164179104477,Z,прямоугольные_пластик_гавана,M_L_M,X,X
кошачий глаз_металл_бордовый_M_M_L,1,0.8570149253731343,Z,кошачий глаз_металл_бордовый,M_M_L,X,X
кошачий глаз_металл_зеленый_M_M_L,1,0.8573134328358208,Z,кошачий глаз_металл_зеленый,M_M_L,Y,X
кошачий глаз_металл_золотой_L_L_L,1,0.8576119402985075,Z,кошачий глаз_металл_золотой,L_L_L,X,X
кошачий глаз_металл_золотой_M_L_S,1,0.8579104477611941,Z,кошачий глаз_металл_золотой,M_L_S,X,X
кошачий глаз_металл_золотой_S_L_M,1,0.8582089552238806,Z,кошачий глаз_металл_золотой,S_L_M,X,y
прямоугольные_пластик_зеленый_S_M_S,1,0.8585074626865672,Z,прямоугольные_пластик_зеленый,S_M_S,X,x
прямоугольные_пластик_коричневый_L_M_L,1,0.8588059701492538,Z,прямоугольные_пластик_коричневый,L_M_L,X,X
прямоугольные_пластик_коричневый_M_M_M,1,0.8591044776119403,Z,прямоугольные_пластик_коричневый,M_M_M,X,X
овальные_металл_розовый_M_M_L,1,0.8594029850746269,Z,овальные_металл_розовый,M_M_L,X,X
овальные_металл_серебристый_L_M_L,1,0.8597014925373134,Z,овальные_металл_серебристый,L_M_L,X,X
овальные_металл_серебристый_L_S_L,1,0.86,Z,овальные_металл_серебристый,L_S_L,X,Y
овальные_металл_серебристый_M_L_L,1,0.8602985074626865,Z,овальные_металл_серебристый,M_L_L,X,X
овальные_металл_серый_L_L_L,1,0.8605970149253731,Z,овальные_металл_серый,L_L_L,X,X
овальные_металл_темно-серый_M_L_L,1,0.8608955223880597,Z,овальные_металл_темно-серый,M_L_L,x,X
овальные_металл_черный/золотой_L_L_L,1,0.8611940298507462,Z,овальные_металл_черный/золотой,L_L_L,X,X
кошачий глаз_металл_белый_L_L_M,1,0.8614925373134328,Z,кошачий глаз_металл_белый,L_L_M,Z,X
вайфайеры_пластик_серый_S_M_M,1,0.8617910447761195,Z,вайфайеры_пластик_серый,S_M_M,Y,X
вайфайеры_пластик_синий_L_L_L,1,0.862089552238806,Z,вайфайеры_пластик_синий,L_L_L,X,X
вайфайеры_пластик_синий_L_S_L,1,0.8623880597014926,Z,вайфайеры_пластик_синий,L_S_L,X,Y
вайфайеры_пластик_фиолетовый_S_M_S,1,0.8626865671641791,Z,вайфайеры_пластик_фиолетовый,S_M_S,Y,x
прямоугольные_пластик_зеленый_M_L_L,1,0.8629850746268657,Z,прямоугольные_пластик_зеленый,M_L_L,X,X
кошачий глаз_металл_серебристый_M_L_S,1,0.8632835820895522,Z,кошачий глаз_металл_серебристый,M_L_S,X,X
кошачий глаз_металл_серебристый_M_M_L,1,0.8635820895522388,Z,кошачий глаз_металл_серебристый,M_M_L,X,X
кошачий глаз_металл_серый_S_S_M,1,0.8638805970149254,Z,кошачий глаз_металл_серый,S_S_M,x,x
вайфайеры_пластик_коричневый_L_L_L,1,0.8641791044776119,Z,вайфайеры_пластик_коричневый,L_L_L,y,X
вайфайеры_пластик_коричневый_M_M_L,1,0.8644776119402985,Z,вайфайеры_пластик_коричневый,M_M_L,y,X
вайфайеры_пластик_прозрачный_M_M_L,1,0.864776119402985,Z,вайфайеры_пластик_прозрачный,M_M_L,x,X
вайфайеры_пластик_прозрачный_S_S_M,1,0.8650746268656716,Z,вайфайеры_пластик_прозрачный,S_S_M,x,x
вайфайеры_пластик_розовый_M_M_L,1,0.8653731343283582,Z,вайфайеры_пластик_розовый,M_M_L,y,X
вайфайеры_пластик_розовый_S_S_S,1,0.8656716417910447,Z,вайфайеры_пластик_розовый,S_S_S,y,x
вайфайеры_пластик_серый_L_L_L,1,0.8659701492537314,Z,вайфайеры_пластик_серый,L_L_L,Y,X
вайфайеры_пластик_серый_M_M_M,1,0.866268656716418,Z,вайфайеры_пластик_серый,M_M_M,Y,X
кошачий глаз_металл_розовый_M_M_L,1,0.8665671641791045,Z,кошачий глаз_металл_розовый,M_M_L,X,X
кошачий глаз_металл_серебристый_L_L_M,1,0.8668656716417911,Z,кошачий глаз_металл_серебристый,L_L_M,X,X
необычные_титан_синий/серебристый_M_M_L,1,0.8671641791044776,Z,необычные_титан_синий/серебристый,M_M_L,x,X
необычные_титан_темно-серый_L_L_L,1,0.8674626865671642,Z,необычные_титан_темно-серый,L_L_L,Y,X
необычные_титан_темно-серый_L_M_L,1,0.8677611940298507,Z,необычные_титан_темно-серый,L_M_L,Y,X
необычные_титан_темно-серый_L_S_L,1,0.8680597014925373,Z,необычные_титан_темно-серый,L_S_L,Y,Y
необычные_титан_темно-серый_M_L_S,1,0.8683582089552239,Z,необычные_титан_темно-серый,M_L_S,Y,X
необычные_титан_черный/серебристый_L_L_S,1,0.8686567164179104,Z,необычные_титан_черный/серебристый,L_L_S,Y,Y
овальные_металл_зеленый_M_L_L,1,0.868955223880597,Z,овальные_металл_зеленый,M_L_L,z,X
овальные_металл_золотой_L_L_L,1,0.8692537313432835,Z,овальные_металл_золотой,L_L_L,X,X
овальные_металл_золотой_M_L_S,1,0.8695522388059701,Z,овальные_металл_золотой,M_L_S,X,X
овальные_металл_золотой_S_L_L,1,0.8698507462686568,Z,овальные_металл_золотой,S_L_L,X,Z
овальные_металл_золотой_S_S_M,1,0.8701492537313433,Z,овальные_металл_золотой,S_S_M,X,x
овальные_металл_красный_S_S_M,1,0.8704477611940299,Z,овальные_металл_красный,S_S_M,z,x
кошачий глаз_металл_красный_M_L_M,1,0.8707462686567164,Z,кошачий глаз_металл_красный,M_L_M,Y,X
кошачий глаз_металл_оливковый_M_L_M,1,0.871044776119403,Z,кошачий глаз_металл_оливковый,M_L_M,y,X
бабочка_титан_серый_M_M_M,1,0.8713432835820896,Z,бабочка_титан_серый,M_M_M,X,X
бабочка_титан_синий/серебристый_M_L_S,1,0.8716417910447761,Z,бабочка_титан_синий/серебристый,M_L_S,Y,X
бабочка_титан_синий_M_M_M,1,0.8719402985074627,Z,бабочка_титан_синий,M_M_M,Y,X
бабочка_титан_фиолетовый_L_L_M,1,0.8722388059701492,Z,бабочка_титан_фиолетовый,L_L_M,x,X
бабочка_титан_фиолетовый_M_M_L,1,0.8725373134328358,Z,бабочка_титан_фиолетовый,M_M_L,x,X
кошачий глаз_металл_черный/коричневый_M_L_L,1,0.8728358208955224,Z,кошачий глаз_металл_черный/коричневый,M_L_L,y,X
кошачий глаз_металл_черный/красный_M_L_L,1,0.8731343283582089,Z,кошачий глаз_металл_черный/красный,M_L_L,y,X
кошачий глаз_металл_черный/красный_M_L_M,1,0.8734328358208955,Z,кошачий глаз_металл_черный/красный,M_L_M,y,X
прямоугольные_пластик_коричневый_S_M_S,1,0.873731343283582,Z,прямоугольные_пластик_коричневый,S_M_S,X,x
прямоугольные_пластик_коричневый_S_S_M,1,0.8740298507462687,Z,прямоугольные_пластик_коричневый,S_S_M,X,x
прямоугольные_пластик_красный_L_L_L,1,0.8743283582089553,Z,прямоугольные_пластик_красный,L_L_L,Y,X
прямоугольные_пластик_красный_S_S_S,1,0.8746268656716418,Z,прямоугольные_пластик_красный,S_S_S,Y,x
прямоугольные_пластик_малиновый_L_L_S,1,0.8749253731343284,Z,прямоугольные_пластик_малиновый,L_L_S,y,Y
прямоугольные_пластик_малиновый_M_L_S,1,0.875223880597015,Z,прямоугольные_пластик_малиновый,M_L_S,y,X
прямоугольные_пластик_многоцветный_M_L_L,1,0.8755223880597015,Z,прямоугольные_пластик_многоцветный,M_L_L,X,X
бабочка_титан_серый/золотой_M_M_M,1,0.8758208955223881,Z,бабочка_титан_серый/золотой,M_M_M,x,X
бабочка_титан_коричневый_L_L_M,1,0.8761194029850746,Z,бабочка_титан_коричневый,L_L_M,x,X
бабочка_пластик_черный/серый_M_L_M,1,0.8764179104477612,Z,бабочка_пластик_черный/серый,M_L_M,Y,X
бабочка_пластик_черный/синий_L_L_L,1,0.8767164179104477,Z,бабочка_пластик_черный/синий,L_L_L,Y,X
бабочка_пластик_черный/фиолетовый_M_L_L,1,0.8770149253731343,Z,бабочка_пластик_черный/фиолетовый,M_L_L,Y,X
бабочка_пластик_черный_M_S_L,1,0.8773134328358209,Z,бабочка_пластик_черный,M_S_L,X,x
бабочка_пластик_черный_M_S_S,1,0.8776119402985074,Z,бабочка_пластик_черный,M_S_S,X,z
бабочка_пластик_черный_S_L_M,1,0.877910447761194,Z,бабочка_пластик_черный,S_L_M,X,y
бабочка_пластик_черный_S_M_M,1,0.8782089552238806,Z,бабочка_пластик_черный,S_M_M,X,X
прямоугольные_пластик_розовый_M_M_M,1,0.8785074626865672,Z,прямоугольные_пластик_розовый,M_M_M,X,X
прямоугольные_пластик_розовый_M_M_S,1,0.8788059701492538,Z,прямоугольные_пластик_розовый,M_M_S,X,Y
прямоугольные_пластик_розовый_S_S_M,1,0.8791044776119403,Z,прямоугольные_пластик_розовый,S_S_M,X,x
прямоугольные_пластик_серый_L_L_S,1,0.8794029850746269,Z,прямоугольные_пластик_серый,L_L_S,X,Y
прямоугольные_пластик_серый_L_M_L,1,0.8797014925373134,Z,прямоугольные_пластик_серый,L_M_L,X,X
бабочка_титан_бронзовый_M_L_L,1,0.88,Z,бабочка_титан_бронзовый,M_L_L,X,X
бабочка_титан_коричневый/золотой_M_L_L,1,0.8802985074626866,Z,бабочка_титан_коричневый/золотой,M_L_L,X,X
бабочка_титан_коричневый_L_L_L,1,0.8805970149253731,Z,бабочка_титан_коричневый,L_L_L,x,X
овальные_металл_бордовый_L_M_L,1,0.8808955223880597,Z,овальные_металл_бордовый,L_M_L,x,X
овальные_металл_бордовый_M_L_L,1,0.8811940298507462,Z,овальные_металл_бордовый,M_L_L,x,X
овальные_металл_бордовый_S_M_M,1,0.8814925373134328,Z,овальные_металл_бордовый,S_M_M,x,X
кошачий глаз_металл_синий/золотой_M_M_M,1,0.8817910447761194,Z,кошачий глаз_металл_синий/золотой,M_M_M,X,X
кошачий глаз_металл_синий_L_L_M,1,0.8820895522388059,Z,кошачий глаз_металл_синий,L_L_M,X,X
прямоугольные_пластик_оливковый_M_L_S,1,0.8823880597014926,Z,прямоугольные_пластик_оливковый,M_L_S,Z,X
прямоугольные_пластик_прозрачный_M_L_S,1,0.8826865671641791,Z,прямоугольные_пластик_прозрачный,M_L_S,X,X
прямоугольные_пластик_розовый_L_L_L,1,0.8829850746268657,Z,прямоугольные_пластик_розовый,L_L_L,X,X
необычные_титан_черный/серый_M_L_S,1,0.8832835820895523,Z,необычные_титан_черный/серый,M_L_S,Y,X
необычные_титан_черный_L_M_L,1,0.8835820895522388,Z,необычные_титан_черный,L_M_L,X,X
необычные_титан_черный_M_S_L,1,0.8838805970149254,Z,необычные_титан_черный,M_S_L,X,x
овальные_металл и пластик_персиковый_M_M_L,1,0.8841791044776119,Z,овальные_металл и пластик_персиковый,M_M_L,z,X
овальные_металл и пластик_розовый_L_M_L,1,0.8844776119402985,Z,овальные_металл и пластик_розовый,L_M_L,z,X
овальные_металл и пластик_серебристый_M_M_L,1,0.8847761194029851,Z,овальные_металл и пластик_серебристый,M_M_L,z,X
овальные_металл и пластик_серый_L_M_L,1,0.8850746268656716,Z,овальные_металл и пластик_серый,L_M_L,z,X
овальные_металл и пластик_черепаховый_M_M_L,1,0.8853731343283582,Z,овальные_металл и пластик_черепаховый,M_M_L,z,X
кошачий глаз_пластик_голубой_M_S_S,1,0.8856716417910447,Z,кошачий глаз_пластик_голубой,M_S_S,Y,z
кошачий глаз_пластик_голубой_S_S_S,1,0.8859701492537313,Z,кошачий глаз_пластик_голубой,S_S_S,Y,x
прямоугольные_пластик_черный/зеленый_M_L_L,1,0.8862686567164179,Z,прямоугольные_пластик_черный/зеленый,M_L_L,x,X
прямоугольные_пластик_черный/зеленый_M_M_M,1,0.8865671641791045,Z,прямоугольные_пластик_черный/зеленый,M_M_M,x,X
прямоугольные_пластик_черный/зеленый_S_M_S,1,0.8868656716417911,Z,прямоугольные_пластик_черный/зеленый,S_M_S,x,x
прямоугольные_пластик_черный/зеленый_S_S_S,1,0.8871641791044776,Z,прямоугольные_пластик_черный/зеленый,S_S_S,x,x
прямоугольные_пластик_черный/коричневый_L_L_L,1,0.8874626865671642,Z,прямоугольные_пластик_черный/коричневый,L_L_L,Y,X
прямоугольные_пластик_черный/коричневый_M_L_M,1,0.8877611940298508,Z,прямоугольные_пластик_черный/коричневый,M_L_M,Y,X
кошачий глаз_пластик_бежевый_M_L_M,1,0.8880597014925373,Z,кошачий глаз_пластик_бежевый,M_L_M,x,X
кошачий глаз_пластик_бежевый_M_M_L,1,0.8883582089552239,Z,кошачий глаз_пластик_бежевый,M_M_L,x,X
кошачий глаз_пластик_бежевый_M_S_L,1,0.8886567164179104,Z,кошачий глаз_пластик_бежевый,M_S_L,x,x
кошачий глаз_пластик_бирюзовый_M_M_L,1,0.888955223880597,Z,кошачий глаз_пластик_бирюзовый,M_M_L,y,X
кошачий глаз_пластик_гавана_M_L_M,1,0.8892537313432836,Z,кошачий глаз_пластик_гавана,M_L_M,x,X
кошачий глаз_пластик_гавана_M_L_S,1,0.8895522388059701,Z,кошачий глаз_пластик_гавана,M_L_S,x,X
кошачий глаз_пластик_гавана_M_M_L,1,0.8898507462686567,Z,кошачий глаз_пластик_гавана,M_M_L,x,X
кошачий глаз_пластик_гавана_M_M_M,1,0.8901492537313432,Z,кошачий глаз_пластик_гавана,M_M_M,x,X
прямоугольные_пластик_черепаховый_M_L_L,1,0.8904477611940298,Z,прямоугольные_пластик_черепаховый,M_L_L,x,X
прямоугольные_пластик_черепаховый_S_M_M,1,0.8907462686567165,Z,прямоугольные_пластик_черепаховый,S_M_M,x,X
прямоугольные_пластик_черный/белый_S_M_S,1,0.891044776119403,Z,прямоугольные_пластик_черный/белый,S_M_S,x,x
необычные_титан_серебристый_L_M_L,1,0.8913432835820896,Z,необычные_титан_серебристый,L_M_L,x,X
необычные_титан_серебристый_M_M_M,1,0.8916417910447761,Z,необычные_титан_серебристый,M_M_M,x,X
необычные_титан_серый_L_M_L,1,0.8919402985074627,Z,необычные_титан_серый,L_M_L,X,X
необычные_титан_синий/золотой_M_L_L,1,0.8922388059701493,Z,необычные_титан_синий/золотой,M_L_L,Y,X
кошачий глаз_металл_черный_M_M_M,1,0.8925373134328358,Z,кошачий глаз_металл_черный,M_M_M,X,X
бабочка_титан_бежевый_M_L_L,1,0.8928358208955224,Z,бабочка_титан_бежевый,M_L_L,Y,X
бабочка_титан_бордовый_L_L_M,1,0.8931343283582089,Z,бабочка_титан_бордовый,L_L_M,X,X
прямоугольные_пластик_синий_L_L_S,1,0.8934328358208955,Z,прямоугольные_пластик_синий,L_L_S,X,Y
прямоугольные_пластик_синий_L_M_M,1,0.8937313432835821,Z,прямоугольные_пластик_синий,L_M_M,X,Y
прямоугольные_пластик_темно-серый_M_S_L,1,0.8940298507462686,Z,прямоугольные_пластик_темно-серый,M_S_L,X,x
прямоугольные_пластик_темно-серый_S_S_M,1,0.8943283582089552,Z,прямоугольные_пластик_темно-серый,S_S_M,X,x
прямоугольные_пластик_фиолетовый_M_L_L,1,0.8946268656716417,Z,прямоугольные_пластик_фиолетовый,M_L_L,X,X
прямоугольные_пластик_фиолетовый_M_M_S,1,0.8949253731343284,Z,прямоугольные_пластик_фиолетовый,M_M_S,X,Y
кошачий глаз_пластик_розовый_M_L_M,1,0.895223880597015,Z,кошачий глаз_пластик_розовый,M_L_M,X,X
необычные_пластик_черный_M_L_M,1,0.8955223880597015,Z,необычные_пластик_черный,M_L_M,X,X
необычные_титан_бордовый_M_L_M,1,0.8958208955223881,Z,необычные_титан_бордовый,M_L_M,x,X
бабочка_пластик_черный/розовый_M_M_S,1,0.8961194029850746,Z,бабочка_пластик_черный/розовый,M_M_S,x,Y
бабочка_пластик_черный/розовый_S_M_M,1,0.8964179104477612,Z,бабочка_пластик_черный/розовый,S_M_M,x,X
бабочка_пластик_черный/серебристый_M_M_L,1,0.8967164179104478,Z,бабочка_пластик_черный/серебристый,M_M_L,z,X
прямоугольные_пластик_черный/оранжевый_M_M_M,1,0.8970149253731343,Z,прямоугольные_пластик_черный/оранжевый,M_M_M,x,X
прямоугольные_пластик_черный/розовый_S_S_M,1,0.8973134328358209,Z,прямоугольные_пластик_черный/розовый,S_S_M,y,x
кошачий глаз_пластик_красный_M_M_L,1,0.8976119402985074,Z,кошачий глаз_пластик_красный,M_M_L,x,X
кошачий глаз_пластик_красный_S_S_M,1,0.897910447761194,Z,кошачий глаз_пластик_красный,S_S_M,x,x
кошачий глаз_пластик_малиновый_M_L_L,1,0.8982089552238806,Z,кошачий глаз_пластик_малиновый,M_L_L,Y,X
кошачий глаз_пластик_многоцветный_L_M_L,1,0.8985074626865671,Z,кошачий глаз_пластик_многоцветный,L_M_L,X,X
кошачий глаз_пластик_прозрачный_L_M_L,1,0.8988059701492538,Z,кошачий глаз_пластик_прозрачный,L_M_L,x,X
кошачий глаз_пластик_прозрачный_M_L_M,1,0.8991044776119403,Z,кошачий глаз_пластик_прозрачный,M_L_M,x,X
кошачий глаз_пластик_розовый_L_L_M,1,0.8994029850746269,Z,кошачий глаз_пластик_розовый,L_L_M,X,X
кошачий глаз_пластик_розовый_M_L_L,1,0.8997014925373135,Z,кошачий глаз_пластик_розовый,M_L_L,X,X
бабочка_пластик_черный/прозрачный_L_L_S,1,0.9,Z,бабочка_пластик_черный/прозрачный,L_L_S,X,Y
бабочка_пластик_черный/прозрачный_M_M_S,1,0.9002985074626866,Z,бабочка_пластик_черный/прозрачный,M_M_S,X,Y
бабочка_пластик_черный/прозрачный_S_M_M,1,0.9005970149253731,Z,бабочка_пластик_черный/прозрачный,S_M_M,X,X
необычные_пластик_фиолетовый_M_L_L,1,0.9008955223880597,Z,необычные_пластик_фиолетовый,M_L_L,x,X
необычные_пластик_черепаховый_M_M_L,1,0.9011940298507463,Z,необычные_пластик_черепаховый,M_M_L,Y,X
кошачий глаз_пластик_коричневый_M_M_S,1,0.9014925373134328,Z,кошачий глаз_пластик_коричневый,M_M_S,X,Y
кошачий глаз_пластик_коричневый_M_S_L,1,0.9017910447761194,Z,кошачий глаз_пластик_коричневый,M_S_L,X,x
кошачий глаз_пластик_красный_L_M_M,1,0.9020895522388059,Z,кошачий глаз_пластик_красный,L_M_M,x,Y
прямоугольные_пластик_черный/коричневый_M_M_M,1,0.9023880597014925,Z,прямоугольные_пластик_черный/коричневый,M_M_M,Y,X
прямоугольные_пластик_черный/красный_M_M_M,1,0.902686567164179,Z,прямоугольные_пластик_черный/красный,M_M_M,X,X
прямоугольные_пластик_черный/красный_S_L_S,1,0.9029850746268657,Z,прямоугольные_пластик_черный/красный,S_L_S,X,z
бабочка_пластик_черепаховый_S_M_S,1,0.9032835820895523,Z,бабочка_пластик_черепаховый,S_M_S,X,x
бабочка_пластик_черный/белый_S_S_S,1,0.9035820895522388,Z,бабочка_пластик_черный/белый,S_S_S,x,x
бабочка_пластик_черный/желтый_L_L_M,1,0.9038805970149254,Z,бабочка_пластик_черный/желтый,L_L_M,y,X
бабочка_пластик_черный/золотой_M_M_L,1,0.904179104477612,Z,бабочка_пластик_черный/золотой,M_M_L,y,X
бабочка_пластик_черный/красный_M_L_M,1,0.9044776119402985,Z,бабочка_пластик_черный/красный,M_L_M,z,X
необычные_пластик_оливковый_L_L_M,1,0.9047761194029851,Z,необычные_пластик_оливковый,L_L_M,z,X
необычные_пластик_персиковый_L_M_M,1,0.9050746268656716,Z,необычные_пластик_персиковый,L_M_M,z,Y
необычные_пластик_прозрачный_L_L_M,1,0.9053731343283582,Z,необычные_пластик_прозрачный,L_L_M,x,X
необычные_пластик_прозрачный_M_L_M,1,0.9056716417910448,Z,необычные_пластик_прозрачный,M_L_M,x,X
необычные_пластик_розовый_M_M_M,1,0.9059701492537313,Z,необычные_пластик_розовый,M_M_M,z,X
необычные_пластик_серый_M_L_L,1,0.9062686567164179,Z,необычные_пластик_серый,M_L_L,Y,X
необычные_пластик_синий_M_L_S,1,0.9065671641791044,Z,необычные_пластик_синий,M_L_S,x,X
необычные_пластик_фиолетовый_L_M_M,1,0.906865671641791,Z,необычные_пластик_фиолетовый,L_M_M,x,Y
необычные_пластик_гавана_M_L_M,1,0.9071641791044777,Z,необычные_пластик_гавана,M_L_M,Y,X
необычные_пластик_гавана_M_M_L,1,0.9074626865671642,Z,необычные_пластик_гавана,M_M_L,Y,X
необычные_пластик_голубой_L_M_M,1,0.9077611940298508,Z,необычные_пластик_голубой,L_M_M,Y,Y
необычные_пластик_голубой_M_L_L,1,0.9080597014925373,Z,необычные_пластик_голубой,M_L_L,Y,X
необычные_пластик_голубой_M_M_M,1,0.9083582089552239,Z,необычные_пластик_голубой,M_M_M,Y,X
необычные_пластик_коричневый_L_M_L,1,0.9086567164179105,Z,необычные_пластик_коричневый,L_M_L,Y,X
необычные_пластик_коричневый_M_M_M,1,0.908955223880597,Z,необычные_пластик_коричневый,M_M_M,Y,X
необычные_пластик_красный_M_M_M,1,0.9092537313432836,Z,необычные_пластик_красный,M_M_M,z,X
необычные_металл_черный/синий_M_M_L,1,0.9095522388059701,Z,необычные_металл_черный/синий,M_M_L,X,X
необычные_металл_черный_L_L_M,1,0.9098507462686567,Z,необычные_металл_черный,L_L_M,X,X
необычные_металл_черный_M_S_L,1,0.9101492537313433,Z,необычные_металл_черный,M_S_L,X,x
необычные_пластик_белый_L_L_M,1,0.9104477611940298,Z,необычные_пластик_белый,L_L_M,Z,X
необычные_пластик_бордовый_L_L_M,1,0.9107462686567164,Z,необычные_пластик_бордовый,L_L_M,Y,X
необычные_пластик_бордовый_M_L_L,1,0.9110447761194029,Z,необычные_пластик_бордовый,M_L_L,Y,X
необычные_пластик_гавана_L_L_M,1,0.9113432835820896,Z,необычные_пластик_гавана,L_L_M,Y,X
необычные_пластик_гавана_M_L_L,1,0.9116417910447762,Z,необычные_пластик_гавана,M_L_L,Y,X
прямоугольные_пластик_черный/синий_M_M_S,1,0.9119402985074627,Z,прямоугольные_пластик_черный/синий,M_M_S,X,Y
прямоугольные_пластик_черный/синий_S_S_M,1,0.9122388059701493,Z,прямоугольные_пластик_черный/синий,S_S_M,X,x
прямоугольные_пластик_черный/фиолетовый_M_L_M,1,0.9125373134328358,Z,прямоугольные_пластик_черный/фиолетовый,M_L_M,z,X
бабочка_пластик_сиреневый_M_L_L,1,0.9128358208955224,Z,бабочка_пластик_сиреневый,M_L_L,X,X
бабочка_пластик_темно-серый_M_L_S,1,0.913134328358209,Z,бабочка_пластик_темно-серый,M_L_S,X,X
бабочка_пластик_фиолетовый_L_L_L,1,0.9134328358208955,Z,бабочка_пластик_фиолетовый,L_L_L,X,X
бабочка_пластик_фиолетовый_M_M_S,1,0.9137313432835821,Z,бабочка_пластик_фиолетовый,M_M_S,X,Y
бабочка_пластик_розовый_M_M_M,1,0.9140298507462686,Z,бабочка_пластик_розовый,M_M_M,X,X
необычные_металл_фиолетовый_M_S_L,1,0.9143283582089552,Z,необычные_металл_фиолетовый,M_S_L,x,x
необычные_металл_черный/желтый_L_L_M,1,0.9146268656716418,Z,необычные_металл_черный/желтый,L_L_M,z,X
необычные_металл_черный/золотой_M_L_S,1,0.9149253731343283,Z,необычные_металл_черный/золотой,M_L_S,X,X
необычные_металл_черный/красный_L_M_L,1,0.9152238805970149,Z,необычные_металл_черный/красный,L_M_L,x,X
прямоугольные_титан_коричневый_M_L_L,1,0.9155223880597015,Z,прямоугольные_титан_коричневый,M_L_L,x,X
прямоугольные_титан_розовый_L_L_L,1,0.9158208955223881,Z,прямоугольные_титан_розовый,L_L_L,y,X
прямоугольные_титан_розовый_M_L_S,1,0.9161194029850747,Z,прямоугольные_титан_розовый,M_L_S,y,X
прямоугольные_титан_серебристый/золотой_L_L_L,1,0.9164179104477612,Z,прямоугольные_титан_серебристый/золотой,L_L_L,y,X
кошачий глаз_пластик_синий_M_S_M,1,0.9167164179104478,Z,кошачий глаз_пластик_синий,M_S_M,X,y
кошачий глаз_пластик_фиолетовый_M_L_S,1,0.9170149253731343,Z,кошачий глаз_пластик_фиолетовый,M_L_S,X,X
кошачий глаз_пластик_фиолетовый_M_S_M,1,0.9173134328358209,Z,кошачий глаз_пластик_фиолетовый,M_S_M,X,y
кошачий глаз_пластик_фиолетовый_M_S_S,1,0.9176119402985075,Z,кошачий глаз_пластик_фиолетовый,M_S_S,X,z
кошачий глаз_пластик_фиолетовый_S_L_M,1,0.917910447761194,Z,кошачий глаз_пластик_фиолетовый,S_L_M,X,y
необычные_металл_синий_L_M_L,1,0.9182089552238806,Z,необычные_металл_синий,L_M_L,X,X
необычные_металл_сиреневый_M_L_L,1,0.9185074626865671,Z,необычные_металл_сиреневый,M_L_L,x,X
необычные_металл_темно-серый_S_M_L,1,0.9188059701492537,Z,необычные_металл_темно-серый,S_M_L,X,Y
бабочка_пластик_малиновый_M_S_M,1,0.9191044776119403,Z,бабочка_пластик_малиновый,M_S_M,X,y
бабочка_пластик_малиновый_S_M_M,1,0.9194029850746268,Z,бабочка_пластик_малиновый,S_M_M,X,X
бабочка_пластик_многоцветный_L_M_M,1,0.9197014925373135,Z,бабочка_пластик_многоцветный,L_M_M,X,Y
бабочка_пластик_оливковый_M_L_M,1,0.92,Z,бабочка_пластик_оливковый,M_L_M,x,X
бабочка_пластик_персиковый_M_L_M,1,0.9202985074626866,Z,бабочка_пластик_персиковый,M_L_M,Y,X
бабочка_пластик_прозрачный_S_M_M,1,0.9205970149253732,Z,бабочка_пластик_прозрачный,S_M_M,X,X
бабочка_пластик_розовый_L_L_L,1,0.9208955223880597,Z,бабочка_пластик_розовый,L_L_L,X,X
кошачий глаз_пластик_синий_M_M_L,1,0.9211940298507463,Z,кошачий глаз_пластик_синий,M_M_L,X,X
бабочка_пластик_серый_L_L_L,1,0.9214925373134328,Z,бабочка_пластик_серый,L_L_L,X,X
бабочка_пластик_серый_L_M_M,1,0.9217910447761194,Z,бабочка_пластик_серый,L_M_M,X,Y
бабочка_пластик_синий_L_M_M,1,0.922089552238806,Z,бабочка_пластик_синий,L_M_M,X,Y
прямоугольные_пластик_черный_S_L_S,1,0.9223880597014925,Z,прямоугольные_пластик_черный,S_L_S,X,z
прямоугольные_титан_белый_M_M_L,1,0.9226865671641791,Z,прямоугольные_титан_белый,M_M_L,z,X
прямоугольные_титан_золотой_M_M_L,1,0.9229850746268656,Z,прямоугольные_титан_золотой,M_M_L,X,X
прямоугольные_титан_золотой_M_M_M,1,0.9232835820895522,Z,прямоугольные_титан_золотой,M_M_M,X,X
прямоугольные_титан_коричневый/золотой_M_L_M,1,0.9235820895522389,Z,прямоугольные_титан_коричневый/золотой,M_L_M,z,X
необычные_металл_серый_M_L_L,1,0.9238805970149254,Z,необычные_металл_серый,M_L_L,X,X
кошачий глаз_пластик_розовый_M_S_S,1,0.924179104477612,Z,кошачий глаз_пластик_розовый,M_S_S,X,z
кошачий глаз_пластик_серый_L_M_L,1,0.9244776119402985,Z,кошачий глаз_пластик_серый,L_M_L,X,X
прямоугольные_титан_черный/серебристый_L_L_L,1,0.9247761194029851,Z,прямоугольные_титан_черный/серебристый,L_L_L,X,X
прямоугольные_титан_черный/синий_L_L_L,1,0.9250746268656717,Z,прямоугольные_титан_черный/синий,L_L_L,z,X
спортивные_металл_серый_L_L_L,1,0.9253731343283582,Z,спортивные_металл_серый,L_L_L,z,X
спортивные_металл_черный_L_L_M,1,0.9256716417910448,Z,спортивные_металл_черный,L_L_M,x,X
спортивные_пластик_синий_M_L_S,1,0.9259701492537313,Z,спортивные_пластик_синий,M_L_S,y,X
кошачий глаз_пластик_черный/синий_S_L_M,1,0.9262686567164179,Z,кошачий глаз_пластик_черный/синий,S_L_M,y,y
необычные_металл_коричневый_M_L_L,1,0.9265671641791045,Z,необычные_металл_коричневый,M_L_L,X,X
необычные_металл_красный_L_L_L,1,0.926865671641791,Z,необычные_металл_красный,L_L_L,x,X
необычные_металл_красный_M_L_L,1,0.9271641791044776,Z,необычные_металл_красный,M_L_L,x,X
необычные_металл_многоцветный_M_L_S,1,0.9274626865671641,Z,необычные_металл_многоцветный,M_L_S,X,X
необычные_металл_персиковый_L_M_M,1,0.9277611940298508,Z,необычные_металл_персиковый,L_M_M,Z,Y
необычные_металл_розовый_S_M_M,1,0.9280597014925374,Z,необычные_металл_розовый,S_M_M,x,X
необычные_металл_серебристый_M_S_L,1,0.9283582089552239,Z,необычные_металл_серебристый,M_S_L,X,x
бабочка_пластик_коричневый_S_S_M,1,0.9286567164179105,Z,бабочка_пластик_коричневый,S_S_M,X,x
бабочка_пластик_малиновый_L_L_L,1,0.928955223880597,Z,бабочка_пластик_малиновый,L_L_L,X,X
прямоугольные_титан_черный/золотой_L_S_L,1,0.9292537313432836,Z,прямоугольные_титан_черный/золотой,L_S_L,x,Y
кошачий глаз_пластик_черный/красный_S_L_M,1,0.9295522388059702,Z,кошачий глаз_пластик_черный/красный,S_L_M,Y,y
кошачий глаз_пластик_черный/прозрачный_L_L_M,1,0.9298507462686567,Z,кошачий глаз_пластик_черный/прозрачный,L_L_M,X,X
кошачий глаз_пластик_черный/прозрачный_M_L_L,1,0.9301492537313433,Z,кошачий глаз_пластик_черный/прозрачный,M_L_L,X,X
кошачий глаз_пластик_черный/серый_L_L_M,1,0.9304477611940298,Z,кошачий глаз_пластик_черный/серый,L_L_M,Z,X
кошачий глаз_пластик_черный/синий_M_M_L,1,0.9307462686567164,Z,кошачий глаз_пластик_черный/синий,M_M_L,y,X
прямоугольные_титан_серебристый/золотой_M_L_S,1,0.931044776119403,Z,прямоугольные_титан_серебристый/золотой,M_L_S,y,X
прямоугольные_титан_синий_L_L_S,1,0.9313432835820895,Z,прямоугольные_титан_синий,L_L_S,X,Y
прямоугольные_титан_темно-серый_L_M_L,1,0.9316417910447761,Z,прямоугольные_титан_темно-серый,L_M_L,X,X
прямоугольные_титан_темно-серый_M_L_S,1,0.9319402985074627,Z,прямоугольные_титан_темно-серый,M_L_S,X,X
прямоугольные_титан_черный/зеленый_M_M_L,1,0.9322388059701493,Z,прямоугольные_титан_черный/зеленый,M_M_L,z,X
бабочка_пластик_зеленый_S_S_S,1,0.9325373134328359,Z,бабочка_пластик_зеленый,S_S_S,X,x
бабочка_пластик_золотой_M_L_L,1,0.9328358208955224,Z,бабочка_пластик_золотой,M_L_L,z,X
бабочка_пластик_коричневый_L_M_M,1,0.933134328358209,Z,бабочка_пластик_коричневый,L_M_M,X,Y
необычные_металл_золотой_L_L_S,1,0.9334328358208955,Z,необычные_металл_золотой,L_L_S,X,Y
необычные_металл_золотой_L_S_L,1,0.9337313432835821,Z,необычные_металл_золотой,L_S_L,X,Y
необычные_металл_золотой_S_M_L,1,0.9340298507462687,Z,необычные_металл_золотой,S_M_L,X,Y
кошачий глаз_пластик_фиолетовый_S_S_M,1,0.9343283582089552,Z,кошачий глаз_пластик_фиолетовый,S_S_M,X,x
кошачий глаз_пластик_черепаховый_L_L_M,1,0.9346268656716418,Z,кошачий глаз_пластик_черепаховый,L_L_M,X,X
кошачий глаз_пластик_черепаховый_M_L_S,1,0.9349253731343283,Z,кошачий глаз_пластик_черепаховый,M_L_S,X,X
кошачий глаз_пластик_черепаховый_M_M_L,1,0.9352238805970149,Z,кошачий глаз_пластик_черепаховый,M_M_L,X,X
кошачий глаз_пластик_черепаховый_M_M_S,1,0.9355223880597014,Z,кошачий глаз_пластик_черепаховый,M_M_S,X,Y
необычные_металл_бронзовый_M_L_M,1,0.935820895522388,Z,необычные_металл_бронзовый,M_L_M,X,X
необычные_металл_голубой_L_L_L,1,0.9361194029850747,Z,необычные_металл_голубой,L_L_L,Y,X
необычные_металл_голубой_L_M_L,1,0.9364179104477612,Z,необычные_металл_голубой,L_M_L,Y,X
необычные_металл_голубой_M_L_S,1,0.9367164179104478,Z,необычные_металл_голубой,M_L_S,Y,X
необычные_металл_голубой_M_M_M,1,0.9370149253731344,Z,необычные_металл_голубой,M_M_M,Y,X
необычные_металл_голубой_S_M_M,1,0.9373134328358209,Z,необычные_металл_голубой,S_M_M,Y,X
необычные_металл_желтый_M_L_M,1,0.9376119402985075,Z,необычные_металл_желтый,M_L_M,z,X
необычные_металл_зеленый_M_L_M,1,0.937910447761194,Z,необычные_металл_зеленый,M_L_M,x,X
бабочка_пластик_гавана_M_L_S,1,0.9382089552238806,Z,бабочка_пластик_гавана,M_L_S,X,X
бабочка_пластик_гавана_M_M_M,1,0.9385074626865672,Z,бабочка_пластик_гавана,M_M_M,X,X
бабочка_пластик_голубой_L_L_M,1,0.9388059701492537,Z,бабочка_пластик_голубой,L_L_M,X,X
бабочка_пластик_голубой_M_M_M,1,0.9391044776119403,Z,бабочка_пластик_голубой,M_M_M,X,X
бабочка_пластик_голубой_M_M_S,1,0.9394029850746268,Z,бабочка_пластик_голубой,M_M_S,X,Y
круглые_металл и пластик_желтый/зеленый_L_M_L,1,0.9397014925373134,Z,круглые_металл и пластик_желтый/зеленый,L_M_L,Z,X
круглые_металл и пластик_многоцветный_L_S_L,1,0.94,Z,круглые_металл и пластик_многоцветный,L_S_L,x,Y
необычные_металл_бронзовый_L_L_S,1,0.9402985074626866,Z,необычные_металл_бронзовый,L_L_S,X,Y
спортивные_пластик_черный_M_L_M,1,0.9405970149253732,Z,спортивные_пластик_черный,M_L_M,x,X
спортивные_пластик_черный_M_L_S,1,0.9408955223880597,Z,спортивные_пластик_черный,M_L_S,x,X
спортивные_пластик_черный_S_L_M,1,0.9411940298507463,Z,спортивные_пластик_черный,S_L_M,x,y
трапеция_металл и пластик_коричневый/золотой_L_L_L,1,0.9414925373134329,Z,трапеция_металл и пластик_коричневый/золотой,L_L_L,y,X
трапеция_металл и пластик_серый_M_M_L,1,0.9417910447761194,Z,трапеция_металл и пластик_серый,M_M_L,y,X
трапеция_металл и пластик_синий/серебристый_M_M_L,1,0.942089552238806,Z,трапеция_металл и пластик_синий/серебристый,M_M_L,y,X
бабочка_пластик_бордовый_L_M_M,1,0.9423880597014925,Z,бабочка_пластик_бордовый,L_M_M,X,Y
бабочка_пластик_бордовый_M_M_S,1,0.9426865671641791,Z,бабочка_пластик_бордовый,M_M_S,X,Y
бабочка_пластик_бирюзовый_M_M_L,1,0.9429850746268656,Z,бабочка_пластик_бирюзовый,M_M_L,X,X
трапеция_металл_коричневый_M_M_L,1,0.9432835820895522,Z,трапеция_металл_коричневый,M_M_L,X,X
трапеция_металл_красный_L_L_L,1,0.9435820895522388,Z,трапеция_металл_красный,L_L_L,y,X
трапеция_металл_малиновый_S_S_S,1,0.9438805970149253,Z,трапеция_металл_малиновый,S_S_S,y,x
трапеция_металл_многоцветный_M_L_S,1,0.9441791044776119,Z,трапеция_металл_многоцветный,M_L_S,x,X
трапеция_металл_многоцветный_M_M_L,1,0.9444776119402986,Z,трапеция_металл_многоцветный,M_M_L,x,X
трапеция_металл_розовый_M_L_M,1,0.9447761194029851,Z,трапеция_металл_розовый,M_L_M,X,X
трапеция_металл_серебристый_L_M_L,1,0.9450746268656717,Z,трапеция_металл_серебристый,L_M_L,X,X
трапеция_металл_золотой_M_M_L,1,0.9453731343283582,Z,трапеция_металл_золотой,M_M_L,X,X
трапеция_металл_золотой_S_S_S,1,0.9456716417910448,Z,трапеция_металл_золотой,S_S_S,X,x
трапеция_металл_коричневый/золотой_M_L_M,1,0.9459701492537314,Z,трапеция_металл_коричневый/золотой,M_L_M,y,X
бабочка_металл_черный/серебристый_S_M_L,1,0.9462686567164179,Z,бабочка_металл_черный/серебристый,S_M_L,X,Y
бабочка_металл_черный/серый_M_L_L,1,0.9465671641791045,Z,бабочка_металл_черный/серый,M_L_L,X,X
бабочка_металл_черный/серый_M_L_S,1,0.946865671641791,Z,бабочка_металл_черный/серый,M_L_S,X,X
бабочка_металл_черный/серый_M_M_L,1,0.9471641791044776,Z,бабочка_металл_черный/серый,M_M_L,X,X
бабочка_металл_черный/синий_M_L_L,1,0.9474626865671641,Z,бабочка_металл_черный/синий,M_L_L,y,X
трапеция_металл_бежевый_M_L_M,1,0.9477611940298507,Z,трапеция_металл_бежевый,M_L_M,y,X
трапеция_металл_бежевый_M_M_L,1,0.9480597014925373,Z,трапеция_металл_бежевый,M_M_L,y,X
трапеция_металл_бирюзовый_L_L_L,1,0.9483582089552239,Z,трапеция_металл_бирюзовый,L_L_L,y,X
трапеция_металл_бордовый_M_M_M,1,0.9486567164179105,Z,трапеция_металл_бордовый,M_M_M,y,X
трапеция_металл_бронзовый_M_S_M,1,0.948955223880597,Z,трапеция_металл_бронзовый,M_S_M,x,y
трапеция_металл_бронзовый_S_S_S,1,0.9492537313432836,Z,трапеция_металл_бронзовый,S_S_S,x,x
трапеция_металл_зеленый_M_L_M,1,0.9495522388059702,Z,трапеция_металл_зеленый,M_L_M,x,X
трапеция_металл_золотой_M_L_S,1,0.9498507462686567,Z,трапеция_металл_золотой,M_L_S,X,X
кошачий глаз_пластик_черный/белый_M_M_L,1,0.9501492537313433,z,кошачий глаз_пластик_черный/белый,M_M_L,x,X
кошачий глаз_пластик_черный/красный_M_M_L,1,0.9504477611940298,z,кошачий глаз_пластик_черный/красный,M_M_L,Y,X
бабочка_пластик_зеленый_L_L_S,1,0.9507462686567164,z,бабочка_пластик_зеленый,L_L_S,X,Y
трапеция_металл и пластик_синий_L_L_L,1,0.951044776119403,z,трапеция_металл и пластик_синий,L_L_L,y,X
трапеция_металл и пластик_темно-серый_L_L_L,1,0.9513432835820895,z,трапеция_металл и пластик_темно-серый,L_L_L,z,X
трапеция_металл и пластик_черный/серый_L_L_L,1,0.9516417910447761,z,трапеция_металл и пластик_черный/серый,L_L_L,y,X
трапеция_металл и пластик_черный_L_L_L,1,0.9519402985074626,z,трапеция_металл и пластик_черный,L_L_L,x,X
трапеция_металл и пластик_черный_M_M_L,1,0.9522388059701492,z,трапеция_металл и пластик_черный,M_M_L,x,X
кошачий глаз_титан_бронзовый_M_M_L,1,0.9525373134328359,z,кошачий глаз_титан_бронзовый,M_M_L,Y,X
кошачий глаз_титан_золотой_M_M_L,1,0.9528358208955224,z,кошачий глаз_титан_золотой,M_M_L,x,X
кошачий глаз_титан_красный_M_L_M,1,0.953134328358209,z,кошачий глаз_титан_красный,M_L_M,Z,X
кошачий глаз_титан_серебристый_L_L_L,1,0.9534328358208956,z,кошачий глаз_титан_серебристый,L_L_L,y,X
кошачий глаз_титан_серебристый_M_L_M,1,0.9537313432835821,z,кошачий глаз_титан_серебристый,M_L_M,y,X
кошачий глаз_титан_синий/золотой_L_M_L,1,0.9540298507462687,z,кошачий глаз_титан_синий/золотой,L_M_L,x,X
кошачий глаз_титан_фиолетовый_M_M_M,1,0.9543283582089552,z,кошачий глаз_титан_фиолетовый,M_M_M,Z,X
круглые_металл и пластик_бежевый_L_M_L,1,0.9546268656716418,z,круглые_металл и пластик_бежевый,L_M_L,Y,X
необычные_металл_бежевый_M_L_L,1,0.9549253731343283,z,необычные_металл_бежевый,M_L_L,x,X
необычные_металл_бежевый_M_M_M,1,0.9552238805970149,z,необычные_металл_бежевый,M_M_M,x,X
необычные_металл_бирюзовый_M_L_M,1,0.9555223880597015,z,необычные_металл_бирюзовый,M_L_M,Y,X
кошачий глаз_пластик_черный_M_S_L,1,0.955820895522388,z,кошачий глаз_пластик_черный,M_S_L,X,x
кошачий глаз_пластик_черный_M_S_M,1,0.9561194029850746,z,кошачий глаз_пластик_черный,M_S_M,X,y
кошачий глаз_пластик_черный_S_L_M,1,0.9564179104477611,z,кошачий глаз_пластик_черный,S_L_M,X,y
кошачий глаз_титан_бронзовый_L_L_M,1,0.9567164179104478,z,кошачий глаз_титан_бронзовый,L_L_M,Y,X
кошачий глаз_титан_бронзовый_M_L_M,1,0.9570149253731344,z,кошачий глаз_титан_бронзовый,M_L_M,Y,X
бабочка_металл_черный/золотой_L_L_L,1,0.9573134328358209,z,бабочка_металл_черный/золотой,L_L_L,X,X
бабочка_металл_черный/золотой_M_S_L,1,0.9576119402985075,z,бабочка_металл_черный/золотой,M_S_L,X,x
круглые_титан_черный/оранжевый_L_M_L,1,0.957910447761194,z,круглые_титан_черный/оранжевый,L_M_L,Z,X
необычные_металл и пластик_бежевый_M_L_S,1,0.9582089552238806,z,необычные_металл и пластик_бежевый,M_L_S,Z,X
необычные_металл и пластик_желтый/зеленый_M_L_L,1,0.9585074626865672,z,необычные_металл и пластик_желтый/зеленый,M_L_L,Z,X
необычные_металл и пластик_серый_M_L_S,1,0.9588059701492537,z,необычные_металл и пластик_серый,M_L_S,Z,X
необычные_металл и пластик_темно-серый_L_M_L,1,0.9591044776119403,z,необычные_металл и пластик_темно-серый,L_M_L,z,X
необычные_металл и пластик_черный/золотой_M_L_S,1,0.9594029850746268,z,необычные_металл и пластик_черный/золотой,M_L_S,Y,X
трапеция_металл_серебристый_M_S_M,1,0.9597014925373134,z,трапеция_металл_серебристый,M_S_M,X,y
трапеция_металл_серый/золотой_M_L_L,1,0.96,z,трапеция_металл_серый/золотой,M_L_L,Y,X
трапеция_металл_серый/золотой_M_M_L,1,0.9602985074626865,z,трапеция_металл_серый/золотой,M_M_L,Y,X
трапеция_металл_серый/серебристый_M_L_L,1,0.9605970149253731,z,трапеция_металл_серый/серебристый,M_L_L,Y,X
бабочка_металл_фиолетовый_S_M_L,1,0.9608955223880598,z,бабочка_металл_фиолетовый,S_M_L,X,Y
бабочка_металл_черепаховый_M_L_L,1,0.9611940298507463,z,бабочка_металл_черепаховый,M_L_L,y,X
бабочка_металл_черный/белый_M_L_L,1,0.9614925373134329,z,бабочка_металл_черный/белый,M_L_L,y,X
бабочка_металл_черный/зеленый_M_L_M,1,0.9617910447761194,z,бабочка_металл_черный/зеленый,M_L_M,Y,X
круглые_титан_серый_L_L_L,1,0.962089552238806,z,круглые_титан_серый,L_L_L,X,X
круглые_титан_серый_L_S_L,1,0.9623880597014925,z,круглые_титан_серый,L_S_L,X,Y
круглые_титан_серый_M_L_M,1,0.9626865671641791,z,круглые_титан_серый,M_L_M,X,X
круглые_титан_синий/золотой_L_M_L,1,0.9629850746268657,z,круглые_титан_синий/золотой,L_M_L,y,X
круглые_титан_синий/золотой_M_M_L,1,0.9632835820895522,z,круглые_титан_синий/золотой,M_M_L,y,X
круглые_титан_синий_M_M_M,1,0.9635820895522388,z,круглые_титан_синий,M_M_M,x,X
круглые_титан_темно-серый_L_S_L,1,0.9638805970149253,z,круглые_титан_темно-серый,L_S_L,Y,Y
круглые_титан_темно-серый_M_M_L,1,0.9641791044776119,z,круглые_титан_темно-серый,M_M_L,Y,X
круглые_рог_многоцветный_L_S_L,1,0.9644776119402985,z,круглые_рог_многоцветный,L_S_L,Z,Y
круглые_титан и пластик_черный/серебристый_L_M_L,1,0.964776119402985,z,круглые_титан и пластик_черный/серебристый,L_M_L,Z,X
круглые_титан_бордовый_M_M_L,1,0.9650746268656717,z,круглые_титан_бордовый,M_M_L,Z,X
круглые_титан_желтый_M_L_M,1,0.9653731343283583,z,круглые_титан_желтый,M_L_M,Z,X
круглые_титан_золотой_M_L_L,1,0.9656716417910448,z,круглые_титан_золотой,M_L_L,X,X
круглые_титан_коричневый_M_S_L,1,0.9659701492537314,z,круглые_титан_коричневый,M_S_L,z,x
круглые_титан_многоцветный_L_S_L,1,0.9662686567164179,z,круглые_титан_многоцветный,L_S_L,Y,Y
круглые_титан_серебристый/золотой_M_L_M,1,0.9665671641791045,z,круглые_титан_серебристый/золотой,M_L_M,Z,X
трапеция_металл_сиреневый_M_M_M,1,0.966865671641791,z,трапеция_металл_сиреневый,M_M_M,y,X
трапеция_металл_фиолетовый_M_L_M,1,0.9671641791044776,z,трапеция_металл_фиолетовый,M_L_M,y,X
трапеция_металл_фиолетовый_M_S_M,1,0.9674626865671642,z,трапеция_металл_фиолетовый,M_S_M,y,y
трапеция_металл_черный/зеленый_L_L_M,1,0.9677611940298507,z,трапеция_металл_черный/зеленый,L_L_M,z,X
бабочка_металл_розовый_M_L_L,1,0.9680597014925373,z,бабочка_металл_розовый,M_L_L,X,X
бабочка_металл_розовый_S_S_M,1,0.9683582089552238,z,бабочка_металл_розовый,S_S_M,X,x
бабочка_металл_серебристый_L_L_S,1,0.9686567164179104,z,бабочка_металл_серебристый,L_L_S,X,Y
круглые_металл_коричневый/золотой_M_S_L,1,0.968955223880597,z,круглые_металл_коричневый/золотой,M_S_L,X,x
бабочка_металл_синий/золотой_S_S_M,1,0.9692537313432836,z,бабочка_металл_синий/золотой,S_S_M,X,x
бабочка_металл_синий/серебристый_M_L_S,1,0.9695522388059702,z,бабочка_металл_синий/серебристый,M_L_S,X,X
бабочка_металл_синий/серебристый_S_M_L,1,0.9698507462686567,z,бабочка_металл_синий/серебристый,S_M_L,X,Y
бабочка_металл_синий_L_L_L,1,0.9701492537313433,z,бабочка_металл_синий,L_L_L,X,X
бабочка_металл_темно-серый_M_M_L,1,0.9704477611940299,z,бабочка_металл_темно-серый,M_M_L,X,X
трапеция_металл_синий/серебристый_L_M_L,1,0.9707462686567164,z,трапеция_металл_синий/серебристый,L_M_L,X,X
трапеция_металл_синий/серебристый_M_L_M,1,0.971044776119403,z,трапеция_металл_синий/серебристый,M_L_M,X,X
трапеция_металл_сиреневый_L_L_M,1,0.9713432835820895,z,трапеция_металл_сиреневый,L_L_M,y,X
круглые_металл и пластик_фиолетовый_L_M_L,1,0.9716417910447761,z,круглые_металл и пластик_фиолетовый,L_M_L,Z,X
круглые_металл и пластик_черепаховый_M_M_L,1,0.9719402985074627,z,круглые_металл и пластик_черепаховый,M_M_L,Z,X
круглые_металл и пластик_черный/зеленый_L_S_L,1,0.9722388059701492,z,круглые_металл и пластик_черный/зеленый,L_S_L,Z,Y
круглые_металл и пластик_черный/золотой_L_M_L,1,0.9725373134328358,z,круглые_металл и пластик_черный/золотой,L_M_L,Y,X
круглые_металл и пластик_черный/золотой_M_M_L,1,0.9728358208955223,z,круглые_металл и пластик_черный/золотой,M_M_L,Y,X
круглые_металл и пластик_черный/красный_L_S_L,1,0.9731343283582089,z,круглые_металл и пластик_черный/красный,L_S_L,Z,Y
круглые_металл и пластик_черный_L_M_L,1,0.9734328358208956,z,круглые_металл и пластик_черный,L_M_L,Z,X
круглые_металл_желтый/зеленый_M_M_L,1,0.9737313432835821,z,круглые_металл_желтый/зеленый,M_M_L,Z,X
круглые_пластик_красный_L_L_L,1,0.9740298507462687,z,круглые_пластик_красный,L_L_L,x,X
круглые_пластик_красный_M_M_L,1,0.9743283582089552,z,круглые_пластик_красный,M_M_L,x,X
круглые_пластик_розовый_S_S_S,1,0.9746268656716418,z,круглые_пластик_розовый,S_S_S,X,x
круглые_пластик_синий_M_L_L,1,0.9749253731343284,z,круглые_пластик_синий,M_L_L,X,X
круглые_пластик_черепаховый_L_M_L,1,0.9752238805970149,z,круглые_пластик_черепаховый,L_M_L,y,X
круглые_пластик_черепаховый_L_S_L,1,0.9755223880597015,z,круглые_пластик_черепаховый,L_S_L,y,Y
круглые_металл и пластик_серый_L_S_L,1,0.975820895522388,z,круглые_металл и пластик_серый,L_S_L,y,Y
круглые_металл и пластик_синий_L_M_L,1,0.9761194029850746,z,круглые_металл и пластик_синий,L_M_L,Z,X
трапеция_металл_черный/серый_L_L_S,1,0.9764179104477612,z,трапеция_металл_черный/серый,L_L_S,X,Y
трапеция_металл_черный/серый_M_M_L,1,0.9767164179104477,z,трапеция_металл_черный/серый,M_M_L,X,X
трапеция_металл_черный_M_M_S,1,0.9770149253731343,z,трапеция_металл_черный,M_M_S,X,Y
бабочка_металл_зеленый_M_L_S,1,0.977313432835821,z,бабочка_металл_зеленый,M_L_S,X,X
бабочка_металл_зеленый_S_S_S,1,0.9776119402985075,z,бабочка_металл_зеленый,S_S_S,X,x
бабочка_металл_золотой_M_S_L,1,0.9779104477611941,z,бабочка_металл_золотой,M_S_L,X,x
трапеция_металл_черный_S_M_M,1,0.9782089552238806,z,трапеция_металл_черный,S_M_M,X,X
трапеция_пластик_бежевый_S_M_S,1,0.9785074626865672,z,трапеция_пластик_бежевый,S_M_S,x,x
круглые_титан_черный/золотой_L_M_L,1,0.9788059701492537,z,круглые_титан_черный/золотой,L_M_L,Z,X
бабочка_металл_серебристый_M_M_L,1,0.9791044776119403,z,бабочка_металл_серебристый,M_M_L,X,X
бабочка_металл_серый/золотой_L_L_M,1,0.9794029850746269,z,бабочка_металл_серый/золотой,L_L_M,X,X
бабочка_металл_серый/серебристый_M_L_S,1,0.9797014925373134,z,бабочка_металл_серый/серебристый,M_L_S,X,X
бабочка_металл_многоцветный_L_S_S,1,0.98,z,бабочка_металл_многоцветный,L_S_S,X,Z
трапеция_металл_черный/золотой_L_L_L,1,0.9802985074626865,z,трапеция_металл_черный/золотой,L_L_L,X,X
трапеция_металл_черный/золотой_L_L_M,1,0.9805970149253731,z,трапеция_металл_черный/золотой,L_L_M,X,X
трапеция_металл_черный/золотой_M_M_L,1,0.9808955223880597,z,трапеция_металл_черный/золотой,M_M_L,X,X
бабочка_металл_белый_M_L_M,1,0.9811940298507462,z,бабочка_металл_белый,M_L_M,y,X
авиаторы_металл_черный_L_L_M,1,0.9814925373134329,z,авиаторы_металл_черный,L_L_M,Y,X
авиаторы_металл_синий/серебристый_L_L_L,1,0.9817910447761194,z,авиаторы_металл_синий/серебристый,L_L_L,Y,X
авиаторы_металл_черный/серебристый_L_L_L,1,0.982089552238806,z,авиаторы_металл_черный/серебристый,L_L_L,X,X
авиаторы_металл_серый_L_L_M,1,0.9823880597014926,z,авиаторы_металл_серый,L_L_M,x,X
авиаторы_металл_золотой_L_L_S,1,0.9826865671641791,z,авиаторы_металл_золотой,L_L_S,x,Y
треугольник_металл_черный_M_M_L,1,0.9829850746268657,z,треугольник_металл_черный,M_M_L,X,X
круглые_металл_темно-серый_L_M_L,1,0.9832835820895522,z,круглые_металл_темно-серый,L_M_L,Y,X
бабочка_металл и пластик_черепаховый_L_M_L,1,0.9835820895522388,z,бабочка_металл и пластик_черепаховый,L_M_L,z,X
бабочка_металл и пластик_черный/золотой_L_L_L,1,0.9838805970149254,z,бабочка_металл и пластик_черный/золотой,L_L_L,X,X
бабочка_металл и пластик_черный/золотой_M_M_L,1,0.9841791044776119,z,бабочка_металл и пластик_черный/золотой,M_M_L,X,X
бабочка_металл и пластик_черный/коричневый_M_L_M,1,0.9844776119402985,z,бабочка_металл и пластик_черный/коричневый,M_L_M,z,X
бабочка_металл и пластик_черный/серебристый_M_M_L,1,0.984776119402985,z,бабочка_металл и пластик_черный/серебристый,M_M_L,z,X
бабочка_металл и пластик_черный_L_M_L,1,0.9850746268656716,z,бабочка_металл и пластик_черный,L_M_L,y,X
бабочка_металл и пластик_черный_M_L_M,1,0.9853731343283582,z,бабочка_металл и пластик_черный,M_L_M,y,X
бабочка_металл_бежевый_M_M_M,1,0.9856716417910448,z,бабочка_металл_бежевый,M_M_M,X,X
трапеция_пластик_серый_S_S_M,1,0.9859701492537314,z,трапеция_пластик_серый,S_S_M,X,x
трапеция_пластик_синий_L_S_M,1,0.986268656716418,z,трапеция_пластик_синий,L_S_M,X,y
трапеция_пластик_синий_M_L_L,1,0.9865671641791045,z,трапеция_пластик_синий,M_L_L,X,X
трапеция_пластик_синий_M_M_L,1,0.9868656716417911,z,трапеция_пластик_синий,M_M_L,X,X
бабочка_металл и пластик_серый_M_L_L,1,0.9871641791044776,z,бабочка_металл и пластик_серый,M_L_L,x,X
бабочка_металл и пластик_синий/золотой_L_M_L,1,0.9874626865671642,z,бабочка_металл и пластик_синий/золотой,L_M_L,X,X
бабочка_металл и пластик_синий_M_M_L,1,0.9877611940298507,z,бабочка_металл и пластик_синий,M_M_L,z,X
бабочка_металл и пластик_фиолетовый_M_M_L,1,0.9880597014925373,z,бабочка_металл и пластик_фиолетовый,M_M_L,Y,X
круглые_металл_синий/золотой_L_L_L,1,0.9883582089552239,z,круглые_металл_синий/золотой,L_L_L,X,X
круглые_металл_синий/серебристый_M_L_L,1,0.9886567164179104,z,круглые_металл_синий/серебристый,M_L_L,x,X
круглые_пластик_голубой_S_S_L,1,0.988955223880597,z,круглые_пластик_голубой,S_S_L,Y,y
круглые_пластик_зеленый_L_S_L,1,0.9892537313432835,z,круглые_пластик_зеленый,L_S_L,Y,Y
трапеция_пластик_прозрачный_M_M_M,1,0.9895522388059701,z,трапеция_пластик_прозрачный,M_M_M,X,X
трапеция_пластик_прозрачный_S_M_S,1,0.9898507462686568,z,трапеция_пластик_прозрачный,S_M_S,X,x
трапеция_пластик_серый_M_L_L,1,0.9901492537313433,z,трапеция_пластик_серый,M_L_L,X,X
трапеция_пластик_серый_M_M_L,1,0.9904477611940299,z,трапеция_пластик_серый,M_M_L,X,X
панто_пластик_зеленый_S_S_M,1,0.9907462686567164,z,панто_пластик_зеленый,S_S_M,X,x
панто_пластик_коричневый_L_L_S,1,0.991044776119403,z,панто_пластик_коричневый,L_L_S,X,Y
квадратные_металл_оранжевый_S_S_L,1,0.9913432835820896,z,квадратные_металл_оранжевый,S_S_L,Z,y
квадратные_металл_серый_L_S_M,1,0.9916417910447761,z,квадратные_металл_серый,L_S_M,X,y
панто_пластик_коричневый_M_L_M,1,0.9919402985074627,z,панто_пластик_коричневый,M_L_M,X,X
панто_пластик_красный_L_M_L,1,0.9922388059701492,z,панто_пластик_красный,L_M_L,X,X
панто_пластик_красный_M_M_M,1,0.9925373134328358,z,панто_пластик_красный,M_M_M,X,X
панто_пластик_красный_S_S_M,1,0.9928358208955224,z,панто_пластик_красный,S_S_M,X,x
трапеция_титан_черный_L_L_L,1,0.9931343283582089,z,трапеция_титан_черный,L_L_L,x,X
панто_пластик_бордовый_S_M_L,1,0.9934328358208955,z,панто_пластик_бордовый,S_M_L,X,Y
панто_пластик_бордовый_S_S_L,1,0.993731343283582,z,панто_пластик_бордовый,S_S_L,X,y
панто_пластик_гавана_M_M_M,1,0.9940298507462687,z,панто_пластик_гавана,M_M_M,X,X
панто_пластик_зеленый_L_L_L,1,0.9943283582089553,z,панто_пластик_зеленый,L_L_L,X,X
панто_пластик_зеленый_L_L_M,1,0.9946268656716418,z,панто_пластик_зеленый,L_L_M,X,X
панто_пластик_зеленый_M_M_M,1,0.9949253731343284,z,панто_пластик_зеленый,M_M_M,X,X
панто_пластик_зеленый_M_S_L,1,0.9952238805970149,z,панто_пластик_зеленый,M_S_L,X,x
трапеция_пластик_черный/серый_S_M_S,1,0.9955223880597015,z,трапеция_пластик_черный/серый,S_M_S,X,x
трапеция_пластик_черный/серый_S_S_M,1,0.9958208955223881,z,трапеция_пластик_черный/серый,S_S_M,X,x
трапеция_пластик_черный/синий_L_L_L,1,0.9961194029850746,z,трапеция_пластик_черный/синий,L_L_L,x,X
трапеция_пластик_черный/синий_M_L_M,1,0.9964179104477612,z,трапеция_пластик_черный/синий,M_L_M,x,X
трапеция_пластик_черный/синий_M_S_M,1,0.9967164179104477,z,трапеция_пластик_черный/синий,M_S_M,x,y
трапеция_титан_черный/золотой_M_L_M,1,0.9970149253731343,z,трапеция_титан_черный/золотой,M_L_M,y,X
трапеция_титан_черный/золотой_M_L_S,1,0.9973134328358209,z,трапеция_титан_черный/золотой,M_L_S,y,X
трапеция_титан_черный/серебристый_M_M_M,1,0.9976119402985074,z,трапеция_титан_черный/серебристый,M_M_M,y,X
трапеция_пластик_темно-серый_M_L_S,1,0.997910447761194,z,трапеция_пластик_темно-серый,M_L_S,x,X
трапеция_пластик_фиолетовый_M_M_M,1,0.9982089552238806,z,трапеция_пластик_фиолетовый,M_M_M,x,X
трапеция_пластик_черепаховый_L_L_L,1,0.9985074626865672,z,трапеция_пластик_черепаховый,L_L_L,Y,X
трапеция_пластик_черепаховый_M_M_L,1,0.9988059701492538,z,трапеция_пластик_черепаховый,M_M_L,Y,X
трапеция_пластик_черный/зеленый_M_S_M,1,0.9991044776119403,z,трапеция_пластик_черный/зеленый,M_S_M,Y,y
трапеция_пластик_черный/зеленый_S_S_M,1,0.9994029850746269,z,трапеция_пластик_черный/зеленый,S_S_M,Y,x
трапеция_пластик_черный/прозрачный_L_L_L,1,0.9997014925373134,z,трапеция_пластик_черный/прозрачный,L_L_L,X,X
трапеция_пластик_черный/прозрачный_S_S_M,1,1.0,z,трапеция_пластик_черный/прозрачный,S_S_M,X,x
