Магазин,Наименование группы,Месяц/год,month_dt,Продажа/прогноз,Тип,Полный класс (доминирующий)
40 лет Октября,(1590-9990 ) (ОПРАВЫ + CLIP) (Ж),2024-03,2024-03-01 00:00:00,360,факт,бабочка_металл_черный/золотой_M_L_M
40 лет Октября,(1590-9990 ) (ОПРАВЫ + CLIP) (Ж),2024-04,2024-04-01 00:00:00,415,факт,бабочка_металл_черный/золотой_M_L_M
40 лет Октября,(1590-9990 ) (ОПРАВЫ + CLIP) (Ж),2024-05,2024-05-01 00:00:00,349,факт,бабочка_металл_черный/золотой_M_L_M
40 лет Октября,(1590-9990 ) (ОПРАВЫ + CLIP) (Ж),2024-06,2024-06-01 00:00:00,333,факт,бабочка_металл_черный/золотой_M_L_M
40 лет Октября,(1590-9990 ) (ОПРАВЫ + CLIP) (Ж),2024-07,2024-07-01 00:00:00,386,факт,бабочка_металл_черный/золотой_M_L_M
40 лет Октября,(1590-9990 ) (ОПРАВЫ + CLIP) (Ж),2024-08,2024-08-01 00:00:00,408,факт,бабочка_металл_черный/золотой_M_L_M
40 лет Октября,(1590-9990 ) (ОПРАВЫ + CLIP) (Ж),2024-09,2024-09-01 00:00:00,350,факт,бабочка_металл_черный/золотой_M_L_M
40 лет Октября,(1590-9990 ) (ОПРАВЫ + CLIP) (Ж),2024-10,2024-10-01 00:00:00,361,факт,бабочка_металл_черный/золотой_M_L_M
40 лет Октября,(1590-9990 ) (ОПРАВЫ + CLIP) (Ж),2024-11,2024-11-01 00:00:00,361,факт,бабочка_металл_черный/золотой_M_L_M
40 лет Октября,(1590-9990 ) (ОПРАВЫ + CLIP) (Ж),2024-12,2024-12-01 00:00:00,344,факт,бабочка_металл_черный/золотой_M_L_M
40 лет Октября,(1590-9990 ) (ОПРАВЫ + CLIP) (Ж),2025-01,2025-01-31 14:45:54,363,прогноз,бабочка_металл_черный/золотой_M_L_M
40 лет Октября,(1590-9990 ) (ОПРАВЫ + CLIP) (Ж),2025-02,2025-02-28 14:45:54,364,прогноз,бабочка_металл_черный/золотой_M_L_M
40 лет Октября,(1590-9990 ) (ОПРАВЫ + CLIP) (Ж),2025-03,2025-03-31 14:45:54,365,прогноз,бабочка_металл_черный/золотой_M_L_M
40 лет Октября,(1590-9990 ) (ОПРАВЫ + CLIP) (М),2024-03,2024-03-01 00:00:00,237,факт,прямоугольные_металл_темно-серый_M_L_M
40 лет Октября,(1590-9990 ) (ОПРАВЫ + CLIP) (М),2024-04,2024-04-01 00:00:00,237,факт,прямоугольные_металл_темно-серый_M_L_M
40 лет Октября,(1590-9990 ) (ОПРАВЫ + CLIP) (М),2024-05,2024-05-01 00:00:00,199,факт,прямоугольные_металл_темно-серый_M_L_M
40 лет Октября,(1590-9990 ) (ОПРАВЫ + CLIP) (М),2024-06,2024-06-01 00:00:00,209,факт,прямоугольные_металл_темно-серый_M_L_M
40 лет Октября,(1590-9990 ) (ОПРАВЫ + CLIP) (М),2024-07,2024-07-01 00:00:00,219,факт,прямоугольные_металл_темно-серый_M_L_M
40 лет Октября,(1590-9990 ) (ОПРАВЫ + CLIP) (М),2024-08,2024-08-01 00:00:00,262,факт,прямоугольные_металл_темно-серый_M_L_M
40 лет Октября,(1590-9990 ) (ОПРАВЫ + CLIP) (М),2024-09,2024-09-01 00:00:00,215,факт,прямоугольные_металл_темно-серый_M_L_M
40 лет Октября,(1590-9990 ) (ОПРАВЫ + CLIP) (М),2024-10,2024-10-01 00:00:00,216,факт,прямоугольные_металл_темно-серый_M_L_M
40 лет Октября,(1590-9990 ) (ОПРАВЫ + CLIP) (М),2024-11,2024-11-01 00:00:00,206,факт,прямоугольные_металл_темно-серый_M_L_M
40 лет Октября,(1590-9990 ) (ОПРАВЫ + CLIP) (М),2024-12,2024-12-01 00:00:00,244,факт,прямоугольные_металл_темно-серый_M_L_M
40 лет Октября,(1590-9990 ) (ОПРАВЫ + CLIP) (М),2025-01,2025-01-31 14:45:54,228,прогноз,прямоугольные_металл_темно-серый_M_L_M
40 лет Октября,(1590-9990 ) (ОПРАВЫ + CLIP) (М),2025-02,2025-02-28 14:45:54,230,прогноз,прямоугольные_металл_темно-серый_M_L_M
40 лет Октября,(1590-9990 ) (ОПРАВЫ + CLIP) (М),2025-03,2025-03-31 14:45:54,232,прогноз,прямоугольные_металл_темно-серый_M_L_M
40 лет Октября,(4000-9990) ( БЕЗОБОДКОВЫЕ ) (ж),2024-03,2024-03-01 00:00:00,11,факт,бабочка_титан_золотой_M_L_M
40 лет Октября,(4000-9990) ( БЕЗОБОДКОВЫЕ ) (ж),2024-04,2024-04-01 00:00:00,23,факт,бабочка_титан_золотой_M_L_M
40 лет Октября,(4000-9990) ( БЕЗОБОДКОВЫЕ ) (ж),2024-05,2024-05-01 00:00:00,13,факт,бабочка_титан_золотой_M_L_M
40 лет Октября,(4000-9990) ( БЕЗОБОДКОВЫЕ ) (ж),2024-06,2024-06-01 00:00:00,20,факт,бабочка_титан_золотой_M_L_M
40 лет Октября,(4000-9990) ( БЕЗОБОДКОВЫЕ ) (ж),2024-07,2024-07-01 00:00:00,20,факт,бабочка_титан_золотой_M_L_M
40 лет Октября,(4000-9990) ( БЕЗОБОДКОВЫЕ ) (ж),2024-08,2024-08-01 00:00:00,17,факт,бабочка_титан_золотой_M_L_M
40 лет Октября,(4000-9990) ( БЕЗОБОДКОВЫЕ ) (ж),2024-09,2024-09-01 00:00:00,19,факт,бабочка_титан_золотой_M_L_M
40 лет Октября,(4000-9990) ( БЕЗОБОДКОВЫЕ ) (ж),2024-10,2024-10-01 00:00:00,11,факт,бабочка_титан_золотой_M_L_M
40 лет Октября,(4000-9990) ( БЕЗОБОДКОВЫЕ ) (ж),2024-11,2024-11-01 00:00:00,14,факт,бабочка_титан_золотой_M_L_M
40 лет Октября,(4000-9990) ( БЕЗОБОДКОВЫЕ ) (ж),2024-12,2024-12-01 00:00:00,8,факт,бабочка_титан_золотой_M_L_M
40 лет Октября,(4000-9990) ( БЕЗОБОДКОВЫЕ ) (ж),2025-01,2025-01-31 14:45:54,15,прогноз,бабочка_титан_золотой_M_L_M
40 лет Октября,(4000-9990) ( БЕЗОБОДКОВЫЕ ) (ж),2025-02,2025-02-28 14:45:54,16,прогноз,бабочка_титан_золотой_M_L_M
40 лет Октября,(4000-9990) ( БЕЗОБОДКОВЫЕ ) (ж),2025-03,2025-03-31 14:45:54,16,прогноз,бабочка_титан_золотой_M_L_M
40 лет Октября,(4000-9990) ( БЕЗОБОДКОВЫЕ ) (м),2024-03,2024-03-01 00:00:00,11,факт,бабочка_титан_золотой_M_L_M
40 лет Октября,(4000-9990) ( БЕЗОБОДКОВЫЕ ) (м),2024-04,2024-04-01 00:00:00,23,факт,бабочка_титан_золотой_M_L_M
40 лет Октября,(4000-9990) ( БЕЗОБОДКОВЫЕ ) (м),2024-05,2024-05-01 00:00:00,13,факт,бабочка_титан_золотой_M_L_M
40 лет Октября,(4000-9990) ( БЕЗОБОДКОВЫЕ ) (м),2024-06,2024-06-01 00:00:00,20,факт,бабочка_титан_золотой_M_L_M
40 лет Октября,(4000-9990) ( БЕЗОБОДКОВЫЕ ) (м),2024-07,2024-07-01 00:00:00,20,факт,бабочка_титан_золотой_M_L_M
40 лет Октября,(4000-9990) ( БЕЗОБОДКОВЫЕ ) (м),2024-08,2024-08-01 00:00:00,17,факт,бабочка_титан_золотой_M_L_M
40 лет Октября,(4000-9990) ( БЕЗОБОДКОВЫЕ ) (м),2024-09,2024-09-01 00:00:00,19,факт,бабочка_титан_золотой_M_L_M
40 лет Октября,(4000-9990) ( БЕЗОБОДКОВЫЕ ) (м),2024-10,2024-10-01 00:00:00,11,факт,бабочка_титан_золотой_M_L_M
40 лет Октября,(4000-9990) ( БЕЗОБОДКОВЫЕ ) (м),2024-11,2024-11-01 00:00:00,14,факт,бабочка_титан_золотой_M_L_M
40 лет Октября,(4000-9990) ( БЕЗОБОДКОВЫЕ ) (м),2024-12,2024-12-01 00:00:00,8,факт,бабочка_титан_золотой_M_L_M
40 лет Октября,(4000-9990) ( БЕЗОБОДКОВЫЕ ) (м),2025-01,2025-01-31 14:45:54,15,прогноз,бабочка_титан_золотой_M_L_M
40 лет Октября,(4000-9990) ( БЕЗОБОДКОВЫЕ ) (м),2025-02,2025-02-28 14:45:54,16,прогноз,бабочка_титан_золотой_M_L_M
40 лет Октября,(4000-9990) ( БЕЗОБОДКОВЫЕ ) (м),2025-03,2025-03-31 14:45:54,16,прогноз,бабочка_титан_золотой_M_L_M
40 лет Октября,(детские) (пластик) (36-41),2024-03,2024-03-01 00:00:00,61,факт,овальные_пластик_синий_S_S_S
40 лет Октября,(детские) (пластик) (36-41),2024-04,2024-04-01 00:00:00,49,факт,овальные_пластик_синий_S_S_S
40 лет Октября,(детские) (пластик) (36-41),2024-05,2024-05-01 00:00:00,60,факт,овальные_пластик_синий_S_S_S
40 лет Октября,(детские) (пластик) (36-41),2024-06,2024-06-01 00:00:00,53,факт,овальные_пластик_синий_S_S_S
40 лет Октября,(детские) (пластик) (36-41),2024-07,2024-07-01 00:00:00,56,факт,овальные_пластик_синий_S_S_S
40 лет Октября,(детские) (пластик) (36-41),2024-08,2024-08-01 00:00:00,50,факт,овальные_пластик_синий_S_S_S
40 лет Октября,(детские) (пластик) (36-41),2024-09,2024-09-01 00:00:00,63,факт,овальные_пластик_синий_S_S_S
40 лет Октября,(детские) (пластик) (36-41),2024-10,2024-10-01 00:00:00,42,факт,овальные_пластик_синий_S_S_S
40 лет Октября,(детские) (пластик) (36-41),2024-11,2024-11-01 00:00:00,39,факт,овальные_пластик_синий_S_S_S
40 лет Октября,(детские) (пластик) (36-41),2024-12,2024-12-01 00:00:00,38,факт,овальные_пластик_синий_S_S_S
40 лет Октября,(детские) (пластик) (36-41),2025-01,2025-01-31 14:45:54,46,прогноз,овальные_пластик_синий_S_S_S
40 лет Октября,(детские) (пластик) (36-41),2025-02,2025-02-28 14:45:54,45,прогноз,овальные_пластик_синий_S_S_S
40 лет Октября,(детские) (пластик) (36-41),2025-03,2025-03-31 14:45:54,45,прогноз,овальные_пластик_синий_S_S_S
40 лет Октября,(детские) (пластик) (42-45),2024-03,2024-03-01 00:00:00,61,факт,овальные_пластик_синий_S_S_S
40 лет Октября,(детские) (пластик) (42-45),2024-04,2024-04-01 00:00:00,49,факт,овальные_пластик_синий_S_S_S
40 лет Октября,(детские) (пластик) (42-45),2024-05,2024-05-01 00:00:00,60,факт,овальные_пластик_синий_S_S_S
40 лет Октября,(детские) (пластик) (42-45),2024-06,2024-06-01 00:00:00,53,факт,овальные_пластик_синий_S_S_S
40 лет Октября,(детские) (пластик) (42-45),2024-07,2024-07-01 00:00:00,56,факт,овальные_пластик_синий_S_S_S
40 лет Октября,(детские) (пластик) (42-45),2024-08,2024-08-01 00:00:00,50,факт,овальные_пластик_синий_S_S_S
40 лет Октября,(детские) (пластик) (42-45),2024-09,2024-09-01 00:00:00,63,факт,овальные_пластик_синий_S_S_S
40 лет Октября,(детские) (пластик) (42-45),2024-10,2024-10-01 00:00:00,42,факт,овальные_пластик_синий_S_S_S
40 лет Октября,(детские) (пластик) (42-45),2024-11,2024-11-01 00:00:00,39,факт,овальные_пластик_синий_S_S_S
40 лет Октября,(детские) (пластик) (42-45),2024-12,2024-12-01 00:00:00,38,факт,овальные_пластик_синий_S_S_S
40 лет Октября,(детские) (пластик) (42-45),2025-01,2025-01-31 14:45:54,46,прогноз,овальные_пластик_синий_S_S_S
40 лет Октября,(детские) (пластик) (42-45),2025-02,2025-02-28 14:45:54,45,прогноз,овальные_пластик_синий_S_S_S
40 лет Октября,(детские) (пластик) (42-45),2025-03,2025-03-31 14:45:54,45,прогноз,овальные_пластик_синий_S_S_S
40 лет Октября,(детские) (пластик) (46-49),2024-03,2024-03-01 00:00:00,61,факт,овальные_пластик_синий_S_S_S
40 лет Октября,(детские) (пластик) (46-49),2024-04,2024-04-01 00:00:00,49,факт,овальные_пластик_синий_S_S_S
40 лет Октября,(детские) (пластик) (46-49),2024-05,2024-05-01 00:00:00,60,факт,овальные_пластик_синий_S_S_S
40 лет Октября,(детские) (пластик) (46-49),2024-06,2024-06-01 00:00:00,53,факт,овальные_пластик_синий_S_S_S
40 лет Октября,(детские) (пластик) (46-49),2024-07,2024-07-01 00:00:00,56,факт,овальные_пластик_синий_S_S_S
40 лет Октября,(детские) (пластик) (46-49),2024-08,2024-08-01 00:00:00,50,факт,овальные_пластик_синий_S_S_S
40 лет Октября,(детские) (пластик) (46-49),2024-09,2024-09-01 00:00:00,63,факт,овальные_пластик_синий_S_S_S
40 лет Октября,(детские) (пластик) (46-49),2024-10,2024-10-01 00:00:00,42,факт,овальные_пластик_синий_S_S_S
40 лет Октября,(детские) (пластик) (46-49),2024-11,2024-11-01 00:00:00,39,факт,овальные_пластик_синий_S_S_S
40 лет Октября,(детские) (пластик) (46-49),2024-12,2024-12-01 00:00:00,38,факт,овальные_пластик_синий_S_S_S
40 лет Октября,(детские) (пластик) (46-49),2025-01,2025-01-31 14:45:54,46,прогноз,овальные_пластик_синий_S_S_S
40 лет Октября,(детские) (пластик) (46-49),2025-02,2025-02-28 14:45:54,45,прогноз,овальные_пластик_синий_S_S_S
40 лет Октября,(детские) (пластик) (46-49),2025-03,2025-03-31 14:45:54,45,прогноз,овальные_пластик_синий_S_S_S
40 лет Октября,(детские)(FISHER PRICE) девочки 38-41,2024-03,2024-03-01 00:00:00,94,факт,овальные_пластик_синий_S_S_S
40 лет Октября,(детские)(FISHER PRICE) девочки 38-41,2024-04,2024-04-01 00:00:00,65,факт,овальные_пластик_синий_S_S_S
40 лет Октября,(детские)(FISHER PRICE) девочки 38-41,2024-05,2024-05-01 00:00:00,89,факт,овальные_пластик_синий_S_S_S
40 лет Октября,(детские)(FISHER PRICE) девочки 38-41,2024-06,2024-06-01 00:00:00,73,факт,овальные_пластик_синий_S_S_S
40 лет Октября,(детские)(FISHER PRICE) девочки 38-41,2024-07,2024-07-01 00:00:00,85,факт,овальные_пластик_синий_S_S_S
40 лет Октября,(детские)(FISHER PRICE) девочки 38-41,2024-08,2024-08-01 00:00:00,76,факт,овальные_пластик_синий_S_S_S
40 лет Октября,(детские)(FISHER PRICE) девочки 38-41,2024-09,2024-09-01 00:00:00,84,факт,овальные_пластик_синий_S_S_S
40 лет Октября,(детские)(FISHER PRICE) девочки 38-41,2024-10,2024-10-01 00:00:00,64,факт,овальные_пластик_синий_S_S_S
40 лет Октября,(детские)(FISHER PRICE) девочки 38-41,2024-11,2024-11-01 00:00:00,71,факт,овальные_пластик_синий_S_S_S
40 лет Октября,(детские)(FISHER PRICE) девочки 38-41,2024-12,2024-12-01 00:00:00,61,факт,овальные_пластик_синий_S_S_S
40 лет Октября,(детские)(FISHER PRICE) девочки 38-41,2025-01,2025-01-31 14:45:54,73,прогноз,овальные_пластик_синий_S_S_S
40 лет Октября,(детские)(FISHER PRICE) девочки 38-41,2025-02,2025-02-28 14:45:54,72,прогноз,овальные_пластик_синий_S_S_S
40 лет Октября,(детские)(FISHER PRICE) девочки 38-41,2025-03,2025-03-31 14:45:54,72,прогноз,овальные_пластик_синий_S_S_S
40 лет Октября,(детские)(FISHER PRICE) девочки 42-46,2024-03,2024-03-01 00:00:00,94,факт,овальные_пластик_синий_S_S_S
40 лет Октября,(детские)(FISHER PRICE) девочки 42-46,2024-04,2024-04-01 00:00:00,65,факт,овальные_пластик_синий_S_S_S
40 лет Октября,(детские)(FISHER PRICE) девочки 42-46,2024-05,2024-05-01 00:00:00,89,факт,овальные_пластик_синий_S_S_S
40 лет Октября,(детские)(FISHER PRICE) девочки 42-46,2024-06,2024-06-01 00:00:00,73,факт,овальные_пластик_синий_S_S_S
40 лет Октября,(детские)(FISHER PRICE) девочки 42-46,2024-07,2024-07-01 00:00:00,85,факт,овальные_пластик_синий_S_S_S
40 лет Октября,(детские)(FISHER PRICE) девочки 42-46,2024-08,2024-08-01 00:00:00,76,факт,овальные_пластик_синий_S_S_S
40 лет Октября,(детские)(FISHER PRICE) девочки 42-46,2024-09,2024-09-01 00:00:00,84,факт,овальные_пластик_синий_S_S_S
40 лет Октября,(детские)(FISHER PRICE) девочки 42-46,2024-10,2024-10-01 00:00:00,64,факт,овальные_пластик_синий_S_S_S
40 лет Октября,(детские)(FISHER PRICE) девочки 42-46,2024-11,2024-11-01 00:00:00,71,факт,овальные_пластик_синий_S_S_S
40 лет Октября,(детские)(FISHER PRICE) девочки 42-46,2024-12,2024-12-01 00:00:00,61,факт,овальные_пластик_синий_S_S_S
40 лет Октября,(детские)(FISHER PRICE) девочки 42-46,2025-01,2025-01-31 14:45:54,73,прогноз,овальные_пластик_синий_S_S_S
40 лет Октября,(детские)(FISHER PRICE) девочки 42-46,2025-02,2025-02-28 14:45:54,72,прогноз,овальные_пластик_синий_S_S_S
40 лет Октября,(детские)(FISHER PRICE) девочки 42-46,2025-03,2025-03-31 14:45:54,72,прогноз,овальные_пластик_синий_S_S_S
40 лет Октября,(детские)(FISHER PRICE) девочки 47-54,2024-03,2024-03-01 00:00:00,94,факт,овальные_пластик_синий_S_S_S
40 лет Октября,(детские)(FISHER PRICE) девочки 47-54,2024-04,2024-04-01 00:00:00,65,факт,овальные_пластик_синий_S_S_S
40 лет Октября,(детские)(FISHER PRICE) девочки 47-54,2024-05,2024-05-01 00:00:00,89,факт,овальные_пластик_синий_S_S_S
40 лет Октября,(детские)(FISHER PRICE) девочки 47-54,2024-06,2024-06-01 00:00:00,73,факт,овальные_пластик_синий_S_S_S
40 лет Октября,(детские)(FISHER PRICE) девочки 47-54,2024-07,2024-07-01 00:00:00,85,факт,овальные_пластик_синий_S_S_S
40 лет Октября,(детские)(FISHER PRICE) девочки 47-54,2024-08,2024-08-01 00:00:00,76,факт,овальные_пластик_синий_S_S_S
40 лет Октября,(детские)(FISHER PRICE) девочки 47-54,2024-09,2024-09-01 00:00:00,84,факт,овальные_пластик_синий_S_S_S
40 лет Октября,(детские)(FISHER PRICE) девочки 47-54,2024-10,2024-10-01 00:00:00,64,факт,овальные_пластик_синий_S_S_S
40 лет Октября,(детские)(FISHER PRICE) девочки 47-54,2024-11,2024-11-01 00:00:00,71,факт,овальные_пластик_синий_S_S_S
40 лет Октября,(детские)(FISHER PRICE) девочки 47-54,2024-12,2024-12-01 00:00:00,61,факт,овальные_пластик_синий_S_S_S
40 лет Октября,(детские)(FISHER PRICE) девочки 47-54,2025-01,2025-01-31 14:45:54,73,прогноз,овальные_пластик_синий_S_S_S
40 лет Октября,(детские)(FISHER PRICE) девочки 47-54,2025-02,2025-02-28 14:45:54,72,прогноз,овальные_пластик_синий_S_S_S
40 лет Октября,(детские)(FISHER PRICE) девочки 47-54,2025-03,2025-03-31 14:45:54,72,прогноз,овальные_пластик_синий_S_S_S
40 лет Октября,(детские)(FISHER PRICE) мальчики 38-41,2024-03,2024-03-01 00:00:00,94,факт,овальные_пластик_синий_S_S_S
40 лет Октября,(детские)(FISHER PRICE) мальчики 38-41,2024-04,2024-04-01 00:00:00,65,факт,овальные_пластик_синий_S_S_S
40 лет Октября,(детские)(FISHER PRICE) мальчики 38-41,2024-05,2024-05-01 00:00:00,89,факт,овальные_пластик_синий_S_S_S
40 лет Октября,(детские)(FISHER PRICE) мальчики 38-41,2024-06,2024-06-01 00:00:00,73,факт,овальные_пластик_синий_S_S_S
40 лет Октября,(детские)(FISHER PRICE) мальчики 38-41,2024-07,2024-07-01 00:00:00,85,факт,овальные_пластик_синий_S_S_S
40 лет Октября,(детские)(FISHER PRICE) мальчики 38-41,2024-08,2024-08-01 00:00:00,76,факт,овальные_пластик_синий_S_S_S
40 лет Октября,(детские)(FISHER PRICE) мальчики 38-41,2024-09,2024-09-01 00:00:00,84,факт,овальные_пластик_синий_S_S_S
40 лет Октября,(детские)(FISHER PRICE) мальчики 38-41,2024-10,2024-10-01 00:00:00,64,факт,овальные_пластик_синий_S_S_S
40 лет Октября,(детские)(FISHER PRICE) мальчики 38-41,2024-11,2024-11-01 00:00:00,71,факт,овальные_пластик_синий_S_S_S
40 лет Октября,(детские)(FISHER PRICE) мальчики 38-41,2024-12,2024-12-01 00:00:00,61,факт,овальные_пластик_синий_S_S_S
40 лет Октября,(детские)(FISHER PRICE) мальчики 38-41,2025-01,2025-01-31 14:45:54,73,прогноз,овальные_пластик_синий_S_S_S
40 лет Октября,(детские)(FISHER PRICE) мальчики 38-41,2025-02,2025-02-28 14:45:54,72,прогноз,овальные_пластик_синий_S_S_S
40 лет Октября,(детские)(FISHER PRICE) мальчики 38-41,2025-03,2025-03-31 14:45:54,72,прогноз,овальные_пластик_синий_S_S_S
40 лет Октября,(детские)(FISHER PRICE) мальчики 42-46,2024-03,2024-03-01 00:00:00,94,факт,овальные_пластик_синий_S_S_S
40 лет Октября,(детские)(FISHER PRICE) мальчики 42-46,2024-04,2024-04-01 00:00:00,65,факт,овальные_пластик_синий_S_S_S
40 лет Октября,(детские)(FISHER PRICE) мальчики 42-46,2024-05,2024-05-01 00:00:00,89,факт,овальные_пластик_синий_S_S_S
40 лет Октября,(детские)(FISHER PRICE) мальчики 42-46,2024-06,2024-06-01 00:00:00,73,факт,овальные_пластик_синий_S_S_S
40 лет Октября,(детские)(FISHER PRICE) мальчики 42-46,2024-07,2024-07-01 00:00:00,85,факт,овальные_пластик_синий_S_S_S
40 лет Октября,(детские)(FISHER PRICE) мальчики 42-46,2024-08,2024-08-01 00:00:00,76,факт,овальные_пластик_синий_S_S_S
40 лет Октября,(детские)(FISHER PRICE) мальчики 42-46,2024-09,2024-09-01 00:00:00,84,факт,овальные_пластик_синий_S_S_S
40 лет Октября,(детские)(FISHER PRICE) мальчики 42-46,2024-10,2024-10-01 00:00:00,64,факт,овальные_пластик_синий_S_S_S
40 лет Октября,(детские)(FISHER PRICE) мальчики 42-46,2024-11,2024-11-01 00:00:00,71,факт,овальные_пластик_синий_S_S_S
40 лет Октября,(детские)(FISHER PRICE) мальчики 42-46,2024-12,2024-12-01 00:00:00,61,факт,овальные_пластик_синий_S_S_S
40 лет Октября,(детские)(FISHER PRICE) мальчики 42-46,2025-01,2025-01-31 14:45:54,73,прогноз,овальные_пластик_синий_S_S_S
40 лет Октября,(детские)(FISHER PRICE) мальчики 42-46,2025-02,2025-02-28 14:45:54,72,прогноз,овальные_пластик_синий_S_S_S
40 лет Октября,(детские)(FISHER PRICE) мальчики 42-46,2025-03,2025-03-31 14:45:54,72,прогноз,овальные_пластик_синий_S_S_S
40 лет Октября,(детские)(FISHER PRICE) мальчики 47-54,2024-03,2024-03-01 00:00:00,94,факт,овальные_пластик_синий_S_S_S
40 лет Октября,(детские)(FISHER PRICE) мальчики 47-54,2024-04,2024-04-01 00:00:00,65,факт,овальные_пластик_синий_S_S_S
40 лет Октября,(детские)(FISHER PRICE) мальчики 47-54,2024-05,2024-05-01 00:00:00,89,факт,овальные_пластик_синий_S_S_S
40 лет Октября,(детские)(FISHER PRICE) мальчики 47-54,2024-06,2024-06-01 00:00:00,73,факт,овальные_пластик_синий_S_S_S
40 лет Октября,(детские)(FISHER PRICE) мальчики 47-54,2024-07,2024-07-01 00:00:00,85,факт,овальные_пластик_синий_S_S_S
40 лет Октября,(детские)(FISHER PRICE) мальчики 47-54,2024-08,2024-08-01 00:00:00,76,факт,овальные_пластик_синий_S_S_S
40 лет Октября,(детские)(FISHER PRICE) мальчики 47-54,2024-09,2024-09-01 00:00:00,84,факт,овальные_пластик_синий_S_S_S
40 лет Октября,(детские)(FISHER PRICE) мальчики 47-54,2024-10,2024-10-01 00:00:00,64,факт,овальные_пластик_синий_S_S_S
40 лет Октября,(детские)(FISHER PRICE) мальчики 47-54,2024-11,2024-11-01 00:00:00,71,факт,овальные_пластик_синий_S_S_S
40 лет Октября,(детские)(FISHER PRICE) мальчики 47-54,2024-12,2024-12-01 00:00:00,61,факт,овальные_пластик_синий_S_S_S
40 лет Октября,(детские)(FISHER PRICE) мальчики 47-54,2025-01,2025-01-31 14:45:54,73,прогноз,овальные_пластик_синий_S_S_S
40 лет Октября,(детские)(FISHER PRICE) мальчики 47-54,2025-02,2025-02-28 14:45:54,72,прогноз,овальные_пластик_синий_S_S_S
40 лет Октября,(детские)(FISHER PRICE) мальчики 47-54,2025-03,2025-03-31 14:45:54,72,прогноз,овальные_пластик_синий_S_S_S
40 лет Октября,(детские)(NANOKIDS/LIFE),2024-03,2024-03-01 00:00:00,94,факт,овальные_пластик_синий_S_S_S
40 лет Октября,(детские)(NANOKIDS/LIFE),2024-04,2024-04-01 00:00:00,65,факт,овальные_пластик_синий_S_S_S
40 лет Октября,(детские)(NANOKIDS/LIFE),2024-05,2024-05-01 00:00:00,89,факт,овальные_пластик_синий_S_S_S
40 лет Октября,(детские)(NANOKIDS/LIFE),2024-06,2024-06-01 00:00:00,73,факт,овальные_пластик_синий_S_S_S
40 лет Октября,(детские)(NANOKIDS/LIFE),2024-07,2024-07-01 00:00:00,85,факт,овальные_пластик_синий_S_S_S
40 лет Октября,(детские)(NANOKIDS/LIFE),2024-08,2024-08-01 00:00:00,76,факт,овальные_пластик_синий_S_S_S
40 лет Октября,(детские)(NANOKIDS/LIFE),2024-09,2024-09-01 00:00:00,84,факт,овальные_пластик_синий_S_S_S
40 лет Октября,(детские)(NANOKIDS/LIFE),2024-10,2024-10-01 00:00:00,64,факт,овальные_пластик_синий_S_S_S
40 лет Октября,(детские)(NANOKIDS/LIFE),2024-11,2024-11-01 00:00:00,71,факт,овальные_пластик_синий_S_S_S
40 лет Октября,(детские)(NANOKIDS/LIFE),2024-12,2024-12-01 00:00:00,61,факт,овальные_пластик_синий_S_S_S
40 лет Октября,(детские)(NANOKIDS/LIFE),2025-01,2025-01-31 14:45:54,73,прогноз,овальные_пластик_синий_S_S_S
40 лет Октября,(детские)(NANOKIDS/LIFE),2025-02,2025-02-28 14:45:54,72,прогноз,овальные_пластик_синий_S_S_S
40 лет Октября,(детские)(NANOKIDS/LIFE),2025-03,2025-03-31 14:45:54,72,прогноз,овальные_пластик_синий_S_S_S
40 лет Октября,(детские/подростковые ) (NANO) (52-56),2024-03,2024-03-01 00:00:00,94,факт,овальные_пластик_синий_S_S_S
40 лет Октября,(детские/подростковые ) (NANO) (52-56),2024-04,2024-04-01 00:00:00,65,факт,овальные_пластик_синий_S_S_S
40 лет Октября,(детские/подростковые ) (NANO) (52-56),2024-05,2024-05-01 00:00:00,89,факт,овальные_пластик_синий_S_S_S
40 лет Октября,(детские/подростковые ) (NANO) (52-56),2024-06,2024-06-01 00:00:00,73,факт,овальные_пластик_синий_S_S_S
40 лет Октября,(детские/подростковые ) (NANO) (52-56),2024-07,2024-07-01 00:00:00,85,факт,овальные_пластик_синий_S_S_S
40 лет Октября,(детские/подростковые ) (NANO) (52-56),2024-08,2024-08-01 00:00:00,76,факт,овальные_пластик_синий_S_S_S
40 лет Октября,(детские/подростковые ) (NANO) (52-56),2024-09,2024-09-01 00:00:00,84,факт,овальные_пластик_синий_S_S_S
40 лет Октября,(детские/подростковые ) (NANO) (52-56),2024-10,2024-10-01 00:00:00,64,факт,овальные_пластик_синий_S_S_S
40 лет Октября,(детские/подростковые ) (NANO) (52-56),2024-11,2024-11-01 00:00:00,71,факт,овальные_пластик_синий_S_S_S
40 лет Октября,(детские/подростковые ) (NANO) (52-56),2024-12,2024-12-01 00:00:00,61,факт,овальные_пластик_синий_S_S_S
40 лет Октября,(детские/подростковые ) (NANO) (52-56),2025-01,2025-01-31 14:45:54,73,прогноз,овальные_пластик_синий_S_S_S
40 лет Октября,(детские/подростковые ) (NANO) (52-56),2025-02,2025-02-28 14:45:54,72,прогноз,овальные_пластик_синий_S_S_S
40 лет Октября,(детские/подростковые ) (NANO) (52-56),2025-03,2025-03-31 14:45:54,72,прогноз,овальные_пластик_синий_S_S_S
40 лет Октября,(детские/подростковые) (BARBIE),2024-03,2024-03-01 00:00:00,94,факт,овальные_пластик_синий_S_S_S
40 лет Октября,(детские/подростковые) (BARBIE),2024-04,2024-04-01 00:00:00,65,факт,овальные_пластик_синий_S_S_S
40 лет Октября,(детские/подростковые) (BARBIE),2024-05,2024-05-01 00:00:00,89,факт,овальные_пластик_синий_S_S_S
40 лет Октября,(детские/подростковые) (BARBIE),2024-06,2024-06-01 00:00:00,73,факт,овальные_пластик_синий_S_S_S
40 лет Октября,(детские/подростковые) (BARBIE),2024-07,2024-07-01 00:00:00,85,факт,овальные_пластик_синий_S_S_S
40 лет Октября,(детские/подростковые) (BARBIE),2024-08,2024-08-01 00:00:00,76,факт,овальные_пластик_синий_S_S_S
40 лет Октября,(детские/подростковые) (BARBIE),2024-09,2024-09-01 00:00:00,84,факт,овальные_пластик_синий_S_S_S
40 лет Октября,(детские/подростковые) (BARBIE),2024-10,2024-10-01 00:00:00,64,факт,овальные_пластик_синий_S_S_S
40 лет Октября,(детские/подростковые) (BARBIE),2024-11,2024-11-01 00:00:00,71,факт,овальные_пластик_синий_S_S_S
40 лет Октября,(детские/подростковые) (BARBIE),2024-12,2024-12-01 00:00:00,61,факт,овальные_пластик_синий_S_S_S
40 лет Октября,(детские/подростковые) (BARBIE),2025-01,2025-01-31 14:45:54,73,прогноз,овальные_пластик_синий_S_S_S
40 лет Октября,(детские/подростковые) (BARBIE),2025-02,2025-02-28 14:45:54,72,прогноз,овальные_пластик_синий_S_S_S
40 лет Октября,(детские/подростковые) (BARBIE),2025-03,2025-03-31 14:45:54,72,прогноз,овальные_пластик_синий_S_S_S
40 лет Октября,(детские/подростковые) (BENETTON),2024-03,2024-03-01 00:00:00,94,факт,овальные_пластик_синий_S_S_S
40 лет Октября,(детские/подростковые) (BENETTON),2024-04,2024-04-01 00:00:00,65,факт,овальные_пластик_синий_S_S_S
40 лет Октября,(детские/подростковые) (BENETTON),2024-05,2024-05-01 00:00:00,89,факт,овальные_пластик_синий_S_S_S
40 лет Октября,(детские/подростковые) (BENETTON),2024-06,2024-06-01 00:00:00,73,факт,овальные_пластик_синий_S_S_S
40 лет Октября,(детские/подростковые) (BENETTON),2024-07,2024-07-01 00:00:00,85,факт,овальные_пластик_синий_S_S_S
40 лет Октября,(детские/подростковые) (BENETTON),2024-08,2024-08-01 00:00:00,76,факт,овальные_пластик_синий_S_S_S
40 лет Октября,(детские/подростковые) (BENETTON),2024-09,2024-09-01 00:00:00,84,факт,овальные_пластик_синий_S_S_S
40 лет Октября,(детские/подростковые) (BENETTON),2024-10,2024-10-01 00:00:00,64,факт,овальные_пластик_синий_S_S_S
40 лет Октября,(детские/подростковые) (BENETTON),2024-11,2024-11-01 00:00:00,71,факт,овальные_пластик_синий_S_S_S
40 лет Октября,(детские/подростковые) (BENETTON),2024-12,2024-12-01 00:00:00,61,факт,овальные_пластик_синий_S_S_S
40 лет Октября,(детские/подростковые) (BENETTON),2025-01,2025-01-31 14:45:54,73,прогноз,овальные_пластик_синий_S_S_S
40 лет Октября,(детские/подростковые) (BENETTON),2025-02,2025-02-28 14:45:54,72,прогноз,овальные_пластик_синий_S_S_S
40 лет Октября,(детские/подростковые) (BENETTON),2025-03,2025-03-31 14:45:54,72,прогноз,овальные_пластик_синий_S_S_S
40 лет Октября,(детские/подростковые) (CAROLINA/MINI/CHLOE),2024-03,2024-03-01 00:00:00,94,факт,овальные_пластик_синий_S_S_S
40 лет Октября,(детские/подростковые) (CAROLINA/MINI/CHLOE),2024-04,2024-04-01 00:00:00,65,факт,овальные_пластик_синий_S_S_S
40 лет Октября,(детские/подростковые) (CAROLINA/MINI/CHLOE),2024-05,2024-05-01 00:00:00,89,факт,овальные_пластик_синий_S_S_S
40 лет Октября,(детские/подростковые) (CAROLINA/MINI/CHLOE),2024-06,2024-06-01 00:00:00,73,факт,овальные_пластик_синий_S_S_S
40 лет Октября,(детские/подростковые) (CAROLINA/MINI/CHLOE),2024-07,2024-07-01 00:00:00,85,факт,овальные_пластик_синий_S_S_S
40 лет Октября,(детские/подростковые) (CAROLINA/MINI/CHLOE),2024-08,2024-08-01 00:00:00,76,факт,овальные_пластик_синий_S_S_S
40 лет Октября,(детские/подростковые) (CAROLINA/MINI/CHLOE),2024-09,2024-09-01 00:00:00,84,факт,овальные_пластик_синий_S_S_S
40 лет Октября,(детские/подростковые) (CAROLINA/MINI/CHLOE),2024-10,2024-10-01 00:00:00,64,факт,овальные_пластик_синий_S_S_S
40 лет Октября,(детские/подростковые) (CAROLINA/MINI/CHLOE),2024-11,2024-11-01 00:00:00,71,факт,овальные_пластик_синий_S_S_S
40 лет Октября,(детские/подростковые) (CAROLINA/MINI/CHLOE),2024-12,2024-12-01 00:00:00,61,факт,овальные_пластик_синий_S_S_S
40 лет Октября,(детские/подростковые) (CAROLINA/MINI/CHLOE),2025-01,2025-01-31 14:45:54,73,прогноз,овальные_пластик_синий_S_S_S
40 лет Октября,(детские/подростковые) (CAROLINA/MINI/CHLOE),2025-02,2025-02-28 14:45:54,72,прогноз,овальные_пластик_синий_S_S_S
40 лет Октября,(детские/подростковые) (CAROLINA/MINI/CHLOE),2025-03,2025-03-31 14:45:54,72,прогноз,овальные_пластик_синий_S_S_S
40 лет Октября,(детские/подростковые) (CHOCO),2024-03,2024-03-01 00:00:00,94,факт,овальные_пластик_синий_S_S_S
40 лет Октября,(детские/подростковые) (CHOCO),2024-04,2024-04-01 00:00:00,65,факт,овальные_пластик_синий_S_S_S
40 лет Октября,(детские/подростковые) (CHOCO),2024-05,2024-05-01 00:00:00,89,факт,овальные_пластик_синий_S_S_S
40 лет Октября,(детские/подростковые) (CHOCO),2024-06,2024-06-01 00:00:00,73,факт,овальные_пластик_синий_S_S_S
40 лет Октября,(детские/подростковые) (CHOCO),2024-07,2024-07-01 00:00:00,85,факт,овальные_пластик_синий_S_S_S
40 лет Октября,(детские/подростковые) (CHOCO),2024-08,2024-08-01 00:00:00,76,факт,овальные_пластик_синий_S_S_S
40 лет Октября,(детские/подростковые) (CHOCO),2024-09,2024-09-01 00:00:00,84,факт,овальные_пластик_синий_S_S_S
40 лет Октября,(детские/подростковые) (CHOCO),2024-10,2024-10-01 00:00:00,64,факт,овальные_пластик_синий_S_S_S
40 лет Октября,(детские/подростковые) (CHOCO),2024-11,2024-11-01 00:00:00,71,факт,овальные_пластик_синий_S_S_S
40 лет Октября,(детские/подростковые) (CHOCO),2024-12,2024-12-01 00:00:00,61,факт,овальные_пластик_синий_S_S_S
40 лет Октября,(детские/подростковые) (CHOCO),2025-01,2025-01-31 14:45:54,73,прогноз,овальные_пластик_синий_S_S_S
40 лет Октября,(детские/подростковые) (CHOCO),2025-02,2025-02-28 14:45:54,72,прогноз,овальные_пластик_синий_S_S_S
40 лет Октября,(детские/подростковые) (CHOCO),2025-03,2025-03-31 14:45:54,72,прогноз,овальные_пластик_синий_S_S_S
40 лет Октября,(детские/подростковые) (DOLCE&GABBANA),2024-03,2024-03-01 00:00:00,94,факт,овальные_пластик_синий_S_S_S
40 лет Октября,(детские/подростковые) (DOLCE&GABBANA),2024-04,2024-04-01 00:00:00,65,факт,овальные_пластик_синий_S_S_S
40 лет Октября,(детские/подростковые) (DOLCE&GABBANA),2024-05,2024-05-01 00:00:00,89,факт,овальные_пластик_синий_S_S_S
40 лет Октября,(детские/подростковые) (DOLCE&GABBANA),2024-06,2024-06-01 00:00:00,73,факт,овальные_пластик_синий_S_S_S
40 лет Октября,(детские/подростковые) (DOLCE&GABBANA),2024-07,2024-07-01 00:00:00,85,факт,овальные_пластик_синий_S_S_S
40 лет Октября,(детские/подростковые) (DOLCE&GABBANA),2024-08,2024-08-01 00:00:00,76,факт,овальные_пластик_синий_S_S_S
40 лет Октября,(детские/подростковые) (DOLCE&GABBANA),2024-09,2024-09-01 00:00:00,84,факт,овальные_пластик_синий_S_S_S
40 лет Октября,(детские/подростковые) (DOLCE&GABBANA),2024-10,2024-10-01 00:00:00,64,факт,овальные_пластик_синий_S_S_S
40 лет Октября,(детские/подростковые) (DOLCE&GABBANA),2024-11,2024-11-01 00:00:00,71,факт,овальные_пластик_синий_S_S_S
40 лет Октября,(детские/подростковые) (DOLCE&GABBANA),2024-12,2024-12-01 00:00:00,61,факт,овальные_пластик_синий_S_S_S
40 лет Октября,(детские/подростковые) (DOLCE&GABBANA),2025-01,2025-01-31 14:45:54,73,прогноз,овальные_пластик_синий_S_S_S
40 лет Октября,(детские/подростковые) (DOLCE&GABBANA),2025-02,2025-02-28 14:45:54,72,прогноз,овальные_пластик_синий_S_S_S
40 лет Октября,(детские/подростковые) (DOLCE&GABBANA),2025-03,2025-03-31 14:45:54,72,прогноз,овальные_пластик_синий_S_S_S
40 лет Октября,(детские/подростковые) (GUESS),2024-03,2024-03-01 00:00:00,94,факт,овальные_пластик_синий_S_S_S
40 лет Октября,(детские/подростковые) (GUESS),2024-04,2024-04-01 00:00:00,65,факт,овальные_пластик_синий_S_S_S
40 лет Октября,(детские/подростковые) (GUESS),2024-05,2024-05-01 00:00:00,89,факт,овальные_пластик_синий_S_S_S
40 лет Октября,(детские/подростковые) (GUESS),2024-06,2024-06-01 00:00:00,73,факт,овальные_пластик_синий_S_S_S
40 лет Октября,(детские/подростковые) (GUESS),2024-07,2024-07-01 00:00:00,85,факт,овальные_пластик_синий_S_S_S
40 лет Октября,(детские/подростковые) (GUESS),2024-08,2024-08-01 00:00:00,76,факт,овальные_пластик_синий_S_S_S
40 лет Октября,(детские/подростковые) (GUESS),2024-09,2024-09-01 00:00:00,84,факт,овальные_пластик_синий_S_S_S
40 лет Октября,(детские/подростковые) (GUESS),2024-10,2024-10-01 00:00:00,64,факт,овальные_пластик_синий_S_S_S
40 лет Октября,(детские/подростковые) (GUESS),2024-11,2024-11-01 00:00:00,71,факт,овальные_пластик_синий_S_S_S
40 лет Октября,(детские/подростковые) (GUESS),2024-12,2024-12-01 00:00:00,61,факт,овальные_пластик_синий_S_S_S
40 лет Октября,(детские/подростковые) (GUESS),2025-01,2025-01-31 14:45:54,73,прогноз,овальные_пластик_синий_S_S_S
40 лет Октября,(детские/подростковые) (GUESS),2025-02,2025-02-28 14:45:54,72,прогноз,овальные_пластик_синий_S_S_S
40 лет Октября,(детские/подростковые) (GUESS),2025-03,2025-03-31 14:45:54,72,прогноз,овальные_пластик_синий_S_S_S
40 лет Октября,(детские/подростковые) (HOT WHEELS),2024-03,2024-03-01 00:00:00,94,факт,овальные_пластик_синий_S_S_S
40 лет Октября,(детские/подростковые) (HOT WHEELS),2024-04,2024-04-01 00:00:00,65,факт,овальные_пластик_синий_S_S_S
40 лет Октября,(детские/подростковые) (HOT WHEELS),2024-05,2024-05-01 00:00:00,89,факт,овальные_пластик_синий_S_S_S
40 лет Октября,(детские/подростковые) (HOT WHEELS),2024-06,2024-06-01 00:00:00,73,факт,овальные_пластик_синий_S_S_S
40 лет Октября,(детские/подростковые) (HOT WHEELS),2024-07,2024-07-01 00:00:00,85,факт,овальные_пластик_синий_S_S_S
40 лет Октября,(детские/подростковые) (HOT WHEELS),2024-08,2024-08-01 00:00:00,76,факт,овальные_пластик_синий_S_S_S
40 лет Октября,(детские/подростковые) (HOT WHEELS),2024-09,2024-09-01 00:00:00,84,факт,овальные_пластик_синий_S_S_S
40 лет Октября,(детские/подростковые) (HOT WHEELS),2024-10,2024-10-01 00:00:00,64,факт,овальные_пластик_синий_S_S_S
40 лет Октября,(детские/подростковые) (HOT WHEELS),2024-11,2024-11-01 00:00:00,71,факт,овальные_пластик_синий_S_S_S
40 лет Октября,(детские/подростковые) (HOT WHEELS),2024-12,2024-12-01 00:00:00,61,факт,овальные_пластик_синий_S_S_S
40 лет Октября,(детские/подростковые) (HOT WHEELS),2025-01,2025-01-31 14:45:54,73,прогноз,овальные_пластик_синий_S_S_S
40 лет Октября,(детские/подростковые) (HOT WHEELS),2025-02,2025-02-28 14:45:54,72,прогноз,овальные_пластик_синий_S_S_S
40 лет Октября,(детские/подростковые) (HOT WHEELS),2025-03,2025-03-31 14:45:54,72,прогноз,овальные_пластик_синий_S_S_S
40 лет Октября,(детские/подростковые) (KIDSIGHT),2024-03,2024-03-01 00:00:00,94,факт,овальные_пластик_синий_S_S_S
40 лет Октября,(детские/подростковые) (KIDSIGHT),2024-04,2024-04-01 00:00:00,65,факт,овальные_пластик_синий_S_S_S
40 лет Октября,(детские/подростковые) (KIDSIGHT),2024-05,2024-05-01 00:00:00,89,факт,овальные_пластик_синий_S_S_S
40 лет Октября,(детские/подростковые) (KIDSIGHT),2024-06,2024-06-01 00:00:00,73,факт,овальные_пластик_синий_S_S_S
40 лет Октября,(детские/подростковые) (KIDSIGHT),2024-07,2024-07-01 00:00:00,85,факт,овальные_пластик_синий_S_S_S
40 лет Октября,(детские/подростковые) (KIDSIGHT),2024-08,2024-08-01 00:00:00,76,факт,овальные_пластик_синий_S_S_S
40 лет Октября,(детские/подростковые) (KIDSIGHT),2024-09,2024-09-01 00:00:00,84,факт,овальные_пластик_синий_S_S_S
40 лет Октября,(детские/подростковые) (KIDSIGHT),2024-10,2024-10-01 00:00:00,64,факт,овальные_пластик_синий_S_S_S
40 лет Октября,(детские/подростковые) (KIDSIGHT),2024-11,2024-11-01 00:00:00,71,факт,овальные_пластик_синий_S_S_S
40 лет Октября,(детские/подростковые) (KIDSIGHT),2024-12,2024-12-01 00:00:00,61,факт,овальные_пластик_синий_S_S_S
40 лет Октября,(детские/подростковые) (KIDSIGHT),2025-01,2025-01-31 14:45:54,73,прогноз,овальные_пластик_синий_S_S_S
40 лет Октября,(детские/подростковые) (KIDSIGHT),2025-02,2025-02-28 14:45:54,72,прогноз,овальные_пластик_синий_S_S_S
40 лет Октября,(детские/подростковые) (KIDSIGHT),2025-03,2025-03-31 14:45:54,72,прогноз,овальные_пластик_синий_S_S_S
40 лет Октября,(детские/подростковые) (NEW BALANCE),2024-03,2024-03-01 00:00:00,94,факт,овальные_пластик_синий_S_S_S
40 лет Октября,(детские/подростковые) (NEW BALANCE),2024-04,2024-04-01 00:00:00,65,факт,овальные_пластик_синий_S_S_S
40 лет Октября,(детские/подростковые) (NEW BALANCE),2024-05,2024-05-01 00:00:00,89,факт,овальные_пластик_синий_S_S_S
40 лет Октября,(детские/подростковые) (NEW BALANCE),2024-06,2024-06-01 00:00:00,73,факт,овальные_пластик_синий_S_S_S
40 лет Октября,(детские/подростковые) (NEW BALANCE),2024-07,2024-07-01 00:00:00,85,факт,овальные_пластик_синий_S_S_S
40 лет Октября,(детские/подростковые) (NEW BALANCE),2024-08,2024-08-01 00:00:00,76,факт,овальные_пластик_синий_S_S_S
40 лет Октября,(детские/подростковые) (NEW BALANCE),2024-09,2024-09-01 00:00:00,84,факт,овальные_пластик_синий_S_S_S
40 лет Октября,(детские/подростковые) (NEW BALANCE),2024-10,2024-10-01 00:00:00,64,факт,овальные_пластик_синий_S_S_S
40 лет Октября,(детские/подростковые) (NEW BALANCE),2024-11,2024-11-01 00:00:00,71,факт,овальные_пластик_синий_S_S_S
40 лет Октября,(детские/подростковые) (NEW BALANCE),2024-12,2024-12-01 00:00:00,61,факт,овальные_пластик_синий_S_S_S
40 лет Октября,(детские/подростковые) (NEW BALANCE),2025-01,2025-01-31 14:45:54,73,прогноз,овальные_пластик_синий_S_S_S
40 лет Октября,(детские/подростковые) (NEW BALANCE),2025-02,2025-02-28 14:45:54,72,прогноз,овальные_пластик_синий_S_S_S
40 лет Октября,(детские/подростковые) (NEW BALANCE),2025-03,2025-03-31 14:45:54,72,прогноз,овальные_пластик_синий_S_S_S
40 лет Октября,(детские/подростковые) (OU/SCOUT),2024-03,2024-03-01 00:00:00,94,факт,овальные_пластик_синий_S_S_S
40 лет Октября,(детские/подростковые) (OU/SCOUT),2024-04,2024-04-01 00:00:00,65,факт,овальные_пластик_синий_S_S_S
40 лет Октября,(детские/подростковые) (OU/SCOUT),2024-05,2024-05-01 00:00:00,89,факт,овальные_пластик_синий_S_S_S
40 лет Октября,(детские/подростковые) (OU/SCOUT),2024-06,2024-06-01 00:00:00,73,факт,овальные_пластик_синий_S_S_S
40 лет Октября,(детские/подростковые) (OU/SCOUT),2024-07,2024-07-01 00:00:00,85,факт,овальные_пластик_синий_S_S_S
40 лет Октября,(детские/подростковые) (OU/SCOUT),2024-08,2024-08-01 00:00:00,76,факт,овальные_пластик_синий_S_S_S
40 лет Октября,(детские/подростковые) (OU/SCOUT),2024-09,2024-09-01 00:00:00,84,факт,овальные_пластик_синий_S_S_S
40 лет Октября,(детские/подростковые) (OU/SCOUT),2024-10,2024-10-01 00:00:00,64,факт,овальные_пластик_синий_S_S_S
40 лет Октября,(детские/подростковые) (OU/SCOUT),2024-11,2024-11-01 00:00:00,71,факт,овальные_пластик_синий_S_S_S
40 лет Октября,(детские/подростковые) (OU/SCOUT),2024-12,2024-12-01 00:00:00,61,факт,овальные_пластик_синий_S_S_S
40 лет Октября,(детские/подростковые) (OU/SCOUT),2025-01,2025-01-31 14:45:54,73,прогноз,овальные_пластик_синий_S_S_S
40 лет Октября,(детские/подростковые) (OU/SCOUT),2025-02,2025-02-28 14:45:54,72,прогноз,овальные_пластик_синий_S_S_S
40 лет Октября,(детские/подростковые) (OU/SCOUT),2025-03,2025-03-31 14:45:54,72,прогноз,овальные_пластик_синий_S_S_S
40 лет Октября,(детские/подростковые) (PEPE JEANS),2024-03,2024-03-01 00:00:00,94,факт,овальные_пластик_синий_S_S_S
40 лет Октября,(детские/подростковые) (PEPE JEANS),2024-04,2024-04-01 00:00:00,65,факт,овальные_пластик_синий_S_S_S
40 лет Октября,(детские/подростковые) (PEPE JEANS),2024-05,2024-05-01 00:00:00,89,факт,овальные_пластик_синий_S_S_S
40 лет Октября,(детские/подростковые) (PEPE JEANS),2024-06,2024-06-01 00:00:00,73,факт,овальные_пластик_синий_S_S_S
40 лет Октября,(детские/подростковые) (PEPE JEANS),2024-07,2024-07-01 00:00:00,85,факт,овальные_пластик_синий_S_S_S
40 лет Октября,(детские/подростковые) (PEPE JEANS),2024-08,2024-08-01 00:00:00,76,факт,овальные_пластик_синий_S_S_S
40 лет Октября,(детские/подростковые) (PEPE JEANS),2024-09,2024-09-01 00:00:00,84,факт,овальные_пластик_синий_S_S_S
40 лет Октября,(детские/подростковые) (PEPE JEANS),2024-10,2024-10-01 00:00:00,64,факт,овальные_пластик_синий_S_S_S
40 лет Октября,(детские/подростковые) (PEPE JEANS),2024-11,2024-11-01 00:00:00,71,факт,овальные_пластик_синий_S_S_S
40 лет Октября,(детские/подростковые) (PEPE JEANS),2024-12,2024-12-01 00:00:00,61,факт,овальные_пластик_синий_S_S_S
40 лет Октября,(детские/подростковые) (PEPE JEANS),2025-01,2025-01-31 14:45:54,73,прогноз,овальные_пластик_синий_S_S_S
40 лет Октября,(детские/подростковые) (PEPE JEANS),2025-02,2025-02-28 14:45:54,72,прогноз,овальные_пластик_синий_S_S_S
40 лет Октября,(детские/подростковые) (PEPE JEANS),2025-03,2025-03-31 14:45:54,72,прогноз,овальные_пластик_синий_S_S_S
40 лет Октября,(детские/подростковые) (PUMA/LACOSTE/LIU),2024-03,2024-03-01 00:00:00,94,факт,овальные_пластик_синий_S_S_S
40 лет Октября,(детские/подростковые) (PUMA/LACOSTE/LIU),2024-04,2024-04-01 00:00:00,65,факт,овальные_пластик_синий_S_S_S
40 лет Октября,(детские/подростковые) (PUMA/LACOSTE/LIU),2024-05,2024-05-01 00:00:00,89,факт,овальные_пластик_синий_S_S_S
40 лет Октября,(детские/подростковые) (PUMA/LACOSTE/LIU),2024-06,2024-06-01 00:00:00,73,факт,овальные_пластик_синий_S_S_S
40 лет Октября,(детские/подростковые) (PUMA/LACOSTE/LIU),2024-07,2024-07-01 00:00:00,85,факт,овальные_пластик_синий_S_S_S
40 лет Октября,(детские/подростковые) (PUMA/LACOSTE/LIU),2024-08,2024-08-01 00:00:00,76,факт,овальные_пластик_синий_S_S_S
40 лет Октября,(детские/подростковые) (PUMA/LACOSTE/LIU),2024-09,2024-09-01 00:00:00,84,факт,овальные_пластик_синий_S_S_S
40 лет Октября,(детские/подростковые) (PUMA/LACOSTE/LIU),2024-10,2024-10-01 00:00:00,64,факт,овальные_пластик_синий_S_S_S
40 лет Октября,(детские/подростковые) (PUMA/LACOSTE/LIU),2024-11,2024-11-01 00:00:00,71,факт,овальные_пластик_синий_S_S_S
40 лет Октября,(детские/подростковые) (PUMA/LACOSTE/LIU),2024-12,2024-12-01 00:00:00,61,факт,овальные_пластик_синий_S_S_S
40 лет Октября,(детские/подростковые) (PUMA/LACOSTE/LIU),2025-01,2025-01-31 14:45:54,73,прогноз,овальные_пластик_синий_S_S_S
40 лет Октября,(детские/подростковые) (PUMA/LACOSTE/LIU),2025-02,2025-02-28 14:45:54,72,прогноз,овальные_пластик_синий_S_S_S
40 лет Октября,(детские/подростковые) (PUMA/LACOSTE/LIU),2025-03,2025-03-31 14:45:54,72,прогноз,овальные_пластик_синий_S_S_S
40 лет Октября,(детские/подростковые) (RAY-BAN),2024-03,2024-03-01 00:00:00,94,факт,овальные_пластик_синий_S_S_S
40 лет Октября,(детские/подростковые) (RAY-BAN),2024-04,2024-04-01 00:00:00,65,факт,овальные_пластик_синий_S_S_S
40 лет Октября,(детские/подростковые) (RAY-BAN),2024-05,2024-05-01 00:00:00,89,факт,овальные_пластик_синий_S_S_S
40 лет Октября,(детские/подростковые) (RAY-BAN),2024-06,2024-06-01 00:00:00,73,факт,овальные_пластик_синий_S_S_S
40 лет Октября,(детские/подростковые) (RAY-BAN),2024-07,2024-07-01 00:00:00,85,факт,овальные_пластик_синий_S_S_S
40 лет Октября,(детские/подростковые) (RAY-BAN),2024-08,2024-08-01 00:00:00,76,факт,овальные_пластик_синий_S_S_S
40 лет Октября,(детские/подростковые) (RAY-BAN),2024-09,2024-09-01 00:00:00,84,факт,овальные_пластик_синий_S_S_S
40 лет Октября,(детские/подростковые) (RAY-BAN),2024-10,2024-10-01 00:00:00,64,факт,овальные_пластик_синий_S_S_S
40 лет Октября,(детские/подростковые) (RAY-BAN),2024-11,2024-11-01 00:00:00,71,факт,овальные_пластик_синий_S_S_S
40 лет Октября,(детские/подростковые) (RAY-BAN),2024-12,2024-12-01 00:00:00,61,факт,овальные_пластик_синий_S_S_S
40 лет Октября,(детские/подростковые) (RAY-BAN),2025-01,2025-01-31 14:45:54,73,прогноз,овальные_пластик_синий_S_S_S
40 лет Октября,(детские/подростковые) (RAY-BAN),2025-02,2025-02-28 14:45:54,72,прогноз,овальные_пластик_синий_S_S_S
40 лет Октября,(детские/подростковые) (RAY-BAN),2025-03,2025-03-31 14:45:54,72,прогноз,овальные_пластик_синий_S_S_S
40 лет Октября,(детские/подростковые) (SENSE EYEWEAR) НОЛЬ-ТАРИФ,2024-03,2024-03-01 00:00:00,94,факт,овальные_пластик_синий_S_S_S
40 лет Октября,(детские/подростковые) (SENSE EYEWEAR) НОЛЬ-ТАРИФ,2024-04,2024-04-01 00:00:00,65,факт,овальные_пластик_синий_S_S_S
40 лет Октября,(детские/подростковые) (SENSE EYEWEAR) НОЛЬ-ТАРИФ,2024-05,2024-05-01 00:00:00,89,факт,овальные_пластик_синий_S_S_S
40 лет Октября,(детские/подростковые) (SENSE EYEWEAR) НОЛЬ-ТАРИФ,2024-06,2024-06-01 00:00:00,73,факт,овальные_пластик_синий_S_S_S
40 лет Октября,(детские/подростковые) (SENSE EYEWEAR) НОЛЬ-ТАРИФ,2024-07,2024-07-01 00:00:00,85,факт,овальные_пластик_синий_S_S_S
40 лет Октября,(детские/подростковые) (SENSE EYEWEAR) НОЛЬ-ТАРИФ,2024-08,2024-08-01 00:00:00,76,факт,овальные_пластик_синий_S_S_S
40 лет Октября,(детские/подростковые) (SENSE EYEWEAR) НОЛЬ-ТАРИФ,2024-09,2024-09-01 00:00:00,84,факт,овальные_пластик_синий_S_S_S
40 лет Октября,(детские/подростковые) (SENSE EYEWEAR) НОЛЬ-ТАРИФ,2024-10,2024-10-01 00:00:00,64,факт,овальные_пластик_синий_S_S_S
40 лет Октября,(детские/подростковые) (SENSE EYEWEAR) НОЛЬ-ТАРИФ,2024-11,2024-11-01 00:00:00,71,факт,овальные_пластик_синий_S_S_S
40 лет Октября,(детские/подростковые) (SENSE EYEWEAR) НОЛЬ-ТАРИФ,2024-12,2024-12-01 00:00:00,61,факт,овальные_пластик_синий_S_S_S
40 лет Октября,(детские/подростковые) (SENSE EYEWEAR) НОЛЬ-ТАРИФ,2025-01,2025-01-31 14:45:54,73,прогноз,овальные_пластик_синий_S_S_S
40 лет Октября,(детские/подростковые) (SENSE EYEWEAR) НОЛЬ-ТАРИФ,2025-02,2025-02-28 14:45:54,72,прогноз,овальные_пластик_синий_S_S_S
40 лет Октября,(детские/подростковые) (SENSE EYEWEAR) НОЛЬ-ТАРИФ,2025-03,2025-03-31 14:45:54,72,прогноз,овальные_пластик_синий_S_S_S
40 лет Октября,(детские/подростковые) (SEVENTH STREET),2024-03,2024-03-01 00:00:00,94,факт,овальные_пластик_синий_S_S_S
40 лет Октября,(детские/подростковые) (SEVENTH STREET),2024-04,2024-04-01 00:00:00,65,факт,овальные_пластик_синий_S_S_S
40 лет Октября,(детские/подростковые) (SEVENTH STREET),2024-05,2024-05-01 00:00:00,89,факт,овальные_пластик_синий_S_S_S
40 лет Октября,(детские/подростковые) (SEVENTH STREET),2024-06,2024-06-01 00:00:00,73,факт,овальные_пластик_синий_S_S_S
40 лет Октября,(детские/подростковые) (SEVENTH STREET),2024-07,2024-07-01 00:00:00,85,факт,овальные_пластик_синий_S_S_S
40 лет Октября,(детские/подростковые) (SEVENTH STREET),2024-08,2024-08-01 00:00:00,76,факт,овальные_пластик_синий_S_S_S
40 лет Октября,(детские/подростковые) (SEVENTH STREET),2024-09,2024-09-01 00:00:00,84,факт,овальные_пластик_синий_S_S_S
40 лет Октября,(детские/подростковые) (SEVENTH STREET),2024-10,2024-10-01 00:00:00,64,факт,овальные_пластик_синий_S_S_S
40 лет Октября,(детские/подростковые) (SEVENTH STREET),2024-11,2024-11-01 00:00:00,71,факт,овальные_пластик_синий_S_S_S
40 лет Октября,(детские/подростковые) (SEVENTH STREET),2024-12,2024-12-01 00:00:00,61,факт,овальные_пластик_синий_S_S_S
40 лет Октября,(детские/подростковые) (SEVENTH STREET),2025-01,2025-01-31 14:45:54,73,прогноз,овальные_пластик_синий_S_S_S
40 лет Октября,(детские/подростковые) (SEVENTH STREET),2025-02,2025-02-28 14:45:54,72,прогноз,овальные_пластик_синий_S_S_S
40 лет Октября,(детские/подростковые) (SEVENTH STREET),2025-03,2025-03-31 14:45:54,72,прогноз,овальные_пластик_синий_S_S_S
40 лет Октября,(детские/подростковые) (VERSACE),2024-03,2024-03-01 00:00:00,94,факт,овальные_пластик_синий_S_S_S
40 лет Октября,(детские/подростковые) (VERSACE),2024-04,2024-04-01 00:00:00,65,факт,овальные_пластик_синий_S_S_S
40 лет Октября,(детские/подростковые) (VERSACE),2024-05,2024-05-01 00:00:00,89,факт,овальные_пластик_синий_S_S_S
40 лет Октября,(детские/подростковые) (VERSACE),2024-06,2024-06-01 00:00:00,73,факт,овальные_пластик_синий_S_S_S
40 лет Октября,(детские/подростковые) (VERSACE),2024-07,2024-07-01 00:00:00,85,факт,овальные_пластик_синий_S_S_S
40 лет Октября,(детские/подростковые) (VERSACE),2024-08,2024-08-01 00:00:00,76,факт,овальные_пластик_синий_S_S_S
40 лет Октября,(детские/подростковые) (VERSACE),2024-09,2024-09-01 00:00:00,84,факт,овальные_пластик_синий_S_S_S
40 лет Октября,(детские/подростковые) (VERSACE),2024-10,2024-10-01 00:00:00,64,факт,овальные_пластик_синий_S_S_S
40 лет Октября,(детские/подростковые) (VERSACE),2024-11,2024-11-01 00:00:00,71,факт,овальные_пластик_синий_S_S_S
40 лет Октября,(детские/подростковые) (VERSACE),2024-12,2024-12-01 00:00:00,61,факт,овальные_пластик_синий_S_S_S
40 лет Октября,(детские/подростковые) (VERSACE),2025-01,2025-01-31 14:45:54,73,прогноз,овальные_пластик_синий_S_S_S
40 лет Октября,(детские/подростковые) (VERSACE),2025-02,2025-02-28 14:45:54,72,прогноз,овальные_пластик_синий_S_S_S
40 лет Октября,(детские/подростковые) (VERSACE),2025-03,2025-03-31 14:45:54,72,прогноз,овальные_пластик_синий_S_S_S
40 лет Октября,(детские/подростковые) (VERSO),2024-03,2024-03-01 00:00:00,94,факт,овальные_пластик_синий_S_S_S
40 лет Октября,(детские/подростковые) (VERSO),2024-04,2024-04-01 00:00:00,65,факт,овальные_пластик_синий_S_S_S
40 лет Октября,(детские/подростковые) (VERSO),2024-05,2024-05-01 00:00:00,89,факт,овальные_пластик_синий_S_S_S
40 лет Октября,(детские/подростковые) (VERSO),2024-06,2024-06-01 00:00:00,73,факт,овальные_пластик_синий_S_S_S
40 лет Октября,(детские/подростковые) (VERSO),2024-07,2024-07-01 00:00:00,85,факт,овальные_пластик_синий_S_S_S
40 лет Октября,(детские/подростковые) (VERSO),2024-08,2024-08-01 00:00:00,76,факт,овальные_пластик_синий_S_S_S
40 лет Октября,(детские/подростковые) (VERSO),2024-09,2024-09-01 00:00:00,84,факт,овальные_пластик_синий_S_S_S
40 лет Октября,(детские/подростковые) (VERSO),2024-10,2024-10-01 00:00:00,64,факт,овальные_пластик_синий_S_S_S
40 лет Октября,(детские/подростковые) (VERSO),2024-11,2024-11-01 00:00:00,71,факт,овальные_пластик_синий_S_S_S
40 лет Октября,(детские/подростковые) (VERSO),2024-12,2024-12-01 00:00:00,61,факт,овальные_пластик_синий_S_S_S
40 лет Октября,(детские/подростковые) (VERSO),2025-01,2025-01-31 14:45:54,73,прогноз,овальные_пластик_синий_S_S_S
40 лет Октября,(детские/подростковые) (VERSO),2025-02,2025-02-28 14:45:54,72,прогноз,овальные_пластик_синий_S_S_S
40 лет Октября,(детские/подростковые) (VERSO),2025-03,2025-03-31 14:45:54,72,прогноз,овальные_пластик_синий_S_S_S
40 лет Октября,(подростковые) (металл для девочек),2024-03,2024-03-01 00:00:00,447,факт,прямоугольные_металл_темно-серый_M_L_M
40 лет Октября,(подростковые) (металл для девочек),2024-04,2024-04-01 00:00:00,443,факт,прямоугольные_металл_темно-серый_M_L_M
40 лет Октября,(подростковые) (металл для девочек),2024-05,2024-05-01 00:00:00,418,факт,прямоугольные_металл_темно-серый_M_L_M
40 лет Октября,(подростковые) (металл для девочек),2024-06,2024-06-01 00:00:00,370,факт,прямоугольные_металл_темно-серый_M_L_M
40 лет Октября,(подростковые) (металл для девочек),2024-07,2024-07-01 00:00:00,462,факт,прямоугольные_металл_темно-серый_M_L_M
40 лет Октября,(подростковые) (металл для девочек),2024-08,2024-08-01 00:00:00,507,факт,прямоугольные_металл_темно-серый_M_L_M
40 лет Октября,(подростковые) (металл для девочек),2024-09,2024-09-01 00:00:00,456,факт,прямоугольные_металл_темно-серый_M_L_M
40 лет Октября,(подростковые) (металл для девочек),2024-10,2024-10-01 00:00:00,447,факт,прямоугольные_металл_темно-серый_M_L_M
40 лет Октября,(подростковые) (металл для девочек),2024-11,2024-11-01 00:00:00,443,факт,прямоугольные_металл_темно-серый_M_L_M
40 лет Октября,(подростковые) (металл для девочек),2024-12,2024-12-01 00:00:00,444,факт,прямоугольные_металл_темно-серый_M_L_M
40 лет Октября,(подростковые) (металл для девочек),2025-01,2025-01-31 14:45:54,461,прогноз,прямоугольные_металл_темно-серый_M_L_M
40 лет Октября,(подростковые) (металл для девочек),2025-02,2025-02-28 14:45:54,464,прогноз,прямоугольные_металл_темно-серый_M_L_M
40 лет Октября,(подростковые) (металл для девочек),2025-03,2025-03-31 14:45:54,467,прогноз,прямоугольные_металл_темно-серый_M_L_M
40 лет Октября,(подростковые) (металл для мальчиков/универс),2024-03,2024-03-01 00:00:00,447,факт,прямоугольные_металл_темно-серый_M_L_M
40 лет Октября,(подростковые) (металл для мальчиков/универс),2024-04,2024-04-01 00:00:00,443,факт,прямоугольные_металл_темно-серый_M_L_M
40 лет Октября,(подростковые) (металл для мальчиков/универс),2024-05,2024-05-01 00:00:00,418,факт,прямоугольные_металл_темно-серый_M_L_M
40 лет Октября,(подростковые) (металл для мальчиков/универс),2024-06,2024-06-01 00:00:00,370,факт,прямоугольные_металл_темно-серый_M_L_M
40 лет Октября,(подростковые) (металл для мальчиков/универс),2024-07,2024-07-01 00:00:00,462,факт,прямоугольные_металл_темно-серый_M_L_M
40 лет Октября,(подростковые) (металл для мальчиков/универс),2024-08,2024-08-01 00:00:00,507,факт,прямоугольные_металл_темно-серый_M_L_M
40 лет Октября,(подростковые) (металл для мальчиков/универс),2024-09,2024-09-01 00:00:00,456,факт,прямоугольные_металл_темно-серый_M_L_M
40 лет Октября,(подростковые) (металл для мальчиков/универс),2024-10,2024-10-01 00:00:00,447,факт,прямоугольные_металл_темно-серый_M_L_M
40 лет Октября,(подростковые) (металл для мальчиков/универс),2024-11,2024-11-01 00:00:00,443,факт,прямоугольные_металл_темно-серый_M_L_M
40 лет Октября,(подростковые) (металл для мальчиков/универс),2024-12,2024-12-01 00:00:00,444,факт,прямоугольные_металл_темно-серый_M_L_M
40 лет Октября,(подростковые) (металл для мальчиков/универс),2025-01,2025-01-31 14:45:54,461,прогноз,прямоугольные_металл_темно-серый_M_L_M
40 лет Октября,(подростковые) (металл для мальчиков/универс),2025-02,2025-02-28 14:45:54,464,прогноз,прямоугольные_металл_темно-серый_M_L_M
40 лет Октября,(подростковые) (металл для мальчиков/универс),2025-03,2025-03-31 14:45:54,467,прогноз,прямоугольные_металл_темно-серый_M_L_M
40 лет Октября,(подростковые) (пластик для девочек),2024-03,2024-03-01 00:00:00,263,факт,прямоугольные_пластик_черный_M_L_M
40 лет Октября,(подростковые) (пластик для девочек),2024-04,2024-04-01 00:00:00,286,факт,прямоугольные_пластик_черный_M_L_M
40 лет Октября,(подростковые) (пластик для девочек),2024-05,2024-05-01 00:00:00,262,факт,прямоугольные_пластик_черный_M_L_M
40 лет Октября,(подростковые) (пластик для девочек),2024-06,2024-06-01 00:00:00,264,факт,прямоугольные_пластик_черный_M_L_M
40 лет Октября,(подростковые) (пластик для девочек),2024-07,2024-07-01 00:00:00,264,факт,прямоугольные_пластик_черный_M_L_M
40 лет Октября,(подростковые) (пластик для девочек),2024-08,2024-08-01 00:00:00,260,факт,прямоугольные_пластик_черный_M_L_M
40 лет Октября,(подростковые) (пластик для девочек),2024-09,2024-09-01 00:00:00,261,факт,прямоугольные_пластик_черный_M_L_M
40 лет Октября,(подростковые) (пластик для девочек),2024-10,2024-10-01 00:00:00,240,факт,прямоугольные_пластик_черный_M_L_M
40 лет Октября,(подростковые) (пластик для девочек),2024-11,2024-11-01 00:00:00,223,факт,прямоугольные_пластик_черный_M_L_M
40 лет Октября,(подростковые) (пластик для девочек),2024-12,2024-12-01 00:00:00,235,факт,прямоугольные_пластик_черный_M_L_M
40 лет Октября,(подростковые) (пластик для девочек),2025-01,2025-01-31 14:45:54,239,прогноз,прямоугольные_пластик_черный_M_L_M
40 лет Октября,(подростковые) (пластик для девочек),2025-02,2025-02-28 14:45:54,238,прогноз,прямоугольные_пластик_черный_M_L_M
40 лет Октября,(подростковые) (пластик для девочек),2025-03,2025-03-31 14:45:54,236,прогноз,прямоугольные_пластик_черный_M_L_M
40 лет Октября,(подростковые) (пластик для мальчиков/универс),2024-03,2024-03-01 00:00:00,263,факт,прямоугольные_пластик_черный_M_L_M
40 лет Октября,(подростковые) (пластик для мальчиков/универс),2024-04,2024-04-01 00:00:00,286,факт,прямоугольные_пластик_черный_M_L_M
40 лет Октября,(подростковые) (пластик для мальчиков/универс),2024-05,2024-05-01 00:00:00,262,факт,прямоугольные_пластик_черный_M_L_M
40 лет Октября,(подростковые) (пластик для мальчиков/универс),2024-06,2024-06-01 00:00:00,264,факт,прямоугольные_пластик_черный_M_L_M
40 лет Октября,(подростковые) (пластик для мальчиков/универс),2024-07,2024-07-01 00:00:00,264,факт,прямоугольные_пластик_черный_M_L_M
40 лет Октября,(подростковые) (пластик для мальчиков/универс),2024-08,2024-08-01 00:00:00,260,факт,прямоугольные_пластик_черный_M_L_M
40 лет Октября,(подростковые) (пластик для мальчиков/универс),2024-09,2024-09-01 00:00:00,261,факт,прямоугольные_пластик_черный_M_L_M
40 лет Октября,(подростковые) (пластик для мальчиков/универс),2024-10,2024-10-01 00:00:00,240,факт,прямоугольные_пластик_черный_M_L_M
40 лет Октября,(подростковые) (пластик для мальчиков/универс),2024-11,2024-11-01 00:00:00,223,факт,прямоугольные_пластик_черный_M_L_M
40 лет Октября,(подростковые) (пластик для мальчиков/универс),2024-12,2024-12-01 00:00:00,235,факт,прямоугольные_пластик_черный_M_L_M
40 лет Октября,(подростковые) (пластик для мальчиков/универс),2025-01,2025-01-31 14:45:54,239,прогноз,прямоугольные_пластик_черный_M_L_M
40 лет Октября,(подростковые) (пластик для мальчиков/универс),2025-02,2025-02-28 14:45:54,238,прогноз,прямоугольные_пластик_черный_M_L_M
40 лет Октября,(подростковые) (пластик для мальчиков/универс),2025-03,2025-03-31 14:45:54,236,прогноз,прямоугольные_пластик_черный_M_L_M
40 лет Октября,1(0-1490) (МЕТАЛЛ) (Ж),2024-03,2024-03-01 00:00:00,196,факт,бабочка_металл_черный/золотой_M_L_M
40 лет Октября,1(0-1490) (МЕТАЛЛ) (Ж),2024-04,2024-04-01 00:00:00,200,факт,бабочка_металл_черный/золотой_M_L_M
40 лет Октября,1(0-1490) (МЕТАЛЛ) (Ж),2024-05,2024-05-01 00:00:00,195,факт,бабочка_металл_черный/золотой_M_L_M
40 лет Октября,1(0-1490) (МЕТАЛЛ) (Ж),2024-06,2024-06-01 00:00:00,165,факт,бабочка_металл_черный/золотой_M_L_M
40 лет Октября,1(0-1490) (МЕТАЛЛ) (Ж),2024-07,2024-07-01 00:00:00,202,факт,бабочка_металл_черный/золотой_M_L_M
40 лет Октября,1(0-1490) (МЕТАЛЛ) (Ж),2024-08,2024-08-01 00:00:00,232,факт,бабочка_металл_черный/золотой_M_L_M
40 лет Октября,1(0-1490) (МЕТАЛЛ) (Ж),2024-09,2024-09-01 00:00:00,209,факт,бабочка_металл_черный/золотой_M_L_M
40 лет Октября,1(0-1490) (МЕТАЛЛ) (Ж),2024-10,2024-10-01 00:00:00,218,факт,бабочка_металл_черный/золотой_M_L_M
40 лет Октября,1(0-1490) (МЕТАЛЛ) (Ж),2024-11,2024-11-01 00:00:00,215,факт,бабочка_металл_черный/золотой_M_L_M
40 лет Октября,1(0-1490) (МЕТАЛЛ) (Ж),2024-12,2024-12-01 00:00:00,212,факт,бабочка_металл_черный/золотой_M_L_M
40 лет Октября,1(0-1490) (МЕТАЛЛ) (Ж),2025-01,2025-01-31 14:45:54,213,прогноз,бабочка_металл_черный/золотой_M_L_M
40 лет Октября,1(0-1490) (МЕТАЛЛ) (Ж),2025-02,2025-02-28 14:45:54,215,прогноз,бабочка_металл_черный/золотой_M_L_M
40 лет Октября,1(0-1490) (МЕТАЛЛ) (Ж),2025-03,2025-03-31 14:45:54,216,прогноз,бабочка_металл_черный/золотой_M_L_M
40 лет Октября,1(0-1490) (МЕТАЛЛ) (М),2024-03,2024-03-01 00:00:00,162,факт,прямоугольные_металл_темно-серый_M_L_M
40 лет Октября,1(0-1490) (МЕТАЛЛ) (М),2024-04,2024-04-01 00:00:00,159,факт,прямоугольные_металл_темно-серый_M_L_M
40 лет Октября,1(0-1490) (МЕТАЛЛ) (М),2024-05,2024-05-01 00:00:00,121,факт,прямоугольные_металл_темно-серый_M_L_M
40 лет Октября,1(0-1490) (МЕТАЛЛ) (М),2024-06,2024-06-01 00:00:00,124,факт,прямоугольные_металл_темно-серый_M_L_M
40 лет Октября,1(0-1490) (МЕТАЛЛ) (М),2024-07,2024-07-01 00:00:00,150,факт,прямоугольные_металл_темно-серый_M_L_M
40 лет Октября,1(0-1490) (МЕТАЛЛ) (М),2024-08,2024-08-01 00:00:00,179,факт,прямоугольные_металл_темно-серый_M_L_M
40 лет Октября,1(0-1490) (МЕТАЛЛ) (М),2024-09,2024-09-01 00:00:00,138,факт,прямоугольные_металл_темно-серый_M_L_M
40 лет Октября,1(0-1490) (МЕТАЛЛ) (М),2024-10,2024-10-01 00:00:00,143,факт,прямоугольные_металл_темно-серый_M_L_M
40 лет Октября,1(0-1490) (МЕТАЛЛ) (М),2024-11,2024-11-01 00:00:00,146,факт,прямоугольные_металл_темно-серый_M_L_M
40 лет Октября,1(0-1490) (МЕТАЛЛ) (М),2024-12,2024-12-01 00:00:00,157,факт,прямоугольные_металл_темно-серый_M_L_M
40 лет Октября,1(0-1490) (МЕТАЛЛ) (М),2025-01,2025-01-31 14:45:54,155,прогноз,прямоугольные_металл_темно-серый_M_L_M
40 лет Октября,1(0-1490) (МЕТАЛЛ) (М),2025-02,2025-02-28 14:45:54,157,прогноз,прямоугольные_металл_темно-серый_M_L_M
40 лет Октября,1(0-1490) (МЕТАЛЛ) (М),2025-03,2025-03-31 14:45:54,158,прогноз,прямоугольные_металл_темно-серый_M_L_M
40 лет Октября,1(0-1490) (ПЛАСТИК) (Ж),2024-03,2024-03-01 00:00:00,113,факт,бабочка_пластик_черный_M_L_M
40 лет Октября,1(0-1490) (ПЛАСТИК) (Ж),2024-04,2024-04-01 00:00:00,155,факт,бабочка_пластик_черный_M_L_M
40 лет Октября,1(0-1490) (ПЛАСТИК) (Ж),2024-05,2024-05-01 00:00:00,117,факт,бабочка_пластик_черный_M_L_M
40 лет Октября,1(0-1490) (ПЛАСТИК) (Ж),2024-06,2024-06-01 00:00:00,124,факт,бабочка_пластик_черный_M_L_M
40 лет Октября,1(0-1490) (ПЛАСТИК) (Ж),2024-07,2024-07-01 00:00:00,121,факт,бабочка_пластик_черный_M_L_M
40 лет Октября,1(0-1490) (ПЛАСТИК) (Ж),2024-08,2024-08-01 00:00:00,119,факт,бабочка_пластик_черный_M_L_M
40 лет Октября,1(0-1490) (ПЛАСТИК) (Ж),2024-09,2024-09-01 00:00:00,101,факт,бабочка_пластик_черный_M_L_M
40 лет Октября,1(0-1490) (ПЛАСТИК) (Ж),2024-10,2024-10-01 00:00:00,115,факт,бабочка_пластик_черный_M_L_M
40 лет Октября,1(0-1490) (ПЛАСТИК) (Ж),2024-11,2024-11-01 00:00:00,105,факт,бабочка_пластик_черный_M_L_M
40 лет Октября,1(0-1490) (ПЛАСТИК) (Ж),2024-12,2024-12-01 00:00:00,100,факт,бабочка_пластик_черный_M_L_M
40 лет Октября,1(0-1490) (ПЛАСТИК) (Ж),2025-01,2025-01-31 14:45:54,107,прогноз,бабочка_пластик_черный_M_L_M
40 лет Октября,1(0-1490) (ПЛАСТИК) (Ж),2025-02,2025-02-28 14:45:54,106,прогноз,бабочка_пластик_черный_M_L_M
40 лет Октября,1(0-1490) (ПЛАСТИК) (Ж),2025-03,2025-03-31 14:45:54,106,прогноз,бабочка_пластик_черный_M_L_M
40 лет Октября,1(0-1490) (ПЛАСТИК) (М),2024-03,2024-03-01 00:00:00,52,факт,прямоугольные_пластик_черный_M_L_M
40 лет Октября,1(0-1490) (ПЛАСТИК) (М),2024-04,2024-04-01 00:00:00,47,факт,прямоугольные_пластик_черный_M_L_M
40 лет Октября,1(0-1490) (ПЛАСТИК) (М),2024-05,2024-05-01 00:00:00,48,факт,прямоугольные_пластик_черный_M_L_M
40 лет Октября,1(0-1490) (ПЛАСТИК) (М),2024-06,2024-06-01 00:00:00,56,факт,прямоугольные_пластик_черный_M_L_M
40 лет Октября,1(0-1490) (ПЛАСТИК) (М),2024-07,2024-07-01 00:00:00,48,факт,прямоугольные_пластик_черный_M_L_M
40 лет Октября,1(0-1490) (ПЛАСТИК) (М),2024-08,2024-08-01 00:00:00,45,факт,прямоугольные_пластик_черный_M_L_M
40 лет Октября,1(0-1490) (ПЛАСТИК) (М),2024-09,2024-09-01 00:00:00,54,факт,прямоугольные_пластик_черный_M_L_M
40 лет Октября,1(0-1490) (ПЛАСТИК) (М),2024-10,2024-10-01 00:00:00,50,факт,прямоугольные_пластик_черный_M_L_M
40 лет Октября,1(0-1490) (ПЛАСТИК) (М),2024-11,2024-11-01 00:00:00,44,факт,прямоугольные_пластик_черный_M_L_M
40 лет Октября,1(0-1490) (ПЛАСТИК) (М),2024-12,2024-12-01 00:00:00,62,факт,прямоугольные_пластик_черный_M_L_M
40 лет Октября,1(0-1490) (ПЛАСТИК) (М),2025-01,2025-01-31 14:45:54,50,прогноз,прямоугольные_пластик_черный_M_L_M
40 лет Октября,1(0-1490) (ПЛАСТИК) (М),2025-02,2025-02-28 14:45:54,50,прогноз,прямоугольные_пластик_черный_M_L_M
40 лет Октября,1(0-1490) (ПЛАСТИК) (М),2025-03,2025-03-31 14:45:54,51,прогноз,прямоугольные_пластик_черный_M_L_M
40 лет Октября,2(1590-3990) (DACKOR) (металл) (м),2024-03,2024-03-01 00:00:00,447,факт,прямоугольные_металл_темно-серый_M_L_M
40 лет Октября,2(1590-3990) (DACKOR) (металл) (м),2024-04,2024-04-01 00:00:00,443,факт,прямоугольные_металл_темно-серый_M_L_M
40 лет Октября,2(1590-3990) (DACKOR) (металл) (м),2024-05,2024-05-01 00:00:00,418,факт,прямоугольные_металл_темно-серый_M_L_M
40 лет Октября,2(1590-3990) (DACKOR) (металл) (м),2024-06,2024-06-01 00:00:00,370,факт,прямоугольные_металл_темно-серый_M_L_M
40 лет Октября,2(1590-3990) (DACKOR) (металл) (м),2024-07,2024-07-01 00:00:00,462,факт,прямоугольные_металл_темно-серый_M_L_M
40 лет Октября,2(1590-3990) (DACKOR) (металл) (м),2024-08,2024-08-01 00:00:00,507,факт,прямоугольные_металл_темно-серый_M_L_M
40 лет Октября,2(1590-3990) (DACKOR) (металл) (м),2024-09,2024-09-01 00:00:00,456,факт,прямоугольные_металл_темно-серый_M_L_M
40 лет Октября,2(1590-3990) (DACKOR) (металл) (м),2024-10,2024-10-01 00:00:00,447,факт,прямоугольные_металл_темно-серый_M_L_M
40 лет Октября,2(1590-3990) (DACKOR) (металл) (м),2024-11,2024-11-01 00:00:00,443,факт,прямоугольные_металл_темно-серый_M_L_M
40 лет Октября,2(1590-3990) (DACKOR) (металл) (м),2024-12,2024-12-01 00:00:00,444,факт,прямоугольные_металл_темно-серый_M_L_M
40 лет Октября,2(1590-3990) (DACKOR) (металл) (м),2025-01,2025-01-31 14:45:54,461,прогноз,прямоугольные_металл_темно-серый_M_L_M
40 лет Октября,2(1590-3990) (DACKOR) (металл) (м),2025-02,2025-02-28 14:45:54,464,прогноз,прямоугольные_металл_темно-серый_M_L_M
40 лет Октября,2(1590-3990) (DACKOR) (металл) (м),2025-03,2025-03-31 14:45:54,467,прогноз,прямоугольные_металл_темно-серый_M_L_M
40 лет Октября,2(1590-3990) (GENEX) (ж),2024-03,2024-03-01 00:00:00,792,факт,прямоугольные_металл_черный_M_L_M
40 лет Октября,2(1590-3990) (GENEX) (ж),2024-04,2024-04-01 00:00:00,837,факт,прямоугольные_металл_черный_M_L_M
40 лет Октября,2(1590-3990) (GENEX) (ж),2024-05,2024-05-01 00:00:00,756,факт,прямоугольные_металл_черный_M_L_M
40 лет Октября,2(1590-3990) (GENEX) (ж),2024-06,2024-06-01 00:00:00,717,факт,прямоугольные_металл_черный_M_L_M
40 лет Октября,2(1590-3990) (GENEX) (ж),2024-07,2024-07-01 00:00:00,822,факт,прямоугольные_металл_черный_M_L_M
40 лет Октября,2(1590-3990) (GENEX) (ж),2024-08,2024-08-01 00:00:00,868,факт,прямоугольные_металл_черный_M_L_M
40 лет Октября,2(1590-3990) (GENEX) (ж),2024-09,2024-09-01 00:00:00,790,факт,прямоугольные_металл_черный_M_L_M
40 лет Октября,2(1590-3990) (GENEX) (ж),2024-10,2024-10-01 00:00:00,744,факт,прямоугольные_металл_черный_M_L_M
40 лет Октября,2(1590-3990) (GENEX) (ж),2024-11,2024-11-01 00:00:00,730,факт,прямоугольные_металл_черный_M_L_M
40 лет Октября,2(1590-3990) (GENEX) (ж),2024-12,2024-12-01 00:00:00,740,факт,прямоугольные_металл_черный_M_L_M
40 лет Октября,2(1590-3990) (GENEX) (ж),2025-01,2025-01-31 14:45:54,774,прогноз,прямоугольные_металл_черный_M_L_M
40 лет Октября,2(1590-3990) (GENEX) (ж),2025-02,2025-02-28 14:45:54,777,прогноз,прямоугольные_металл_черный_M_L_M
40 лет Октября,2(1590-3990) (GENEX) (ж),2025-03,2025-03-31 14:45:54,779,прогноз,прямоугольные_металл_черный_M_L_M
40 лет Октября,2(1590-3990) (GENEX) (м),2024-03,2024-03-01 00:00:00,792,факт,прямоугольные_металл_черный_M_L_M
40 лет Октября,2(1590-3990) (GENEX) (м),2024-04,2024-04-01 00:00:00,837,факт,прямоугольные_металл_черный_M_L_M
40 лет Октября,2(1590-3990) (GENEX) (м),2024-05,2024-05-01 00:00:00,756,факт,прямоугольные_металл_черный_M_L_M
40 лет Октября,2(1590-3990) (GENEX) (м),2024-06,2024-06-01 00:00:00,717,факт,прямоугольные_металл_черный_M_L_M
40 лет Октября,2(1590-3990) (GENEX) (м),2024-07,2024-07-01 00:00:00,822,факт,прямоугольные_металл_черный_M_L_M
40 лет Октября,2(1590-3990) (GENEX) (м),2024-08,2024-08-01 00:00:00,868,факт,прямоугольные_металл_черный_M_L_M
40 лет Октября,2(1590-3990) (GENEX) (м),2024-09,2024-09-01 00:00:00,790,факт,прямоугольные_металл_черный_M_L_M
40 лет Октября,2(1590-3990) (GENEX) (м),2024-10,2024-10-01 00:00:00,744,факт,прямоугольные_металл_черный_M_L_M
40 лет Октября,2(1590-3990) (GENEX) (м),2024-11,2024-11-01 00:00:00,730,факт,прямоугольные_металл_черный_M_L_M
40 лет Октября,2(1590-3990) (GENEX) (м),2024-12,2024-12-01 00:00:00,740,факт,прямоугольные_металл_черный_M_L_M
40 лет Октября,2(1590-3990) (GENEX) (м),2025-01,2025-01-31 14:45:54,774,прогноз,прямоугольные_металл_черный_M_L_M
40 лет Октября,2(1590-3990) (GENEX) (м),2025-02,2025-02-28 14:45:54,777,прогноз,прямоугольные_металл_черный_M_L_M
40 лет Октября,2(1590-3990) (GENEX) (м),2025-03,2025-03-31 14:45:54,779,прогноз,прямоугольные_металл_черный_M_L_M
40 лет Октября,2(1590-3990) (ISABELLE) (пластик) (ж),2024-03,2024-03-01 00:00:00,263,факт,прямоугольные_пластик_черный_M_L_M
40 лет Октября,2(1590-3990) (ISABELLE) (пластик) (ж),2024-04,2024-04-01 00:00:00,286,факт,прямоугольные_пластик_черный_M_L_M
40 лет Октября,2(1590-3990) (ISABELLE) (пластик) (ж),2024-05,2024-05-01 00:00:00,262,факт,прямоугольные_пластик_черный_M_L_M
40 лет Октября,2(1590-3990) (ISABELLE) (пластик) (ж),2024-06,2024-06-01 00:00:00,264,факт,прямоугольные_пластик_черный_M_L_M
40 лет Октября,2(1590-3990) (ISABELLE) (пластик) (ж),2024-07,2024-07-01 00:00:00,264,факт,прямоугольные_пластик_черный_M_L_M
40 лет Октября,2(1590-3990) (ISABELLE) (пластик) (ж),2024-08,2024-08-01 00:00:00,260,факт,прямоугольные_пластик_черный_M_L_M
40 лет Октября,2(1590-3990) (ISABELLE) (пластик) (ж),2024-09,2024-09-01 00:00:00,261,факт,прямоугольные_пластик_черный_M_L_M
40 лет Октября,2(1590-3990) (ISABELLE) (пластик) (ж),2024-10,2024-10-01 00:00:00,240,факт,прямоугольные_пластик_черный_M_L_M
40 лет Октября,2(1590-3990) (ISABELLE) (пластик) (ж),2024-11,2024-11-01 00:00:00,223,факт,прямоугольные_пластик_черный_M_L_M
40 лет Октября,2(1590-3990) (ISABELLE) (пластик) (ж),2024-12,2024-12-01 00:00:00,235,факт,прямоугольные_пластик_черный_M_L_M
40 лет Октября,2(1590-3990) (ISABELLE) (пластик) (ж),2025-01,2025-01-31 14:45:54,239,прогноз,прямоугольные_пластик_черный_M_L_M
40 лет Октября,2(1590-3990) (ISABELLE) (пластик) (ж),2025-02,2025-02-28 14:45:54,238,прогноз,прямоугольные_пластик_черный_M_L_M
40 лет Октября,2(1590-3990) (ISABELLE) (пластик) (ж),2025-03,2025-03-31 14:45:54,236,прогноз,прямоугольные_пластик_черный_M_L_M
40 лет Октября,2(1590-3990) (NIKITANA) (ж),2024-03,2024-03-01 00:00:00,792,факт,прямоугольные_металл_черный_M_L_M
40 лет Октября,2(1590-3990) (NIKITANA) (ж),2024-04,2024-04-01 00:00:00,837,факт,прямоугольные_металл_черный_M_L_M
40 лет Октября,2(1590-3990) (NIKITANA) (ж),2024-05,2024-05-01 00:00:00,756,факт,прямоугольные_металл_черный_M_L_M
40 лет Октября,2(1590-3990) (NIKITANA) (ж),2024-06,2024-06-01 00:00:00,717,факт,прямоугольные_металл_черный_M_L_M
40 лет Октября,2(1590-3990) (NIKITANA) (ж),2024-07,2024-07-01 00:00:00,822,факт,прямоугольные_металл_черный_M_L_M
40 лет Октября,2(1590-3990) (NIKITANA) (ж),2024-08,2024-08-01 00:00:00,868,факт,прямоугольные_металл_черный_M_L_M
40 лет Октября,2(1590-3990) (NIKITANA) (ж),2024-09,2024-09-01 00:00:00,790,факт,прямоугольные_металл_черный_M_L_M
40 лет Октября,2(1590-3990) (NIKITANA) (ж),2024-10,2024-10-01 00:00:00,744,факт,прямоугольные_металл_черный_M_L_M
40 лет Октября,2(1590-3990) (NIKITANA) (ж),2024-11,2024-11-01 00:00:00,730,факт,прямоугольные_металл_черный_M_L_M
40 лет Октября,2(1590-3990) (NIKITANA) (ж),2024-12,2024-12-01 00:00:00,740,факт,прямоугольные_металл_черный_M_L_M
40 лет Октября,2(1590-3990) (NIKITANA) (ж),2025-01,2025-01-31 14:45:54,774,прогноз,прямоугольные_металл_черный_M_L_M
40 лет Октября,2(1590-3990) (NIKITANA) (ж),2025-02,2025-02-28 14:45:54,777,прогноз,прямоугольные_металл_черный_M_L_M
40 лет Октября,2(1590-3990) (NIKITANA) (ж),2025-03,2025-03-31 14:45:54,779,прогноз,прямоугольные_металл_черный_M_L_M
40 лет Октября,2(1590-3990) (OU) (мет+пл) (ж),2024-03,2024-03-01 00:00:00,792,факт,прямоугольные_металл_черный_M_L_M
40 лет Октября,2(1590-3990) (OU) (мет+пл) (ж),2024-04,2024-04-01 00:00:00,837,факт,прямоугольные_металл_черный_M_L_M
40 лет Октября,2(1590-3990) (OU) (мет+пл) (ж),2024-05,2024-05-01 00:00:00,756,факт,прямоугольные_металл_черный_M_L_M
40 лет Октября,2(1590-3990) (OU) (мет+пл) (ж),2024-06,2024-06-01 00:00:00,717,факт,прямоугольные_металл_черный_M_L_M
40 лет Октября,2(1590-3990) (OU) (мет+пл) (ж),2024-07,2024-07-01 00:00:00,822,факт,прямоугольные_металл_черный_M_L_M
40 лет Октября,2(1590-3990) (OU) (мет+пл) (ж),2024-08,2024-08-01 00:00:00,868,факт,прямоугольные_металл_черный_M_L_M
40 лет Октября,2(1590-3990) (OU) (мет+пл) (ж),2024-09,2024-09-01 00:00:00,790,факт,прямоугольные_металл_черный_M_L_M
40 лет Октября,2(1590-3990) (OU) (мет+пл) (ж),2024-10,2024-10-01 00:00:00,744,факт,прямоугольные_металл_черный_M_L_M
40 лет Октября,2(1590-3990) (OU) (мет+пл) (ж),2024-11,2024-11-01 00:00:00,730,факт,прямоугольные_металл_черный_M_L_M
40 лет Октября,2(1590-3990) (OU) (мет+пл) (ж),2024-12,2024-12-01 00:00:00,740,факт,прямоугольные_металл_черный_M_L_M
40 лет Октября,2(1590-3990) (OU) (мет+пл) (ж),2025-01,2025-01-31 14:45:54,774,прогноз,прямоугольные_металл_черный_M_L_M
40 лет Октября,2(1590-3990) (OU) (мет+пл) (ж),2025-02,2025-02-28 14:45:54,777,прогноз,прямоугольные_металл_черный_M_L_M
40 лет Октября,2(1590-3990) (OU) (мет+пл) (ж),2025-03,2025-03-31 14:45:54,779,прогноз,прямоугольные_металл_черный_M_L_M
40 лет Октября,2(1590-3990) (SENSE EYEWEAR) (ме) (ж),2024-03,2024-03-01 00:00:00,792,факт,прямоугольные_металл_черный_M_L_M
40 лет Октября,2(1590-3990) (SENSE EYEWEAR) (ме) (ж),2024-04,2024-04-01 00:00:00,837,факт,прямоугольные_металл_черный_M_L_M
40 лет Октября,2(1590-3990) (SENSE EYEWEAR) (ме) (ж),2024-05,2024-05-01 00:00:00,756,факт,прямоугольные_металл_черный_M_L_M
40 лет Октября,2(1590-3990) (SENSE EYEWEAR) (ме) (ж),2024-06,2024-06-01 00:00:00,717,факт,прямоугольные_металл_черный_M_L_M
40 лет Октября,2(1590-3990) (SENSE EYEWEAR) (ме) (ж),2024-07,2024-07-01 00:00:00,822,факт,прямоугольные_металл_черный_M_L_M
40 лет Октября,2(1590-3990) (SENSE EYEWEAR) (ме) (ж),2024-08,2024-08-01 00:00:00,868,факт,прямоугольные_металл_черный_M_L_M
40 лет Октября,2(1590-3990) (SENSE EYEWEAR) (ме) (ж),2024-09,2024-09-01 00:00:00,790,факт,прямоугольные_металл_черный_M_L_M
40 лет Октября,2(1590-3990) (SENSE EYEWEAR) (ме) (ж),2024-10,2024-10-01 00:00:00,744,факт,прямоугольные_металл_черный_M_L_M
40 лет Октября,2(1590-3990) (SENSE EYEWEAR) (ме) (ж),2024-11,2024-11-01 00:00:00,730,факт,прямоугольные_металл_черный_M_L_M
40 лет Октября,2(1590-3990) (SENSE EYEWEAR) (ме) (ж),2024-12,2024-12-01 00:00:00,740,факт,прямоугольные_металл_черный_M_L_M
40 лет Октября,2(1590-3990) (SENSE EYEWEAR) (ме) (ж),2025-01,2025-01-31 14:45:54,774,прогноз,прямоугольные_металл_черный_M_L_M
40 лет Октября,2(1590-3990) (SENSE EYEWEAR) (ме) (ж),2025-02,2025-02-28 14:45:54,777,прогноз,прямоугольные_металл_черный_M_L_M
40 лет Октября,2(1590-3990) (SENSE EYEWEAR) (ме) (ж),2025-03,2025-03-31 14:45:54,779,прогноз,прямоугольные_металл_черный_M_L_M
40 лет Октября,2(1590-3990) (SENSE EYEWEAR) (ме) (ж) хит5,2024-03,2024-03-01 00:00:00,792,факт,прямоугольные_металл_черный_M_L_M
40 лет Октября,2(1590-3990) (SENSE EYEWEAR) (ме) (ж) хит5,2024-04,2024-04-01 00:00:00,837,факт,прямоугольные_металл_черный_M_L_M
40 лет Октября,2(1590-3990) (SENSE EYEWEAR) (ме) (ж) хит5,2024-05,2024-05-01 00:00:00,756,факт,прямоугольные_металл_черный_M_L_M
40 лет Октября,2(1590-3990) (SENSE EYEWEAR) (ме) (ж) хит5,2024-06,2024-06-01 00:00:00,717,факт,прямоугольные_металл_черный_M_L_M
40 лет Октября,2(1590-3990) (SENSE EYEWEAR) (ме) (ж) хит5,2024-07,2024-07-01 00:00:00,822,факт,прямоугольные_металл_черный_M_L_M
40 лет Октября,2(1590-3990) (SENSE EYEWEAR) (ме) (ж) хит5,2024-08,2024-08-01 00:00:00,868,факт,прямоугольные_металл_черный_M_L_M
40 лет Октября,2(1590-3990) (SENSE EYEWEAR) (ме) (ж) хит5,2024-09,2024-09-01 00:00:00,790,факт,прямоугольные_металл_черный_M_L_M
40 лет Октября,2(1590-3990) (SENSE EYEWEAR) (ме) (ж) хит5,2024-10,2024-10-01 00:00:00,744,факт,прямоугольные_металл_черный_M_L_M
40 лет Октября,2(1590-3990) (SENSE EYEWEAR) (ме) (ж) хит5,2024-11,2024-11-01 00:00:00,730,факт,прямоугольные_металл_черный_M_L_M
40 лет Октября,2(1590-3990) (SENSE EYEWEAR) (ме) (ж) хит5,2024-12,2024-12-01 00:00:00,740,факт,прямоугольные_металл_черный_M_L_M
40 лет Октября,2(1590-3990) (SENSE EYEWEAR) (ме) (ж) хит5,2025-01,2025-01-31 14:45:54,774,прогноз,прямоугольные_металл_черный_M_L_M
40 лет Октября,2(1590-3990) (SENSE EYEWEAR) (ме) (ж) хит5,2025-02,2025-02-28 14:45:54,777,прогноз,прямоугольные_металл_черный_M_L_M
40 лет Октября,2(1590-3990) (SENSE EYEWEAR) (ме) (ж) хит5,2025-03,2025-03-31 14:45:54,779,прогноз,прямоугольные_металл_черный_M_L_M
40 лет Октября,2(1590-3990) (SENSE EYEWEAR) (ме) (м),2024-03,2024-03-01 00:00:00,792,факт,прямоугольные_металл_черный_M_L_M
40 лет Октября,2(1590-3990) (SENSE EYEWEAR) (ме) (м),2024-04,2024-04-01 00:00:00,837,факт,прямоугольные_металл_черный_M_L_M
40 лет Октября,2(1590-3990) (SENSE EYEWEAR) (ме) (м),2024-05,2024-05-01 00:00:00,756,факт,прямоугольные_металл_черный_M_L_M
40 лет Октября,2(1590-3990) (SENSE EYEWEAR) (ме) (м),2024-06,2024-06-01 00:00:00,717,факт,прямоугольные_металл_черный_M_L_M
40 лет Октября,2(1590-3990) (SENSE EYEWEAR) (ме) (м),2024-07,2024-07-01 00:00:00,822,факт,прямоугольные_металл_черный_M_L_M
40 лет Октября,2(1590-3990) (SENSE EYEWEAR) (ме) (м),2024-08,2024-08-01 00:00:00,868,факт,прямоугольные_металл_черный_M_L_M
40 лет Октября,2(1590-3990) (SENSE EYEWEAR) (ме) (м),2024-09,2024-09-01 00:00:00,790,факт,прямоугольные_металл_черный_M_L_M
40 лет Октября,2(1590-3990) (SENSE EYEWEAR) (ме) (м),2024-10,2024-10-01 00:00:00,744,факт,прямоугольные_металл_черный_M_L_M
40 лет Октября,2(1590-3990) (SENSE EYEWEAR) (ме) (м),2024-11,2024-11-01 00:00:00,730,факт,прямоугольные_металл_черный_M_L_M
40 лет Октября,2(1590-3990) (SENSE EYEWEAR) (ме) (м),2024-12,2024-12-01 00:00:00,740,факт,прямоугольные_металл_черный_M_L_M
40 лет Октября,2(1590-3990) (SENSE EYEWEAR) (ме) (м),2025-01,2025-01-31 14:45:54,774,прогноз,прямоугольные_металл_черный_M_L_M
40 лет Октября,2(1590-3990) (SENSE EYEWEAR) (ме) (м),2025-02,2025-02-28 14:45:54,777,прогноз,прямоугольные_металл_черный_M_L_M
40 лет Октября,2(1590-3990) (SENSE EYEWEAR) (ме) (м),2025-03,2025-03-31 14:45:54,779,прогноз,прямоугольные_металл_черный_M_L_M
40 лет Октября,2(1590-3990) (SENSE EYEWEAR) (пл) (ж),2024-03,2024-03-01 00:00:00,792,факт,прямоугольные_металл_черный_M_L_M
40 лет Октября,2(1590-3990) (SENSE EYEWEAR) (пл) (ж),2024-04,2024-04-01 00:00:00,837,факт,прямоугольные_металл_черный_M_L_M
40 лет Октября,2(1590-3990) (SENSE EYEWEAR) (пл) (ж),2024-05,2024-05-01 00:00:00,756,факт,прямоугольные_металл_черный_M_L_M
40 лет Октября,2(1590-3990) (SENSE EYEWEAR) (пл) (ж),2024-06,2024-06-01 00:00:00,717,факт,прямоугольные_металл_черный_M_L_M
40 лет Октября,2(1590-3990) (SENSE EYEWEAR) (пл) (ж),2024-07,2024-07-01 00:00:00,822,факт,прямоугольные_металл_черный_M_L_M
40 лет Октября,2(1590-3990) (SENSE EYEWEAR) (пл) (ж),2024-08,2024-08-01 00:00:00,868,факт,прямоугольные_металл_черный_M_L_M
40 лет Октября,2(1590-3990) (SENSE EYEWEAR) (пл) (ж),2024-09,2024-09-01 00:00:00,790,факт,прямоугольные_металл_черный_M_L_M
40 лет Октября,2(1590-3990) (SENSE EYEWEAR) (пл) (ж),2024-10,2024-10-01 00:00:00,744,факт,прямоугольные_металл_черный_M_L_M
40 лет Октября,2(1590-3990) (SENSE EYEWEAR) (пл) (ж),2024-11,2024-11-01 00:00:00,730,факт,прямоугольные_металл_черный_M_L_M
40 лет Октября,2(1590-3990) (SENSE EYEWEAR) (пл) (ж),2024-12,2024-12-01 00:00:00,740,факт,прямоугольные_металл_черный_M_L_M
40 лет Октября,2(1590-3990) (SENSE EYEWEAR) (пл) (ж),2025-01,2025-01-31 14:45:54,774,прогноз,прямоугольные_металл_черный_M_L_M
40 лет Октября,2(1590-3990) (SENSE EYEWEAR) (пл) (ж),2025-02,2025-02-28 14:45:54,777,прогноз,прямоугольные_металл_черный_M_L_M
40 лет Октября,2(1590-3990) (SENSE EYEWEAR) (пл) (ж),2025-03,2025-03-31 14:45:54,779,прогноз,прямоугольные_металл_черный_M_L_M
40 лет Октября,2(1590-3990) (SENSE EYEWEAR) (пл) (м),2024-03,2024-03-01 00:00:00,792,факт,прямоугольные_металл_черный_M_L_M
40 лет Октября,2(1590-3990) (SENSE EYEWEAR) (пл) (м),2024-04,2024-04-01 00:00:00,837,факт,прямоугольные_металл_черный_M_L_M
40 лет Октября,2(1590-3990) (SENSE EYEWEAR) (пл) (м),2024-05,2024-05-01 00:00:00,756,факт,прямоугольные_металл_черный_M_L_M
40 лет Октября,2(1590-3990) (SENSE EYEWEAR) (пл) (м),2024-06,2024-06-01 00:00:00,717,факт,прямоугольные_металл_черный_M_L_M
40 лет Октября,2(1590-3990) (SENSE EYEWEAR) (пл) (м),2024-07,2024-07-01 00:00:00,822,факт,прямоугольные_металл_черный_M_L_M
40 лет Октября,2(1590-3990) (SENSE EYEWEAR) (пл) (м),2024-08,2024-08-01 00:00:00,868,факт,прямоугольные_металл_черный_M_L_M
40 лет Октября,2(1590-3990) (SENSE EYEWEAR) (пл) (м),2024-09,2024-09-01 00:00:00,790,факт,прямоугольные_металл_черный_M_L_M
40 лет Октября,2(1590-3990) (SENSE EYEWEAR) (пл) (м),2024-10,2024-10-01 00:00:00,744,факт,прямоугольные_металл_черный_M_L_M
40 лет Октября,2(1590-3990) (SENSE EYEWEAR) (пл) (м),2024-11,2024-11-01 00:00:00,730,факт,прямоугольные_металл_черный_M_L_M
40 лет Октября,2(1590-3990) (SENSE EYEWEAR) (пл) (м),2024-12,2024-12-01 00:00:00,740,факт,прямоугольные_металл_черный_M_L_M
40 лет Октября,2(1590-3990) (SENSE EYEWEAR) (пл) (м),2025-01,2025-01-31 14:45:54,774,прогноз,прямоугольные_металл_черный_M_L_M
40 лет Октября,2(1590-3990) (SENSE EYEWEAR) (пл) (м),2025-02,2025-02-28 14:45:54,777,прогноз,прямоугольные_металл_черный_M_L_M
40 лет Октября,2(1590-3990) (SENSE EYEWEAR) (пл) (м),2025-03,2025-03-31 14:45:54,779,прогноз,прямоугольные_металл_черный_M_L_M
40 лет Октября,3(4000-5990) (BALLET IMAGE) (м),2024-03,2024-03-01 00:00:00,792,факт,прямоугольные_металл_черный_M_L_M
40 лет Октября,3(4000-5990) (BALLET IMAGE) (м),2024-04,2024-04-01 00:00:00,837,факт,прямоугольные_металл_черный_M_L_M
40 лет Октября,3(4000-5990) (BALLET IMAGE) (м),2024-05,2024-05-01 00:00:00,756,факт,прямоугольные_металл_черный_M_L_M
40 лет Октября,3(4000-5990) (BALLET IMAGE) (м),2024-06,2024-06-01 00:00:00,717,факт,прямоугольные_металл_черный_M_L_M
40 лет Октября,3(4000-5990) (BALLET IMAGE) (м),2024-07,2024-07-01 00:00:00,822,факт,прямоугольные_металл_черный_M_L_M
40 лет Октября,3(4000-5990) (BALLET IMAGE) (м),2024-08,2024-08-01 00:00:00,868,факт,прямоугольные_металл_черный_M_L_M
40 лет Октября,3(4000-5990) (BALLET IMAGE) (м),2024-09,2024-09-01 00:00:00,790,факт,прямоугольные_металл_черный_M_L_M
40 лет Октября,3(4000-5990) (BALLET IMAGE) (м),2024-10,2024-10-01 00:00:00,744,факт,прямоугольные_металл_черный_M_L_M
40 лет Октября,3(4000-5990) (BALLET IMAGE) (м),2024-11,2024-11-01 00:00:00,730,факт,прямоугольные_металл_черный_M_L_M
40 лет Октября,3(4000-5990) (BALLET IMAGE) (м),2024-12,2024-12-01 00:00:00,740,факт,прямоугольные_металл_черный_M_L_M
40 лет Октября,3(4000-5990) (BALLET IMAGE) (м),2025-01,2025-01-31 14:45:54,774,прогноз,прямоугольные_металл_черный_M_L_M
40 лет Октября,3(4000-5990) (BALLET IMAGE) (м),2025-02,2025-02-28 14:45:54,777,прогноз,прямоугольные_металл_черный_M_L_M
40 лет Октября,3(4000-5990) (BALLET IMAGE) (м),2025-03,2025-03-31 14:45:54,779,прогноз,прямоугольные_металл_черный_M_L_M
40 лет Октября,3(4000-5990) (GLORY) (металл) (ж),2024-03,2024-03-01 00:00:00,447,факт,прямоугольные_металл_темно-серый_M_L_M
40 лет Октября,3(4000-5990) (GLORY) (металл) (ж),2024-04,2024-04-01 00:00:00,443,факт,прямоугольные_металл_темно-серый_M_L_M
40 лет Октября,3(4000-5990) (GLORY) (металл) (ж),2024-05,2024-05-01 00:00:00,418,факт,прямоугольные_металл_темно-серый_M_L_M
40 лет Октября,3(4000-5990) (GLORY) (металл) (ж),2024-06,2024-06-01 00:00:00,370,факт,прямоугольные_металл_темно-серый_M_L_M
40 лет Октября,3(4000-5990) (GLORY) (металл) (ж),2024-07,2024-07-01 00:00:00,462,факт,прямоугольные_металл_темно-серый_M_L_M
40 лет Октября,3(4000-5990) (GLORY) (металл) (ж),2024-08,2024-08-01 00:00:00,507,факт,прямоугольные_металл_темно-серый_M_L_M
40 лет Октября,3(4000-5990) (GLORY) (металл) (ж),2024-09,2024-09-01 00:00:00,456,факт,прямоугольные_металл_темно-серый_M_L_M
40 лет Октября,3(4000-5990) (GLORY) (металл) (ж),2024-10,2024-10-01 00:00:00,447,факт,прямоугольные_металл_темно-серый_M_L_M
40 лет Октября,3(4000-5990) (GLORY) (металл) (ж),2024-11,2024-11-01 00:00:00,443,факт,прямоугольные_металл_темно-серый_M_L_M
40 лет Октября,3(4000-5990) (GLORY) (металл) (ж),2024-12,2024-12-01 00:00:00,444,факт,прямоугольные_металл_темно-серый_M_L_M
40 лет Октября,3(4000-5990) (GLORY) (металл) (ж),2025-01,2025-01-31 14:45:54,461,прогноз,прямоугольные_металл_темно-серый_M_L_M
40 лет Октября,3(4000-5990) (GLORY) (металл) (ж),2025-02,2025-02-28 14:45:54,464,прогноз,прямоугольные_металл_темно-серый_M_L_M
40 лет Октября,3(4000-5990) (GLORY) (металл) (ж),2025-03,2025-03-31 14:45:54,467,прогноз,прямоугольные_металл_темно-серый_M_L_M
40 лет Октября,3(4000-5990) (GLORY) (металл) (м),2024-03,2024-03-01 00:00:00,447,факт,прямоугольные_металл_темно-серый_M_L_M
40 лет Октября,3(4000-5990) (GLORY) (металл) (м),2024-04,2024-04-01 00:00:00,443,факт,прямоугольные_металл_темно-серый_M_L_M
40 лет Октября,3(4000-5990) (GLORY) (металл) (м),2024-05,2024-05-01 00:00:00,418,факт,прямоугольные_металл_темно-серый_M_L_M
40 лет Октября,3(4000-5990) (GLORY) (металл) (м),2024-06,2024-06-01 00:00:00,370,факт,прямоугольные_металл_темно-серый_M_L_M
40 лет Октября,3(4000-5990) (GLORY) (металл) (м),2024-07,2024-07-01 00:00:00,462,факт,прямоугольные_металл_темно-серый_M_L_M
40 лет Октября,3(4000-5990) (GLORY) (металл) (м),2024-08,2024-08-01 00:00:00,507,факт,прямоугольные_металл_темно-серый_M_L_M
40 лет Октября,3(4000-5990) (GLORY) (металл) (м),2024-09,2024-09-01 00:00:00,456,факт,прямоугольные_металл_темно-серый_M_L_M
40 лет Октября,3(4000-5990) (GLORY) (металл) (м),2024-10,2024-10-01 00:00:00,447,факт,прямоугольные_металл_темно-серый_M_L_M
40 лет Октября,3(4000-5990) (GLORY) (металл) (м),2024-11,2024-11-01 00:00:00,443,факт,прямоугольные_металл_темно-серый_M_L_M
40 лет Октября,3(4000-5990) (GLORY) (металл) (м),2024-12,2024-12-01 00:00:00,444,факт,прямоугольные_металл_темно-серый_M_L_M
40 лет Октября,3(4000-5990) (GLORY) (металл) (м),2025-01,2025-01-31 14:45:54,461,прогноз,прямоугольные_металл_темно-серый_M_L_M
40 лет Октября,3(4000-5990) (GLORY) (металл) (м),2025-02,2025-02-28 14:45:54,464,прогноз,прямоугольные_металл_темно-серый_M_L_M
40 лет Октября,3(4000-5990) (GLORY) (металл) (м),2025-03,2025-03-31 14:45:54,467,прогноз,прямоугольные_металл_темно-серый_M_L_M
40 лет Октября,3(4000-5990) (HUMARS) (ж),2024-03,2024-03-01 00:00:00,792,факт,прямоугольные_металл_черный_M_L_M
40 лет Октября,3(4000-5990) (HUMARS) (ж),2024-04,2024-04-01 00:00:00,837,факт,прямоугольные_металл_черный_M_L_M
40 лет Октября,3(4000-5990) (HUMARS) (ж),2024-05,2024-05-01 00:00:00,756,факт,прямоугольные_металл_черный_M_L_M
40 лет Октября,3(4000-5990) (HUMARS) (ж),2024-06,2024-06-01 00:00:00,717,факт,прямоугольные_металл_черный_M_L_M
40 лет Октября,3(4000-5990) (HUMARS) (ж),2024-07,2024-07-01 00:00:00,822,факт,прямоугольные_металл_черный_M_L_M
40 лет Октября,3(4000-5990) (HUMARS) (ж),2024-08,2024-08-01 00:00:00,868,факт,прямоугольные_металл_черный_M_L_M
40 лет Октября,3(4000-5990) (HUMARS) (ж),2024-09,2024-09-01 00:00:00,790,факт,прямоугольные_металл_черный_M_L_M
40 лет Октября,3(4000-5990) (HUMARS) (ж),2024-10,2024-10-01 00:00:00,744,факт,прямоугольные_металл_черный_M_L_M
40 лет Октября,3(4000-5990) (HUMARS) (ж),2024-11,2024-11-01 00:00:00,730,факт,прямоугольные_металл_черный_M_L_M
40 лет Октября,3(4000-5990) (HUMARS) (ж),2024-12,2024-12-01 00:00:00,740,факт,прямоугольные_металл_черный_M_L_M
40 лет Октября,3(4000-5990) (HUMARS) (ж),2025-01,2025-01-31 14:45:54,774,прогноз,прямоугольные_металл_черный_M_L_M
40 лет Октября,3(4000-5990) (HUMARS) (ж),2025-02,2025-02-28 14:45:54,777,прогноз,прямоугольные_металл_черный_M_L_M
40 лет Октября,3(4000-5990) (HUMARS) (ж),2025-03,2025-03-31 14:45:54,779,прогноз,прямоугольные_металл_черный_M_L_M
40 лет Октября,3(4000-5990) (HUMARS) (м),2024-03,2024-03-01 00:00:00,792,факт,прямоугольные_металл_черный_M_L_M
40 лет Октября,3(4000-5990) (HUMARS) (м),2024-04,2024-04-01 00:00:00,837,факт,прямоугольные_металл_черный_M_L_M
40 лет Октября,3(4000-5990) (HUMARS) (м),2024-05,2024-05-01 00:00:00,756,факт,прямоугольные_металл_черный_M_L_M
40 лет Октября,3(4000-5990) (HUMARS) (м),2024-06,2024-06-01 00:00:00,717,факт,прямоугольные_металл_черный_M_L_M
40 лет Октября,3(4000-5990) (HUMARS) (м),2024-07,2024-07-01 00:00:00,822,факт,прямоугольные_металл_черный_M_L_M
40 лет Октября,3(4000-5990) (HUMARS) (м),2024-08,2024-08-01 00:00:00,868,факт,прямоугольные_металл_черный_M_L_M
40 лет Октября,3(4000-5990) (HUMARS) (м),2024-09,2024-09-01 00:00:00,790,факт,прямоугольные_металл_черный_M_L_M
40 лет Октября,3(4000-5990) (HUMARS) (м),2024-10,2024-10-01 00:00:00,744,факт,прямоугольные_металл_черный_M_L_M
40 лет Октября,3(4000-5990) (HUMARS) (м),2024-11,2024-11-01 00:00:00,730,факт,прямоугольные_металл_черный_M_L_M
40 лет Октября,3(4000-5990) (HUMARS) (м),2024-12,2024-12-01 00:00:00,740,факт,прямоугольные_металл_черный_M_L_M
40 лет Октября,3(4000-5990) (HUMARS) (м),2025-01,2025-01-31 14:45:54,774,прогноз,прямоугольные_металл_черный_M_L_M
40 лет Октября,3(4000-5990) (HUMARS) (м),2025-02,2025-02-28 14:45:54,777,прогноз,прямоугольные_металл_черный_M_L_M
40 лет Октября,3(4000-5990) (HUMARS) (м),2025-03,2025-03-31 14:45:54,779,прогноз,прямоугольные_металл_черный_M_L_M
40 лет Октября,3(4000-5990) (MEGAPOLIS) (ж),2024-03,2024-03-01 00:00:00,792,факт,прямоугольные_металл_черный_M_L_M
40 лет Октября,3(4000-5990) (MEGAPOLIS) (ж),2024-04,2024-04-01 00:00:00,837,факт,прямоугольные_металл_черный_M_L_M
40 лет Октября,3(4000-5990) (MEGAPOLIS) (ж),2024-05,2024-05-01 00:00:00,756,факт,прямоугольные_металл_черный_M_L_M
40 лет Октября,3(4000-5990) (MEGAPOLIS) (ж),2024-06,2024-06-01 00:00:00,717,факт,прямоугольные_металл_черный_M_L_M
40 лет Октября,3(4000-5990) (MEGAPOLIS) (ж),2024-07,2024-07-01 00:00:00,822,факт,прямоугольные_металл_черный_M_L_M
40 лет Октября,3(4000-5990) (MEGAPOLIS) (ж),2024-08,2024-08-01 00:00:00,868,факт,прямоугольные_металл_черный_M_L_M
40 лет Октября,3(4000-5990) (MEGAPOLIS) (ж),2024-09,2024-09-01 00:00:00,790,факт,прямоугольные_металл_черный_M_L_M
40 лет Октября,3(4000-5990) (MEGAPOLIS) (ж),2024-10,2024-10-01 00:00:00,744,факт,прямоугольные_металл_черный_M_L_M
40 лет Октября,3(4000-5990) (MEGAPOLIS) (ж),2024-11,2024-11-01 00:00:00,730,факт,прямоугольные_металл_черный_M_L_M
40 лет Октября,3(4000-5990) (MEGAPOLIS) (ж),2024-12,2024-12-01 00:00:00,740,факт,прямоугольные_металл_черный_M_L_M
40 лет Октября,3(4000-5990) (MEGAPOLIS) (ж),2025-01,2025-01-31 14:45:54,774,прогноз,прямоугольные_металл_черный_M_L_M
40 лет Октября,3(4000-5990) (MEGAPOLIS) (ж),2025-02,2025-02-28 14:45:54,777,прогноз,прямоугольные_металл_черный_M_L_M
40 лет Октября,3(4000-5990) (MEGAPOLIS) (ж),2025-03,2025-03-31 14:45:54,779,прогноз,прямоугольные_металл_черный_M_L_M
40 лет Октября,3(4000-5990) (OPTILOOK) (металл) (ж),2024-03,2024-03-01 00:00:00,447,факт,прямоугольные_металл_темно-серый_M_L_M
40 лет Октября,3(4000-5990) (OPTILOOK) (металл) (ж),2024-04,2024-04-01 00:00:00,443,факт,прямоугольные_металл_темно-серый_M_L_M
40 лет Октября,3(4000-5990) (OPTILOOK) (металл) (ж),2024-05,2024-05-01 00:00:00,418,факт,прямоугольные_металл_темно-серый_M_L_M
40 лет Октября,3(4000-5990) (OPTILOOK) (металл) (ж),2024-06,2024-06-01 00:00:00,370,факт,прямоугольные_металл_темно-серый_M_L_M
40 лет Октября,3(4000-5990) (OPTILOOK) (металл) (ж),2024-07,2024-07-01 00:00:00,462,факт,прямоугольные_металл_темно-серый_M_L_M
40 лет Октября,3(4000-5990) (OPTILOOK) (металл) (ж),2024-08,2024-08-01 00:00:00,507,факт,прямоугольные_металл_темно-серый_M_L_M
40 лет Октября,3(4000-5990) (OPTILOOK) (металл) (ж),2024-09,2024-09-01 00:00:00,456,факт,прямоугольные_металл_темно-серый_M_L_M
40 лет Октября,3(4000-5990) (OPTILOOK) (металл) (ж),2024-10,2024-10-01 00:00:00,447,факт,прямоугольные_металл_темно-серый_M_L_M
40 лет Октября,3(4000-5990) (OPTILOOK) (металл) (ж),2024-11,2024-11-01 00:00:00,443,факт,прямоугольные_металл_темно-серый_M_L_M
40 лет Октября,3(4000-5990) (OPTILOOK) (металл) (ж),2024-12,2024-12-01 00:00:00,444,факт,прямоугольные_металл_темно-серый_M_L_M
40 лет Октября,3(4000-5990) (OPTILOOK) (металл) (ж),2025-01,2025-01-31 14:45:54,461,прогноз,прямоугольные_металл_темно-серый_M_L_M
40 лет Октября,3(4000-5990) (OPTILOOK) (металл) (ж),2025-02,2025-02-28 14:45:54,464,прогноз,прямоугольные_металл_темно-серый_M_L_M
40 лет Октября,3(4000-5990) (OPTILOOK) (металл) (ж),2025-03,2025-03-31 14:45:54,467,прогноз,прямоугольные_металл_темно-серый_M_L_M
40 лет Октября,3(4000-5990) (OPTILOOK) (пластик) (ж),2024-03,2024-03-01 00:00:00,263,факт,прямоугольные_пластик_черный_M_L_M
40 лет Октября,3(4000-5990) (OPTILOOK) (пластик) (ж),2024-04,2024-04-01 00:00:00,286,факт,прямоугольные_пластик_черный_M_L_M
40 лет Октября,3(4000-5990) (OPTILOOK) (пластик) (ж),2024-05,2024-05-01 00:00:00,262,факт,прямоугольные_пластик_черный_M_L_M
40 лет Октября,3(4000-5990) (OPTILOOK) (пластик) (ж),2024-06,2024-06-01 00:00:00,264,факт,прямоугольные_пластик_черный_M_L_M
40 лет Октября,3(4000-5990) (OPTILOOK) (пластик) (ж),2024-07,2024-07-01 00:00:00,264,факт,прямоугольные_пластик_черный_M_L_M
40 лет Октября,3(4000-5990) (OPTILOOK) (пластик) (ж),2024-08,2024-08-01 00:00:00,260,факт,прямоугольные_пластик_черный_M_L_M
40 лет Октября,3(4000-5990) (OPTILOOK) (пластик) (ж),2024-09,2024-09-01 00:00:00,261,факт,прямоугольные_пластик_черный_M_L_M
40 лет Октября,3(4000-5990) (OPTILOOK) (пластик) (ж),2024-10,2024-10-01 00:00:00,240,факт,прямоугольные_пластик_черный_M_L_M
40 лет Октября,3(4000-5990) (OPTILOOK) (пластик) (ж),2024-11,2024-11-01 00:00:00,223,факт,прямоугольные_пластик_черный_M_L_M
40 лет Октября,3(4000-5990) (OPTILOOK) (пластик) (ж),2024-12,2024-12-01 00:00:00,235,факт,прямоугольные_пластик_черный_M_L_M
40 лет Октября,3(4000-5990) (OPTILOOK) (пластик) (ж),2025-01,2025-01-31 14:45:54,239,прогноз,прямоугольные_пластик_черный_M_L_M
40 лет Октября,3(4000-5990) (OPTILOOK) (пластик) (ж),2025-02,2025-02-28 14:45:54,238,прогноз,прямоугольные_пластик_черный_M_L_M
40 лет Октября,3(4000-5990) (OPTILOOK) (пластик) (ж),2025-03,2025-03-31 14:45:54,236,прогноз,прямоугольные_пластик_черный_M_L_M
40 лет Октября,3(4000-5990) (OU) (ж),2024-03,2024-03-01 00:00:00,792,факт,прямоугольные_металл_черный_M_L_M
40 лет Октября,3(4000-5990) (OU) (ж),2024-04,2024-04-01 00:00:00,837,факт,прямоугольные_металл_черный_M_L_M
40 лет Октября,3(4000-5990) (OU) (ж),2024-05,2024-05-01 00:00:00,756,факт,прямоугольные_металл_черный_M_L_M
40 лет Октября,3(4000-5990) (OU) (ж),2024-06,2024-06-01 00:00:00,717,факт,прямоугольные_металл_черный_M_L_M
40 лет Октября,3(4000-5990) (OU) (ж),2024-07,2024-07-01 00:00:00,822,факт,прямоугольные_металл_черный_M_L_M
40 лет Октября,3(4000-5990) (OU) (ж),2024-08,2024-08-01 00:00:00,868,факт,прямоугольные_металл_черный_M_L_M
40 лет Октября,3(4000-5990) (OU) (ж),2024-09,2024-09-01 00:00:00,790,факт,прямоугольные_металл_черный_M_L_M
40 лет Октября,3(4000-5990) (OU) (ж),2024-10,2024-10-01 00:00:00,744,факт,прямоугольные_металл_черный_M_L_M
40 лет Октября,3(4000-5990) (OU) (ж),2024-11,2024-11-01 00:00:00,730,факт,прямоугольные_металл_черный_M_L_M
40 лет Октября,3(4000-5990) (OU) (ж),2024-12,2024-12-01 00:00:00,740,факт,прямоугольные_металл_черный_M_L_M
40 лет Октября,3(4000-5990) (OU) (ж),2025-01,2025-01-31 14:45:54,774,прогноз,прямоугольные_металл_черный_M_L_M
40 лет Октября,3(4000-5990) (OU) (ж),2025-02,2025-02-28 14:45:54,777,прогноз,прямоугольные_металл_черный_M_L_M
40 лет Октября,3(4000-5990) (OU) (ж),2025-03,2025-03-31 14:45:54,779,прогноз,прямоугольные_металл_черный_M_L_M
40 лет Октября,3(4000-5990) (OU) (м),2024-03,2024-03-01 00:00:00,792,факт,прямоугольные_металл_черный_M_L_M
40 лет Октября,3(4000-5990) (OU) (м),2024-04,2024-04-01 00:00:00,837,факт,прямоугольные_металл_черный_M_L_M
40 лет Октября,3(4000-5990) (OU) (м),2024-05,2024-05-01 00:00:00,756,факт,прямоугольные_металл_черный_M_L_M
40 лет Октября,3(4000-5990) (OU) (м),2024-06,2024-06-01 00:00:00,717,факт,прямоугольные_металл_черный_M_L_M
40 лет Октября,3(4000-5990) (OU) (м),2024-07,2024-07-01 00:00:00,822,факт,прямоугольные_металл_черный_M_L_M
40 лет Октября,3(4000-5990) (OU) (м),2024-08,2024-08-01 00:00:00,868,факт,прямоугольные_металл_черный_M_L_M
40 лет Октября,3(4000-5990) (OU) (м),2024-09,2024-09-01 00:00:00,790,факт,прямоугольные_металл_черный_M_L_M
40 лет Октября,3(4000-5990) (OU) (м),2024-10,2024-10-01 00:00:00,744,факт,прямоугольные_металл_черный_M_L_M
40 лет Октября,3(4000-5990) (OU) (м),2024-11,2024-11-01 00:00:00,730,факт,прямоугольные_металл_черный_M_L_M
40 лет Октября,3(4000-5990) (OU) (м),2024-12,2024-12-01 00:00:00,740,факт,прямоугольные_металл_черный_M_L_M
40 лет Октября,3(4000-5990) (OU) (м),2025-01,2025-01-31 14:45:54,774,прогноз,прямоугольные_металл_черный_M_L_M
40 лет Октября,3(4000-5990) (OU) (м),2025-02,2025-02-28 14:45:54,777,прогноз,прямоугольные_металл_черный_M_L_M
40 лет Октября,3(4000-5990) (OU) (м),2025-03,2025-03-31 14:45:54,779,прогноз,прямоугольные_металл_черный_M_L_M
40 лет Октября,3(4000-5990) (SENSE EYEWEAR) (ж) хит6,2024-03,2024-03-01 00:00:00,792,факт,прямоугольные_металл_черный_M_L_M
40 лет Октября,3(4000-5990) (SENSE EYEWEAR) (ж) хит6,2024-04,2024-04-01 00:00:00,837,факт,прямоугольные_металл_черный_M_L_M
40 лет Октября,3(4000-5990) (SENSE EYEWEAR) (ж) хит6,2024-05,2024-05-01 00:00:00,756,факт,прямоугольные_металл_черный_M_L_M
40 лет Октября,3(4000-5990) (SENSE EYEWEAR) (ж) хит6,2024-06,2024-06-01 00:00:00,717,факт,прямоугольные_металл_черный_M_L_M
40 лет Октября,3(4000-5990) (SENSE EYEWEAR) (ж) хит6,2024-07,2024-07-01 00:00:00,822,факт,прямоугольные_металл_черный_M_L_M
40 лет Октября,3(4000-5990) (SENSE EYEWEAR) (ж) хит6,2024-08,2024-08-01 00:00:00,868,факт,прямоугольные_металл_черный_M_L_M
40 лет Октября,3(4000-5990) (SENSE EYEWEAR) (ж) хит6,2024-09,2024-09-01 00:00:00,790,факт,прямоугольные_металл_черный_M_L_M
40 лет Октября,3(4000-5990) (SENSE EYEWEAR) (ж) хит6,2024-10,2024-10-01 00:00:00,744,факт,прямоугольные_металл_черный_M_L_M
40 лет Октября,3(4000-5990) (SENSE EYEWEAR) (ж) хит6,2024-11,2024-11-01 00:00:00,730,факт,прямоугольные_металл_черный_M_L_M
40 лет Октября,3(4000-5990) (SENSE EYEWEAR) (ж) хит6,2024-12,2024-12-01 00:00:00,740,факт,прямоугольные_металл_черный_M_L_M
40 лет Октября,3(4000-5990) (SENSE EYEWEAR) (ж) хит6,2025-01,2025-01-31 14:45:54,774,прогноз,прямоугольные_металл_черный_M_L_M
40 лет Октября,3(4000-5990) (SENSE EYEWEAR) (ж) хит6,2025-02,2025-02-28 14:45:54,777,прогноз,прямоугольные_металл_черный_M_L_M
40 лет Октября,3(4000-5990) (SENSE EYEWEAR) (ж) хит6,2025-03,2025-03-31 14:45:54,779,прогноз,прямоугольные_металл_черный_M_L_M
40 лет Октября,3(4000-5990) (SENSE EYEWEAR) (ж)(ме),2024-03,2024-03-01 00:00:00,792,факт,прямоугольные_металл_черный_M_L_M
40 лет Октября,3(4000-5990) (SENSE EYEWEAR) (ж)(ме),2024-04,2024-04-01 00:00:00,837,факт,прямоугольные_металл_черный_M_L_M
40 лет Октября,3(4000-5990) (SENSE EYEWEAR) (ж)(ме),2024-05,2024-05-01 00:00:00,756,факт,прямоугольные_металл_черный_M_L_M
40 лет Октября,3(4000-5990) (SENSE EYEWEAR) (ж)(ме),2024-06,2024-06-01 00:00:00,717,факт,прямоугольные_металл_черный_M_L_M
40 лет Октября,3(4000-5990) (SENSE EYEWEAR) (ж)(ме),2024-07,2024-07-01 00:00:00,822,факт,прямоугольные_металл_черный_M_L_M
40 лет Октября,3(4000-5990) (SENSE EYEWEAR) (ж)(ме),2024-08,2024-08-01 00:00:00,868,факт,прямоугольные_металл_черный_M_L_M
40 лет Октября,3(4000-5990) (SENSE EYEWEAR) (ж)(ме),2024-09,2024-09-01 00:00:00,790,факт,прямоугольные_металл_черный_M_L_M
40 лет Октября,3(4000-5990) (SENSE EYEWEAR) (ж)(ме),2024-10,2024-10-01 00:00:00,744,факт,прямоугольные_металл_черный_M_L_M
40 лет Октября,3(4000-5990) (SENSE EYEWEAR) (ж)(ме),2024-11,2024-11-01 00:00:00,730,факт,прямоугольные_металл_черный_M_L_M
40 лет Октября,3(4000-5990) (SENSE EYEWEAR) (ж)(ме),2024-12,2024-12-01 00:00:00,740,факт,прямоугольные_металл_черный_M_L_M
40 лет Октября,3(4000-5990) (SENSE EYEWEAR) (ж)(ме),2025-01,2025-01-31 14:45:54,774,прогноз,прямоугольные_металл_черный_M_L_M
40 лет Октября,3(4000-5990) (SENSE EYEWEAR) (ж)(ме),2025-02,2025-02-28 14:45:54,777,прогноз,прямоугольные_металл_черный_M_L_M
40 лет Октября,3(4000-5990) (SENSE EYEWEAR) (ж)(ме),2025-03,2025-03-31 14:45:54,779,прогноз,прямоугольные_металл_черный_M_L_M
40 лет Октября,3(4000-5990) (SENSE EYEWEAR) (ж)(пл) ,2024-03,2024-03-01 00:00:00,792,факт,прямоугольные_металл_черный_M_L_M
40 лет Октября,3(4000-5990) (SENSE EYEWEAR) (ж)(пл) ,2024-04,2024-04-01 00:00:00,837,факт,прямоугольные_металл_черный_M_L_M
40 лет Октября,3(4000-5990) (SENSE EYEWEAR) (ж)(пл) ,2024-05,2024-05-01 00:00:00,756,факт,прямоугольные_металл_черный_M_L_M
40 лет Октября,3(4000-5990) (SENSE EYEWEAR) (ж)(пл) ,2024-06,2024-06-01 00:00:00,717,факт,прямоугольные_металл_черный_M_L_M
40 лет Октября,3(4000-5990) (SENSE EYEWEAR) (ж)(пл) ,2024-07,2024-07-01 00:00:00,822,факт,прямоугольные_металл_черный_M_L_M
40 лет Октября,3(4000-5990) (SENSE EYEWEAR) (ж)(пл) ,2024-08,2024-08-01 00:00:00,868,факт,прямоугольные_металл_черный_M_L_M
40 лет Октября,3(4000-5990) (SENSE EYEWEAR) (ж)(пл) ,2024-09,2024-09-01 00:00:00,790,факт,прямоугольные_металл_черный_M_L_M
40 лет Октября,3(4000-5990) (SENSE EYEWEAR) (ж)(пл) ,2024-10,2024-10-01 00:00:00,744,факт,прямоугольные_металл_черный_M_L_M
40 лет Октября,3(4000-5990) (SENSE EYEWEAR) (ж)(пл) ,2024-11,2024-11-01 00:00:00,730,факт,прямоугольные_металл_черный_M_L_M
40 лет Октября,3(4000-5990) (SENSE EYEWEAR) (ж)(пл) ,2024-12,2024-12-01 00:00:00,740,факт,прямоугольные_металл_черный_M_L_M
40 лет Октября,3(4000-5990) (SENSE EYEWEAR) (ж)(пл) ,2025-01,2025-01-31 14:45:54,774,прогноз,прямоугольные_металл_черный_M_L_M
40 лет Октября,3(4000-5990) (SENSE EYEWEAR) (ж)(пл) ,2025-02,2025-02-28 14:45:54,777,прогноз,прямоугольные_металл_черный_M_L_M
40 лет Октября,3(4000-5990) (SENSE EYEWEAR) (ж)(пл) ,2025-03,2025-03-31 14:45:54,779,прогноз,прямоугольные_металл_черный_M_L_M
40 лет Октября,3(4000-5990) (SENSE EYEWEAR) (м),2024-03,2024-03-01 00:00:00,792,факт,прямоугольные_металл_черный_M_L_M
40 лет Октября,3(4000-5990) (SENSE EYEWEAR) (м),2024-04,2024-04-01 00:00:00,837,факт,прямоугольные_металл_черный_M_L_M
40 лет Октября,3(4000-5990) (SENSE EYEWEAR) (м),2024-05,2024-05-01 00:00:00,756,факт,прямоугольные_металл_черный_M_L_M
40 лет Октября,3(4000-5990) (SENSE EYEWEAR) (м),2024-06,2024-06-01 00:00:00,717,факт,прямоугольные_металл_черный_M_L_M
40 лет Октября,3(4000-5990) (SENSE EYEWEAR) (м),2024-07,2024-07-01 00:00:00,822,факт,прямоугольные_металл_черный_M_L_M
40 лет Октября,3(4000-5990) (SENSE EYEWEAR) (м),2024-08,2024-08-01 00:00:00,868,факт,прямоугольные_металл_черный_M_L_M
40 лет Октября,3(4000-5990) (SENSE EYEWEAR) (м),2024-09,2024-09-01 00:00:00,790,факт,прямоугольные_металл_черный_M_L_M
40 лет Октября,3(4000-5990) (SENSE EYEWEAR) (м),2024-10,2024-10-01 00:00:00,744,факт,прямоугольные_металл_черный_M_L_M
40 лет Октября,3(4000-5990) (SENSE EYEWEAR) (м),2024-11,2024-11-01 00:00:00,730,факт,прямоугольные_металл_черный_M_L_M
40 лет Октября,3(4000-5990) (SENSE EYEWEAR) (м),2024-12,2024-12-01 00:00:00,740,факт,прямоугольные_металл_черный_M_L_M
40 лет Октября,3(4000-5990) (SENSE EYEWEAR) (м),2025-01,2025-01-31 14:45:54,774,прогноз,прямоугольные_металл_черный_M_L_M
40 лет Октября,3(4000-5990) (SENSE EYEWEAR) (м),2025-02,2025-02-28 14:45:54,777,прогноз,прямоугольные_металл_черный_M_L_M
40 лет Октября,3(4000-5990) (SENSE EYEWEAR) (м),2025-03,2025-03-31 14:45:54,779,прогноз,прямоугольные_металл_черный_M_L_M
40 лет Октября,3(4000-5990) (SENSE EYEWEAR) (у)(titan NB),2024-03,2024-03-01 00:00:00,792,факт,прямоугольные_металл_черный_M_L_M
40 лет Октября,3(4000-5990) (SENSE EYEWEAR) (у)(titan NB),2024-04,2024-04-01 00:00:00,837,факт,прямоугольные_металл_черный_M_L_M
40 лет Октября,3(4000-5990) (SENSE EYEWEAR) (у)(titan NB),2024-05,2024-05-01 00:00:00,756,факт,прямоугольные_металл_черный_M_L_M
40 лет Октября,3(4000-5990) (SENSE EYEWEAR) (у)(titan NB),2024-06,2024-06-01 00:00:00,717,факт,прямоугольные_металл_черный_M_L_M
40 лет Октября,3(4000-5990) (SENSE EYEWEAR) (у)(titan NB),2024-07,2024-07-01 00:00:00,822,факт,прямоугольные_металл_черный_M_L_M
40 лет Октября,3(4000-5990) (SENSE EYEWEAR) (у)(titan NB),2024-08,2024-08-01 00:00:00,868,факт,прямоугольные_металл_черный_M_L_M
40 лет Октября,3(4000-5990) (SENSE EYEWEAR) (у)(titan NB),2024-09,2024-09-01 00:00:00,790,факт,прямоугольные_металл_черный_M_L_M
40 лет Октября,3(4000-5990) (SENSE EYEWEAR) (у)(titan NB),2024-10,2024-10-01 00:00:00,744,факт,прямоугольные_металл_черный_M_L_M
40 лет Октября,3(4000-5990) (SENSE EYEWEAR) (у)(titan NB),2024-11,2024-11-01 00:00:00,730,факт,прямоугольные_металл_черный_M_L_M
40 лет Октября,3(4000-5990) (SENSE EYEWEAR) (у)(titan NB),2024-12,2024-12-01 00:00:00,740,факт,прямоугольные_металл_черный_M_L_M
40 лет Октября,3(4000-5990) (SENSE EYEWEAR) (у)(titan NB),2025-01,2025-01-31 14:45:54,774,прогноз,прямоугольные_металл_черный_M_L_M
40 лет Октября,3(4000-5990) (SENSE EYEWEAR) (у)(titan NB),2025-02,2025-02-28 14:45:54,777,прогноз,прямоугольные_металл_черный_M_L_M
40 лет Октября,3(4000-5990) (SENSE EYEWEAR) (у)(titan NB),2025-03,2025-03-31 14:45:54,779,прогноз,прямоугольные_металл_черный_M_L_M
40 лет Октября,4(6000-9990) (BULGET) (ж),2024-03,2024-03-01 00:00:00,792,факт,прямоугольные_металл_черный_M_L_M
40 лет Октября,4(6000-9990) (BULGET) (ж),2024-04,2024-04-01 00:00:00,837,факт,прямоугольные_металл_черный_M_L_M
40 лет Октября,4(6000-9990) (BULGET) (ж),2024-05,2024-05-01 00:00:00,756,факт,прямоугольные_металл_черный_M_L_M
40 лет Октября,4(6000-9990) (BULGET) (ж),2024-06,2024-06-01 00:00:00,717,факт,прямоугольные_металл_черный_M_L_M
40 лет Октября,4(6000-9990) (BULGET) (ж),2024-07,2024-07-01 00:00:00,822,факт,прямоугольные_металл_черный_M_L_M
40 лет Октября,4(6000-9990) (BULGET) (ж),2024-08,2024-08-01 00:00:00,868,факт,прямоугольные_металл_черный_M_L_M
40 лет Октября,4(6000-9990) (BULGET) (ж),2024-09,2024-09-01 00:00:00,790,факт,прямоугольные_металл_черный_M_L_M
40 лет Октября,4(6000-9990) (BULGET) (ж),2024-10,2024-10-01 00:00:00,744,факт,прямоугольные_металл_черный_M_L_M
40 лет Октября,4(6000-9990) (BULGET) (ж),2024-11,2024-11-01 00:00:00,730,факт,прямоугольные_металл_черный_M_L_M
40 лет Октября,4(6000-9990) (BULGET) (ж),2024-12,2024-12-01 00:00:00,740,факт,прямоугольные_металл_черный_M_L_M
40 лет Октября,4(6000-9990) (BULGET) (ж),2025-01,2025-01-31 14:45:54,774,прогноз,прямоугольные_металл_черный_M_L_M
40 лет Октября,4(6000-9990) (BULGET) (ж),2025-02,2025-02-28 14:45:54,777,прогноз,прямоугольные_металл_черный_M_L_M
40 лет Октября,4(6000-9990) (BULGET) (ж),2025-03,2025-03-31 14:45:54,779,прогноз,прямоугольные_металл_черный_M_L_M
40 лет Октября,4(6000-9990) (BULGET) (м),2024-03,2024-03-01 00:00:00,792,факт,прямоугольные_металл_черный_M_L_M
40 лет Октября,4(6000-9990) (BULGET) (м),2024-04,2024-04-01 00:00:00,837,факт,прямоугольные_металл_черный_M_L_M
40 лет Октября,4(6000-9990) (BULGET) (м),2024-05,2024-05-01 00:00:00,756,факт,прямоугольные_металл_черный_M_L_M
40 лет Октября,4(6000-9990) (BULGET) (м),2024-06,2024-06-01 00:00:00,717,факт,прямоугольные_металл_черный_M_L_M
40 лет Октября,4(6000-9990) (BULGET) (м),2024-07,2024-07-01 00:00:00,822,факт,прямоугольные_металл_черный_M_L_M
40 лет Октября,4(6000-9990) (BULGET) (м),2024-08,2024-08-01 00:00:00,868,факт,прямоугольные_металл_черный_M_L_M
40 лет Октября,4(6000-9990) (BULGET) (м),2024-09,2024-09-01 00:00:00,790,факт,прямоугольные_металл_черный_M_L_M
40 лет Октября,4(6000-9990) (BULGET) (м),2024-10,2024-10-01 00:00:00,744,факт,прямоугольные_металл_черный_M_L_M
40 лет Октября,4(6000-9990) (BULGET) (м),2024-11,2024-11-01 00:00:00,730,факт,прямоугольные_металл_черный_M_L_M
40 лет Октября,4(6000-9990) (BULGET) (м),2024-12,2024-12-01 00:00:00,740,факт,прямоугольные_металл_черный_M_L_M
40 лет Октября,4(6000-9990) (BULGET) (м),2025-01,2025-01-31 14:45:54,774,прогноз,прямоугольные_металл_черный_M_L_M
40 лет Октября,4(6000-9990) (BULGET) (м),2025-02,2025-02-28 14:45:54,777,прогноз,прямоугольные_металл_черный_M_L_M
40 лет Октября,4(6000-9990) (BULGET) (м),2025-03,2025-03-31 14:45:54,779,прогноз,прямоугольные_металл_черный_M_L_M
40 лет Октября,4(6000-9990) (ELFSPIRIT) (ж),2024-03,2024-03-01 00:00:00,792,факт,прямоугольные_металл_черный_M_L_M
40 лет Октября,4(6000-9990) (ELFSPIRIT) (ж),2024-04,2024-04-01 00:00:00,837,факт,прямоугольные_металл_черный_M_L_M
40 лет Октября,4(6000-9990) (ELFSPIRIT) (ж),2024-05,2024-05-01 00:00:00,756,факт,прямоугольные_металл_черный_M_L_M
40 лет Октября,4(6000-9990) (ELFSPIRIT) (ж),2024-06,2024-06-01 00:00:00,717,факт,прямоугольные_металл_черный_M_L_M
40 лет Октября,4(6000-9990) (ELFSPIRIT) (ж),2024-07,2024-07-01 00:00:00,822,факт,прямоугольные_металл_черный_M_L_M
40 лет Октября,4(6000-9990) (ELFSPIRIT) (ж),2024-08,2024-08-01 00:00:00,868,факт,прямоугольные_металл_черный_M_L_M
40 лет Октября,4(6000-9990) (ELFSPIRIT) (ж),2024-09,2024-09-01 00:00:00,790,факт,прямоугольные_металл_черный_M_L_M
40 лет Октября,4(6000-9990) (ELFSPIRIT) (ж),2024-10,2024-10-01 00:00:00,744,факт,прямоугольные_металл_черный_M_L_M
40 лет Октября,4(6000-9990) (ELFSPIRIT) (ж),2024-11,2024-11-01 00:00:00,730,факт,прямоугольные_металл_черный_M_L_M
40 лет Октября,4(6000-9990) (ELFSPIRIT) (ж),2024-12,2024-12-01 00:00:00,740,факт,прямоугольные_металл_черный_M_L_M
40 лет Октября,4(6000-9990) (ELFSPIRIT) (ж),2025-01,2025-01-31 14:45:54,774,прогноз,прямоугольные_металл_черный_M_L_M
40 лет Октября,4(6000-9990) (ELFSPIRIT) (ж),2025-02,2025-02-28 14:45:54,777,прогноз,прямоугольные_металл_черный_M_L_M
40 лет Октября,4(6000-9990) (ELFSPIRIT) (ж),2025-03,2025-03-31 14:45:54,779,прогноз,прямоугольные_металл_черный_M_L_M
40 лет Октября,4(6000-9990) (ELFSPIRIT) (м),2024-03,2024-03-01 00:00:00,792,факт,прямоугольные_металл_черный_M_L_M
40 лет Октября,4(6000-9990) (ELFSPIRIT) (м),2024-04,2024-04-01 00:00:00,837,факт,прямоугольные_металл_черный_M_L_M
40 лет Октября,4(6000-9990) (ELFSPIRIT) (м),2024-05,2024-05-01 00:00:00,756,факт,прямоугольные_металл_черный_M_L_M
40 лет Октября,4(6000-9990) (ELFSPIRIT) (м),2024-06,2024-06-01 00:00:00,717,факт,прямоугольные_металл_черный_M_L_M
40 лет Октября,4(6000-9990) (ELFSPIRIT) (м),2024-07,2024-07-01 00:00:00,822,факт,прямоугольные_металл_черный_M_L_M
40 лет Октября,4(6000-9990) (ELFSPIRIT) (м),2024-08,2024-08-01 00:00:00,868,факт,прямоугольные_металл_черный_M_L_M
40 лет Октября,4(6000-9990) (ELFSPIRIT) (м),2024-09,2024-09-01 00:00:00,790,факт,прямоугольные_металл_черный_M_L_M
40 лет Октября,4(6000-9990) (ELFSPIRIT) (м),2024-10,2024-10-01 00:00:00,744,факт,прямоугольные_металл_черный_M_L_M
40 лет Октября,4(6000-9990) (ELFSPIRIT) (м),2024-11,2024-11-01 00:00:00,730,факт,прямоугольные_металл_черный_M_L_M
40 лет Октября,4(6000-9990) (ELFSPIRIT) (м),2024-12,2024-12-01 00:00:00,740,факт,прямоугольные_металл_черный_M_L_M
40 лет Октября,4(6000-9990) (ELFSPIRIT) (м),2025-01,2025-01-31 14:45:54,774,прогноз,прямоугольные_металл_черный_M_L_M
40 лет Октября,4(6000-9990) (ELFSPIRIT) (м),2025-02,2025-02-28 14:45:54,777,прогноз,прямоугольные_металл_черный_M_L_M
40 лет Октября,4(6000-9990) (ELFSPIRIT) (м),2025-03,2025-03-31 14:45:54,779,прогноз,прямоугольные_металл_черный_M_L_M
40 лет Октября,4(6000-9990) (ENNI MARCO) (ж),2024-03,2024-03-01 00:00:00,792,факт,прямоугольные_металл_черный_M_L_M
40 лет Октября,4(6000-9990) (ENNI MARCO) (ж),2024-04,2024-04-01 00:00:00,837,факт,прямоугольные_металл_черный_M_L_M
40 лет Октября,4(6000-9990) (ENNI MARCO) (ж),2024-05,2024-05-01 00:00:00,756,факт,прямоугольные_металл_черный_M_L_M
40 лет Октября,4(6000-9990) (ENNI MARCO) (ж),2024-06,2024-06-01 00:00:00,717,факт,прямоугольные_металл_черный_M_L_M
40 лет Октября,4(6000-9990) (ENNI MARCO) (ж),2024-07,2024-07-01 00:00:00,822,факт,прямоугольные_металл_черный_M_L_M
40 лет Октября,4(6000-9990) (ENNI MARCO) (ж),2024-08,2024-08-01 00:00:00,868,факт,прямоугольные_металл_черный_M_L_M
40 лет Октября,4(6000-9990) (ENNI MARCO) (ж),2024-09,2024-09-01 00:00:00,790,факт,прямоугольные_металл_черный_M_L_M
40 лет Октября,4(6000-9990) (ENNI MARCO) (ж),2024-10,2024-10-01 00:00:00,744,факт,прямоугольные_металл_черный_M_L_M
40 лет Октября,4(6000-9990) (ENNI MARCO) (ж),2024-11,2024-11-01 00:00:00,730,факт,прямоугольные_металл_черный_M_L_M
40 лет Октября,4(6000-9990) (ENNI MARCO) (ж),2024-12,2024-12-01 00:00:00,740,факт,прямоугольные_металл_черный_M_L_M
40 лет Октября,4(6000-9990) (ENNI MARCO) (ж),2025-01,2025-01-31 14:45:54,774,прогноз,прямоугольные_металл_черный_M_L_M
40 лет Октября,4(6000-9990) (ENNI MARCO) (ж),2025-02,2025-02-28 14:45:54,777,прогноз,прямоугольные_металл_черный_M_L_M
40 лет Октября,4(6000-9990) (ENNI MARCO) (ж),2025-03,2025-03-31 14:45:54,779,прогноз,прямоугольные_металл_черный_M_L_M
40 лет Октября,4(6000-9990) (ENNI MARCO) (м),2024-03,2024-03-01 00:00:00,792,факт,прямоугольные_металл_черный_M_L_M
40 лет Октября,4(6000-9990) (ENNI MARCO) (м),2024-04,2024-04-01 00:00:00,837,факт,прямоугольные_металл_черный_M_L_M
40 лет Октября,4(6000-9990) (ENNI MARCO) (м),2024-05,2024-05-01 00:00:00,756,факт,прямоугольные_металл_черный_M_L_M
40 лет Октября,4(6000-9990) (ENNI MARCO) (м),2024-06,2024-06-01 00:00:00,717,факт,прямоугольные_металл_черный_M_L_M
40 лет Октября,4(6000-9990) (ENNI MARCO) (м),2024-07,2024-07-01 00:00:00,822,факт,прямоугольные_металл_черный_M_L_M
40 лет Октября,4(6000-9990) (ENNI MARCO) (м),2024-08,2024-08-01 00:00:00,868,факт,прямоугольные_металл_черный_M_L_M
40 лет Октября,4(6000-9990) (ENNI MARCO) (м),2024-09,2024-09-01 00:00:00,790,факт,прямоугольные_металл_черный_M_L_M
40 лет Октября,4(6000-9990) (ENNI MARCO) (м),2024-10,2024-10-01 00:00:00,744,факт,прямоугольные_металл_черный_M_L_M
40 лет Октября,4(6000-9990) (ENNI MARCO) (м),2024-11,2024-11-01 00:00:00,730,факт,прямоугольные_металл_черный_M_L_M
40 лет Октября,4(6000-9990) (ENNI MARCO) (м),2024-12,2024-12-01 00:00:00,740,факт,прямоугольные_металл_черный_M_L_M
40 лет Октября,4(6000-9990) (ENNI MARCO) (м),2025-01,2025-01-31 14:45:54,774,прогноз,прямоугольные_металл_черный_M_L_M
40 лет Октября,4(6000-9990) (ENNI MARCO) (м),2025-02,2025-02-28 14:45:54,777,прогноз,прямоугольные_металл_черный_M_L_M
40 лет Октября,4(6000-9990) (ENNI MARCO) (м),2025-03,2025-03-31 14:45:54,779,прогноз,прямоугольные_металл_черный_M_L_M
40 лет Октября,4(6000-9990) (LINA LATINI titanium) (ж),2024-03,2024-03-01 00:00:00,792,факт,прямоугольные_металл_черный_M_L_M
40 лет Октября,4(6000-9990) (LINA LATINI titanium) (ж),2024-04,2024-04-01 00:00:00,837,факт,прямоугольные_металл_черный_M_L_M
40 лет Октября,4(6000-9990) (LINA LATINI titanium) (ж),2024-05,2024-05-01 00:00:00,756,факт,прямоугольные_металл_черный_M_L_M
40 лет Октября,4(6000-9990) (LINA LATINI titanium) (ж),2024-06,2024-06-01 00:00:00,717,факт,прямоугольные_металл_черный_M_L_M
40 лет Октября,4(6000-9990) (LINA LATINI titanium) (ж),2024-07,2024-07-01 00:00:00,822,факт,прямоугольные_металл_черный_M_L_M
40 лет Октября,4(6000-9990) (LINA LATINI titanium) (ж),2024-08,2024-08-01 00:00:00,868,факт,прямоугольные_металл_черный_M_L_M
40 лет Октября,4(6000-9990) (LINA LATINI titanium) (ж),2024-09,2024-09-01 00:00:00,790,факт,прямоугольные_металл_черный_M_L_M
40 лет Октября,4(6000-9990) (LINA LATINI titanium) (ж),2024-10,2024-10-01 00:00:00,744,факт,прямоугольные_металл_черный_M_L_M
40 лет Октября,4(6000-9990) (LINA LATINI titanium) (ж),2024-11,2024-11-01 00:00:00,730,факт,прямоугольные_металл_черный_M_L_M
40 лет Октября,4(6000-9990) (LINA LATINI titanium) (ж),2024-12,2024-12-01 00:00:00,740,факт,прямоугольные_металл_черный_M_L_M
40 лет Октября,4(6000-9990) (LINA LATINI titanium) (ж),2025-01,2025-01-31 14:45:54,774,прогноз,прямоугольные_металл_черный_M_L_M
40 лет Октября,4(6000-9990) (LINA LATINI titanium) (ж),2025-02,2025-02-28 14:45:54,777,прогноз,прямоугольные_металл_черный_M_L_M
40 лет Октября,4(6000-9990) (LINA LATINI titanium) (ж),2025-03,2025-03-31 14:45:54,779,прогноз,прямоугольные_металл_черный_M_L_M
40 лет Октября,4(6000-9990) (MAX&CO) (ж),2024-03,2024-03-01 00:00:00,792,факт,прямоугольные_металл_черный_M_L_M
40 лет Октября,4(6000-9990) (MAX&CO) (ж),2024-04,2024-04-01 00:00:00,837,факт,прямоугольные_металл_черный_M_L_M
40 лет Октября,4(6000-9990) (MAX&CO) (ж),2024-05,2024-05-01 00:00:00,756,факт,прямоугольные_металл_черный_M_L_M
40 лет Октября,4(6000-9990) (MAX&CO) (ж),2024-06,2024-06-01 00:00:00,717,факт,прямоугольные_металл_черный_M_L_M
40 лет Октября,4(6000-9990) (MAX&CO) (ж),2024-07,2024-07-01 00:00:00,822,факт,прямоугольные_металл_черный_M_L_M
40 лет Октября,4(6000-9990) (MAX&CO) (ж),2024-08,2024-08-01 00:00:00,868,факт,прямоугольные_металл_черный_M_L_M
40 лет Октября,4(6000-9990) (MAX&CO) (ж),2024-09,2024-09-01 00:00:00,790,факт,прямоугольные_металл_черный_M_L_M
40 лет Октября,4(6000-9990) (MAX&CO) (ж),2024-10,2024-10-01 00:00:00,744,факт,прямоугольные_металл_черный_M_L_M
40 лет Октября,4(6000-9990) (MAX&CO) (ж),2024-11,2024-11-01 00:00:00,730,факт,прямоугольные_металл_черный_M_L_M
40 лет Октября,4(6000-9990) (MAX&CO) (ж),2024-12,2024-12-01 00:00:00,740,факт,прямоугольные_металл_черный_M_L_M
40 лет Октября,4(6000-9990) (MAX&CO) (ж),2025-01,2025-01-31 14:45:54,774,прогноз,прямоугольные_металл_черный_M_L_M
40 лет Октября,4(6000-9990) (MAX&CO) (ж),2025-02,2025-02-28 14:45:54,777,прогноз,прямоугольные_металл_черный_M_L_M
40 лет Октября,4(6000-9990) (MAX&CO) (ж),2025-03,2025-03-31 14:45:54,779,прогноз,прямоугольные_металл_черный_M_L_M
40 лет Октября,4(6000-9990) (MEGAPOLIS) (м),2024-03,2024-03-01 00:00:00,792,факт,прямоугольные_металл_черный_M_L_M
40 лет Октября,4(6000-9990) (MEGAPOLIS) (м),2024-04,2024-04-01 00:00:00,837,факт,прямоугольные_металл_черный_M_L_M
40 лет Октября,4(6000-9990) (MEGAPOLIS) (м),2024-05,2024-05-01 00:00:00,756,факт,прямоугольные_металл_черный_M_L_M
40 лет Октября,4(6000-9990) (MEGAPOLIS) (м),2024-06,2024-06-01 00:00:00,717,факт,прямоугольные_металл_черный_M_L_M
40 лет Октября,4(6000-9990) (MEGAPOLIS) (м),2024-07,2024-07-01 00:00:00,822,факт,прямоугольные_металл_черный_M_L_M
40 лет Октября,4(6000-9990) (MEGAPOLIS) (м),2024-08,2024-08-01 00:00:00,868,факт,прямоугольные_металл_черный_M_L_M
40 лет Октября,4(6000-9990) (MEGAPOLIS) (м),2024-09,2024-09-01 00:00:00,790,факт,прямоугольные_металл_черный_M_L_M
40 лет Октября,4(6000-9990) (MEGAPOLIS) (м),2024-10,2024-10-01 00:00:00,744,факт,прямоугольные_металл_черный_M_L_M
40 лет Октября,4(6000-9990) (MEGAPOLIS) (м),2024-11,2024-11-01 00:00:00,730,факт,прямоугольные_металл_черный_M_L_M
40 лет Октября,4(6000-9990) (MEGAPOLIS) (м),2024-12,2024-12-01 00:00:00,740,факт,прямоугольные_металл_черный_M_L_M
40 лет Октября,4(6000-9990) (MEGAPOLIS) (м),2025-01,2025-01-31 14:45:54,774,прогноз,прямоугольные_металл_черный_M_L_M
40 лет Октября,4(6000-9990) (MEGAPOLIS) (м),2025-02,2025-02-28 14:45:54,777,прогноз,прямоугольные_металл_черный_M_L_M
40 лет Октября,4(6000-9990) (MEGAPOLIS) (м),2025-03,2025-03-31 14:45:54,779,прогноз,прямоугольные_металл_черный_M_L_M
40 лет Октября,4(6000-9990) (NEOLOOK) (ж),2024-03,2024-03-01 00:00:00,792,факт,прямоугольные_металл_черный_M_L_M
40 лет Октября,4(6000-9990) (NEOLOOK) (ж),2024-04,2024-04-01 00:00:00,837,факт,прямоугольные_металл_черный_M_L_M
40 лет Октября,4(6000-9990) (NEOLOOK) (ж),2024-05,2024-05-01 00:00:00,756,факт,прямоугольные_металл_черный_M_L_M
40 лет Октября,4(6000-9990) (NEOLOOK) (ж),2024-06,2024-06-01 00:00:00,717,факт,прямоугольные_металл_черный_M_L_M
40 лет Октября,4(6000-9990) (NEOLOOK) (ж),2024-07,2024-07-01 00:00:00,822,факт,прямоугольные_металл_черный_M_L_M
40 лет Октября,4(6000-9990) (NEOLOOK) (ж),2024-08,2024-08-01 00:00:00,868,факт,прямоугольные_металл_черный_M_L_M
40 лет Октября,4(6000-9990) (NEOLOOK) (ж),2024-09,2024-09-01 00:00:00,790,факт,прямоугольные_металл_черный_M_L_M
40 лет Октября,4(6000-9990) (NEOLOOK) (ж),2024-10,2024-10-01 00:00:00,744,факт,прямоугольные_металл_черный_M_L_M
40 лет Октября,4(6000-9990) (NEOLOOK) (ж),2024-11,2024-11-01 00:00:00,730,факт,прямоугольные_металл_черный_M_L_M
40 лет Октября,4(6000-9990) (NEOLOOK) (ж),2024-12,2024-12-01 00:00:00,740,факт,прямоугольные_металл_черный_M_L_M
40 лет Октября,4(6000-9990) (NEOLOOK) (ж),2025-01,2025-01-31 14:45:54,774,прогноз,прямоугольные_металл_черный_M_L_M
40 лет Октября,4(6000-9990) (NEOLOOK) (ж),2025-02,2025-02-28 14:45:54,777,прогноз,прямоугольные_металл_черный_M_L_M
40 лет Октября,4(6000-9990) (NEOLOOK) (ж),2025-03,2025-03-31 14:45:54,779,прогноз,прямоугольные_металл_черный_M_L_M
40 лет Октября,4(6000-9990) (NEOLOOK) (м),2024-03,2024-03-01 00:00:00,792,факт,прямоугольные_металл_черный_M_L_M
40 лет Октября,4(6000-9990) (NEOLOOK) (м),2024-04,2024-04-01 00:00:00,837,факт,прямоугольные_металл_черный_M_L_M
40 лет Октября,4(6000-9990) (NEOLOOK) (м),2024-05,2024-05-01 00:00:00,756,факт,прямоугольные_металл_черный_M_L_M
40 лет Октября,4(6000-9990) (NEOLOOK) (м),2024-06,2024-06-01 00:00:00,717,факт,прямоугольные_металл_черный_M_L_M
40 лет Октября,4(6000-9990) (NEOLOOK) (м),2024-07,2024-07-01 00:00:00,822,факт,прямоугольные_металл_черный_M_L_M
40 лет Октября,4(6000-9990) (NEOLOOK) (м),2024-08,2024-08-01 00:00:00,868,факт,прямоугольные_металл_черный_M_L_M
40 лет Октября,4(6000-9990) (NEOLOOK) (м),2024-09,2024-09-01 00:00:00,790,факт,прямоугольные_металл_черный_M_L_M
40 лет Октября,4(6000-9990) (NEOLOOK) (м),2024-10,2024-10-01 00:00:00,744,факт,прямоугольные_металл_черный_M_L_M
40 лет Октября,4(6000-9990) (NEOLOOK) (м),2024-11,2024-11-01 00:00:00,730,факт,прямоугольные_металл_черный_M_L_M
40 лет Октября,4(6000-9990) (NEOLOOK) (м),2024-12,2024-12-01 00:00:00,740,факт,прямоугольные_металл_черный_M_L_M
40 лет Октября,4(6000-9990) (NEOLOOK) (м),2025-01,2025-01-31 14:45:54,774,прогноз,прямоугольные_металл_черный_M_L_M
40 лет Октября,4(6000-9990) (NEOLOOK) (м),2025-02,2025-02-28 14:45:54,777,прогноз,прямоугольные_металл_черный_M_L_M
40 лет Октября,4(6000-9990) (NEOLOOK) (м),2025-03,2025-03-31 14:45:54,779,прогноз,прямоугольные_металл_черный_M_L_M
40 лет Октября,4(6000-9990) (OU) (м),2024-03,2024-03-01 00:00:00,792,факт,прямоугольные_металл_черный_M_L_M
40 лет Октября,4(6000-9990) (OU) (м),2024-04,2024-04-01 00:00:00,837,факт,прямоугольные_металл_черный_M_L_M
40 лет Октября,4(6000-9990) (OU) (м),2024-05,2024-05-01 00:00:00,756,факт,прямоугольные_металл_черный_M_L_M
40 лет Октября,4(6000-9990) (OU) (м),2024-06,2024-06-01 00:00:00,717,факт,прямоугольные_металл_черный_M_L_M
40 лет Октября,4(6000-9990) (OU) (м),2024-07,2024-07-01 00:00:00,822,факт,прямоугольные_металл_черный_M_L_M
40 лет Октября,4(6000-9990) (OU) (м),2024-08,2024-08-01 00:00:00,868,факт,прямоугольные_металл_черный_M_L_M
40 лет Октября,4(6000-9990) (OU) (м),2024-09,2024-09-01 00:00:00,790,факт,прямоугольные_металл_черный_M_L_M
40 лет Октября,4(6000-9990) (OU) (м),2024-10,2024-10-01 00:00:00,744,факт,прямоугольные_металл_черный_M_L_M
40 лет Октября,4(6000-9990) (OU) (м),2024-11,2024-11-01 00:00:00,730,факт,прямоугольные_металл_черный_M_L_M
40 лет Октября,4(6000-9990) (OU) (м),2024-12,2024-12-01 00:00:00,740,факт,прямоугольные_металл_черный_M_L_M
40 лет Октября,4(6000-9990) (OU) (м),2025-01,2025-01-31 14:45:54,774,прогноз,прямоугольные_металл_черный_M_L_M
40 лет Октября,4(6000-9990) (OU) (м),2025-02,2025-02-28 14:45:54,777,прогноз,прямоугольные_металл_черный_M_L_M
40 лет Октября,4(6000-9990) (OU) (м),2025-03,2025-03-31 14:45:54,779,прогноз,прямоугольные_металл_черный_M_L_M
40 лет Октября,4(6000-9990) (SEEBLING титановые) (ж) ,2024-03,2024-03-01 00:00:00,792,факт,прямоугольные_металл_черный_M_L_M
40 лет Октября,4(6000-9990) (SEEBLING титановые) (ж) ,2024-04,2024-04-01 00:00:00,837,факт,прямоугольные_металл_черный_M_L_M
40 лет Октября,4(6000-9990) (SEEBLING титановые) (ж) ,2024-05,2024-05-01 00:00:00,756,факт,прямоугольные_металл_черный_M_L_M
40 лет Октября,4(6000-9990) (SEEBLING титановые) (ж) ,2024-06,2024-06-01 00:00:00,717,факт,прямоугольные_металл_черный_M_L_M
40 лет Октября,4(6000-9990) (SEEBLING титановые) (ж) ,2024-07,2024-07-01 00:00:00,822,факт,прямоугольные_металл_черный_M_L_M
40 лет Октября,4(6000-9990) (SEEBLING титановые) (ж) ,2024-08,2024-08-01 00:00:00,868,факт,прямоугольные_металл_черный_M_L_M
40 лет Октября,4(6000-9990) (SEEBLING титановые) (ж) ,2024-09,2024-09-01 00:00:00,790,факт,прямоугольные_металл_черный_M_L_M
40 лет Октября,4(6000-9990) (SEEBLING титановые) (ж) ,2024-10,2024-10-01 00:00:00,744,факт,прямоугольные_металл_черный_M_L_M
40 лет Октября,4(6000-9990) (SEEBLING титановые) (ж) ,2024-11,2024-11-01 00:00:00,730,факт,прямоугольные_металл_черный_M_L_M
40 лет Октября,4(6000-9990) (SEEBLING титановые) (ж) ,2024-12,2024-12-01 00:00:00,740,факт,прямоугольные_металл_черный_M_L_M
40 лет Октября,4(6000-9990) (SEEBLING титановые) (ж) ,2025-01,2025-01-31 14:45:54,774,прогноз,прямоугольные_металл_черный_M_L_M
40 лет Октября,4(6000-9990) (SEEBLING титановые) (ж) ,2025-02,2025-02-28 14:45:54,777,прогноз,прямоугольные_металл_черный_M_L_M
40 лет Октября,4(6000-9990) (SEEBLING титановые) (ж) ,2025-03,2025-03-31 14:45:54,779,прогноз,прямоугольные_металл_черный_M_L_M
40 лет Октября,4(6000-9990) (SEEBLING титановые) (м) ,2024-03,2024-03-01 00:00:00,792,факт,прямоугольные_металл_черный_M_L_M
40 лет Октября,4(6000-9990) (SEEBLING титановые) (м) ,2024-04,2024-04-01 00:00:00,837,факт,прямоугольные_металл_черный_M_L_M
40 лет Октября,4(6000-9990) (SEEBLING титановые) (м) ,2024-05,2024-05-01 00:00:00,756,факт,прямоугольные_металл_черный_M_L_M
40 лет Октября,4(6000-9990) (SEEBLING титановые) (м) ,2024-06,2024-06-01 00:00:00,717,факт,прямоугольные_металл_черный_M_L_M
40 лет Октября,4(6000-9990) (SEEBLING титановые) (м) ,2024-07,2024-07-01 00:00:00,822,факт,прямоугольные_металл_черный_M_L_M
40 лет Октября,4(6000-9990) (SEEBLING титановые) (м) ,2024-08,2024-08-01 00:00:00,868,факт,прямоугольные_металл_черный_M_L_M
40 лет Октября,4(6000-9990) (SEEBLING титановые) (м) ,2024-09,2024-09-01 00:00:00,790,факт,прямоугольные_металл_черный_M_L_M
40 лет Октября,4(6000-9990) (SEEBLING титановые) (м) ,2024-10,2024-10-01 00:00:00,744,факт,прямоугольные_металл_черный_M_L_M
40 лет Октября,4(6000-9990) (SEEBLING титановые) (м) ,2024-11,2024-11-01 00:00:00,730,факт,прямоугольные_металл_черный_M_L_M
40 лет Октября,4(6000-9990) (SEEBLING титановые) (м) ,2024-12,2024-12-01 00:00:00,740,факт,прямоугольные_металл_черный_M_L_M
40 лет Октября,4(6000-9990) (SEEBLING титановые) (м) ,2025-01,2025-01-31 14:45:54,774,прогноз,прямоугольные_металл_черный_M_L_M
40 лет Октября,4(6000-9990) (SEEBLING титановые) (м) ,2025-02,2025-02-28 14:45:54,777,прогноз,прямоугольные_металл_черный_M_L_M
40 лет Октября,4(6000-9990) (SEEBLING титановые) (м) ,2025-03,2025-03-31 14:45:54,779,прогноз,прямоугольные_металл_черный_M_L_M
40 лет Октября,4(6000-9990) (SFEROFLEX) (ж),2024-03,2024-03-01 00:00:00,792,факт,прямоугольные_металл_черный_M_L_M
40 лет Октября,4(6000-9990) (SFEROFLEX) (ж),2024-04,2024-04-01 00:00:00,837,факт,прямоугольные_металл_черный_M_L_M
40 лет Октября,4(6000-9990) (SFEROFLEX) (ж),2024-05,2024-05-01 00:00:00,756,факт,прямоугольные_металл_черный_M_L_M
40 лет Октября,4(6000-9990) (SFEROFLEX) (ж),2024-06,2024-06-01 00:00:00,717,факт,прямоугольные_металл_черный_M_L_M
40 лет Октября,4(6000-9990) (SFEROFLEX) (ж),2024-07,2024-07-01 00:00:00,822,факт,прямоугольные_металл_черный_M_L_M
40 лет Октября,4(6000-9990) (SFEROFLEX) (ж),2024-08,2024-08-01 00:00:00,868,факт,прямоугольные_металл_черный_M_L_M
40 лет Октября,4(6000-9990) (SFEROFLEX) (ж),2024-09,2024-09-01 00:00:00,790,факт,прямоугольные_металл_черный_M_L_M
40 лет Октября,4(6000-9990) (SFEROFLEX) (ж),2024-10,2024-10-01 00:00:00,744,факт,прямоугольные_металл_черный_M_L_M
40 лет Октября,4(6000-9990) (SFEROFLEX) (ж),2024-11,2024-11-01 00:00:00,730,факт,прямоугольные_металл_черный_M_L_M
40 лет Октября,4(6000-9990) (SFEROFLEX) (ж),2024-12,2024-12-01 00:00:00,740,факт,прямоугольные_металл_черный_M_L_M
40 лет Октября,4(6000-9990) (SFEROFLEX) (ж),2025-01,2025-01-31 14:45:54,774,прогноз,прямоугольные_металл_черный_M_L_M
40 лет Октября,4(6000-9990) (SFEROFLEX) (ж),2025-02,2025-02-28 14:45:54,777,прогноз,прямоугольные_металл_черный_M_L_M
40 лет Октября,4(6000-9990) (SFEROFLEX) (ж),2025-03,2025-03-31 14:45:54,779,прогноз,прямоугольные_металл_черный_M_L_M
40 лет Октября,4(6000-9990) (SFEROFLEX) (м),2024-03,2024-03-01 00:00:00,792,факт,прямоугольные_металл_черный_M_L_M
40 лет Октября,4(6000-9990) (SFEROFLEX) (м),2024-04,2024-04-01 00:00:00,837,факт,прямоугольные_металл_черный_M_L_M
40 лет Октября,4(6000-9990) (SFEROFLEX) (м),2024-05,2024-05-01 00:00:00,756,факт,прямоугольные_металл_черный_M_L_M
40 лет Октября,4(6000-9990) (SFEROFLEX) (м),2024-06,2024-06-01 00:00:00,717,факт,прямоугольные_металл_черный_M_L_M
40 лет Октября,4(6000-9990) (SFEROFLEX) (м),2024-07,2024-07-01 00:00:00,822,факт,прямоугольные_металл_черный_M_L_M
40 лет Октября,4(6000-9990) (SFEROFLEX) (м),2024-08,2024-08-01 00:00:00,868,факт,прямоугольные_металл_черный_M_L_M
40 лет Октября,4(6000-9990) (SFEROFLEX) (м),2024-09,2024-09-01 00:00:00,790,факт,прямоугольные_металл_черный_M_L_M
40 лет Октября,4(6000-9990) (SFEROFLEX) (м),2024-10,2024-10-01 00:00:00,744,факт,прямоугольные_металл_черный_M_L_M
40 лет Октября,4(6000-9990) (SFEROFLEX) (м),2024-11,2024-11-01 00:00:00,730,факт,прямоугольные_металл_черный_M_L_M
40 лет Октября,4(6000-9990) (SFEROFLEX) (м),2024-12,2024-12-01 00:00:00,740,факт,прямоугольные_металл_черный_M_L_M
40 лет Октября,4(6000-9990) (SFEROFLEX) (м),2025-01,2025-01-31 14:45:54,774,прогноз,прямоугольные_металл_черный_M_L_M
40 лет Октября,4(6000-9990) (SFEROFLEX) (м),2025-02,2025-02-28 14:45:54,777,прогноз,прямоугольные_металл_черный_M_L_M
40 лет Октября,4(6000-9990) (SFEROFLEX) (м),2025-03,2025-03-31 14:45:54,779,прогноз,прямоугольные_металл_черный_M_L_M
40 лет Октября,4(6000-9990) (WILLIAM MORRIS) (ж),2024-03,2024-03-01 00:00:00,792,факт,прямоугольные_металл_черный_M_L_M
40 лет Октября,4(6000-9990) (WILLIAM MORRIS) (ж),2024-04,2024-04-01 00:00:00,837,факт,прямоугольные_металл_черный_M_L_M
40 лет Октября,4(6000-9990) (WILLIAM MORRIS) (ж),2024-05,2024-05-01 00:00:00,756,факт,прямоугольные_металл_черный_M_L_M
40 лет Октября,4(6000-9990) (WILLIAM MORRIS) (ж),2024-06,2024-06-01 00:00:00,717,факт,прямоугольные_металл_черный_M_L_M
40 лет Октября,4(6000-9990) (WILLIAM MORRIS) (ж),2024-07,2024-07-01 00:00:00,822,факт,прямоугольные_металл_черный_M_L_M
40 лет Октября,4(6000-9990) (WILLIAM MORRIS) (ж),2024-08,2024-08-01 00:00:00,868,факт,прямоугольные_металл_черный_M_L_M
40 лет Октября,4(6000-9990) (WILLIAM MORRIS) (ж),2024-09,2024-09-01 00:00:00,790,факт,прямоугольные_металл_черный_M_L_M
40 лет Октября,4(6000-9990) (WILLIAM MORRIS) (ж),2024-10,2024-10-01 00:00:00,744,факт,прямоугольные_металл_черный_M_L_M
40 лет Октября,4(6000-9990) (WILLIAM MORRIS) (ж),2024-11,2024-11-01 00:00:00,730,факт,прямоугольные_металл_черный_M_L_M
40 лет Октября,4(6000-9990) (WILLIAM MORRIS) (ж),2024-12,2024-12-01 00:00:00,740,факт,прямоугольные_металл_черный_M_L_M
40 лет Октября,4(6000-9990) (WILLIAM MORRIS) (ж),2025-01,2025-01-31 14:45:54,774,прогноз,прямоугольные_металл_черный_M_L_M
40 лет Октября,4(6000-9990) (WILLIAM MORRIS) (ж),2025-02,2025-02-28 14:45:54,777,прогноз,прямоугольные_металл_черный_M_L_M
40 лет Октября,4(6000-9990) (WILLIAM MORRIS) (ж),2025-03,2025-03-31 14:45:54,779,прогноз,прямоугольные_металл_черный_M_L_M
40 лет Октября,5(10000-24990) (ANA HICKMANN) (ж),2024-03,2024-03-01 00:00:00,792,факт,прямоугольные_металл_черный_M_L_M
40 лет Октября,5(10000-24990) (ANA HICKMANN) (ж),2024-04,2024-04-01 00:00:00,837,факт,прямоугольные_металл_черный_M_L_M
40 лет Октября,5(10000-24990) (ANA HICKMANN) (ж),2024-05,2024-05-01 00:00:00,756,факт,прямоугольные_металл_черный_M_L_M
40 лет Октября,5(10000-24990) (ANA HICKMANN) (ж),2024-06,2024-06-01 00:00:00,717,факт,прямоугольные_металл_черный_M_L_M
40 лет Октября,5(10000-24990) (ANA HICKMANN) (ж),2024-07,2024-07-01 00:00:00,822,факт,прямоугольные_металл_черный_M_L_M
40 лет Октября,5(10000-24990) (ANA HICKMANN) (ж),2024-08,2024-08-01 00:00:00,868,факт,прямоугольные_металл_черный_M_L_M
40 лет Октября,5(10000-24990) (ANA HICKMANN) (ж),2024-09,2024-09-01 00:00:00,790,факт,прямоугольные_металл_черный_M_L_M
40 лет Октября,5(10000-24990) (ANA HICKMANN) (ж),2024-10,2024-10-01 00:00:00,744,факт,прямоугольные_металл_черный_M_L_M
40 лет Октября,5(10000-24990) (ANA HICKMANN) (ж),2024-11,2024-11-01 00:00:00,730,факт,прямоугольные_металл_черный_M_L_M
40 лет Октября,5(10000-24990) (ANA HICKMANN) (ж),2024-12,2024-12-01 00:00:00,740,факт,прямоугольные_металл_черный_M_L_M
40 лет Октября,5(10000-24990) (ANA HICKMANN) (ж),2025-01,2025-01-31 14:45:54,774,прогноз,прямоугольные_металл_черный_M_L_M
40 лет Октября,5(10000-24990) (ANA HICKMANN) (ж),2025-02,2025-02-28 14:45:54,777,прогноз,прямоугольные_металл_черный_M_L_M
40 лет Октября,5(10000-24990) (ANA HICKMANN) (ж),2025-03,2025-03-31 14:45:54,779,прогноз,прямоугольные_металл_черный_M_L_M
40 лет Октября,5(10000-24990) (BOSS/HUGO BOSS) (м),2024-03,2024-03-01 00:00:00,792,факт,прямоугольные_металл_черный_M_L_M
40 лет Октября,5(10000-24990) (BOSS/HUGO BOSS) (м),2024-04,2024-04-01 00:00:00,837,факт,прямоугольные_металл_черный_M_L_M
40 лет Октября,5(10000-24990) (BOSS/HUGO BOSS) (м),2024-05,2024-05-01 00:00:00,756,факт,прямоугольные_металл_черный_M_L_M
40 лет Октября,5(10000-24990) (BOSS/HUGO BOSS) (м),2024-06,2024-06-01 00:00:00,717,факт,прямоугольные_металл_черный_M_L_M
40 лет Октября,5(10000-24990) (BOSS/HUGO BOSS) (м),2024-07,2024-07-01 00:00:00,822,факт,прямоугольные_металл_черный_M_L_M
40 лет Октября,5(10000-24990) (BOSS/HUGO BOSS) (м),2024-08,2024-08-01 00:00:00,868,факт,прямоугольные_металл_черный_M_L_M
40 лет Октября,5(10000-24990) (BOSS/HUGO BOSS) (м),2024-09,2024-09-01 00:00:00,790,факт,прямоугольные_металл_черный_M_L_M
40 лет Октября,5(10000-24990) (BOSS/HUGO BOSS) (м),2024-10,2024-10-01 00:00:00,744,факт,прямоугольные_металл_черный_M_L_M
40 лет Октября,5(10000-24990) (BOSS/HUGO BOSS) (м),2024-11,2024-11-01 00:00:00,730,факт,прямоугольные_металл_черный_M_L_M
40 лет Октября,5(10000-24990) (BOSS/HUGO BOSS) (м),2024-12,2024-12-01 00:00:00,740,факт,прямоугольные_металл_черный_M_L_M
40 лет Октября,5(10000-24990) (BOSS/HUGO BOSS) (м),2025-01,2025-01-31 14:45:54,774,прогноз,прямоугольные_металл_черный_M_L_M
40 лет Октября,5(10000-24990) (BOSS/HUGO BOSS) (м),2025-02,2025-02-28 14:45:54,777,прогноз,прямоугольные_металл_черный_M_L_M
40 лет Октября,5(10000-24990) (BOSS/HUGO BOSS) (м),2025-03,2025-03-31 14:45:54,779,прогноз,прямоугольные_металл_черный_M_L_M
40 лет Октября,5(10000-24990) (CARRERA) (м),2024-03,2024-03-01 00:00:00,792,факт,прямоугольные_металл_черный_M_L_M
40 лет Октября,5(10000-24990) (CARRERA) (м),2024-04,2024-04-01 00:00:00,837,факт,прямоугольные_металл_черный_M_L_M
40 лет Октября,5(10000-24990) (CARRERA) (м),2024-05,2024-05-01 00:00:00,756,факт,прямоугольные_металл_черный_M_L_M
40 лет Октября,5(10000-24990) (CARRERA) (м),2024-06,2024-06-01 00:00:00,717,факт,прямоугольные_металл_черный_M_L_M
40 лет Октября,5(10000-24990) (CARRERA) (м),2024-07,2024-07-01 00:00:00,822,факт,прямоугольные_металл_черный_M_L_M
40 лет Октября,5(10000-24990) (CARRERA) (м),2024-08,2024-08-01 00:00:00,868,факт,прямоугольные_металл_черный_M_L_M
40 лет Октября,5(10000-24990) (CARRERA) (м),2024-09,2024-09-01 00:00:00,790,факт,прямоугольные_металл_черный_M_L_M
40 лет Октября,5(10000-24990) (CARRERA) (м),2024-10,2024-10-01 00:00:00,744,факт,прямоугольные_металл_черный_M_L_M
40 лет Октября,5(10000-24990) (CARRERA) (м),2024-11,2024-11-01 00:00:00,730,факт,прямоугольные_металл_черный_M_L_M
40 лет Октября,5(10000-24990) (CARRERA) (м),2024-12,2024-12-01 00:00:00,740,факт,прямоугольные_металл_черный_M_L_M
40 лет Октября,5(10000-24990) (CARRERA) (м),2025-01,2025-01-31 14:45:54,774,прогноз,прямоугольные_металл_черный_M_L_M
40 лет Октября,5(10000-24990) (CARRERA) (м),2025-02,2025-02-28 14:45:54,777,прогноз,прямоугольные_металл_черный_M_L_M
40 лет Октября,5(10000-24990) (CARRERA) (м),2025-03,2025-03-31 14:45:54,779,прогноз,прямоугольные_металл_черный_M_L_M
40 лет Октября,5(10000-24990) (CERUTTI) (м),2024-03,2024-03-01 00:00:00,792,факт,прямоугольные_металл_черный_M_L_M
40 лет Октября,5(10000-24990) (CERUTTI) (м),2024-04,2024-04-01 00:00:00,837,факт,прямоугольные_металл_черный_M_L_M
40 лет Октября,5(10000-24990) (CERUTTI) (м),2024-05,2024-05-01 00:00:00,756,факт,прямоугольные_металл_черный_M_L_M
40 лет Октября,5(10000-24990) (CERUTTI) (м),2024-06,2024-06-01 00:00:00,717,факт,прямоугольные_металл_черный_M_L_M
40 лет Октября,5(10000-24990) (CERUTTI) (м),2024-07,2024-07-01 00:00:00,822,факт,прямоугольные_металл_черный_M_L_M
40 лет Октября,5(10000-24990) (CERUTTI) (м),2024-08,2024-08-01 00:00:00,868,факт,прямоугольные_металл_черный_M_L_M
40 лет Октября,5(10000-24990) (CERUTTI) (м),2024-09,2024-09-01 00:00:00,790,факт,прямоугольные_металл_черный_M_L_M
40 лет Октября,5(10000-24990) (CERUTTI) (м),2024-10,2024-10-01 00:00:00,744,факт,прямоугольные_металл_черный_M_L_M
40 лет Октября,5(10000-24990) (CERUTTI) (м),2024-11,2024-11-01 00:00:00,730,факт,прямоугольные_металл_черный_M_L_M
40 лет Октября,5(10000-24990) (CERUTTI) (м),2024-12,2024-12-01 00:00:00,740,факт,прямоугольные_металл_черный_M_L_M
40 лет Октября,5(10000-24990) (CERUTTI) (м),2025-01,2025-01-31 14:45:54,774,прогноз,прямоугольные_металл_черный_M_L_M
40 лет Октября,5(10000-24990) (CERUTTI) (м),2025-02,2025-02-28 14:45:54,777,прогноз,прямоугольные_металл_черный_M_L_M
40 лет Октября,5(10000-24990) (CERUTTI) (м),2025-03,2025-03-31 14:45:54,779,прогноз,прямоугольные_металл_черный_M_L_M
40 лет Октября,5(10000-24990) (DAVID BECKHEM) (м),2024-03,2024-03-01 00:00:00,792,факт,прямоугольные_металл_черный_M_L_M
40 лет Октября,5(10000-24990) (DAVID BECKHEM) (м),2024-04,2024-04-01 00:00:00,837,факт,прямоугольные_металл_черный_M_L_M
40 лет Октября,5(10000-24990) (DAVID BECKHEM) (м),2024-05,2024-05-01 00:00:00,756,факт,прямоугольные_металл_черный_M_L_M
40 лет Октября,5(10000-24990) (DAVID BECKHEM) (м),2024-06,2024-06-01 00:00:00,717,факт,прямоугольные_металл_черный_M_L_M
40 лет Октября,5(10000-24990) (DAVID BECKHEM) (м),2024-07,2024-07-01 00:00:00,822,факт,прямоугольные_металл_черный_M_L_M
40 лет Октября,5(10000-24990) (DAVID BECKHEM) (м),2024-08,2024-08-01 00:00:00,868,факт,прямоугольные_металл_черный_M_L_M
40 лет Октября,5(10000-24990) (DAVID BECKHEM) (м),2024-09,2024-09-01 00:00:00,790,факт,прямоугольные_металл_черный_M_L_M
40 лет Октября,5(10000-24990) (DAVID BECKHEM) (м),2024-10,2024-10-01 00:00:00,744,факт,прямоугольные_металл_черный_M_L_M
40 лет Октября,5(10000-24990) (DAVID BECKHEM) (м),2024-11,2024-11-01 00:00:00,730,факт,прямоугольные_металл_черный_M_L_M
40 лет Октября,5(10000-24990) (DAVID BECKHEM) (м),2024-12,2024-12-01 00:00:00,740,факт,прямоугольные_металл_черный_M_L_M
40 лет Октября,5(10000-24990) (DAVID BECKHEM) (м),2025-01,2025-01-31 14:45:54,774,прогноз,прямоугольные_металл_черный_M_L_M
40 лет Октября,5(10000-24990) (DAVID BECKHEM) (м),2025-02,2025-02-28 14:45:54,777,прогноз,прямоугольные_металл_черный_M_L_M
40 лет Октября,5(10000-24990) (DAVID BECKHEM) (м),2025-03,2025-03-31 14:45:54,779,прогноз,прямоугольные_металл_черный_M_L_M
40 лет Октября,5(10000-24990) (EMILIA) (ж),2024-03,2024-03-01 00:00:00,792,факт,прямоугольные_металл_черный_M_L_M
40 лет Октября,5(10000-24990) (EMILIA) (ж),2024-04,2024-04-01 00:00:00,837,факт,прямоугольные_металл_черный_M_L_M
40 лет Октября,5(10000-24990) (EMILIA) (ж),2024-05,2024-05-01 00:00:00,756,факт,прямоугольные_металл_черный_M_L_M
40 лет Октября,5(10000-24990) (EMILIA) (ж),2024-06,2024-06-01 00:00:00,717,факт,прямоугольные_металл_черный_M_L_M
40 лет Октября,5(10000-24990) (EMILIA) (ж),2024-07,2024-07-01 00:00:00,822,факт,прямоугольные_металл_черный_M_L_M
40 лет Октября,5(10000-24990) (EMILIA) (ж),2024-08,2024-08-01 00:00:00,868,факт,прямоугольные_металл_черный_M_L_M
40 лет Октября,5(10000-24990) (EMILIA) (ж),2024-09,2024-09-01 00:00:00,790,факт,прямоугольные_металл_черный_M_L_M
40 лет Октября,5(10000-24990) (EMILIA) (ж),2024-10,2024-10-01 00:00:00,744,факт,прямоугольные_металл_черный_M_L_M
40 лет Октября,5(10000-24990) (EMILIA) (ж),2024-11,2024-11-01 00:00:00,730,факт,прямоугольные_металл_черный_M_L_M
40 лет Октября,5(10000-24990) (EMILIA) (ж),2024-12,2024-12-01 00:00:00,740,факт,прямоугольные_металл_черный_M_L_M
40 лет Октября,5(10000-24990) (EMILIA) (ж),2025-01,2025-01-31 14:45:54,774,прогноз,прямоугольные_металл_черный_M_L_M
40 лет Октября,5(10000-24990) (EMILIA) (ж),2025-02,2025-02-28 14:45:54,777,прогноз,прямоугольные_металл_черный_M_L_M
40 лет Октября,5(10000-24990) (EMILIA) (ж),2025-03,2025-03-31 14:45:54,779,прогноз,прямоугольные_металл_черный_M_L_M
40 лет Октября,5(10000-24990) (EMPORIO ARMANI) (м),2024-03,2024-03-01 00:00:00,792,факт,прямоугольные_металл_черный_M_L_M
40 лет Октября,5(10000-24990) (EMPORIO ARMANI) (м),2024-04,2024-04-01 00:00:00,837,факт,прямоугольные_металл_черный_M_L_M
40 лет Октября,5(10000-24990) (EMPORIO ARMANI) (м),2024-05,2024-05-01 00:00:00,756,факт,прямоугольные_металл_черный_M_L_M
40 лет Октября,5(10000-24990) (EMPORIO ARMANI) (м),2024-06,2024-06-01 00:00:00,717,факт,прямоугольные_металл_черный_M_L_M
40 лет Октября,5(10000-24990) (EMPORIO ARMANI) (м),2024-07,2024-07-01 00:00:00,822,факт,прямоугольные_металл_черный_M_L_M
40 лет Октября,5(10000-24990) (EMPORIO ARMANI) (м),2024-08,2024-08-01 00:00:00,868,факт,прямоугольные_металл_черный_M_L_M
40 лет Октября,5(10000-24990) (EMPORIO ARMANI) (м),2024-09,2024-09-01 00:00:00,790,факт,прямоугольные_металл_черный_M_L_M
40 лет Октября,5(10000-24990) (EMPORIO ARMANI) (м),2024-10,2024-10-01 00:00:00,744,факт,прямоугольные_металл_черный_M_L_M
40 лет Октября,5(10000-24990) (EMPORIO ARMANI) (м),2024-11,2024-11-01 00:00:00,730,факт,прямоугольные_металл_черный_M_L_M
40 лет Октября,5(10000-24990) (EMPORIO ARMANI) (м),2024-12,2024-12-01 00:00:00,740,факт,прямоугольные_металл_черный_M_L_M
40 лет Октября,5(10000-24990) (EMPORIO ARMANI) (м),2025-01,2025-01-31 14:45:54,774,прогноз,прямоугольные_металл_черный_M_L_M
40 лет Октября,5(10000-24990) (EMPORIO ARMANI) (м),2025-02,2025-02-28 14:45:54,777,прогноз,прямоугольные_металл_черный_M_L_M
40 лет Октября,5(10000-24990) (EMPORIO ARMANI) (м),2025-03,2025-03-31 14:45:54,779,прогноз,прямоугольные_металл_черный_M_L_M
40 лет Октября,5(10000-24990) (ETRO) (ж),2024-03,2024-03-01 00:00:00,792,факт,прямоугольные_металл_черный_M_L_M
40 лет Октября,5(10000-24990) (ETRO) (ж),2024-04,2024-04-01 00:00:00,837,факт,прямоугольные_металл_черный_M_L_M
40 лет Октября,5(10000-24990) (ETRO) (ж),2024-05,2024-05-01 00:00:00,756,факт,прямоугольные_металл_черный_M_L_M
40 лет Октября,5(10000-24990) (ETRO) (ж),2024-06,2024-06-01 00:00:00,717,факт,прямоугольные_металл_черный_M_L_M
40 лет Октября,5(10000-24990) (ETRO) (ж),2024-07,2024-07-01 00:00:00,822,факт,прямоугольные_металл_черный_M_L_M
40 лет Октября,5(10000-24990) (ETRO) (ж),2024-08,2024-08-01 00:00:00,868,факт,прямоугольные_металл_черный_M_L_M
40 лет Октября,5(10000-24990) (ETRO) (ж),2024-09,2024-09-01 00:00:00,790,факт,прямоугольные_металл_черный_M_L_M
40 лет Октября,5(10000-24990) (ETRO) (ж),2024-10,2024-10-01 00:00:00,744,факт,прямоугольные_металл_черный_M_L_M
40 лет Октября,5(10000-24990) (ETRO) (ж),2024-11,2024-11-01 00:00:00,730,факт,прямоугольные_металл_черный_M_L_M
40 лет Октября,5(10000-24990) (ETRO) (ж),2024-12,2024-12-01 00:00:00,740,факт,прямоугольные_металл_черный_M_L_M
40 лет Октября,5(10000-24990) (ETRO) (ж),2025-01,2025-01-31 14:45:54,774,прогноз,прямоугольные_металл_черный_M_L_M
40 лет Октября,5(10000-24990) (ETRO) (ж),2025-02,2025-02-28 14:45:54,777,прогноз,прямоугольные_металл_черный_M_L_M
40 лет Октября,5(10000-24990) (ETRO) (ж),2025-03,2025-03-31 14:45:54,779,прогноз,прямоугольные_металл_черный_M_L_M
40 лет Октября,5(10000-24990) (FURLA) (ж),2024-03,2024-03-01 00:00:00,792,факт,прямоугольные_металл_черный_M_L_M
40 лет Октября,5(10000-24990) (FURLA) (ж),2024-04,2024-04-01 00:00:00,837,факт,прямоугольные_металл_черный_M_L_M
40 лет Октября,5(10000-24990) (FURLA) (ж),2024-05,2024-05-01 00:00:00,756,факт,прямоугольные_металл_черный_M_L_M
40 лет Октября,5(10000-24990) (FURLA) (ж),2024-06,2024-06-01 00:00:00,717,факт,прямоугольные_металл_черный_M_L_M
40 лет Октября,5(10000-24990) (FURLA) (ж),2024-07,2024-07-01 00:00:00,822,факт,прямоугольные_металл_черный_M_L_M
40 лет Октября,5(10000-24990) (FURLA) (ж),2024-08,2024-08-01 00:00:00,868,факт,прямоугольные_металл_черный_M_L_M
40 лет Октября,5(10000-24990) (FURLA) (ж),2024-09,2024-09-01 00:00:00,790,факт,прямоугольные_металл_черный_M_L_M
40 лет Октября,5(10000-24990) (FURLA) (ж),2024-10,2024-10-01 00:00:00,744,факт,прямоугольные_металл_черный_M_L_M
40 лет Октября,5(10000-24990) (FURLA) (ж),2024-11,2024-11-01 00:00:00,730,факт,прямоугольные_металл_черный_M_L_M
40 лет Октября,5(10000-24990) (FURLA) (ж),2024-12,2024-12-01 00:00:00,740,факт,прямоугольные_металл_черный_M_L_M
40 лет Октября,5(10000-24990) (FURLA) (ж),2025-01,2025-01-31 14:45:54,774,прогноз,прямоугольные_металл_черный_M_L_M
40 лет Октября,5(10000-24990) (FURLA) (ж),2025-02,2025-02-28 14:45:54,777,прогноз,прямоугольные_металл_черный_M_L_M
40 лет Октября,5(10000-24990) (FURLA) (ж),2025-03,2025-03-31 14:45:54,779,прогноз,прямоугольные_металл_черный_M_L_M
40 лет Октября,5(10000-24990) (GRESSO) (м),2024-03,2024-03-01 00:00:00,792,факт,прямоугольные_металл_черный_M_L_M
40 лет Октября,5(10000-24990) (GRESSO) (м),2024-04,2024-04-01 00:00:00,837,факт,прямоугольные_металл_черный_M_L_M
40 лет Октября,5(10000-24990) (GRESSO) (м),2024-05,2024-05-01 00:00:00,756,факт,прямоугольные_металл_черный_M_L_M
40 лет Октября,5(10000-24990) (GRESSO) (м),2024-06,2024-06-01 00:00:00,717,факт,прямоугольные_металл_черный_M_L_M
40 лет Октября,5(10000-24990) (GRESSO) (м),2024-07,2024-07-01 00:00:00,822,факт,прямоугольные_металл_черный_M_L_M
40 лет Октября,5(10000-24990) (GRESSO) (м),2024-08,2024-08-01 00:00:00,868,факт,прямоугольные_металл_черный_M_L_M
40 лет Октября,5(10000-24990) (GRESSO) (м),2024-09,2024-09-01 00:00:00,790,факт,прямоугольные_металл_черный_M_L_M
40 лет Октября,5(10000-24990) (GRESSO) (м),2024-10,2024-10-01 00:00:00,744,факт,прямоугольные_металл_черный_M_L_M
40 лет Октября,5(10000-24990) (GRESSO) (м),2024-11,2024-11-01 00:00:00,730,факт,прямоугольные_металл_черный_M_L_M
40 лет Октября,5(10000-24990) (GRESSO) (м),2024-12,2024-12-01 00:00:00,740,факт,прямоугольные_металл_черный_M_L_M
40 лет Октября,5(10000-24990) (GRESSO) (м),2025-01,2025-01-31 14:45:54,774,прогноз,прямоугольные_металл_черный_M_L_M
40 лет Октября,5(10000-24990) (GRESSO) (м),2025-02,2025-02-28 14:45:54,777,прогноз,прямоугольные_металл_черный_M_L_M
40 лет Октября,5(10000-24990) (GRESSO) (м),2025-03,2025-03-31 14:45:54,779,прогноз,прямоугольные_металл_черный_M_L_M
40 лет Октября,5(10000-24990) (GUESS) (ж),2024-03,2024-03-01 00:00:00,792,факт,прямоугольные_металл_черный_M_L_M
40 лет Октября,5(10000-24990) (GUESS) (ж),2024-04,2024-04-01 00:00:00,837,факт,прямоугольные_металл_черный_M_L_M
40 лет Октября,5(10000-24990) (GUESS) (ж),2024-05,2024-05-01 00:00:00,756,факт,прямоугольные_металл_черный_M_L_M
40 лет Октября,5(10000-24990) (GUESS) (ж),2024-06,2024-06-01 00:00:00,717,факт,прямоугольные_металл_черный_M_L_M
40 лет Октября,5(10000-24990) (GUESS) (ж),2024-07,2024-07-01 00:00:00,822,факт,прямоугольные_металл_черный_M_L_M
40 лет Октября,5(10000-24990) (GUESS) (ж),2024-08,2024-08-01 00:00:00,868,факт,прямоугольные_металл_черный_M_L_M
40 лет Октября,5(10000-24990) (GUESS) (ж),2024-09,2024-09-01 00:00:00,790,факт,прямоугольные_металл_черный_M_L_M
40 лет Октября,5(10000-24990) (GUESS) (ж),2024-10,2024-10-01 00:00:00,744,факт,прямоугольные_металл_черный_M_L_M
40 лет Октября,5(10000-24990) (GUESS) (ж),2024-11,2024-11-01 00:00:00,730,факт,прямоугольные_металл_черный_M_L_M
40 лет Октября,5(10000-24990) (GUESS) (ж),2024-12,2024-12-01 00:00:00,740,факт,прямоугольные_металл_черный_M_L_M
40 лет Октября,5(10000-24990) (GUESS) (ж),2025-01,2025-01-31 14:45:54,774,прогноз,прямоугольные_металл_черный_M_L_M
40 лет Октября,5(10000-24990) (GUESS) (ж),2025-02,2025-02-28 14:45:54,777,прогноз,прямоугольные_металл_черный_M_L_M
40 лет Октября,5(10000-24990) (GUESS) (ж),2025-03,2025-03-31 14:45:54,779,прогноз,прямоугольные_металл_черный_M_L_M
40 лет Октября,5(10000-24990) (GUESS) (м),2024-03,2024-03-01 00:00:00,792,факт,прямоугольные_металл_черный_M_L_M
40 лет Октября,5(10000-24990) (GUESS) (м),2024-04,2024-04-01 00:00:00,837,факт,прямоугольные_металл_черный_M_L_M
40 лет Октября,5(10000-24990) (GUESS) (м),2024-05,2024-05-01 00:00:00,756,факт,прямоугольные_металл_черный_M_L_M
40 лет Октября,5(10000-24990) (GUESS) (м),2024-06,2024-06-01 00:00:00,717,факт,прямоугольные_металл_черный_M_L_M
40 лет Октября,5(10000-24990) (GUESS) (м),2024-07,2024-07-01 00:00:00,822,факт,прямоугольные_металл_черный_M_L_M
40 лет Октября,5(10000-24990) (GUESS) (м),2024-08,2024-08-01 00:00:00,868,факт,прямоугольные_металл_черный_M_L_M
40 лет Октября,5(10000-24990) (GUESS) (м),2024-09,2024-09-01 00:00:00,790,факт,прямоугольные_металл_черный_M_L_M
40 лет Октября,5(10000-24990) (GUESS) (м),2024-10,2024-10-01 00:00:00,744,факт,прямоугольные_металл_черный_M_L_M
40 лет Октября,5(10000-24990) (GUESS) (м),2024-11,2024-11-01 00:00:00,730,факт,прямоугольные_металл_черный_M_L_M
40 лет Октября,5(10000-24990) (GUESS) (м),2024-12,2024-12-01 00:00:00,740,факт,прямоугольные_металл_черный_M_L_M
40 лет Октября,5(10000-24990) (GUESS) (м),2025-01,2025-01-31 14:45:54,774,прогноз,прямоугольные_металл_черный_M_L_M
40 лет Октября,5(10000-24990) (GUESS) (м),2025-02,2025-02-28 14:45:54,777,прогноз,прямоугольные_металл_черный_M_L_M
40 лет Октября,5(10000-24990) (GUESS) (м),2025-03,2025-03-31 14:45:54,779,прогноз,прямоугольные_металл_черный_M_L_M
40 лет Октября,5(10000-24990) (MOLESKINE) (у),2024-03,2024-03-01 00:00:00,792,факт,прямоугольные_металл_черный_M_L_M
40 лет Октября,5(10000-24990) (MOLESKINE) (у),2024-04,2024-04-01 00:00:00,837,факт,прямоугольные_металл_черный_M_L_M
40 лет Октября,5(10000-24990) (MOLESKINE) (у),2024-05,2024-05-01 00:00:00,756,факт,прямоугольные_металл_черный_M_L_M
40 лет Октября,5(10000-24990) (MOLESKINE) (у),2024-06,2024-06-01 00:00:00,717,факт,прямоугольные_металл_черный_M_L_M
40 лет Октября,5(10000-24990) (MOLESKINE) (у),2024-07,2024-07-01 00:00:00,822,факт,прямоугольные_металл_черный_M_L_M
40 лет Октября,5(10000-24990) (MOLESKINE) (у),2024-08,2024-08-01 00:00:00,868,факт,прямоугольные_металл_черный_M_L_M
40 лет Октября,5(10000-24990) (MOLESKINE) (у),2024-09,2024-09-01 00:00:00,790,факт,прямоугольные_металл_черный_M_L_M
40 лет Октября,5(10000-24990) (MOLESKINE) (у),2024-10,2024-10-01 00:00:00,744,факт,прямоугольные_металл_черный_M_L_M
40 лет Октября,5(10000-24990) (MOLESKINE) (у),2024-11,2024-11-01 00:00:00,730,факт,прямоугольные_металл_черный_M_L_M
40 лет Октября,5(10000-24990) (MOLESKINE) (у),2024-12,2024-12-01 00:00:00,740,факт,прямоугольные_металл_черный_M_L_M
40 лет Октября,5(10000-24990) (MOLESKINE) (у),2025-01,2025-01-31 14:45:54,774,прогноз,прямоугольные_металл_черный_M_L_M
40 лет Октября,5(10000-24990) (MOLESKINE) (у),2025-02,2025-02-28 14:45:54,777,прогноз,прямоугольные_металл_черный_M_L_M
40 лет Октября,5(10000-24990) (MOLESKINE) (у),2025-03,2025-03-31 14:45:54,779,прогноз,прямоугольные_металл_черный_M_L_M
40 лет Октября,5(10000-24990) (MOREL/KOALI/NOMAD/LIGHTEC) (ж),2024-03,2024-03-01 00:00:00,792,факт,прямоугольные_металл_черный_M_L_M
40 лет Октября,5(10000-24990) (MOREL/KOALI/NOMAD/LIGHTEC) (ж),2024-04,2024-04-01 00:00:00,837,факт,прямоугольные_металл_черный_M_L_M
40 лет Октября,5(10000-24990) (MOREL/KOALI/NOMAD/LIGHTEC) (ж),2024-05,2024-05-01 00:00:00,756,факт,прямоугольные_металл_черный_M_L_M
40 лет Октября,5(10000-24990) (MOREL/KOALI/NOMAD/LIGHTEC) (ж),2024-06,2024-06-01 00:00:00,717,факт,прямоугольные_металл_черный_M_L_M
40 лет Октября,5(10000-24990) (MOREL/KOALI/NOMAD/LIGHTEC) (ж),2024-07,2024-07-01 00:00:00,822,факт,прямоугольные_металл_черный_M_L_M
40 лет Октября,5(10000-24990) (MOREL/KOALI/NOMAD/LIGHTEC) (ж),2024-08,2024-08-01 00:00:00,868,факт,прямоугольные_металл_черный_M_L_M
40 лет Октября,5(10000-24990) (MOREL/KOALI/NOMAD/LIGHTEC) (ж),2024-09,2024-09-01 00:00:00,790,факт,прямоугольные_металл_черный_M_L_M
40 лет Октября,5(10000-24990) (MOREL/KOALI/NOMAD/LIGHTEC) (ж),2024-10,2024-10-01 00:00:00,744,факт,прямоугольные_металл_черный_M_L_M
40 лет Октября,5(10000-24990) (MOREL/KOALI/NOMAD/LIGHTEC) (ж),2024-11,2024-11-01 00:00:00,730,факт,прямоугольные_металл_черный_M_L_M
40 лет Октября,5(10000-24990) (MOREL/KOALI/NOMAD/LIGHTEC) (ж),2024-12,2024-12-01 00:00:00,740,факт,прямоугольные_металл_черный_M_L_M
40 лет Октября,5(10000-24990) (MOREL/KOALI/NOMAD/LIGHTEC) (ж),2025-01,2025-01-31 14:45:54,774,прогноз,прямоугольные_металл_черный_M_L_M
40 лет Октября,5(10000-24990) (MOREL/KOALI/NOMAD/LIGHTEC) (ж),2025-02,2025-02-28 14:45:54,777,прогноз,прямоугольные_металл_черный_M_L_M
40 лет Октября,5(10000-24990) (MOREL/KOALI/NOMAD/LIGHTEC) (ж),2025-03,2025-03-31 14:45:54,779,прогноз,прямоугольные_металл_черный_M_L_M
40 лет Октября,5(10000-24990) (MOREL/OGA/NOMAD/LIGHTEC) (м),2024-03,2024-03-01 00:00:00,792,факт,прямоугольные_металл_черный_M_L_M
40 лет Октября,5(10000-24990) (MOREL/OGA/NOMAD/LIGHTEC) (м),2024-04,2024-04-01 00:00:00,837,факт,прямоугольные_металл_черный_M_L_M
40 лет Октября,5(10000-24990) (MOREL/OGA/NOMAD/LIGHTEC) (м),2024-05,2024-05-01 00:00:00,756,факт,прямоугольные_металл_черный_M_L_M
40 лет Октября,5(10000-24990) (MOREL/OGA/NOMAD/LIGHTEC) (м),2024-06,2024-06-01 00:00:00,717,факт,прямоугольные_металл_черный_M_L_M
40 лет Октября,5(10000-24990) (MOREL/OGA/NOMAD/LIGHTEC) (м),2024-07,2024-07-01 00:00:00,822,факт,прямоугольные_металл_черный_M_L_M
40 лет Октября,5(10000-24990) (MOREL/OGA/NOMAD/LIGHTEC) (м),2024-08,2024-08-01 00:00:00,868,факт,прямоугольные_металл_черный_M_L_M
40 лет Октября,5(10000-24990) (MOREL/OGA/NOMAD/LIGHTEC) (м),2024-09,2024-09-01 00:00:00,790,факт,прямоугольные_металл_черный_M_L_M
40 лет Октября,5(10000-24990) (MOREL/OGA/NOMAD/LIGHTEC) (м),2024-10,2024-10-01 00:00:00,744,факт,прямоугольные_металл_черный_M_L_M
40 лет Октября,5(10000-24990) (MOREL/OGA/NOMAD/LIGHTEC) (м),2024-11,2024-11-01 00:00:00,730,факт,прямоугольные_металл_черный_M_L_M
40 лет Октября,5(10000-24990) (MOREL/OGA/NOMAD/LIGHTEC) (м),2024-12,2024-12-01 00:00:00,740,факт,прямоугольные_металл_черный_M_L_M
40 лет Октября,5(10000-24990) (MOREL/OGA/NOMAD/LIGHTEC) (м),2025-01,2025-01-31 14:45:54,774,прогноз,прямоугольные_металл_черный_M_L_M
40 лет Октября,5(10000-24990) (MOREL/OGA/NOMAD/LIGHTEC) (м),2025-02,2025-02-28 14:45:54,777,прогноз,прямоугольные_металл_черный_M_L_M
40 лет Октября,5(10000-24990) (MOREL/OGA/NOMAD/LIGHTEC) (м),2025-03,2025-03-31 14:45:54,779,прогноз,прямоугольные_металл_черный_M_L_M
40 лет Октября,5(10000-24990) (PEPE JEANS) (м),2024-03,2024-03-01 00:00:00,792,факт,прямоугольные_металл_черный_M_L_M
40 лет Октября,5(10000-24990) (PEPE JEANS) (м),2024-04,2024-04-01 00:00:00,837,факт,прямоугольные_металл_черный_M_L_M
40 лет Октября,5(10000-24990) (PEPE JEANS) (м),2024-05,2024-05-01 00:00:00,756,факт,прямоугольные_металл_черный_M_L_M
40 лет Октября,5(10000-24990) (PEPE JEANS) (м),2024-06,2024-06-01 00:00:00,717,факт,прямоугольные_металл_черный_M_L_M
40 лет Октября,5(10000-24990) (PEPE JEANS) (м),2024-07,2024-07-01 00:00:00,822,факт,прямоугольные_металл_черный_M_L_M
40 лет Октября,5(10000-24990) (PEPE JEANS) (м),2024-08,2024-08-01 00:00:00,868,факт,прямоугольные_металл_черный_M_L_M
40 лет Октября,5(10000-24990) (PEPE JEANS) (м),2024-09,2024-09-01 00:00:00,790,факт,прямоугольные_металл_черный_M_L_M
40 лет Октября,5(10000-24990) (PEPE JEANS) (м),2024-10,2024-10-01 00:00:00,744,факт,прямоугольные_металл_черный_M_L_M
40 лет Октября,5(10000-24990) (PEPE JEANS) (м),2024-11,2024-11-01 00:00:00,730,факт,прямоугольные_металл_черный_M_L_M
40 лет Октября,5(10000-24990) (PEPE JEANS) (м),2024-12,2024-12-01 00:00:00,740,факт,прямоугольные_металл_черный_M_L_M
40 лет Октября,5(10000-24990) (PEPE JEANS) (м),2025-01,2025-01-31 14:45:54,774,прогноз,прямоугольные_металл_черный_M_L_M
40 лет Октября,5(10000-24990) (PEPE JEANS) (м),2025-02,2025-02-28 14:45:54,777,прогноз,прямоугольные_металл_черный_M_L_M
40 лет Октября,5(10000-24990) (PEPE JEANS) (м),2025-03,2025-03-31 14:45:54,779,прогноз,прямоугольные_металл_черный_M_L_M
40 лет Октября,5(10000-24990) (RAY BAN),2024-03,2024-03-01 00:00:00,792,факт,прямоугольные_металл_черный_M_L_M
40 лет Октября,5(10000-24990) (RAY BAN),2024-04,2024-04-01 00:00:00,837,факт,прямоугольные_металл_черный_M_L_M
40 лет Октября,5(10000-24990) (RAY BAN),2024-05,2024-05-01 00:00:00,756,факт,прямоугольные_металл_черный_M_L_M
40 лет Октября,5(10000-24990) (RAY BAN),2024-06,2024-06-01 00:00:00,717,факт,прямоугольные_металл_черный_M_L_M
40 лет Октября,5(10000-24990) (RAY BAN),2024-07,2024-07-01 00:00:00,822,факт,прямоугольные_металл_черный_M_L_M
40 лет Октября,5(10000-24990) (RAY BAN),2024-08,2024-08-01 00:00:00,868,факт,прямоугольные_металл_черный_M_L_M
40 лет Октября,5(10000-24990) (RAY BAN),2024-09,2024-09-01 00:00:00,790,факт,прямоугольные_металл_черный_M_L_M
40 лет Октября,5(10000-24990) (RAY BAN),2024-10,2024-10-01 00:00:00,744,факт,прямоугольные_металл_черный_M_L_M
40 лет Октября,5(10000-24990) (RAY BAN),2024-11,2024-11-01 00:00:00,730,факт,прямоугольные_металл_черный_M_L_M
40 лет Октября,5(10000-24990) (RAY BAN),2024-12,2024-12-01 00:00:00,740,факт,прямоугольные_металл_черный_M_L_M
40 лет Октября,5(10000-24990) (RAY BAN),2025-01,2025-01-31 14:45:54,774,прогноз,прямоугольные_металл_черный_M_L_M
40 лет Октября,5(10000-24990) (RAY BAN),2025-02,2025-02-28 14:45:54,777,прогноз,прямоугольные_металл_черный_M_L_M
40 лет Октября,5(10000-24990) (RAY BAN),2025-03,2025-03-31 14:45:54,779,прогноз,прямоугольные_металл_черный_M_L_M
40 лет Октября,5(10000-24990) (SEIKO) (ж),2024-03,2024-03-01 00:00:00,792,факт,прямоугольные_металл_черный_M_L_M
40 лет Октября,5(10000-24990) (SEIKO) (ж),2024-04,2024-04-01 00:00:00,837,факт,прямоугольные_металл_черный_M_L_M
40 лет Октября,5(10000-24990) (SEIKO) (ж),2024-05,2024-05-01 00:00:00,756,факт,прямоугольные_металл_черный_M_L_M
40 лет Октября,5(10000-24990) (SEIKO) (ж),2024-06,2024-06-01 00:00:00,717,факт,прямоугольные_металл_черный_M_L_M
40 лет Октября,5(10000-24990) (SEIKO) (ж),2024-07,2024-07-01 00:00:00,822,факт,прямоугольные_металл_черный_M_L_M
40 лет Октября,5(10000-24990) (SEIKO) (ж),2024-08,2024-08-01 00:00:00,868,факт,прямоугольные_металл_черный_M_L_M
40 лет Октября,5(10000-24990) (SEIKO) (ж),2024-09,2024-09-01 00:00:00,790,факт,прямоугольные_металл_черный_M_L_M
40 лет Октября,5(10000-24990) (SEIKO) (ж),2024-10,2024-10-01 00:00:00,744,факт,прямоугольные_металл_черный_M_L_M
40 лет Октября,5(10000-24990) (SEIKO) (ж),2024-11,2024-11-01 00:00:00,730,факт,прямоугольные_металл_черный_M_L_M
40 лет Октября,5(10000-24990) (SEIKO) (ж),2024-12,2024-12-01 00:00:00,740,факт,прямоугольные_металл_черный_M_L_M
40 лет Октября,5(10000-24990) (SEIKO) (ж),2025-01,2025-01-31 14:45:54,774,прогноз,прямоугольные_металл_черный_M_L_M
40 лет Октября,5(10000-24990) (SEIKO) (ж),2025-02,2025-02-28 14:45:54,777,прогноз,прямоугольные_металл_черный_M_L_M
40 лет Октября,5(10000-24990) (SEIKO) (ж),2025-03,2025-03-31 14:45:54,779,прогноз,прямоугольные_металл_черный_M_L_M
40 лет Октября,5(10000-24990) (SEIKO) (м),2024-03,2024-03-01 00:00:00,792,факт,прямоугольные_металл_черный_M_L_M
40 лет Октября,5(10000-24990) (SEIKO) (м),2024-04,2024-04-01 00:00:00,837,факт,прямоугольные_металл_черный_M_L_M
40 лет Октября,5(10000-24990) (SEIKO) (м),2024-05,2024-05-01 00:00:00,756,факт,прямоугольные_металл_черный_M_L_M
40 лет Октября,5(10000-24990) (SEIKO) (м),2024-06,2024-06-01 00:00:00,717,факт,прямоугольные_металл_черный_M_L_M
40 лет Октября,5(10000-24990) (SEIKO) (м),2024-07,2024-07-01 00:00:00,822,факт,прямоугольные_металл_черный_M_L_M
40 лет Октября,5(10000-24990) (SEIKO) (м),2024-08,2024-08-01 00:00:00,868,факт,прямоугольные_металл_черный_M_L_M
40 лет Октября,5(10000-24990) (SEIKO) (м),2024-09,2024-09-01 00:00:00,790,факт,прямоугольные_металл_черный_M_L_M
40 лет Октября,5(10000-24990) (SEIKO) (м),2024-10,2024-10-01 00:00:00,744,факт,прямоугольные_металл_черный_M_L_M
40 лет Октября,5(10000-24990) (SEIKO) (м),2024-11,2024-11-01 00:00:00,730,факт,прямоугольные_металл_черный_M_L_M
40 лет Октября,5(10000-24990) (SEIKO) (м),2024-12,2024-12-01 00:00:00,740,факт,прямоугольные_металл_черный_M_L_M
40 лет Октября,5(10000-24990) (SEIKO) (м),2025-01,2025-01-31 14:45:54,774,прогноз,прямоугольные_металл_черный_M_L_M
40 лет Октября,5(10000-24990) (SEIKO) (м),2025-02,2025-02-28 14:45:54,777,прогноз,прямоугольные_металл_черный_M_L_M
40 лет Октября,5(10000-24990) (SEIKO) (м),2025-03,2025-03-31 14:45:54,779,прогноз,прямоугольные_металл_черный_M_L_M
40 лет Октября,5(10000-24990) (SLIMFOLD) (м),2024-03,2024-03-01 00:00:00,792,факт,прямоугольные_металл_черный_M_L_M
40 лет Октября,5(10000-24990) (SLIMFOLD) (м),2024-04,2024-04-01 00:00:00,837,факт,прямоугольные_металл_черный_M_L_M
40 лет Октября,5(10000-24990) (SLIMFOLD) (м),2024-05,2024-05-01 00:00:00,756,факт,прямоугольные_металл_черный_M_L_M
40 лет Октября,5(10000-24990) (SLIMFOLD) (м),2024-06,2024-06-01 00:00:00,717,факт,прямоугольные_металл_черный_M_L_M
40 лет Октября,5(10000-24990) (SLIMFOLD) (м),2024-07,2024-07-01 00:00:00,822,факт,прямоугольные_металл_черный_M_L_M
40 лет Октября,5(10000-24990) (SLIMFOLD) (м),2024-08,2024-08-01 00:00:00,868,факт,прямоугольные_металл_черный_M_L_M
40 лет Октября,5(10000-24990) (SLIMFOLD) (м),2024-09,2024-09-01 00:00:00,790,факт,прямоугольные_металл_черный_M_L_M
40 лет Октября,5(10000-24990) (SLIMFOLD) (м),2024-10,2024-10-01 00:00:00,744,факт,прямоугольные_металл_черный_M_L_M
40 лет Октября,5(10000-24990) (SLIMFOLD) (м),2024-11,2024-11-01 00:00:00,730,факт,прямоугольные_металл_черный_M_L_M
40 лет Октября,5(10000-24990) (SLIMFOLD) (м),2024-12,2024-12-01 00:00:00,740,факт,прямоугольные_металл_черный_M_L_M
40 лет Октября,5(10000-24990) (SLIMFOLD) (м),2025-01,2025-01-31 14:45:54,774,прогноз,прямоугольные_металл_черный_M_L_M
40 лет Октября,5(10000-24990) (SLIMFOLD) (м),2025-02,2025-02-28 14:45:54,777,прогноз,прямоугольные_металл_черный_M_L_M
40 лет Октября,5(10000-24990) (SLIMFOLD) (м),2025-03,2025-03-31 14:45:54,779,прогноз,прямоугольные_металл_черный_M_L_M
40 лет Октября,5(10000-24990) (STEPPER) (ж),2024-03,2024-03-01 00:00:00,792,факт,прямоугольные_металл_черный_M_L_M
40 лет Октября,5(10000-24990) (STEPPER) (ж),2024-04,2024-04-01 00:00:00,837,факт,прямоугольные_металл_черный_M_L_M
40 лет Октября,5(10000-24990) (STEPPER) (ж),2024-05,2024-05-01 00:00:00,756,факт,прямоугольные_металл_черный_M_L_M
40 лет Октября,5(10000-24990) (STEPPER) (ж),2024-06,2024-06-01 00:00:00,717,факт,прямоугольные_металл_черный_M_L_M
40 лет Октября,5(10000-24990) (STEPPER) (ж),2024-07,2024-07-01 00:00:00,822,факт,прямоугольные_металл_черный_M_L_M
40 лет Октября,5(10000-24990) (STEPPER) (ж),2024-08,2024-08-01 00:00:00,868,факт,прямоугольные_металл_черный_M_L_M
40 лет Октября,5(10000-24990) (STEPPER) (ж),2024-09,2024-09-01 00:00:00,790,факт,прямоугольные_металл_черный_M_L_M
40 лет Октября,5(10000-24990) (STEPPER) (ж),2024-10,2024-10-01 00:00:00,744,факт,прямоугольные_металл_черный_M_L_M
40 лет Октября,5(10000-24990) (STEPPER) (ж),2024-11,2024-11-01 00:00:00,730,факт,прямоугольные_металл_черный_M_L_M
40 лет Октября,5(10000-24990) (STEPPER) (ж),2024-12,2024-12-01 00:00:00,740,факт,прямоугольные_металл_черный_M_L_M
40 лет Октября,5(10000-24990) (STEPPER) (ж),2025-01,2025-01-31 14:45:54,774,прогноз,прямоугольные_металл_черный_M_L_M
40 лет Октября,5(10000-24990) (STEPPER) (ж),2025-02,2025-02-28 14:45:54,777,прогноз,прямоугольные_металл_черный_M_L_M
40 лет Октября,5(10000-24990) (STEPPER) (ж),2025-03,2025-03-31 14:45:54,779,прогноз,прямоугольные_металл_черный_M_L_M
40 лет Октября,5(10000-24990) (STEPPER) (м),2024-03,2024-03-01 00:00:00,792,факт,прямоугольные_металл_черный_M_L_M
40 лет Октября,5(10000-24990) (STEPPER) (м),2024-04,2024-04-01 00:00:00,837,факт,прямоугольные_металл_черный_M_L_M
40 лет Октября,5(10000-24990) (STEPPER) (м),2024-05,2024-05-01 00:00:00,756,факт,прямоугольные_металл_черный_M_L_M
40 лет Октября,5(10000-24990) (STEPPER) (м),2024-06,2024-06-01 00:00:00,717,факт,прямоугольные_металл_черный_M_L_M
40 лет Октября,5(10000-24990) (STEPPER) (м),2024-07,2024-07-01 00:00:00,822,факт,прямоугольные_металл_черный_M_L_M
40 лет Октября,5(10000-24990) (STEPPER) (м),2024-08,2024-08-01 00:00:00,868,факт,прямоугольные_металл_черный_M_L_M
40 лет Октября,5(10000-24990) (STEPPER) (м),2024-09,2024-09-01 00:00:00,790,факт,прямоугольные_металл_черный_M_L_M
40 лет Октября,5(10000-24990) (STEPPER) (м),2024-10,2024-10-01 00:00:00,744,факт,прямоугольные_металл_черный_M_L_M
40 лет Октября,5(10000-24990) (STEPPER) (м),2024-11,2024-11-01 00:00:00,730,факт,прямоугольные_металл_черный_M_L_M
40 лет Октября,5(10000-24990) (STEPPER) (м),2024-12,2024-12-01 00:00:00,740,факт,прямоугольные_металл_черный_M_L_M
40 лет Октября,5(10000-24990) (STEPPER) (м),2025-01,2025-01-31 14:45:54,774,прогноз,прямоугольные_металл_черный_M_L_M
40 лет Октября,5(10000-24990) (STEPPER) (м),2025-02,2025-02-28 14:45:54,777,прогноз,прямоугольные_металл_черный_M_L_M
40 лет Октября,5(10000-24990) (STEPPER) (м),2025-03,2025-03-31 14:45:54,779,прогноз,прямоугольные_металл_черный_M_L_M
40 лет Октября,5(10000-24990) (T-CHARGE) (м),2024-03,2024-03-01 00:00:00,792,факт,прямоугольные_металл_черный_M_L_M
40 лет Октября,5(10000-24990) (T-CHARGE) (м),2024-04,2024-04-01 00:00:00,837,факт,прямоугольные_металл_черный_M_L_M
40 лет Октября,5(10000-24990) (T-CHARGE) (м),2024-05,2024-05-01 00:00:00,756,факт,прямоугольные_металл_черный_M_L_M
40 лет Октября,5(10000-24990) (T-CHARGE) (м),2024-06,2024-06-01 00:00:00,717,факт,прямоугольные_металл_черный_M_L_M
40 лет Октября,5(10000-24990) (T-CHARGE) (м),2024-07,2024-07-01 00:00:00,822,факт,прямоугольные_металл_черный_M_L_M
40 лет Октября,5(10000-24990) (T-CHARGE) (м),2024-08,2024-08-01 00:00:00,868,факт,прямоугольные_металл_черный_M_L_M
40 лет Октября,5(10000-24990) (T-CHARGE) (м),2024-09,2024-09-01 00:00:00,790,факт,прямоугольные_металл_черный_M_L_M
40 лет Октября,5(10000-24990) (T-CHARGE) (м),2024-10,2024-10-01 00:00:00,744,факт,прямоугольные_металл_черный_M_L_M
40 лет Октября,5(10000-24990) (T-CHARGE) (м),2024-11,2024-11-01 00:00:00,730,факт,прямоугольные_металл_черный_M_L_M
40 лет Октября,5(10000-24990) (T-CHARGE) (м),2024-12,2024-12-01 00:00:00,740,факт,прямоугольные_металл_черный_M_L_M
40 лет Октября,5(10000-24990) (T-CHARGE) (м),2025-01,2025-01-31 14:45:54,774,прогноз,прямоугольные_металл_черный_M_L_M
40 лет Октября,5(10000-24990) (T-CHARGE) (м),2025-02,2025-02-28 14:45:54,777,прогноз,прямоугольные_металл_черный_M_L_M
40 лет Октября,5(10000-24990) (T-CHARGE) (м),2025-03,2025-03-31 14:45:54,779,прогноз,прямоугольные_металл_черный_M_L_M
40 лет Октября,5(10000-24990) (TED BAKER) (ж),2024-03,2024-03-01 00:00:00,792,факт,прямоугольные_металл_черный_M_L_M
40 лет Октября,5(10000-24990) (TED BAKER) (ж),2024-04,2024-04-01 00:00:00,837,факт,прямоугольные_металл_черный_M_L_M
40 лет Октября,5(10000-24990) (TED BAKER) (ж),2024-05,2024-05-01 00:00:00,756,факт,прямоугольные_металл_черный_M_L_M
40 лет Октября,5(10000-24990) (TED BAKER) (ж),2024-06,2024-06-01 00:00:00,717,факт,прямоугольные_металл_черный_M_L_M
40 лет Октября,5(10000-24990) (TED BAKER) (ж),2024-07,2024-07-01 00:00:00,822,факт,прямоугольные_металл_черный_M_L_M
40 лет Октября,5(10000-24990) (TED BAKER) (ж),2024-08,2024-08-01 00:00:00,868,факт,прямоугольные_металл_черный_M_L_M
40 лет Октября,5(10000-24990) (TED BAKER) (ж),2024-09,2024-09-01 00:00:00,790,факт,прямоугольные_металл_черный_M_L_M
40 лет Октября,5(10000-24990) (TED BAKER) (ж),2024-10,2024-10-01 00:00:00,744,факт,прямоугольные_металл_черный_M_L_M
40 лет Октября,5(10000-24990) (TED BAKER) (ж),2024-11,2024-11-01 00:00:00,730,факт,прямоугольные_металл_черный_M_L_M
40 лет Октября,5(10000-24990) (TED BAKER) (ж),2024-12,2024-12-01 00:00:00,740,факт,прямоугольные_металл_черный_M_L_M
40 лет Октября,5(10000-24990) (TED BAKER) (ж),2025-01,2025-01-31 14:45:54,774,прогноз,прямоугольные_металл_черный_M_L_M
40 лет Октября,5(10000-24990) (TED BAKER) (ж),2025-02,2025-02-28 14:45:54,777,прогноз,прямоугольные_металл_черный_M_L_M
40 лет Октября,5(10000-24990) (TED BAKER) (ж),2025-03,2025-03-31 14:45:54,779,прогноз,прямоугольные_металл_черный_M_L_M
40 лет Октября,5(10000-24990) (TED BAKER) (м),2024-03,2024-03-01 00:00:00,792,факт,прямоугольные_металл_черный_M_L_M
40 лет Октября,5(10000-24990) (TED BAKER) (м),2024-04,2024-04-01 00:00:00,837,факт,прямоугольные_металл_черный_M_L_M
40 лет Октября,5(10000-24990) (TED BAKER) (м),2024-05,2024-05-01 00:00:00,756,факт,прямоугольные_металл_черный_M_L_M
40 лет Октября,5(10000-24990) (TED BAKER) (м),2024-06,2024-06-01 00:00:00,717,факт,прямоугольные_металл_черный_M_L_M
40 лет Октября,5(10000-24990) (TED BAKER) (м),2024-07,2024-07-01 00:00:00,822,факт,прямоугольные_металл_черный_M_L_M
40 лет Октября,5(10000-24990) (TED BAKER) (м),2024-08,2024-08-01 00:00:00,868,факт,прямоугольные_металл_черный_M_L_M
40 лет Октября,5(10000-24990) (TED BAKER) (м),2024-09,2024-09-01 00:00:00,790,факт,прямоугольные_металл_черный_M_L_M
40 лет Октября,5(10000-24990) (TED BAKER) (м),2024-10,2024-10-01 00:00:00,744,факт,прямоугольные_металл_черный_M_L_M
40 лет Октября,5(10000-24990) (TED BAKER) (м),2024-11,2024-11-01 00:00:00,730,факт,прямоугольные_металл_черный_M_L_M
40 лет Октября,5(10000-24990) (TED BAKER) (м),2024-12,2024-12-01 00:00:00,740,факт,прямоугольные_металл_черный_M_L_M
40 лет Октября,5(10000-24990) (TED BAKER) (м),2025-01,2025-01-31 14:45:54,774,прогноз,прямоугольные_металл_черный_M_L_M
40 лет Октября,5(10000-24990) (TED BAKER) (м),2025-02,2025-02-28 14:45:54,777,прогноз,прямоугольные_металл_черный_M_L_M
40 лет Октября,5(10000-24990) (TED BAKER) (м),2025-03,2025-03-31 14:45:54,779,прогноз,прямоугольные_металл_черный_M_L_M
40 лет Октября,5(10000-24990) (TRUSSARDI) (ж),2024-03,2024-03-01 00:00:00,792,факт,прямоугольные_металл_черный_M_L_M
40 лет Октября,5(10000-24990) (TRUSSARDI) (ж),2024-04,2024-04-01 00:00:00,837,факт,прямоугольные_металл_черный_M_L_M
40 лет Октября,5(10000-24990) (TRUSSARDI) (ж),2024-05,2024-05-01 00:00:00,756,факт,прямоугольные_металл_черный_M_L_M
40 лет Октября,5(10000-24990) (TRUSSARDI) (ж),2024-06,2024-06-01 00:00:00,717,факт,прямоугольные_металл_черный_M_L_M
40 лет Октября,5(10000-24990) (TRUSSARDI) (ж),2024-07,2024-07-01 00:00:00,822,факт,прямоугольные_металл_черный_M_L_M
40 лет Октября,5(10000-24990) (TRUSSARDI) (ж),2024-08,2024-08-01 00:00:00,868,факт,прямоугольные_металл_черный_M_L_M
40 лет Октября,5(10000-24990) (TRUSSARDI) (ж),2024-09,2024-09-01 00:00:00,790,факт,прямоугольные_металл_черный_M_L_M
40 лет Октября,5(10000-24990) (TRUSSARDI) (ж),2024-10,2024-10-01 00:00:00,744,факт,прямоугольные_металл_черный_M_L_M
40 лет Октября,5(10000-24990) (TRUSSARDI) (ж),2024-11,2024-11-01 00:00:00,730,факт,прямоугольные_металл_черный_M_L_M
40 лет Октября,5(10000-24990) (TRUSSARDI) (ж),2024-12,2024-12-01 00:00:00,740,факт,прямоугольные_металл_черный_M_L_M
40 лет Октября,5(10000-24990) (TRUSSARDI) (ж),2025-01,2025-01-31 14:45:54,774,прогноз,прямоугольные_металл_черный_M_L_M
40 лет Октября,5(10000-24990) (TRUSSARDI) (ж),2025-02,2025-02-28 14:45:54,777,прогноз,прямоугольные_металл_черный_M_L_M
40 лет Октября,5(10000-24990) (TRUSSARDI) (ж),2025-03,2025-03-31 14:45:54,779,прогноз,прямоугольные_металл_черный_M_L_M
40 лет Октября,5(10000-24990) (TRUSSARDI) (м),2024-03,2024-03-01 00:00:00,792,факт,прямоугольные_металл_черный_M_L_M
40 лет Октября,5(10000-24990) (TRUSSARDI) (м),2024-04,2024-04-01 00:00:00,837,факт,прямоугольные_металл_черный_M_L_M
40 лет Октября,5(10000-24990) (TRUSSARDI) (м),2024-05,2024-05-01 00:00:00,756,факт,прямоугольные_металл_черный_M_L_M
40 лет Октября,5(10000-24990) (TRUSSARDI) (м),2024-06,2024-06-01 00:00:00,717,факт,прямоугольные_металл_черный_M_L_M
40 лет Октября,5(10000-24990) (TRUSSARDI) (м),2024-07,2024-07-01 00:00:00,822,факт,прямоугольные_металл_черный_M_L_M
40 лет Октября,5(10000-24990) (TRUSSARDI) (м),2024-08,2024-08-01 00:00:00,868,факт,прямоугольные_металл_черный_M_L_M
40 лет Октября,5(10000-24990) (TRUSSARDI) (м),2024-09,2024-09-01 00:00:00,790,факт,прямоугольные_металл_черный_M_L_M
40 лет Октября,5(10000-24990) (TRUSSARDI) (м),2024-10,2024-10-01 00:00:00,744,факт,прямоугольные_металл_черный_M_L_M
40 лет Октября,5(10000-24990) (TRUSSARDI) (м),2024-11,2024-11-01 00:00:00,730,факт,прямоугольные_металл_черный_M_L_M
40 лет Октября,5(10000-24990) (TRUSSARDI) (м),2024-12,2024-12-01 00:00:00,740,факт,прямоугольные_металл_черный_M_L_M
40 лет Октября,5(10000-24990) (TRUSSARDI) (м),2025-01,2025-01-31 14:45:54,774,прогноз,прямоугольные_металл_черный_M_L_M
40 лет Октября,5(10000-24990) (TRUSSARDI) (м),2025-02,2025-02-28 14:45:54,777,прогноз,прямоугольные_металл_черный_M_L_M
40 лет Октября,5(10000-24990) (TRUSSARDI) (м),2025-03,2025-03-31 14:45:54,779,прогноз,прямоугольные_металл_черный_M_L_M
40 лет Октября,5(10000-24990) (VOGUE) (ж),2024-03,2024-03-01 00:00:00,792,факт,прямоугольные_металл_черный_M_L_M
40 лет Октября,5(10000-24990) (VOGUE) (ж),2024-04,2024-04-01 00:00:00,837,факт,прямоугольные_металл_черный_M_L_M
40 лет Октября,5(10000-24990) (VOGUE) (ж),2024-05,2024-05-01 00:00:00,756,факт,прямоугольные_металл_черный_M_L_M
40 лет Октября,5(10000-24990) (VOGUE) (ж),2024-06,2024-06-01 00:00:00,717,факт,прямоугольные_металл_черный_M_L_M
40 лет Октября,5(10000-24990) (VOGUE) (ж),2024-07,2024-07-01 00:00:00,822,факт,прямоугольные_металл_черный_M_L_M
40 лет Октября,5(10000-24990) (VOGUE) (ж),2024-08,2024-08-01 00:00:00,868,факт,прямоугольные_металл_черный_M_L_M
40 лет Октября,5(10000-24990) (VOGUE) (ж),2024-09,2024-09-01 00:00:00,790,факт,прямоугольные_металл_черный_M_L_M
40 лет Октября,5(10000-24990) (VOGUE) (ж),2024-10,2024-10-01 00:00:00,744,факт,прямоугольные_металл_черный_M_L_M
40 лет Октября,5(10000-24990) (VOGUE) (ж),2024-11,2024-11-01 00:00:00,730,факт,прямоугольные_металл_черный_M_L_M
40 лет Октября,5(10000-24990) (VOGUE) (ж),2024-12,2024-12-01 00:00:00,740,факт,прямоугольные_металл_черный_M_L_M
40 лет Октября,5(10000-24990) (VOGUE) (ж),2025-01,2025-01-31 14:45:54,774,прогноз,прямоугольные_металл_черный_M_L_M
40 лет Октября,5(10000-24990) (VOGUE) (ж),2025-02,2025-02-28 14:45:54,777,прогноз,прямоугольные_металл_черный_M_L_M
40 лет Октября,5(10000-24990) (VOGUE) (ж),2025-03,2025-03-31 14:45:54,779,прогноз,прямоугольные_металл_черный_M_L_M
40 лет Октября,5(10000-24990) (WILLIAM MORRIS BL) (ж),2024-03,2024-03-01 00:00:00,792,факт,прямоугольные_металл_черный_M_L_M
40 лет Октября,5(10000-24990) (WILLIAM MORRIS BL) (ж),2024-04,2024-04-01 00:00:00,837,факт,прямоугольные_металл_черный_M_L_M
40 лет Октября,5(10000-24990) (WILLIAM MORRIS BL) (ж),2024-05,2024-05-01 00:00:00,756,факт,прямоугольные_металл_черный_M_L_M
40 лет Октября,5(10000-24990) (WILLIAM MORRIS BL) (ж),2024-06,2024-06-01 00:00:00,717,факт,прямоугольные_металл_черный_M_L_M
40 лет Октября,5(10000-24990) (WILLIAM MORRIS BL) (ж),2024-07,2024-07-01 00:00:00,822,факт,прямоугольные_металл_черный_M_L_M
40 лет Октября,5(10000-24990) (WILLIAM MORRIS BL) (ж),2024-08,2024-08-01 00:00:00,868,факт,прямоугольные_металл_черный_M_L_M
40 лет Октября,5(10000-24990) (WILLIAM MORRIS BL) (ж),2024-09,2024-09-01 00:00:00,790,факт,прямоугольные_металл_черный_M_L_M
40 лет Октября,5(10000-24990) (WILLIAM MORRIS BL) (ж),2024-10,2024-10-01 00:00:00,744,факт,прямоугольные_металл_черный_M_L_M
40 лет Октября,5(10000-24990) (WILLIAM MORRIS BL) (ж),2024-11,2024-11-01 00:00:00,730,факт,прямоугольные_металл_черный_M_L_M
40 лет Октября,5(10000-24990) (WILLIAM MORRIS BL) (ж),2024-12,2024-12-01 00:00:00,740,факт,прямоугольные_металл_черный_M_L_M
40 лет Октября,5(10000-24990) (WILLIAM MORRIS BL) (ж),2025-01,2025-01-31 14:45:54,774,прогноз,прямоугольные_металл_черный_M_L_M
40 лет Октября,5(10000-24990) (WILLIAM MORRIS BL) (ж),2025-02,2025-02-28 14:45:54,777,прогноз,прямоугольные_металл_черный_M_L_M
40 лет Октября,5(10000-24990) (WILLIAM MORRIS BL) (ж),2025-03,2025-03-31 14:45:54,779,прогноз,прямоугольные_металл_черный_M_L_M
40 лет Октября,5(10000-24990) (WILLIAM MORRIS) (м),2024-03,2024-03-01 00:00:00,792,факт,прямоугольные_металл_черный_M_L_M
40 лет Октября,5(10000-24990) (WILLIAM MORRIS) (м),2024-04,2024-04-01 00:00:00,837,факт,прямоугольные_металл_черный_M_L_M
40 лет Октября,5(10000-24990) (WILLIAM MORRIS) (м),2024-05,2024-05-01 00:00:00,756,факт,прямоугольные_металл_черный_M_L_M
40 лет Октября,5(10000-24990) (WILLIAM MORRIS) (м),2024-06,2024-06-01 00:00:00,717,факт,прямоугольные_металл_черный_M_L_M
40 лет Октября,5(10000-24990) (WILLIAM MORRIS) (м),2024-07,2024-07-01 00:00:00,822,факт,прямоугольные_металл_черный_M_L_M
40 лет Октября,5(10000-24990) (WILLIAM MORRIS) (м),2024-08,2024-08-01 00:00:00,868,факт,прямоугольные_металл_черный_M_L_M
40 лет Октября,5(10000-24990) (WILLIAM MORRIS) (м),2024-09,2024-09-01 00:00:00,790,факт,прямоугольные_металл_черный_M_L_M
40 лет Октября,5(10000-24990) (WILLIAM MORRIS) (м),2024-10,2024-10-01 00:00:00,744,факт,прямоугольные_металл_черный_M_L_M
40 лет Октября,5(10000-24990) (WILLIAM MORRIS) (м),2024-11,2024-11-01 00:00:00,730,факт,прямоугольные_металл_черный_M_L_M
40 лет Октября,5(10000-24990) (WILLIAM MORRIS) (м),2024-12,2024-12-01 00:00:00,740,факт,прямоугольные_металл_черный_M_L_M
40 лет Октября,5(10000-24990) (WILLIAM MORRIS) (м),2025-01,2025-01-31 14:45:54,774,прогноз,прямоугольные_металл_черный_M_L_M
40 лет Октября,5(10000-24990) (WILLIAM MORRIS) (м),2025-02,2025-02-28 14:45:54,777,прогноз,прямоугольные_металл_черный_M_L_M
40 лет Октября,5(10000-24990) (WILLIAM MORRIS) (м),2025-03,2025-03-31 14:45:54,779,прогноз,прямоугольные_металл_черный_M_L_M
40 лет Октября,5(10000-24990) (XAVIER GARCIA) (ж),2024-03,2024-03-01 00:00:00,792,факт,прямоугольные_металл_черный_M_L_M
40 лет Октября,5(10000-24990) (XAVIER GARCIA) (ж),2024-04,2024-04-01 00:00:00,837,факт,прямоугольные_металл_черный_M_L_M
40 лет Октября,5(10000-24990) (XAVIER GARCIA) (ж),2024-05,2024-05-01 00:00:00,756,факт,прямоугольные_металл_черный_M_L_M
40 лет Октября,5(10000-24990) (XAVIER GARCIA) (ж),2024-06,2024-06-01 00:00:00,717,факт,прямоугольные_металл_черный_M_L_M
40 лет Октября,5(10000-24990) (XAVIER GARCIA) (ж),2024-07,2024-07-01 00:00:00,822,факт,прямоугольные_металл_черный_M_L_M
40 лет Октября,5(10000-24990) (XAVIER GARCIA) (ж),2024-08,2024-08-01 00:00:00,868,факт,прямоугольные_металл_черный_M_L_M
40 лет Октября,5(10000-24990) (XAVIER GARCIA) (ж),2024-09,2024-09-01 00:00:00,790,факт,прямоугольные_металл_черный_M_L_M
40 лет Октября,5(10000-24990) (XAVIER GARCIA) (ж),2024-10,2024-10-01 00:00:00,744,факт,прямоугольные_металл_черный_M_L_M
40 лет Октября,5(10000-24990) (XAVIER GARCIA) (ж),2024-11,2024-11-01 00:00:00,730,факт,прямоугольные_металл_черный_M_L_M
40 лет Октября,5(10000-24990) (XAVIER GARCIA) (ж),2024-12,2024-12-01 00:00:00,740,факт,прямоугольные_металл_черный_M_L_M
40 лет Октября,5(10000-24990) (XAVIER GARCIA) (ж),2025-01,2025-01-31 14:45:54,774,прогноз,прямоугольные_металл_черный_M_L_M
40 лет Октября,5(10000-24990) (XAVIER GARCIA) (ж),2025-02,2025-02-28 14:45:54,777,прогноз,прямоугольные_металл_черный_M_L_M
40 лет Октября,5(10000-24990) (XAVIER GARCIA) (ж),2025-03,2025-03-31 14:45:54,779,прогноз,прямоугольные_металл_черный_M_L_M
40 лет Октября,5(10000-24990) (XAVIER GARCIA) (м),2024-03,2024-03-01 00:00:00,792,факт,прямоугольные_металл_черный_M_L_M
40 лет Октября,5(10000-24990) (XAVIER GARCIA) (м),2024-04,2024-04-01 00:00:00,837,факт,прямоугольные_металл_черный_M_L_M
40 лет Октября,5(10000-24990) (XAVIER GARCIA) (м),2024-05,2024-05-01 00:00:00,756,факт,прямоугольные_металл_черный_M_L_M
40 лет Октября,5(10000-24990) (XAVIER GARCIA) (м),2024-06,2024-06-01 00:00:00,717,факт,прямоугольные_металл_черный_M_L_M
40 лет Октября,5(10000-24990) (XAVIER GARCIA) (м),2024-07,2024-07-01 00:00:00,822,факт,прямоугольные_металл_черный_M_L_M
40 лет Октября,5(10000-24990) (XAVIER GARCIA) (м),2024-08,2024-08-01 00:00:00,868,факт,прямоугольные_металл_черный_M_L_M
40 лет Октября,5(10000-24990) (XAVIER GARCIA) (м),2024-09,2024-09-01 00:00:00,790,факт,прямоугольные_металл_черный_M_L_M
40 лет Октября,5(10000-24990) (XAVIER GARCIA) (м),2024-10,2024-10-01 00:00:00,744,факт,прямоугольные_металл_черный_M_L_M
40 лет Октября,5(10000-24990) (XAVIER GARCIA) (м),2024-11,2024-11-01 00:00:00,730,факт,прямоугольные_металл_черный_M_L_M
40 лет Октября,5(10000-24990) (XAVIER GARCIA) (м),2024-12,2024-12-01 00:00:00,740,факт,прямоугольные_металл_черный_M_L_M
40 лет Октября,5(10000-24990) (XAVIER GARCIA) (м),2025-01,2025-01-31 14:45:54,774,прогноз,прямоугольные_металл_черный_M_L_M
40 лет Октября,5(10000-24990) (XAVIER GARCIA) (м),2025-02,2025-02-28 14:45:54,777,прогноз,прямоугольные_металл_черный_M_L_M
40 лет Октября,5(10000-24990) (XAVIER GARCIA) (м),2025-03,2025-03-31 14:45:54,779,прогноз,прямоугольные_металл_черный_M_L_M
40 лет Октября,VIP (CAZAL) ( ж),2024-03,2024-03-01 00:00:00,792,факт,прямоугольные_металл_черный_M_L_M
40 лет Октября,VIP (CAZAL) ( ж),2024-04,2024-04-01 00:00:00,837,факт,прямоугольные_металл_черный_M_L_M
40 лет Октября,VIP (CAZAL) ( ж),2024-05,2024-05-01 00:00:00,756,факт,прямоугольные_металл_черный_M_L_M
40 лет Октября,VIP (CAZAL) ( ж),2024-06,2024-06-01 00:00:00,717,факт,прямоугольные_металл_черный_M_L_M
40 лет Октября,VIP (CAZAL) ( ж),2024-07,2024-07-01 00:00:00,822,факт,прямоугольные_металл_черный_M_L_M
40 лет Октября,VIP (CAZAL) ( ж),2024-08,2024-08-01 00:00:00,868,факт,прямоугольные_металл_черный_M_L_M
40 лет Октября,VIP (CAZAL) ( ж),2024-09,2024-09-01 00:00:00,790,факт,прямоугольные_металл_черный_M_L_M
40 лет Октября,VIP (CAZAL) ( ж),2024-10,2024-10-01 00:00:00,744,факт,прямоугольные_металл_черный_M_L_M
40 лет Октября,VIP (CAZAL) ( ж),2024-11,2024-11-01 00:00:00,730,факт,прямоугольные_металл_черный_M_L_M
40 лет Октября,VIP (CAZAL) ( ж),2024-12,2024-12-01 00:00:00,740,факт,прямоугольные_металл_черный_M_L_M
40 лет Октября,VIP (CAZAL) ( ж),2025-01,2025-01-31 14:45:54,774,прогноз,прямоугольные_металл_черный_M_L_M
40 лет Октября,VIP (CAZAL) ( ж),2025-02,2025-02-28 14:45:54,777,прогноз,прямоугольные_металл_черный_M_L_M
40 лет Октября,VIP (CAZAL) ( ж),2025-03,2025-03-31 14:45:54,779,прогноз,прямоугольные_металл_черный_M_L_M
40 лет Октября,VIP (CAZAL) (м),2024-03,2024-03-01 00:00:00,792,факт,прямоугольные_металл_черный_M_L_M
40 лет Октября,VIP (CAZAL) (м),2024-04,2024-04-01 00:00:00,837,факт,прямоугольные_металл_черный_M_L_M
40 лет Октября,VIP (CAZAL) (м),2024-05,2024-05-01 00:00:00,756,факт,прямоугольные_металл_черный_M_L_M
40 лет Октября,VIP (CAZAL) (м),2024-06,2024-06-01 00:00:00,717,факт,прямоугольные_металл_черный_M_L_M
40 лет Октября,VIP (CAZAL) (м),2024-07,2024-07-01 00:00:00,822,факт,прямоугольные_металл_черный_M_L_M
40 лет Октября,VIP (CAZAL) (м),2024-08,2024-08-01 00:00:00,868,факт,прямоугольные_металл_черный_M_L_M
40 лет Октября,VIP (CAZAL) (м),2024-09,2024-09-01 00:00:00,790,факт,прямоугольные_металл_черный_M_L_M
40 лет Октября,VIP (CAZAL) (м),2024-10,2024-10-01 00:00:00,744,факт,прямоугольные_металл_черный_M_L_M
40 лет Октября,VIP (CAZAL) (м),2024-11,2024-11-01 00:00:00,730,факт,прямоугольные_металл_черный_M_L_M
40 лет Октября,VIP (CAZAL) (м),2024-12,2024-12-01 00:00:00,740,факт,прямоугольные_металл_черный_M_L_M
40 лет Октября,VIP (CAZAL) (м),2025-01,2025-01-31 14:45:54,774,прогноз,прямоугольные_металл_черный_M_L_M
40 лет Октября,VIP (CAZAL) (м),2025-02,2025-02-28 14:45:54,777,прогноз,прямоугольные_металл_черный_M_L_M
40 лет Октября,VIP (CAZAL) (м),2025-03,2025-03-31 14:45:54,779,прогноз,прямоугольные_металл_черный_M_L_M
40 лет Октября,VIP (CHARMANT LINE ART) (ж),2024-03,2024-03-01 00:00:00,792,факт,прямоугольные_металл_черный_M_L_M
40 лет Октября,VIP (CHARMANT LINE ART) (ж),2024-04,2024-04-01 00:00:00,837,факт,прямоугольные_металл_черный_M_L_M
40 лет Октября,VIP (CHARMANT LINE ART) (ж),2024-05,2024-05-01 00:00:00,756,факт,прямоугольные_металл_черный_M_L_M
40 лет Октября,VIP (CHARMANT LINE ART) (ж),2024-06,2024-06-01 00:00:00,717,факт,прямоугольные_металл_черный_M_L_M
40 лет Октября,VIP (CHARMANT LINE ART) (ж),2024-07,2024-07-01 00:00:00,822,факт,прямоугольные_металл_черный_M_L_M
40 лет Октября,VIP (CHARMANT LINE ART) (ж),2024-08,2024-08-01 00:00:00,868,факт,прямоугольные_металл_черный_M_L_M
40 лет Октября,VIP (CHARMANT LINE ART) (ж),2024-09,2024-09-01 00:00:00,790,факт,прямоугольные_металл_черный_M_L_M
40 лет Октября,VIP (CHARMANT LINE ART) (ж),2024-10,2024-10-01 00:00:00,744,факт,прямоугольные_металл_черный_M_L_M
40 лет Октября,VIP (CHARMANT LINE ART) (ж),2024-11,2024-11-01 00:00:00,730,факт,прямоугольные_металл_черный_M_L_M
40 лет Октября,VIP (CHARMANT LINE ART) (ж),2024-12,2024-12-01 00:00:00,740,факт,прямоугольные_металл_черный_M_L_M
40 лет Октября,VIP (CHARMANT LINE ART) (ж),2025-01,2025-01-31 14:45:54,774,прогноз,прямоугольные_металл_черный_M_L_M
40 лет Октября,VIP (CHARMANT LINE ART) (ж),2025-02,2025-02-28 14:45:54,777,прогноз,прямоугольные_металл_черный_M_L_M
40 лет Октября,VIP (CHARMANT LINE ART) (ж),2025-03,2025-03-31 14:45:54,779,прогноз,прямоугольные_металл_черный_M_L_M
40 лет Октября,VIP (CHARRIOL) (м) #,2024-03,2024-03-01 00:00:00,792,факт,прямоугольные_металл_черный_M_L_M
40 лет Октября,VIP (CHARRIOL) (м) #,2024-04,2024-04-01 00:00:00,837,факт,прямоугольные_металл_черный_M_L_M
40 лет Октября,VIP (CHARRIOL) (м) #,2024-05,2024-05-01 00:00:00,756,факт,прямоугольные_металл_черный_M_L_M
40 лет Октября,VIP (CHARRIOL) (м) #,2024-06,2024-06-01 00:00:00,717,факт,прямоугольные_металл_черный_M_L_M
40 лет Октября,VIP (CHARRIOL) (м) #,2024-07,2024-07-01 00:00:00,822,факт,прямоугольные_металл_черный_M_L_M
40 лет Октября,VIP (CHARRIOL) (м) #,2024-08,2024-08-01 00:00:00,868,факт,прямоугольные_металл_черный_M_L_M
40 лет Октября,VIP (CHARRIOL) (м) #,2024-09,2024-09-01 00:00:00,790,факт,прямоугольные_металл_черный_M_L_M
40 лет Октября,VIP (CHARRIOL) (м) #,2024-10,2024-10-01 00:00:00,744,факт,прямоугольные_металл_черный_M_L_M
40 лет Октября,VIP (CHARRIOL) (м) #,2024-11,2024-11-01 00:00:00,730,факт,прямоугольные_металл_черный_M_L_M
40 лет Октября,VIP (CHARRIOL) (м) #,2024-12,2024-12-01 00:00:00,740,факт,прямоугольные_металл_черный_M_L_M
40 лет Октября,VIP (CHARRIOL) (м) #,2025-01,2025-01-31 14:45:54,774,прогноз,прямоугольные_металл_черный_M_L_M
40 лет Октября,VIP (CHARRIOL) (м) #,2025-02,2025-02-28 14:45:54,777,прогноз,прямоугольные_металл_черный_M_L_M
40 лет Октября,VIP (CHARRIOL) (м) #,2025-03,2025-03-31 14:45:54,779,прогноз,прямоугольные_металл_черный_M_L_M
40 лет Октября,VIP (ETNIA BARCELONA) (ж)#,2024-03,2024-03-01 00:00:00,792,факт,прямоугольные_металл_черный_M_L_M
40 лет Октября,VIP (ETNIA BARCELONA) (ж)#,2024-04,2024-04-01 00:00:00,837,факт,прямоугольные_металл_черный_M_L_M
40 лет Октября,VIP (ETNIA BARCELONA) (ж)#,2024-05,2024-05-01 00:00:00,756,факт,прямоугольные_металл_черный_M_L_M
40 лет Октября,VIP (ETNIA BARCELONA) (ж)#,2024-06,2024-06-01 00:00:00,717,факт,прямоугольные_металл_черный_M_L_M
40 лет Октября,VIP (ETNIA BARCELONA) (ж)#,2024-07,2024-07-01 00:00:00,822,факт,прямоугольные_металл_черный_M_L_M
40 лет Октября,VIP (ETNIA BARCELONA) (ж)#,2024-08,2024-08-01 00:00:00,868,факт,прямоугольные_металл_черный_M_L_M
40 лет Октября,VIP (ETNIA BARCELONA) (ж)#,2024-09,2024-09-01 00:00:00,790,факт,прямоугольные_металл_черный_M_L_M
40 лет Октября,VIP (ETNIA BARCELONA) (ж)#,2024-10,2024-10-01 00:00:00,744,факт,прямоугольные_металл_черный_M_L_M
40 лет Октября,VIP (ETNIA BARCELONA) (ж)#,2024-11,2024-11-01 00:00:00,730,факт,прямоугольные_металл_черный_M_L_M
40 лет Октября,VIP (ETNIA BARCELONA) (ж)#,2024-12,2024-12-01 00:00:00,740,факт,прямоугольные_металл_черный_M_L_M
40 лет Октября,VIP (ETNIA BARCELONA) (ж)#,2025-01,2025-01-31 14:45:54,774,прогноз,прямоугольные_металл_черный_M_L_M
40 лет Октября,VIP (ETNIA BARCELONA) (ж)#,2025-02,2025-02-28 14:45:54,777,прогноз,прямоугольные_металл_черный_M_L_M
40 лет Октября,VIP (ETNIA BARCELONA) (ж)#,2025-03,2025-03-31 14:45:54,779,прогноз,прямоугольные_металл_черный_M_L_M
40 лет Октября,VIP (ETNIA BARCELONA) (м)#,2024-03,2024-03-01 00:00:00,792,факт,прямоугольные_металл_черный_M_L_M
40 лет Октября,VIP (ETNIA BARCELONA) (м)#,2024-04,2024-04-01 00:00:00,837,факт,прямоугольные_металл_черный_M_L_M
40 лет Октября,VIP (ETNIA BARCELONA) (м)#,2024-05,2024-05-01 00:00:00,756,факт,прямоугольные_металл_черный_M_L_M
40 лет Октября,VIP (ETNIA BARCELONA) (м)#,2024-06,2024-06-01 00:00:00,717,факт,прямоугольные_металл_черный_M_L_M
40 лет Октября,VIP (ETNIA BARCELONA) (м)#,2024-07,2024-07-01 00:00:00,822,факт,прямоугольные_металл_черный_M_L_M
40 лет Октября,VIP (ETNIA BARCELONA) (м)#,2024-08,2024-08-01 00:00:00,868,факт,прямоугольные_металл_черный_M_L_M
40 лет Октября,VIP (ETNIA BARCELONA) (м)#,2024-09,2024-09-01 00:00:00,790,факт,прямоугольные_металл_черный_M_L_M
40 лет Октября,VIP (ETNIA BARCELONA) (м)#,2024-10,2024-10-01 00:00:00,744,факт,прямоугольные_металл_черный_M_L_M
40 лет Октября,VIP (ETNIA BARCELONA) (м)#,2024-11,2024-11-01 00:00:00,730,факт,прямоугольные_металл_черный_M_L_M
40 лет Октября,VIP (ETNIA BARCELONA) (м)#,2024-12,2024-12-01 00:00:00,740,факт,прямоугольные_металл_черный_M_L_M
40 лет Октября,VIP (ETNIA BARCELONA) (м)#,2025-01,2025-01-31 14:45:54,774,прогноз,прямоугольные_металл_черный_M_L_M
40 лет Октября,VIP (ETNIA BARCELONA) (м)#,2025-02,2025-02-28 14:45:54,777,прогноз,прямоугольные_металл_черный_M_L_M
40 лет Октября,VIP (ETNIA BARCELONA) (м)#,2025-03,2025-03-31 14:45:54,779,прогноз,прямоугольные_металл_черный_M_L_M
40 лет Октября,VIP (GOTTI) (ж),2024-03,2024-03-01 00:00:00,792,факт,прямоугольные_металл_черный_M_L_M
40 лет Октября,VIP (GOTTI) (ж),2024-04,2024-04-01 00:00:00,837,факт,прямоугольные_металл_черный_M_L_M
40 лет Октября,VIP (GOTTI) (ж),2024-05,2024-05-01 00:00:00,756,факт,прямоугольные_металл_черный_M_L_M
40 лет Октября,VIP (GOTTI) (ж),2024-06,2024-06-01 00:00:00,717,факт,прямоугольные_металл_черный_M_L_M
40 лет Октября,VIP (GOTTI) (ж),2024-07,2024-07-01 00:00:00,822,факт,прямоугольные_металл_черный_M_L_M
40 лет Октября,VIP (GOTTI) (ж),2024-08,2024-08-01 00:00:00,868,факт,прямоугольные_металл_черный_M_L_M
40 лет Октября,VIP (GOTTI) (ж),2024-09,2024-09-01 00:00:00,790,факт,прямоугольные_металл_черный_M_L_M
40 лет Октября,VIP (GOTTI) (ж),2024-10,2024-10-01 00:00:00,744,факт,прямоугольные_металл_черный_M_L_M
40 лет Октября,VIP (GOTTI) (ж),2024-11,2024-11-01 00:00:00,730,факт,прямоугольные_металл_черный_M_L_M
40 лет Октября,VIP (GOTTI) (ж),2024-12,2024-12-01 00:00:00,740,факт,прямоугольные_металл_черный_M_L_M
40 лет Октября,VIP (GOTTI) (ж),2025-01,2025-01-31 14:45:54,774,прогноз,прямоугольные_металл_черный_M_L_M
40 лет Октября,VIP (GOTTI) (ж),2025-02,2025-02-28 14:45:54,777,прогноз,прямоугольные_металл_черный_M_L_M
40 лет Октября,VIP (GOTTI) (ж),2025-03,2025-03-31 14:45:54,779,прогноз,прямоугольные_металл_черный_M_L_M
40 лет Октября,VIP (GOTTI) (у),2024-03,2024-03-01 00:00:00,792,факт,прямоугольные_металл_черный_M_L_M
40 лет Октября,VIP (GOTTI) (у),2024-04,2024-04-01 00:00:00,837,факт,прямоугольные_металл_черный_M_L_M
40 лет Октября,VIP (GOTTI) (у),2024-05,2024-05-01 00:00:00,756,факт,прямоугольные_металл_черный_M_L_M
40 лет Октября,VIP (GOTTI) (у),2024-06,2024-06-01 00:00:00,717,факт,прямоугольные_металл_черный_M_L_M
40 лет Октября,VIP (GOTTI) (у),2024-07,2024-07-01 00:00:00,822,факт,прямоугольные_металл_черный_M_L_M
40 лет Октября,VIP (GOTTI) (у),2024-08,2024-08-01 00:00:00,868,факт,прямоугольные_металл_черный_M_L_M
40 лет Октября,VIP (GOTTI) (у),2024-09,2024-09-01 00:00:00,790,факт,прямоугольные_металл_черный_M_L_M
40 лет Октября,VIP (GOTTI) (у),2024-10,2024-10-01 00:00:00,744,факт,прямоугольные_металл_черный_M_L_M
40 лет Октября,VIP (GOTTI) (у),2024-11,2024-11-01 00:00:00,730,факт,прямоугольные_металл_черный_M_L_M
40 лет Октября,VIP (GOTTI) (у),2024-12,2024-12-01 00:00:00,740,факт,прямоугольные_металл_черный_M_L_M
40 лет Октября,VIP (GOTTI) (у),2025-01,2025-01-31 14:45:54,774,прогноз,прямоугольные_металл_черный_M_L_M
40 лет Октября,VIP (GOTTI) (у),2025-02,2025-02-28 14:45:54,777,прогноз,прямоугольные_металл_черный_M_L_M
40 лет Октября,VIP (GOTTI) (у),2025-03,2025-03-31 14:45:54,779,прогноз,прямоугольные_металл_черный_M_L_M
40 лет Октября,VIP (JAGUAR),2024-03,2024-03-01 00:00:00,792,факт,прямоугольные_металл_черный_M_L_M
40 лет Октября,VIP (JAGUAR),2024-04,2024-04-01 00:00:00,837,факт,прямоугольные_металл_черный_M_L_M
40 лет Октября,VIP (JAGUAR),2024-05,2024-05-01 00:00:00,756,факт,прямоугольные_металл_черный_M_L_M
40 лет Октября,VIP (JAGUAR),2024-06,2024-06-01 00:00:00,717,факт,прямоугольные_металл_черный_M_L_M
40 лет Октября,VIP (JAGUAR),2024-07,2024-07-01 00:00:00,822,факт,прямоугольные_металл_черный_M_L_M
40 лет Октября,VIP (JAGUAR),2024-08,2024-08-01 00:00:00,868,факт,прямоугольные_металл_черный_M_L_M
40 лет Октября,VIP (JAGUAR),2024-09,2024-09-01 00:00:00,790,факт,прямоугольные_металл_черный_M_L_M
40 лет Октября,VIP (JAGUAR),2024-10,2024-10-01 00:00:00,744,факт,прямоугольные_металл_черный_M_L_M
40 лет Октября,VIP (JAGUAR),2024-11,2024-11-01 00:00:00,730,факт,прямоугольные_металл_черный_M_L_M
40 лет Октября,VIP (JAGUAR),2024-12,2024-12-01 00:00:00,740,факт,прямоугольные_металл_черный_M_L_M
40 лет Октября,VIP (JAGUAR),2025-01,2025-01-31 14:45:54,774,прогноз,прямоугольные_металл_черный_M_L_M
40 лет Октября,VIP (JAGUAR),2025-02,2025-02-28 14:45:54,777,прогноз,прямоугольные_металл_черный_M_L_M
40 лет Октября,VIP (JAGUAR),2025-03,2025-03-31 14:45:54,779,прогноз,прямоугольные_металл_черный_M_L_M
40 лет Октября,VIP (LAFONT) (ж),2024-03,2024-03-01 00:00:00,792,факт,прямоугольные_металл_черный_M_L_M
40 лет Октября,VIP (LAFONT) (ж),2024-04,2024-04-01 00:00:00,837,факт,прямоугольные_металл_черный_M_L_M
40 лет Октября,VIP (LAFONT) (ж),2024-05,2024-05-01 00:00:00,756,факт,прямоугольные_металл_черный_M_L_M
40 лет Октября,VIP (LAFONT) (ж),2024-06,2024-06-01 00:00:00,717,факт,прямоугольные_металл_черный_M_L_M
40 лет Октября,VIP (LAFONT) (ж),2024-07,2024-07-01 00:00:00,822,факт,прямоугольные_металл_черный_M_L_M
40 лет Октября,VIP (LAFONT) (ж),2024-08,2024-08-01 00:00:00,868,факт,прямоугольные_металл_черный_M_L_M
40 лет Октября,VIP (LAFONT) (ж),2024-09,2024-09-01 00:00:00,790,факт,прямоугольные_металл_черный_M_L_M
40 лет Октября,VIP (LAFONT) (ж),2024-10,2024-10-01 00:00:00,744,факт,прямоугольные_металл_черный_M_L_M
40 лет Октября,VIP (LAFONT) (ж),2024-11,2024-11-01 00:00:00,730,факт,прямоугольные_металл_черный_M_L_M
40 лет Октября,VIP (LAFONT) (ж),2024-12,2024-12-01 00:00:00,740,факт,прямоугольные_металл_черный_M_L_M
40 лет Октября,VIP (LAFONT) (ж),2025-01,2025-01-31 14:45:54,774,прогноз,прямоугольные_металл_черный_M_L_M
40 лет Октября,VIP (LAFONT) (ж),2025-02,2025-02-28 14:45:54,777,прогноз,прямоугольные_металл_черный_M_L_M
40 лет Октября,VIP (LAFONT) (ж),2025-03,2025-03-31 14:45:54,779,прогноз,прямоугольные_металл_черный_M_L_M
40 лет Октября,VIP (MONTBLANC)#,2024-03,2024-03-01 00:00:00,792,факт,прямоугольные_металл_черный_M_L_M
40 лет Октября,VIP (MONTBLANC)#,2024-04,2024-04-01 00:00:00,837,факт,прямоугольные_металл_черный_M_L_M
40 лет Октября,VIP (MONTBLANC)#,2024-05,2024-05-01 00:00:00,756,факт,прямоугольные_металл_черный_M_L_M
40 лет Октября,VIP (MONTBLANC)#,2024-06,2024-06-01 00:00:00,717,факт,прямоугольные_металл_черный_M_L_M
40 лет Октября,VIP (MONTBLANC)#,2024-07,2024-07-01 00:00:00,822,факт,прямоугольные_металл_черный_M_L_M
40 лет Октября,VIP (MONTBLANC)#,2024-08,2024-08-01 00:00:00,868,факт,прямоугольные_металл_черный_M_L_M
40 лет Октября,VIP (MONTBLANC)#,2024-09,2024-09-01 00:00:00,790,факт,прямоугольные_металл_черный_M_L_M
40 лет Октября,VIP (MONTBLANC)#,2024-10,2024-10-01 00:00:00,744,факт,прямоугольные_металл_черный_M_L_M
40 лет Октября,VIP (MONTBLANC)#,2024-11,2024-11-01 00:00:00,730,факт,прямоугольные_металл_черный_M_L_M
40 лет Октября,VIP (MONTBLANC)#,2024-12,2024-12-01 00:00:00,740,факт,прямоугольные_металл_черный_M_L_M
40 лет Октября,VIP (MONTBLANC)#,2025-01,2025-01-31 14:45:54,774,прогноз,прямоугольные_металл_черный_M_L_M
40 лет Октября,VIP (MONTBLANC)#,2025-02,2025-02-28 14:45:54,777,прогноз,прямоугольные_металл_черный_M_L_M
40 лет Октября,VIP (MONTBLANC)#,2025-03,2025-03-31 14:45:54,779,прогноз,прямоугольные_металл_черный_M_L_M
40 лет Октября,VIP (MYKITA),2024-03,2024-03-01 00:00:00,792,факт,прямоугольные_металл_черный_M_L_M
40 лет Октября,VIP (MYKITA),2024-04,2024-04-01 00:00:00,837,факт,прямоугольные_металл_черный_M_L_M
40 лет Октября,VIP (MYKITA),2024-05,2024-05-01 00:00:00,756,факт,прямоугольные_металл_черный_M_L_M
40 лет Октября,VIP (MYKITA),2024-06,2024-06-01 00:00:00,717,факт,прямоугольные_металл_черный_M_L_M
40 лет Октября,VIP (MYKITA),2024-07,2024-07-01 00:00:00,822,факт,прямоугольные_металл_черный_M_L_M
40 лет Октября,VIP (MYKITA),2024-08,2024-08-01 00:00:00,868,факт,прямоугольные_металл_черный_M_L_M
40 лет Октября,VIP (MYKITA),2024-09,2024-09-01 00:00:00,790,факт,прямоугольные_металл_черный_M_L_M
40 лет Октября,VIP (MYKITA),2024-10,2024-10-01 00:00:00,744,факт,прямоугольные_металл_черный_M_L_M
40 лет Октября,VIP (MYKITA),2024-11,2024-11-01 00:00:00,730,факт,прямоугольные_металл_черный_M_L_M
40 лет Октября,VIP (MYKITA),2024-12,2024-12-01 00:00:00,740,факт,прямоугольные_металл_черный_M_L_M
40 лет Октября,VIP (MYKITA),2025-01,2025-01-31 14:45:54,774,прогноз,прямоугольные_металл_черный_M_L_M
40 лет Октября,VIP (MYKITA),2025-02,2025-02-28 14:45:54,777,прогноз,прямоугольные_металл_черный_M_L_M
40 лет Октября,VIP (MYKITA),2025-03,2025-03-31 14:45:54,779,прогноз,прямоугольные_металл_черный_M_L_M
40 лет Октября,VIP (PRADA LINEA ROSSA)#,2024-03,2024-03-01 00:00:00,792,факт,прямоугольные_металл_черный_M_L_M
40 лет Октября,VIP (PRADA LINEA ROSSA)#,2024-04,2024-04-01 00:00:00,837,факт,прямоугольные_металл_черный_M_L_M
40 лет Октября,VIP (PRADA LINEA ROSSA)#,2024-05,2024-05-01 00:00:00,756,факт,прямоугольные_металл_черный_M_L_M
40 лет Октября,VIP (PRADA LINEA ROSSA)#,2024-06,2024-06-01 00:00:00,717,факт,прямоугольные_металл_черный_M_L_M
40 лет Октября,VIP (PRADA LINEA ROSSA)#,2024-07,2024-07-01 00:00:00,822,факт,прямоугольные_металл_черный_M_L_M
40 лет Октября,VIP (PRADA LINEA ROSSA)#,2024-08,2024-08-01 00:00:00,868,факт,прямоугольные_металл_черный_M_L_M
40 лет Октября,VIP (PRADA LINEA ROSSA)#,2024-09,2024-09-01 00:00:00,790,факт,прямоугольные_металл_черный_M_L_M
40 лет Октября,VIP (PRADA LINEA ROSSA)#,2024-10,2024-10-01 00:00:00,744,факт,прямоугольные_металл_черный_M_L_M
40 лет Октября,VIP (PRADA LINEA ROSSA)#,2024-11,2024-11-01 00:00:00,730,факт,прямоугольные_металл_черный_M_L_M
40 лет Октября,VIP (PRADA LINEA ROSSA)#,2024-12,2024-12-01 00:00:00,740,факт,прямоугольные_металл_черный_M_L_M
40 лет Октября,VIP (PRADA LINEA ROSSA)#,2025-01,2025-01-31 14:45:54,774,прогноз,прямоугольные_металл_черный_M_L_M
40 лет Октября,VIP (PRADA LINEA ROSSA)#,2025-02,2025-02-28 14:45:54,777,прогноз,прямоугольные_металл_черный_M_L_M
40 лет Октября,VIP (PRADA LINEA ROSSA)#,2025-03,2025-03-31 14:45:54,779,прогноз,прямоугольные_металл_черный_M_L_M
40 лет Октября,VIP (PRADA)#,2024-03,2024-03-01 00:00:00,792,факт,прямоугольные_металл_черный_M_L_M
40 лет Октября,VIP (PRADA)#,2024-04,2024-04-01 00:00:00,837,факт,прямоугольные_металл_черный_M_L_M
40 лет Октября,VIP (PRADA)#,2024-05,2024-05-01 00:00:00,756,факт,прямоугольные_металл_черный_M_L_M
40 лет Октября,VIP (PRADA)#,2024-06,2024-06-01 00:00:00,717,факт,прямоугольные_металл_черный_M_L_M
40 лет Октября,VIP (PRADA)#,2024-07,2024-07-01 00:00:00,822,факт,прямоугольные_металл_черный_M_L_M
40 лет Октября,VIP (PRADA)#,2024-08,2024-08-01 00:00:00,868,факт,прямоугольные_металл_черный_M_L_M
40 лет Октября,VIP (PRADA)#,2024-09,2024-09-01 00:00:00,790,факт,прямоугольные_металл_черный_M_L_M
40 лет Октября,VIP (PRADA)#,2024-10,2024-10-01 00:00:00,744,факт,прямоугольные_металл_черный_M_L_M
40 лет Октября,VIP (PRADA)#,2024-11,2024-11-01 00:00:00,730,факт,прямоугольные_металл_черный_M_L_M
40 лет Октября,VIP (PRADA)#,2024-12,2024-12-01 00:00:00,740,факт,прямоугольные_металл_черный_M_L_M
40 лет Октября,VIP (PRADA)#,2025-01,2025-01-31 14:45:54,774,прогноз,прямоугольные_металл_черный_M_L_M
40 лет Октября,VIP (PRADA)#,2025-02,2025-02-28 14:45:54,777,прогноз,прямоугольные_металл_черный_M_L_M
40 лет Октября,VIP (PRADA)#,2025-03,2025-03-31 14:45:54,779,прогноз,прямоугольные_металл_черный_M_L_M
40 лет Октября,VIP (SILHOUETTE),2024-03,2024-03-01 00:00:00,792,факт,прямоугольные_металл_черный_M_L_M
40 лет Октября,VIP (SILHOUETTE),2024-04,2024-04-01 00:00:00,837,факт,прямоугольные_металл_черный_M_L_M
40 лет Октября,VIP (SILHOUETTE),2024-05,2024-05-01 00:00:00,756,факт,прямоугольные_металл_черный_M_L_M
40 лет Октября,VIP (SILHOUETTE),2024-06,2024-06-01 00:00:00,717,факт,прямоугольные_металл_черный_M_L_M
40 лет Октября,VIP (SILHOUETTE),2024-07,2024-07-01 00:00:00,822,факт,прямоугольные_металл_черный_M_L_M
40 лет Октября,VIP (SILHOUETTE),2024-08,2024-08-01 00:00:00,868,факт,прямоугольные_металл_черный_M_L_M
40 лет Октября,VIP (SILHOUETTE),2024-09,2024-09-01 00:00:00,790,факт,прямоугольные_металл_черный_M_L_M
40 лет Октября,VIP (SILHOUETTE),2024-10,2024-10-01 00:00:00,744,факт,прямоугольные_металл_черный_M_L_M
40 лет Октября,VIP (SILHOUETTE),2024-11,2024-11-01 00:00:00,730,факт,прямоугольные_металл_черный_M_L_M
40 лет Октября,VIP (SILHOUETTE),2024-12,2024-12-01 00:00:00,740,факт,прямоугольные_металл_черный_M_L_M
40 лет Октября,VIP (SILHOUETTE),2025-01,2025-01-31 14:45:54,774,прогноз,прямоугольные_металл_черный_M_L_M
40 лет Октября,VIP (SILHOUETTE),2025-02,2025-02-28 14:45:54,777,прогноз,прямоугольные_металл_черный_M_L_M
40 лет Октября,VIP (SILHOUETTE),2025-03,2025-03-31 14:45:54,779,прогноз,прямоугольные_металл_черный_M_L_M
40 лет Октября,VIP (TIFFANY),2024-03,2024-03-01 00:00:00,792,факт,прямоугольные_металл_черный_M_L_M
40 лет Октября,VIP (TIFFANY),2024-04,2024-04-01 00:00:00,837,факт,прямоугольные_металл_черный_M_L_M
40 лет Октября,VIP (TIFFANY),2024-05,2024-05-01 00:00:00,756,факт,прямоугольные_металл_черный_M_L_M
40 лет Октября,VIP (TIFFANY),2024-06,2024-06-01 00:00:00,717,факт,прямоугольные_металл_черный_M_L_M
40 лет Октября,VIP (TIFFANY),2024-07,2024-07-01 00:00:00,822,факт,прямоугольные_металл_черный_M_L_M
40 лет Октября,VIP (TIFFANY),2024-08,2024-08-01 00:00:00,868,факт,прямоугольные_металл_черный_M_L_M
40 лет Октября,VIP (TIFFANY),2024-09,2024-09-01 00:00:00,790,факт,прямоугольные_металл_черный_M_L_M
40 лет Октября,VIP (TIFFANY),2024-10,2024-10-01 00:00:00,744,факт,прямоугольные_металл_черный_M_L_M
40 лет Октября,VIP (TIFFANY),2024-11,2024-11-01 00:00:00,730,факт,прямоугольные_металл_черный_M_L_M
40 лет Октября,VIP (TIFFANY),2024-12,2024-12-01 00:00:00,740,факт,прямоугольные_металл_черный_M_L_M
40 лет Октября,VIP (TIFFANY),2025-01,2025-01-31 14:45:54,774,прогноз,прямоугольные_металл_черный_M_L_M
40 лет Октября,VIP (TIFFANY),2025-02,2025-02-28 14:45:54,777,прогноз,прямоугольные_металл_черный_M_L_M
40 лет Октября,VIP (TIFFANY),2025-03,2025-03-31 14:45:54,779,прогноз,прямоугольные_металл_черный_M_L_M
40 лет Октября,РАСПРОДАЖА (Ж) (10 000 - ...),2024-03,2024-03-01 00:00:00,360,факт,бабочка_металл_черный/золотой_M_L_M
40 лет Октября,РАСПРОДАЖА (Ж) (10 000 - ...),2024-04,2024-04-01 00:00:00,415,факт,бабочка_металл_черный/золотой_M_L_M
40 лет Октября,РАСПРОДАЖА (Ж) (10 000 - ...),2024-05,2024-05-01 00:00:00,349,факт,бабочка_металл_черный/золотой_M_L_M
40 лет Октября,РАСПРОДАЖА (Ж) (10 000 - ...),2024-06,2024-06-01 00:00:00,333,факт,бабочка_металл_черный/золотой_M_L_M
40 лет Октября,РАСПРОДАЖА (Ж) (10 000 - ...),2024-07,2024-07-01 00:00:00,386,факт,бабочка_металл_черный/золотой_M_L_M
40 лет Октября,РАСПРОДАЖА (Ж) (10 000 - ...),2024-08,2024-08-01 00:00:00,408,факт,бабочка_металл_черный/золотой_M_L_M
40 лет Октября,РАСПРОДАЖА (Ж) (10 000 - ...),2024-09,2024-09-01 00:00:00,350,факт,бабочка_металл_черный/золотой_M_L_M
40 лет Октября,РАСПРОДАЖА (Ж) (10 000 - ...),2024-10,2024-10-01 00:00:00,361,факт,бабочка_металл_черный/золотой_M_L_M
40 лет Октября,РАСПРОДАЖА (Ж) (10 000 - ...),2024-11,2024-11-01 00:00:00,361,факт,бабочка_металл_черный/золотой_M_L_M
40 лет Октября,РАСПРОДАЖА (Ж) (10 000 - ...),2024-12,2024-12-01 00:00:00,344,факт,бабочка_металл_черный/золотой_M_L_M
40 лет Октября,РАСПРОДАЖА (Ж) (10 000 - ...),2025-01,2025-01-31 14:45:54,363,прогноз,бабочка_металл_черный/золотой_M_L_M
40 лет Октября,РАСПРОДАЖА (Ж) (10 000 - ...),2025-02,2025-02-28 14:45:54,364,прогноз,бабочка_металл_черный/золотой_M_L_M
40 лет Октября,РАСПРОДАЖА (Ж) (10 000 - ...),2025-03,2025-03-31 14:45:54,365,прогноз,бабочка_металл_черный/золотой_M_L_M
Васенко,(1590-9990 ) (ОПРАВЫ + CLIP) (Ж),2024-03,2024-03-01 00:00:00,148,факт,бабочка_металл_золотой_M_L_M
Васенко,(1590-9990 ) (ОПРАВЫ + CLIP) (Ж),2024-04,2024-04-01 00:00:00,190,факт,бабочка_металл_золотой_M_L_M
Васенко,(1590-9990 ) (ОПРАВЫ + CLIP) (Ж),2024-05,2024-05-01 00:00:00,164,факт,бабочка_металл_золотой_M_L_M
Васенко,(1590-9990 ) (ОПРАВЫ + CLIP) (Ж),2024-06,2024-06-01 00:00:00,164,факт,бабочка_металл_золотой_M_L_M
Васенко,(1590-9990 ) (ОПРАВЫ + CLIP) (Ж),2024-07,2024-07-01 00:00:00,154,факт,бабочка_металл_золотой_M_L_M
Васенко,(1590-9990 ) (ОПРАВЫ + CLIP) (Ж),2024-08,2024-08-01 00:00:00,178,факт,бабочка_металл_золотой_M_L_M
Васенко,(1590-9990 ) (ОПРАВЫ + CLIP) (Ж),2024-09,2024-09-01 00:00:00,165,факт,бабочка_металл_золотой_M_L_M
Васенко,(1590-9990 ) (ОПРАВЫ + CLIP) (Ж),2024-10,2024-10-01 00:00:00,124,факт,бабочка_металл_золотой_M_L_M
Васенко,(1590-9990 ) (ОПРАВЫ + CLIP) (Ж),2024-11,2024-11-01 00:00:00,131,факт,бабочка_металл_золотой_M_L_M
Васенко,(1590-9990 ) (ОПРАВЫ + CLIP) (Ж),2024-12,2024-12-01 00:00:00,140,факт,бабочка_металл_золотой_M_L_M
Васенко,(1590-9990 ) (ОПРАВЫ + CLIP) (Ж),2025-01,2025-01-31 14:45:54,141,прогноз,бабочка_металл_золотой_M_L_M
Васенко,(1590-9990 ) (ОПРАВЫ + CLIP) (Ж),2025-02,2025-02-28 14:45:54,140,прогноз,бабочка_металл_золотой_M_L_M
Васенко,(1590-9990 ) (ОПРАВЫ + CLIP) (Ж),2025-03,2025-03-31 14:45:54,139,прогноз,бабочка_металл_золотой_M_L_M
Васенко,(1590-9990 ) (ОПРАВЫ + CLIP) (М),2024-03,2024-03-01 00:00:00,96,факт,прямоугольные_металл_черный_M_L_M
Васенко,(1590-9990 ) (ОПРАВЫ + CLIP) (М),2024-04,2024-04-01 00:00:00,115,факт,прямоугольные_металл_черный_M_L_M
Васенко,(1590-9990 ) (ОПРАВЫ + CLIP) (М),2024-05,2024-05-01 00:00:00,86,факт,прямоугольные_металл_черный_M_L_M
Васенко,(1590-9990 ) (ОПРАВЫ + CLIP) (М),2024-06,2024-06-01 00:00:00,112,факт,прямоугольные_металл_черный_M_L_M
Васенко,(1590-9990 ) (ОПРАВЫ + CLIP) (М),2024-07,2024-07-01 00:00:00,114,факт,прямоугольные_металл_черный_M_L_M
Васенко,(1590-9990 ) (ОПРАВЫ + CLIP) (М),2024-08,2024-08-01 00:00:00,97,факт,прямоугольные_металл_черный_M_L_M
Васенко,(1590-9990 ) (ОПРАВЫ + CLIP) (М),2024-09,2024-09-01 00:00:00,85,факт,прямоугольные_металл_черный_M_L_M
Васенко,(1590-9990 ) (ОПРАВЫ + CLIP) (М),2024-10,2024-10-01 00:00:00,90,факт,прямоугольные_металл_черный_M_L_M
Васенко,(1590-9990 ) (ОПРАВЫ + CLIP) (М),2024-11,2024-11-01 00:00:00,97,факт,прямоугольные_металл_черный_M_L_M
Васенко,(1590-9990 ) (ОПРАВЫ + CLIP) (М),2024-12,2024-12-01 00:00:00,88,факт,прямоугольные_металл_черный_M_L_M
Васенко,(1590-9990 ) (ОПРАВЫ + CLIP) (М),2025-01,2025-01-31 14:45:54,90,прогноз,прямоугольные_металл_черный_M_L_M
Васенко,(1590-9990 ) (ОПРАВЫ + CLIP) (М),2025-02,2025-02-28 14:45:54,89,прогноз,прямоугольные_металл_черный_M_L_M
Васенко,(1590-9990 ) (ОПРАВЫ + CLIP) (М),2025-03,2025-03-31 14:45:54,89,прогноз,прямоугольные_металл_черный_M_L_M
Васенко,(4000-9990) ( БЕЗОБОДКОВЫЕ ) (ж),2024-03,2024-03-01 00:00:00,19,факт,прямоугольные_металл_золотой_L_L_L
Васенко,(4000-9990) ( БЕЗОБОДКОВЫЕ ) (ж),2024-04,2024-04-01 00:00:00,42,факт,прямоугольные_металл_золотой_L_L_L
Васенко,(4000-9990) ( БЕЗОБОДКОВЫЕ ) (ж),2024-05,2024-05-01 00:00:00,26,факт,прямоугольные_металл_золотой_L_L_L
Васенко,(4000-9990) ( БЕЗОБОДКОВЫЕ ) (ж),2024-06,2024-06-01 00:00:00,33,факт,прямоугольные_металл_золотой_L_L_L
Васенко,(4000-9990) ( БЕЗОБОДКОВЫЕ ) (ж),2024-07,2024-07-01 00:00:00,34,факт,прямоугольные_металл_золотой_L_L_L
Васенко,(4000-9990) ( БЕЗОБОДКОВЫЕ ) (ж),2024-08,2024-08-01 00:00:00,22,факт,прямоугольные_металл_золотой_L_L_L
Васенко,(4000-9990) ( БЕЗОБОДКОВЫЕ ) (ж),2024-09,2024-09-01 00:00:00,23,факт,прямоугольные_металл_золотой_L_L_L
Васенко,(4000-9990) ( БЕЗОБОДКОВЫЕ ) (ж),2024-10,2024-10-01 00:00:00,28,факт,прямоугольные_металл_золотой_L_L_L
Васенко,(4000-9990) ( БЕЗОБОДКОВЫЕ ) (ж),2024-11,2024-11-01 00:00:00,25,факт,прямоугольные_металл_золотой_L_L_L
Васенко,(4000-9990) ( БЕЗОБОДКОВЫЕ ) (ж),2024-12,2024-12-01 00:00:00,28,факт,прямоугольные_металл_золотой_L_L_L
Васенко,(4000-9990) ( БЕЗОБОДКОВЫЕ ) (ж),2025-01,2025-01-31 14:45:54,28,прогноз,прямоугольные_металл_золотой_L_L_L
Васенко,(4000-9990) ( БЕЗОБОДКОВЫЕ ) (ж),2025-02,2025-02-28 14:45:54,29,прогноз,прямоугольные_металл_золотой_L_L_L
Васенко,(4000-9990) ( БЕЗОБОДКОВЫЕ ) (ж),2025-03,2025-03-31 14:45:54,29,прогноз,прямоугольные_металл_золотой_L_L_L
Васенко,(4000-9990) ( БЕЗОБОДКОВЫЕ ) (м),2024-03,2024-03-01 00:00:00,19,факт,прямоугольные_металл_золотой_L_L_L
Васенко,(4000-9990) ( БЕЗОБОДКОВЫЕ ) (м),2024-04,2024-04-01 00:00:00,42,факт,прямоугольные_металл_золотой_L_L_L
Васенко,(4000-9990) ( БЕЗОБОДКОВЫЕ ) (м),2024-05,2024-05-01 00:00:00,26,факт,прямоугольные_металл_золотой_L_L_L
Васенко,(4000-9990) ( БЕЗОБОДКОВЫЕ ) (м),2024-06,2024-06-01 00:00:00,33,факт,прямоугольные_металл_золотой_L_L_L
Васенко,(4000-9990) ( БЕЗОБОДКОВЫЕ ) (м),2024-07,2024-07-01 00:00:00,34,факт,прямоугольные_металл_золотой_L_L_L
Васенко,(4000-9990) ( БЕЗОБОДКОВЫЕ ) (м),2024-08,2024-08-01 00:00:00,22,факт,прямоугольные_металл_золотой_L_L_L
Васенко,(4000-9990) ( БЕЗОБОДКОВЫЕ ) (м),2024-09,2024-09-01 00:00:00,23,факт,прямоугольные_металл_золотой_L_L_L
Васенко,(4000-9990) ( БЕЗОБОДКОВЫЕ ) (м),2024-10,2024-10-01 00:00:00,28,факт,прямоугольные_металл_золотой_L_L_L
Васенко,(4000-9990) ( БЕЗОБОДКОВЫЕ ) (м),2024-11,2024-11-01 00:00:00,25,факт,прямоугольные_металл_золотой_L_L_L
Васенко,(4000-9990) ( БЕЗОБОДКОВЫЕ ) (м),2024-12,2024-12-01 00:00:00,28,факт,прямоугольные_металл_золотой_L_L_L
Васенко,(4000-9990) ( БЕЗОБОДКОВЫЕ ) (м),2025-01,2025-01-31 14:45:54,28,прогноз,прямоугольные_металл_золотой_L_L_L
Васенко,(4000-9990) ( БЕЗОБОДКОВЫЕ ) (м),2025-02,2025-02-28 14:45:54,29,прогноз,прямоугольные_металл_золотой_L_L_L
Васенко,(4000-9990) ( БЕЗОБОДКОВЫЕ ) (м),2025-03,2025-03-31 14:45:54,29,прогноз,прямоугольные_металл_золотой_L_L_L
Васенко,(детские) (металл),2024-03,2024-03-01 00:00:00,7,факт,половинки_металл_коричневый_S_M_L
Васенко,(детские) (металл),2024-04,2024-04-01 00:00:00,8,факт,половинки_металл_коричневый_S_M_L
Васенко,(детские) (металл),2024-05,2024-05-01 00:00:00,2,факт,половинки_металл_коричневый_S_M_L
Васенко,(детские) (металл),2024-06,2024-06-01 00:00:00,4,факт,половинки_металл_коричневый_S_M_L
Васенко,(детские) (металл),2024-07,2024-07-01 00:00:00,11,факт,половинки_металл_коричневый_S_M_L
Васенко,(детские) (металл),2024-08,2024-08-01 00:00:00,7,факт,половинки_металл_коричневый_S_M_L
Васенко,(детские) (металл),2024-09,2024-09-01 00:00:00,2,факт,половинки_металл_коричневый_S_M_L
Васенко,(детские) (металл),2024-10,2024-10-01 00:00:00,2,факт,половинки_металл_коричневый_S_M_L
Васенко,(детские) (металл),2025-01,2025-01-31 14:45:54,4,прогноз,половинки_металл_коричневый_S_M_L
Васенко,(детские) (металл),2025-02,2025-02-28 14:45:54,4,прогноз,половинки_металл_коричневый_S_M_L
Васенко,(детские) (металл),2025-03,2025-03-31 14:45:54,4,прогноз,половинки_металл_коричневый_S_M_L
Васенко,(детские) (пластик) (36-41),2024-03,2024-03-01 00:00:00,5,факт,квадратные_пластик_черный_S_M_M
Васенко,(детские) (пластик) (36-41),2024-04,2024-04-01 00:00:00,10,факт,квадратные_пластик_черный_S_M_M
Васенко,(детские) (пластик) (36-41),2024-05,2024-05-01 00:00:00,5,факт,квадратные_пластик_черный_S_M_M
Васенко,(детские) (пластик) (36-41),2024-06,2024-06-01 00:00:00,7,факт,квадратные_пластик_черный_S_M_M
Васенко,(детские) (пластик) (36-41),2024-07,2024-07-01 00:00:00,8,факт,квадратные_пластик_черный_S_M_M
Васенко,(детские) (пластик) (36-41),2024-08,2024-08-01 00:00:00,8,факт,квадратные_пластик_черный_S_M_M
Васенко,(детские) (пластик) (36-41),2024-09,2024-09-01 00:00:00,5,факт,квадратные_пластик_черный_S_M_M
Васенко,(детские) (пластик) (36-41),2024-10,2024-10-01 00:00:00,3,факт,квадратные_пластик_черный_S_M_M
Васенко,(детские) (пластик) (36-41),2024-11,2024-11-01 00:00:00,4,факт,квадратные_пластик_черный_S_M_M
Васенко,(детские) (пластик) (36-41),2024-12,2024-12-01 00:00:00,5,факт,квадратные_пластик_черный_S_M_M
Васенко,(детские) (пластик) (36-41),2025-01,2025-01-31 14:45:54,5,прогноз,квадратные_пластик_черный_S_M_M
Васенко,(детские) (пластик) (36-41),2025-02,2025-02-28 14:45:54,5,прогноз,квадратные_пластик_черный_S_M_M
Васенко,(детские) (пластик) (36-41),2025-03,2025-03-31 14:45:54,5,прогноз,квадратные_пластик_черный_S_M_M
Васенко,(детские) (пластик) (42-45),2024-03,2024-03-01 00:00:00,5,факт,квадратные_пластик_черный_S_M_M
Васенко,(детские) (пластик) (42-45),2024-04,2024-04-01 00:00:00,10,факт,квадратные_пластик_черный_S_M_M
Васенко,(детские) (пластик) (42-45),2024-05,2024-05-01 00:00:00,5,факт,квадратные_пластик_черный_S_M_M
Васенко,(детские) (пластик) (42-45),2024-06,2024-06-01 00:00:00,7,факт,квадратные_пластик_черный_S_M_M
Васенко,(детские) (пластик) (42-45),2024-07,2024-07-01 00:00:00,8,факт,квадратные_пластик_черный_S_M_M
Васенко,(детские) (пластик) (42-45),2024-08,2024-08-01 00:00:00,8,факт,квадратные_пластик_черный_S_M_M
Васенко,(детские) (пластик) (42-45),2024-09,2024-09-01 00:00:00,5,факт,квадратные_пластик_черный_S_M_M
Васенко,(детские) (пластик) (42-45),2024-10,2024-10-01 00:00:00,3,факт,квадратные_пластик_черный_S_M_M
Васенко,(детские) (пластик) (42-45),2024-11,2024-11-01 00:00:00,4,факт,квадратные_пластик_черный_S_M_M
Васенко,(детские) (пластик) (42-45),2024-12,2024-12-01 00:00:00,5,факт,квадратные_пластик_черный_S_M_M
Васенко,(детские) (пластик) (42-45),2025-01,2025-01-31 14:45:54,5,прогноз,квадратные_пластик_черный_S_M_M
Васенко,(детские) (пластик) (42-45),2025-02,2025-02-28 14:45:54,5,прогноз,квадратные_пластик_черный_S_M_M
Васенко,(детские) (пластик) (42-45),2025-03,2025-03-31 14:45:54,5,прогноз,квадратные_пластик_черный_S_M_M
Васенко,(детские) (пластик) (46-49),2024-03,2024-03-01 00:00:00,5,факт,квадратные_пластик_черный_S_M_M
Васенко,(детские) (пластик) (46-49),2024-04,2024-04-01 00:00:00,10,факт,квадратные_пластик_черный_S_M_M
Васенко,(детские) (пластик) (46-49),2024-05,2024-05-01 00:00:00,5,факт,квадратные_пластик_черный_S_M_M
Васенко,(детские) (пластик) (46-49),2024-06,2024-06-01 00:00:00,7,факт,квадратные_пластик_черный_S_M_M
Васенко,(детские) (пластик) (46-49),2024-07,2024-07-01 00:00:00,8,факт,квадратные_пластик_черный_S_M_M
Васенко,(детские) (пластик) (46-49),2024-08,2024-08-01 00:00:00,8,факт,квадратные_пластик_черный_S_M_M
Васенко,(детские) (пластик) (46-49),2024-09,2024-09-01 00:00:00,5,факт,квадратные_пластик_черный_S_M_M
Васенко,(детские) (пластик) (46-49),2024-10,2024-10-01 00:00:00,3,факт,квадратные_пластик_черный_S_M_M
Васенко,(детские) (пластик) (46-49),2024-11,2024-11-01 00:00:00,4,факт,квадратные_пластик_черный_S_M_M
Васенко,(детские) (пластик) (46-49),2024-12,2024-12-01 00:00:00,5,факт,квадратные_пластик_черный_S_M_M
Васенко,(детские) (пластик) (46-49),2025-01,2025-01-31 14:45:54,5,прогноз,квадратные_пластик_черный_S_M_M
Васенко,(детские) (пластик) (46-49),2025-02,2025-02-28 14:45:54,5,прогноз,квадратные_пластик_черный_S_M_M
Васенко,(детские) (пластик) (46-49),2025-03,2025-03-31 14:45:54,5,прогноз,квадратные_пластик_черный_S_M_M
Васенко,(детские)(FISHER PRICE) девочки 42-46,2024-03,2024-03-01 00:00:00,14,факт,половинки_металл_коричневый_S_M_L
Васенко,(детские)(FISHER PRICE) девочки 42-46,2024-04,2024-04-01 00:00:00,19,факт,половинки_металл_коричневый_S_M_L
Васенко,(детские)(FISHER PRICE) девочки 42-46,2024-05,2024-05-01 00:00:00,7,факт,половинки_металл_коричневый_S_M_L
Васенко,(детские)(FISHER PRICE) девочки 42-46,2024-06,2024-06-01 00:00:00,11,факт,половинки_металл_коричневый_S_M_L
Васенко,(детские)(FISHER PRICE) девочки 42-46,2024-07,2024-07-01 00:00:00,20,факт,половинки_металл_коричневый_S_M_L
Васенко,(детские)(FISHER PRICE) девочки 42-46,2024-08,2024-08-01 00:00:00,15,факт,половинки_металл_коричневый_S_M_L
Васенко,(детские)(FISHER PRICE) девочки 42-46,2024-09,2024-09-01 00:00:00,9,факт,половинки_металл_коричневый_S_M_L
Васенко,(детские)(FISHER PRICE) девочки 42-46,2024-10,2024-10-01 00:00:00,6,факт,половинки_металл_коричневый_S_M_L
Васенко,(детские)(FISHER PRICE) девочки 42-46,2024-11,2024-11-01 00:00:00,4,факт,половинки_металл_коричневый_S_M_L
Васенко,(детские)(FISHER PRICE) девочки 42-46,2024-12,2024-12-01 00:00:00,5,факт,половинки_металл_коричневый_S_M_L
Васенко,(детские)(FISHER PRICE) девочки 42-46,2025-01,2025-01-31 14:45:54,8,прогноз,половинки_металл_коричневый_S_M_L
Васенко,(детские)(FISHER PRICE) девочки 42-46,2025-02,2025-02-28 14:45:54,8,прогноз,половинки_металл_коричневый_S_M_L
Васенко,(детские)(FISHER PRICE) девочки 42-46,2025-03,2025-03-31 14:45:54,8,прогноз,половинки_металл_коричневый_S_M_L
Васенко,(детские)(FISHER PRICE) девочки 47-54,2024-03,2024-03-01 00:00:00,14,факт,половинки_металл_коричневый_S_M_L
Васенко,(детские)(FISHER PRICE) девочки 47-54,2024-04,2024-04-01 00:00:00,19,факт,половинки_металл_коричневый_S_M_L
Васенко,(детские)(FISHER PRICE) девочки 47-54,2024-05,2024-05-01 00:00:00,7,факт,половинки_металл_коричневый_S_M_L
Васенко,(детские)(FISHER PRICE) девочки 47-54,2024-06,2024-06-01 00:00:00,11,факт,половинки_металл_коричневый_S_M_L
Васенко,(детские)(FISHER PRICE) девочки 47-54,2024-07,2024-07-01 00:00:00,20,факт,половинки_металл_коричневый_S_M_L
Васенко,(детские)(FISHER PRICE) девочки 47-54,2024-08,2024-08-01 00:00:00,15,факт,половинки_металл_коричневый_S_M_L
Васенко,(детские)(FISHER PRICE) девочки 47-54,2024-09,2024-09-01 00:00:00,9,факт,половинки_металл_коричневый_S_M_L
Васенко,(детские)(FISHER PRICE) девочки 47-54,2024-10,2024-10-01 00:00:00,6,факт,половинки_металл_коричневый_S_M_L
Васенко,(детские)(FISHER PRICE) девочки 47-54,2024-11,2024-11-01 00:00:00,4,факт,половинки_металл_коричневый_S_M_L
Васенко,(детские)(FISHER PRICE) девочки 47-54,2024-12,2024-12-01 00:00:00,5,факт,половинки_металл_коричневый_S_M_L
Васенко,(детские)(FISHER PRICE) девочки 47-54,2025-01,2025-01-31 14:45:54,8,прогноз,половинки_металл_коричневый_S_M_L
Васенко,(детские)(FISHER PRICE) девочки 47-54,2025-02,2025-02-28 14:45:54,8,прогноз,половинки_металл_коричневый_S_M_L
Васенко,(детские)(FISHER PRICE) девочки 47-54,2025-03,2025-03-31 14:45:54,8,прогноз,половинки_металл_коричневый_S_M_L
Васенко,(детские)(FISHER PRICE) мальчики 38-41,2024-03,2024-03-01 00:00:00,14,факт,половинки_металл_коричневый_S_M_L
Васенко,(детские)(FISHER PRICE) мальчики 38-41,2024-04,2024-04-01 00:00:00,19,факт,половинки_металл_коричневый_S_M_L
Васенко,(детские)(FISHER PRICE) мальчики 38-41,2024-05,2024-05-01 00:00:00,7,факт,половинки_металл_коричневый_S_M_L
Васенко,(детские)(FISHER PRICE) мальчики 38-41,2024-06,2024-06-01 00:00:00,11,факт,половинки_металл_коричневый_S_M_L
Васенко,(детские)(FISHER PRICE) мальчики 38-41,2024-07,2024-07-01 00:00:00,20,факт,половинки_металл_коричневый_S_M_L
Васенко,(детские)(FISHER PRICE) мальчики 38-41,2024-08,2024-08-01 00:00:00,15,факт,половинки_металл_коричневый_S_M_L
Васенко,(детские)(FISHER PRICE) мальчики 38-41,2024-09,2024-09-01 00:00:00,9,факт,половинки_металл_коричневый_S_M_L
Васенко,(детские)(FISHER PRICE) мальчики 38-41,2024-10,2024-10-01 00:00:00,6,факт,половинки_металл_коричневый_S_M_L
Васенко,(детские)(FISHER PRICE) мальчики 38-41,2024-11,2024-11-01 00:00:00,4,факт,половинки_металл_коричневый_S_M_L
Васенко,(детские)(FISHER PRICE) мальчики 38-41,2024-12,2024-12-01 00:00:00,5,факт,половинки_металл_коричневый_S_M_L
Васенко,(детские)(FISHER PRICE) мальчики 38-41,2025-01,2025-01-31 14:45:54,8,прогноз,половинки_металл_коричневый_S_M_L
Васенко,(детские)(FISHER PRICE) мальчики 38-41,2025-02,2025-02-28 14:45:54,8,прогноз,половинки_металл_коричневый_S_M_L
Васенко,(детские)(FISHER PRICE) мальчики 38-41,2025-03,2025-03-31 14:45:54,8,прогноз,половинки_металл_коричневый_S_M_L
Васенко,(детские)(FISHER PRICE) мальчики 42-46,2024-03,2024-03-01 00:00:00,14,факт,половинки_металл_коричневый_S_M_L
Васенко,(детские)(FISHER PRICE) мальчики 42-46,2024-04,2024-04-01 00:00:00,19,факт,половинки_металл_коричневый_S_M_L
Васенко,(детские)(FISHER PRICE) мальчики 42-46,2024-05,2024-05-01 00:00:00,7,факт,половинки_металл_коричневый_S_M_L
Васенко,(детские)(FISHER PRICE) мальчики 42-46,2024-06,2024-06-01 00:00:00,11,факт,половинки_металл_коричневый_S_M_L
Васенко,(детские)(FISHER PRICE) мальчики 42-46,2024-07,2024-07-01 00:00:00,20,факт,половинки_металл_коричневый_S_M_L
Васенко,(детские)(FISHER PRICE) мальчики 42-46,2024-08,2024-08-01 00:00:00,15,факт,половинки_металл_коричневый_S_M_L
Васенко,(детские)(FISHER PRICE) мальчики 42-46,2024-09,2024-09-01 00:00:00,9,факт,половинки_металл_коричневый_S_M_L
Васенко,(детские)(FISHER PRICE) мальчики 42-46,2024-10,2024-10-01 00:00:00,6,факт,половинки_металл_коричневый_S_M_L
Васенко,(детские)(FISHER PRICE) мальчики 42-46,2024-11,2024-11-01 00:00:00,4,факт,половинки_металл_коричневый_S_M_L
Васенко,(детские)(FISHER PRICE) мальчики 42-46,2024-12,2024-12-01 00:00:00,5,факт,половинки_металл_коричневый_S_M_L
Васенко,(детские)(FISHER PRICE) мальчики 42-46,2025-01,2025-01-31 14:45:54,8,прогноз,половинки_металл_коричневый_S_M_L
Васенко,(детские)(FISHER PRICE) мальчики 42-46,2025-02,2025-02-28 14:45:54,8,прогноз,половинки_металл_коричневый_S_M_L
Васенко,(детские)(FISHER PRICE) мальчики 42-46,2025-03,2025-03-31 14:45:54,8,прогноз,половинки_металл_коричневый_S_M_L
Васенко,(детские)(FISHER PRICE) мальчики 47-54,2024-03,2024-03-01 00:00:00,14,факт,половинки_металл_коричневый_S_M_L
Васенко,(детские)(FISHER PRICE) мальчики 47-54,2024-04,2024-04-01 00:00:00,19,факт,половинки_металл_коричневый_S_M_L
Васенко,(детские)(FISHER PRICE) мальчики 47-54,2024-05,2024-05-01 00:00:00,7,факт,половинки_металл_коричневый_S_M_L
Васенко,(детские)(FISHER PRICE) мальчики 47-54,2024-06,2024-06-01 00:00:00,11,факт,половинки_металл_коричневый_S_M_L
Васенко,(детские)(FISHER PRICE) мальчики 47-54,2024-07,2024-07-01 00:00:00,20,факт,половинки_металл_коричневый_S_M_L
Васенко,(детские)(FISHER PRICE) мальчики 47-54,2024-08,2024-08-01 00:00:00,15,факт,половинки_металл_коричневый_S_M_L
Васенко,(детские)(FISHER PRICE) мальчики 47-54,2024-09,2024-09-01 00:00:00,9,факт,половинки_металл_коричневый_S_M_L
Васенко,(детские)(FISHER PRICE) мальчики 47-54,2024-10,2024-10-01 00:00:00,6,факт,половинки_металл_коричневый_S_M_L
Васенко,(детские)(FISHER PRICE) мальчики 47-54,2024-11,2024-11-01 00:00:00,4,факт,половинки_металл_коричневый_S_M_L
Васенко,(детские)(FISHER PRICE) мальчики 47-54,2024-12,2024-12-01 00:00:00,5,факт,половинки_металл_коричневый_S_M_L
Васенко,(детские)(FISHER PRICE) мальчики 47-54,2025-01,2025-01-31 14:45:54,8,прогноз,половинки_металл_коричневый_S_M_L
Васенко,(детские)(FISHER PRICE) мальчики 47-54,2025-02,2025-02-28 14:45:54,8,прогноз,половинки_металл_коричневый_S_M_L
Васенко,(детские)(FISHER PRICE) мальчики 47-54,2025-03,2025-03-31 14:45:54,8,прогноз,половинки_металл_коричневый_S_M_L
Васенко,(детские)(NANOKIDS/LIFE),2024-03,2024-03-01 00:00:00,14,факт,половинки_металл_коричневый_S_M_L
Васенко,(детские)(NANOKIDS/LIFE),2024-04,2024-04-01 00:00:00,19,факт,половинки_металл_коричневый_S_M_L
Васенко,(детские)(NANOKIDS/LIFE),2024-05,2024-05-01 00:00:00,7,факт,половинки_металл_коричневый_S_M_L
Васенко,(детские)(NANOKIDS/LIFE),2024-06,2024-06-01 00:00:00,11,факт,половинки_металл_коричневый_S_M_L
Васенко,(детские)(NANOKIDS/LIFE),2024-07,2024-07-01 00:00:00,20,факт,половинки_металл_коричневый_S_M_L
Васенко,(детские)(NANOKIDS/LIFE),2024-08,2024-08-01 00:00:00,15,факт,половинки_металл_коричневый_S_M_L
Васенко,(детские)(NANOKIDS/LIFE),2024-09,2024-09-01 00:00:00,9,факт,половинки_металл_коричневый_S_M_L
Васенко,(детские)(NANOKIDS/LIFE),2024-10,2024-10-01 00:00:00,6,факт,половинки_металл_коричневый_S_M_L
Васенко,(детские)(NANOKIDS/LIFE),2024-11,2024-11-01 00:00:00,4,факт,половинки_металл_коричневый_S_M_L
Васенко,(детские)(NANOKIDS/LIFE),2024-12,2024-12-01 00:00:00,5,факт,половинки_металл_коричневый_S_M_L
Васенко,(детские)(NANOKIDS/LIFE),2025-01,2025-01-31 14:45:54,8,прогноз,половинки_металл_коричневый_S_M_L
Васенко,(детские)(NANOKIDS/LIFE),2025-02,2025-02-28 14:45:54,8,прогноз,половинки_металл_коричневый_S_M_L
Васенко,(детские)(NANOKIDS/LIFE),2025-03,2025-03-31 14:45:54,8,прогноз,половинки_металл_коричневый_S_M_L
Васенко,(детские/подростковые) (BARBIE),2024-03,2024-03-01 00:00:00,14,факт,половинки_металл_коричневый_S_M_L
Васенко,(детские/подростковые) (BARBIE),2024-04,2024-04-01 00:00:00,19,факт,половинки_металл_коричневый_S_M_L
Васенко,(детские/подростковые) (BARBIE),2024-05,2024-05-01 00:00:00,7,факт,половинки_металл_коричневый_S_M_L
Васенко,(детские/подростковые) (BARBIE),2024-06,2024-06-01 00:00:00,11,факт,половинки_металл_коричневый_S_M_L
Васенко,(детские/подростковые) (BARBIE),2024-07,2024-07-01 00:00:00,20,факт,половинки_металл_коричневый_S_M_L
Васенко,(детские/подростковые) (BARBIE),2024-08,2024-08-01 00:00:00,15,факт,половинки_металл_коричневый_S_M_L
Васенко,(детские/подростковые) (BARBIE),2024-09,2024-09-01 00:00:00,9,факт,половинки_металл_коричневый_S_M_L
Васенко,(детские/подростковые) (BARBIE),2024-10,2024-10-01 00:00:00,6,факт,половинки_металл_коричневый_S_M_L
Васенко,(детские/подростковые) (BARBIE),2024-11,2024-11-01 00:00:00,4,факт,половинки_металл_коричневый_S_M_L
Васенко,(детские/подростковые) (BARBIE),2024-12,2024-12-01 00:00:00,5,факт,половинки_металл_коричневый_S_M_L
Васенко,(детские/подростковые) (BARBIE),2025-01,2025-01-31 14:45:54,8,прогноз,половинки_металл_коричневый_S_M_L
Васенко,(детские/подростковые) (BARBIE),2025-02,2025-02-28 14:45:54,8,прогноз,половинки_металл_коричневый_S_M_L
Васенко,(детские/подростковые) (BARBIE),2025-03,2025-03-31 14:45:54,8,прогноз,половинки_металл_коричневый_S_M_L
Васенко,(детские/подростковые) (GUESS),2024-03,2024-03-01 00:00:00,14,факт,половинки_металл_коричневый_S_M_L
Васенко,(детские/подростковые) (GUESS),2024-04,2024-04-01 00:00:00,19,факт,половинки_металл_коричневый_S_M_L
Васенко,(детские/подростковые) (GUESS),2024-05,2024-05-01 00:00:00,7,факт,половинки_металл_коричневый_S_M_L
Васенко,(детские/подростковые) (GUESS),2024-06,2024-06-01 00:00:00,11,факт,половинки_металл_коричневый_S_M_L
Васенко,(детские/подростковые) (GUESS),2024-07,2024-07-01 00:00:00,20,факт,половинки_металл_коричневый_S_M_L
Васенко,(детские/подростковые) (GUESS),2024-08,2024-08-01 00:00:00,15,факт,половинки_металл_коричневый_S_M_L
Васенко,(детские/подростковые) (GUESS),2024-09,2024-09-01 00:00:00,9,факт,половинки_металл_коричневый_S_M_L
Васенко,(детские/подростковые) (GUESS),2024-10,2024-10-01 00:00:00,6,факт,половинки_металл_коричневый_S_M_L
Васенко,(детские/подростковые) (GUESS),2024-11,2024-11-01 00:00:00,4,факт,половинки_металл_коричневый_S_M_L
Васенко,(детские/подростковые) (GUESS),2024-12,2024-12-01 00:00:00,5,факт,половинки_металл_коричневый_S_M_L
Васенко,(детские/подростковые) (GUESS),2025-01,2025-01-31 14:45:54,8,прогноз,половинки_металл_коричневый_S_M_L
Васенко,(детские/подростковые) (GUESS),2025-02,2025-02-28 14:45:54,8,прогноз,половинки_металл_коричневый_S_M_L
Васенко,(детские/подростковые) (GUESS),2025-03,2025-03-31 14:45:54,8,прогноз,половинки_металл_коричневый_S_M_L
Васенко,(детские/подростковые) (HOT WHEELS),2024-03,2024-03-01 00:00:00,14,факт,половинки_металл_коричневый_S_M_L
Васенко,(детские/подростковые) (HOT WHEELS),2024-04,2024-04-01 00:00:00,19,факт,половинки_металл_коричневый_S_M_L
Васенко,(детские/подростковые) (HOT WHEELS),2024-05,2024-05-01 00:00:00,7,факт,половинки_металл_коричневый_S_M_L
Васенко,(детские/подростковые) (HOT WHEELS),2024-06,2024-06-01 00:00:00,11,факт,половинки_металл_коричневый_S_M_L
Васенко,(детские/подростковые) (HOT WHEELS),2024-07,2024-07-01 00:00:00,20,факт,половинки_металл_коричневый_S_M_L
Васенко,(детские/подростковые) (HOT WHEELS),2024-08,2024-08-01 00:00:00,15,факт,половинки_металл_коричневый_S_M_L
Васенко,(детские/подростковые) (HOT WHEELS),2024-09,2024-09-01 00:00:00,9,факт,половинки_металл_коричневый_S_M_L
Васенко,(детские/подростковые) (HOT WHEELS),2024-10,2024-10-01 00:00:00,6,факт,половинки_металл_коричневый_S_M_L
Васенко,(детские/подростковые) (HOT WHEELS),2024-11,2024-11-01 00:00:00,4,факт,половинки_металл_коричневый_S_M_L
Васенко,(детские/подростковые) (HOT WHEELS),2024-12,2024-12-01 00:00:00,5,факт,половинки_металл_коричневый_S_M_L
Васенко,(детские/подростковые) (HOT WHEELS),2025-01,2025-01-31 14:45:54,8,прогноз,половинки_металл_коричневый_S_M_L
Васенко,(детские/подростковые) (HOT WHEELS),2025-02,2025-02-28 14:45:54,8,прогноз,половинки_металл_коричневый_S_M_L
Васенко,(детские/подростковые) (HOT WHEELS),2025-03,2025-03-31 14:45:54,8,прогноз,половинки_металл_коричневый_S_M_L
Васенко,(детские/подростковые) (KIDSIGHT),2024-03,2024-03-01 00:00:00,14,факт,половинки_металл_коричневый_S_M_L
Васенко,(детские/подростковые) (KIDSIGHT),2024-04,2024-04-01 00:00:00,19,факт,половинки_металл_коричневый_S_M_L
Васенко,(детские/подростковые) (KIDSIGHT),2024-05,2024-05-01 00:00:00,7,факт,половинки_металл_коричневый_S_M_L
Васенко,(детские/подростковые) (KIDSIGHT),2024-06,2024-06-01 00:00:00,11,факт,половинки_металл_коричневый_S_M_L
Васенко,(детские/подростковые) (KIDSIGHT),2024-07,2024-07-01 00:00:00,20,факт,половинки_металл_коричневый_S_M_L
Васенко,(детские/подростковые) (KIDSIGHT),2024-08,2024-08-01 00:00:00,15,факт,половинки_металл_коричневый_S_M_L
Васенко,(детские/подростковые) (KIDSIGHT),2024-09,2024-09-01 00:00:00,9,факт,половинки_металл_коричневый_S_M_L
Васенко,(детские/подростковые) (KIDSIGHT),2024-10,2024-10-01 00:00:00,6,факт,половинки_металл_коричневый_S_M_L
Васенко,(детские/подростковые) (KIDSIGHT),2024-11,2024-11-01 00:00:00,4,факт,половинки_металл_коричневый_S_M_L
Васенко,(детские/подростковые) (KIDSIGHT),2024-12,2024-12-01 00:00:00,5,факт,половинки_металл_коричневый_S_M_L
Васенко,(детские/подростковые) (KIDSIGHT),2025-01,2025-01-31 14:45:54,8,прогноз,половинки_металл_коричневый_S_M_L
Васенко,(детские/подростковые) (KIDSIGHT),2025-02,2025-02-28 14:45:54,8,прогноз,половинки_металл_коричневый_S_M_L
Васенко,(детские/подростковые) (KIDSIGHT),2025-03,2025-03-31 14:45:54,8,прогноз,половинки_металл_коричневый_S_M_L
Васенко,(детские/подростковые) (OU/SCOUT),2024-03,2024-03-01 00:00:00,14,факт,половинки_металл_коричневый_S_M_L
Васенко,(детские/подростковые) (OU/SCOUT),2024-04,2024-04-01 00:00:00,19,факт,половинки_металл_коричневый_S_M_L
Васенко,(детские/подростковые) (OU/SCOUT),2024-05,2024-05-01 00:00:00,7,факт,половинки_металл_коричневый_S_M_L
Васенко,(детские/подростковые) (OU/SCOUT),2024-06,2024-06-01 00:00:00,11,факт,половинки_металл_коричневый_S_M_L
Васенко,(детские/подростковые) (OU/SCOUT),2024-07,2024-07-01 00:00:00,20,факт,половинки_металл_коричневый_S_M_L
Васенко,(детские/подростковые) (OU/SCOUT),2024-08,2024-08-01 00:00:00,15,факт,половинки_металл_коричневый_S_M_L
Васенко,(детские/подростковые) (OU/SCOUT),2024-09,2024-09-01 00:00:00,9,факт,половинки_металл_коричневый_S_M_L
Васенко,(детские/подростковые) (OU/SCOUT),2024-10,2024-10-01 00:00:00,6,факт,половинки_металл_коричневый_S_M_L
Васенко,(детские/подростковые) (OU/SCOUT),2024-11,2024-11-01 00:00:00,4,факт,половинки_металл_коричневый_S_M_L
Васенко,(детские/подростковые) (OU/SCOUT),2024-12,2024-12-01 00:00:00,5,факт,половинки_металл_коричневый_S_M_L
Васенко,(детские/подростковые) (OU/SCOUT),2025-01,2025-01-31 14:45:54,8,прогноз,половинки_металл_коричневый_S_M_L
Васенко,(детские/подростковые) (OU/SCOUT),2025-02,2025-02-28 14:45:54,8,прогноз,половинки_металл_коричневый_S_M_L
Васенко,(детские/подростковые) (OU/SCOUT),2025-03,2025-03-31 14:45:54,8,прогноз,половинки_металл_коричневый_S_M_L
Васенко,(детские/подростковые) (SENSE EYEWEAR) НОЛЬ-ТАРИФ,2024-03,2024-03-01 00:00:00,14,факт,половинки_металл_коричневый_S_M_L
Васенко,(детские/подростковые) (SENSE EYEWEAR) НОЛЬ-ТАРИФ,2024-04,2024-04-01 00:00:00,19,факт,половинки_металл_коричневый_S_M_L
Васенко,(детские/подростковые) (SENSE EYEWEAR) НОЛЬ-ТАРИФ,2024-05,2024-05-01 00:00:00,7,факт,половинки_металл_коричневый_S_M_L
Васенко,(детские/подростковые) (SENSE EYEWEAR) НОЛЬ-ТАРИФ,2024-06,2024-06-01 00:00:00,11,факт,половинки_металл_коричневый_S_M_L
Васенко,(детские/подростковые) (SENSE EYEWEAR) НОЛЬ-ТАРИФ,2024-07,2024-07-01 00:00:00,20,факт,половинки_металл_коричневый_S_M_L
Васенко,(детские/подростковые) (SENSE EYEWEAR) НОЛЬ-ТАРИФ,2024-08,2024-08-01 00:00:00,15,факт,половинки_металл_коричневый_S_M_L
Васенко,(детские/подростковые) (SENSE EYEWEAR) НОЛЬ-ТАРИФ,2024-09,2024-09-01 00:00:00,9,факт,половинки_металл_коричневый_S_M_L
Васенко,(детские/подростковые) (SENSE EYEWEAR) НОЛЬ-ТАРИФ,2024-10,2024-10-01 00:00:00,6,факт,половинки_металл_коричневый_S_M_L
Васенко,(детские/подростковые) (SENSE EYEWEAR) НОЛЬ-ТАРИФ,2024-11,2024-11-01 00:00:00,4,факт,половинки_металл_коричневый_S_M_L
Васенко,(детские/подростковые) (SENSE EYEWEAR) НОЛЬ-ТАРИФ,2024-12,2024-12-01 00:00:00,5,факт,половинки_металл_коричневый_S_M_L
Васенко,(детские/подростковые) (SENSE EYEWEAR) НОЛЬ-ТАРИФ,2025-01,2025-01-31 14:45:54,8,прогноз,половинки_металл_коричневый_S_M_L
Васенко,(детские/подростковые) (SENSE EYEWEAR) НОЛЬ-ТАРИФ,2025-02,2025-02-28 14:45:54,8,прогноз,половинки_металл_коричневый_S_M_L
Васенко,(детские/подростковые) (SENSE EYEWEAR) НОЛЬ-ТАРИФ,2025-03,2025-03-31 14:45:54,8,прогноз,половинки_металл_коричневый_S_M_L
Васенко,(детские/подростковые) (VERSO),2024-03,2024-03-01 00:00:00,14,факт,половинки_металл_коричневый_S_M_L
Васенко,(детские/подростковые) (VERSO),2024-04,2024-04-01 00:00:00,19,факт,половинки_металл_коричневый_S_M_L
Васенко,(детские/подростковые) (VERSO),2024-05,2024-05-01 00:00:00,7,факт,половинки_металл_коричневый_S_M_L
Васенко,(детские/подростковые) (VERSO),2024-06,2024-06-01 00:00:00,11,факт,половинки_металл_коричневый_S_M_L
Васенко,(детские/подростковые) (VERSO),2024-07,2024-07-01 00:00:00,20,факт,половинки_металл_коричневый_S_M_L
Васенко,(детские/подростковые) (VERSO),2024-08,2024-08-01 00:00:00,15,факт,половинки_металл_коричневый_S_M_L
Васенко,(детские/подростковые) (VERSO),2024-09,2024-09-01 00:00:00,9,факт,половинки_металл_коричневый_S_M_L
Васенко,(детские/подростковые) (VERSO),2024-10,2024-10-01 00:00:00,6,факт,половинки_металл_коричневый_S_M_L
Васенко,(детские/подростковые) (VERSO),2024-11,2024-11-01 00:00:00,4,факт,половинки_металл_коричневый_S_M_L
Васенко,(детские/подростковые) (VERSO),2024-12,2024-12-01 00:00:00,5,факт,половинки_металл_коричневый_S_M_L
Васенко,(детские/подростковые) (VERSO),2025-01,2025-01-31 14:45:54,8,прогноз,половинки_металл_коричневый_S_M_L
Васенко,(детские/подростковые) (VERSO),2025-02,2025-02-28 14:45:54,8,прогноз,половинки_металл_коричневый_S_M_L
Васенко,(детские/подростковые) (VERSO),2025-03,2025-03-31 14:45:54,8,прогноз,половинки_металл_коричневый_S_M_L
Васенко,(детские/подростковые) (VOGUE),2024-03,2024-03-01 00:00:00,14,факт,половинки_металл_коричневый_S_M_L
Васенко,(детские/подростковые) (VOGUE),2024-04,2024-04-01 00:00:00,19,факт,половинки_металл_коричневый_S_M_L
Васенко,(детские/подростковые) (VOGUE),2024-05,2024-05-01 00:00:00,7,факт,половинки_металл_коричневый_S_M_L
Васенко,(детские/подростковые) (VOGUE),2024-06,2024-06-01 00:00:00,11,факт,половинки_металл_коричневый_S_M_L
Васенко,(детские/подростковые) (VOGUE),2024-07,2024-07-01 00:00:00,20,факт,половинки_металл_коричневый_S_M_L
Васенко,(детские/подростковые) (VOGUE),2024-08,2024-08-01 00:00:00,15,факт,половинки_металл_коричневый_S_M_L
Васенко,(детские/подростковые) (VOGUE),2024-09,2024-09-01 00:00:00,9,факт,половинки_металл_коричневый_S_M_L
Васенко,(детские/подростковые) (VOGUE),2024-10,2024-10-01 00:00:00,6,факт,половинки_металл_коричневый_S_M_L
Васенко,(детские/подростковые) (VOGUE),2024-11,2024-11-01 00:00:00,4,факт,половинки_металл_коричневый_S_M_L
Васенко,(детские/подростковые) (VOGUE),2024-12,2024-12-01 00:00:00,5,факт,половинки_металл_коричневый_S_M_L
Васенко,(детские/подростковые) (VOGUE),2025-01,2025-01-31 14:45:54,8,прогноз,половинки_металл_коричневый_S_M_L
Васенко,(детские/подростковые) (VOGUE),2025-02,2025-02-28 14:45:54,8,прогноз,половинки_металл_коричневый_S_M_L
Васенко,(детские/подростковые) (VOGUE),2025-03,2025-03-31 14:45:54,8,прогноз,половинки_металл_коричневый_S_M_L
Васенко,(подростковые) (металл для девочек),2024-03,2024-03-01 00:00:00,160,факт,прямоугольные_металл_черный_M_L_M
Васенко,(подростковые) (металл для девочек),2024-04,2024-04-01 00:00:00,196,факт,прямоугольные_металл_черный_M_L_M
Васенко,(подростковые) (металл для девочек),2024-05,2024-05-01 00:00:00,145,факт,прямоугольные_металл_черный_M_L_M
Васенко,(подростковые) (металл для девочек),2024-06,2024-06-01 00:00:00,197,факт,прямоугольные_металл_черный_M_L_M
Васенко,(подростковые) (металл для девочек),2024-07,2024-07-01 00:00:00,187,факт,прямоугольные_металл_черный_M_L_M
Васенко,(подростковые) (металл для девочек),2024-08,2024-08-01 00:00:00,191,факт,прямоугольные_металл_черный_M_L_M
Васенко,(подростковые) (металл для девочек),2024-09,2024-09-01 00:00:00,158,факт,прямоугольные_металл_черный_M_L_M
Васенко,(подростковые) (металл для девочек),2024-10,2024-10-01 00:00:00,129,факт,прямоугольные_металл_черный_M_L_M
Васенко,(подростковые) (металл для девочек),2024-11,2024-11-01 00:00:00,150,факт,прямоугольные_металл_черный_M_L_M
Васенко,(подростковые) (металл для девочек),2024-12,2024-12-01 00:00:00,148,факт,прямоугольные_металл_черный_M_L_M
Васенко,(подростковые) (металл для девочек),2025-01,2025-01-31 14:45:54,152,прогноз,прямоугольные_металл_черный_M_L_M
Васенко,(подростковые) (металл для девочек),2025-02,2025-02-28 14:45:54,150,прогноз,прямоугольные_металл_черный_M_L_M
Васенко,(подростковые) (металл для девочек),2025-03,2025-03-31 14:45:54,149,прогноз,прямоугольные_металл_черный_M_L_M
Васенко,(подростковые) (металл для мальчиков/универс),2024-03,2024-03-01 00:00:00,160,факт,прямоугольные_металл_черный_M_L_M
Васенко,(подростковые) (металл для мальчиков/универс),2024-04,2024-04-01 00:00:00,196,факт,прямоугольные_металл_черный_M_L_M
Васенко,(подростковые) (металл для мальчиков/универс),2024-05,2024-05-01 00:00:00,145,факт,прямоугольные_металл_черный_M_L_M
Васенко,(подростковые) (металл для мальчиков/универс),2024-06,2024-06-01 00:00:00,197,факт,прямоугольные_металл_черный_M_L_M
Васенко,(подростковые) (металл для мальчиков/универс),2024-07,2024-07-01 00:00:00,187,факт,прямоугольные_металл_черный_M_L_M
Васенко,(подростковые) (металл для мальчиков/универс),2024-08,2024-08-01 00:00:00,191,факт,прямоугольные_металл_черный_M_L_M
Васенко,(подростковые) (металл для мальчиков/универс),2024-09,2024-09-01 00:00:00,158,факт,прямоугольные_металл_черный_M_L_M
Васенко,(подростковые) (металл для мальчиков/универс),2024-10,2024-10-01 00:00:00,129,факт,прямоугольные_металл_черный_M_L_M
Васенко,(подростковые) (металл для мальчиков/универс),2024-11,2024-11-01 00:00:00,150,факт,прямоугольные_металл_черный_M_L_M
Васенко,(подростковые) (металл для мальчиков/универс),2024-12,2024-12-01 00:00:00,148,факт,прямоугольные_металл_черный_M_L_M
Васенко,(подростковые) (металл для мальчиков/универс),2025-01,2025-01-31 14:45:54,152,прогноз,прямоугольные_металл_черный_M_L_M
Васенко,(подростковые) (металл для мальчиков/универс),2025-02,2025-02-28 14:45:54,150,прогноз,прямоугольные_металл_черный_M_L_M
Васенко,(подростковые) (металл для мальчиков/универс),2025-03,2025-03-31 14:45:54,149,прогноз,прямоугольные_металл_черный_M_L_M
Васенко,(подростковые) (пластик для девочек),2024-03,2024-03-01 00:00:00,103,факт,квадратные_пластик_черный_L_L_L
Васенко,(подростковые) (пластик для девочек),2024-04,2024-04-01 00:00:00,132,факт,квадратные_пластик_черный_L_L_L
Васенко,(подростковые) (пластик для девочек),2024-05,2024-05-01 00:00:00,119,факт,квадратные_пластик_черный_L_L_L
Васенко,(подростковые) (пластик для девочек),2024-06,2024-06-01 00:00:00,103,факт,квадратные_пластик_черный_L_L_L
Васенко,(подростковые) (пластик для девочек),2024-07,2024-07-01 00:00:00,99,факт,квадратные_пластик_черный_L_L_L
Васенко,(подростковые) (пластик для девочек),2024-08,2024-08-01 00:00:00,112,факт,квадратные_пластик_черный_L_L_L
Васенко,(подростковые) (пластик для девочек),2024-09,2024-09-01 00:00:00,91,факт,квадратные_пластик_черный_L_L_L
Васенко,(подростковые) (пластик для девочек),2024-10,2024-10-01 00:00:00,82,факт,квадратные_пластик_черный_L_L_L
Васенко,(подростковые) (пластик для девочек),2024-11,2024-11-01 00:00:00,85,факт,квадратные_пластик_черный_L_L_L
Васенко,(подростковые) (пластик для девочек),2024-12,2024-12-01 00:00:00,83,факт,квадратные_пластик_черный_L_L_L
Васенко,(подростковые) (пластик для девочек),2025-01,2025-01-31 14:45:54,84,прогноз,квадратные_пластик_черный_L_L_L
Васенко,(подростковые) (пластик для девочек),2025-02,2025-02-28 14:45:54,83,прогноз,квадратные_пластик_черный_L_L_L
Васенко,(подростковые) (пластик для девочек),2025-03,2025-03-31 14:45:54,81,прогноз,квадратные_пластик_черный_L_L_L
Васенко,(подростковые) (пластик для мальчиков/универс),2024-03,2024-03-01 00:00:00,103,факт,квадратные_пластик_черный_L_L_L
Васенко,(подростковые) (пластик для мальчиков/универс),2024-04,2024-04-01 00:00:00,132,факт,квадратные_пластик_черный_L_L_L
Васенко,(подростковые) (пластик для мальчиков/универс),2024-05,2024-05-01 00:00:00,119,факт,квадратные_пластик_черный_L_L_L
Васенко,(подростковые) (пластик для мальчиков/универс),2024-06,2024-06-01 00:00:00,103,факт,квадратные_пластик_черный_L_L_L
Васенко,(подростковые) (пластик для мальчиков/универс),2024-07,2024-07-01 00:00:00,99,факт,квадратные_пластик_черный_L_L_L
Васенко,(подростковые) (пластик для мальчиков/универс),2024-08,2024-08-01 00:00:00,112,факт,квадратные_пластик_черный_L_L_L
Васенко,(подростковые) (пластик для мальчиков/универс),2024-09,2024-09-01 00:00:00,91,факт,квадратные_пластик_черный_L_L_L
Васенко,(подростковые) (пластик для мальчиков/универс),2024-10,2024-10-01 00:00:00,82,факт,квадратные_пластик_черный_L_L_L
Васенко,(подростковые) (пластик для мальчиков/универс),2024-11,2024-11-01 00:00:00,85,факт,квадратные_пластик_черный_L_L_L
Васенко,(подростковые) (пластик для мальчиков/универс),2024-12,2024-12-01 00:00:00,83,факт,квадратные_пластик_черный_L_L_L
Васенко,(подростковые) (пластик для мальчиков/универс),2025-01,2025-01-31 14:45:54,84,прогноз,квадратные_пластик_черный_L_L_L
Васенко,(подростковые) (пластик для мальчиков/универс),2025-02,2025-02-28 14:45:54,83,прогноз,квадратные_пластик_черный_L_L_L
Васенко,(подростковые) (пластик для мальчиков/универс),2025-03,2025-03-31 14:45:54,81,прогноз,квадратные_пластик_черный_L_L_L
Васенко,1(0-1490) (МЕТАЛЛ) (Ж),2024-03,2024-03-01 00:00:00,68,факт,бабочка_металл_золотой_M_L_M
Васенко,1(0-1490) (МЕТАЛЛ) (Ж),2024-04,2024-04-01 00:00:00,86,факт,бабочка_металл_золотой_M_L_M
Васенко,1(0-1490) (МЕТАЛЛ) (Ж),2024-05,2024-05-01 00:00:00,73,факт,бабочка_металл_золотой_M_L_M
Васенко,1(0-1490) (МЕТАЛЛ) (Ж),2024-06,2024-06-01 00:00:00,91,факт,бабочка_металл_золотой_M_L_M
Васенко,1(0-1490) (МЕТАЛЛ) (Ж),2024-07,2024-07-01 00:00:00,71,факт,бабочка_металл_золотой_M_L_M
Васенко,1(0-1490) (МЕТАЛЛ) (Ж),2024-08,2024-08-01 00:00:00,90,факт,бабочка_металл_золотой_M_L_M
Васенко,1(0-1490) (МЕТАЛЛ) (Ж),2024-09,2024-09-01 00:00:00,77,факт,бабочка_металл_золотой_M_L_M
Васенко,1(0-1490) (МЕТАЛЛ) (Ж),2024-10,2024-10-01 00:00:00,58,факт,бабочка_металл_золотой_M_L_M
Васенко,1(0-1490) (МЕТАЛЛ) (Ж),2024-11,2024-11-01 00:00:00,74,факт,бабочка_металл_золотой_M_L_M
Васенко,1(0-1490) (МЕТАЛЛ) (Ж),2024-12,2024-12-01 00:00:00,73,факт,бабочка_металл_золотой_M_L_M
Васенко,1(0-1490) (МЕТАЛЛ) (Ж),2025-01,2025-01-31 14:45:54,72,прогноз,бабочка_металл_золотой_M_L_M
Васенко,1(0-1490) (МЕТАЛЛ) (Ж),2025-02,2025-02-28 14:45:54,71,прогноз,бабочка_металл_золотой_M_L_M
Васенко,1(0-1490) (МЕТАЛЛ) (Ж),2025-03,2025-03-31 14:45:54,71,прогноз,бабочка_металл_золотой_M_L_M
Васенко,1(0-1490) (МЕТАЛЛ) (М),2024-03,2024-03-01 00:00:00,58,факт,прямоугольные_металл_черный_M_L_M
Васенко,1(0-1490) (МЕТАЛЛ) (М),2024-04,2024-04-01 00:00:00,70,факт,прямоугольные_металл_черный_M_L_M
Васенко,1(0-1490) (МЕТАЛЛ) (М),2024-05,2024-05-01 00:00:00,43,факт,прямоугольные_металл_черный_M_L_M
Васенко,1(0-1490) (МЕТАЛЛ) (М),2024-06,2024-06-01 00:00:00,74,факт,прямоугольные_металл_черный_M_L_M
Васенко,1(0-1490) (МЕТАЛЛ) (М),2024-07,2024-07-01 00:00:00,73,факт,прямоугольные_металл_черный_M_L_M
Васенко,1(0-1490) (МЕТАЛЛ) (М),2024-08,2024-08-01 00:00:00,62,факт,прямоугольные_металл_черный_M_L_M
Васенко,1(0-1490) (МЕТАЛЛ) (М),2024-09,2024-09-01 00:00:00,51,факт,прямоугольные_металл_черный_M_L_M
Васенко,1(0-1490) (МЕТАЛЛ) (М),2024-10,2024-10-01 00:00:00,44,факт,прямоугольные_металл_черный_M_L_M
Васенко,1(0-1490) (МЕТАЛЛ) (М),2024-11,2024-11-01 00:00:00,56,факт,прямоугольные_металл_черный_M_L_M
Васенко,1(0-1490) (МЕТАЛЛ) (М),2024-12,2024-12-01 00:00:00,50,факт,прямоугольные_металл_черный_M_L_M
Васенко,1(0-1490) (МЕТАЛЛ) (М),2025-01,2025-01-31 14:45:54,53,прогноз,прямоугольные_металл_черный_M_L_M
Васенко,1(0-1490) (МЕТАЛЛ) (М),2025-02,2025-02-28 14:45:54,52,прогноз,прямоугольные_металл_черный_M_L_M
Васенко,1(0-1490) (МЕТАЛЛ) (М),2025-03,2025-03-31 14:45:54,52,прогноз,прямоугольные_металл_черный_M_L_M
Васенко,1(0-1490) (ПЛАСТИК) (Ж),2024-03,2024-03-01 00:00:00,55,факт,бабочка_пластик_черный_M_L_M
Васенко,1(0-1490) (ПЛАСТИК) (Ж),2024-04,2024-04-01 00:00:00,72,факт,бабочка_пластик_черный_M_L_M
Васенко,1(0-1490) (ПЛАСТИК) (Ж),2024-05,2024-05-01 00:00:00,62,факт,бабочка_пластик_черный_M_L_M
Васенко,1(0-1490) (ПЛАСТИК) (Ж),2024-06,2024-06-01 00:00:00,51,факт,бабочка_пластик_черный_M_L_M
Васенко,1(0-1490) (ПЛАСТИК) (Ж),2024-07,2024-07-01 00:00:00,53,факт,бабочка_пластик_черный_M_L_M
Васенко,1(0-1490) (ПЛАСТИК) (Ж),2024-08,2024-08-01 00:00:00,58,факт,бабочка_пластик_черный_M_L_M
Васенко,1(0-1490) (ПЛАСТИК) (Ж),2024-09,2024-09-01 00:00:00,58,факт,бабочка_пластик_черный_M_L_M
Васенко,1(0-1490) (ПЛАСТИК) (Ж),2024-10,2024-10-01 00:00:00,44,факт,бабочка_пластик_черный_M_L_M
Васенко,1(0-1490) (ПЛАСТИК) (Ж),2024-11,2024-11-01 00:00:00,44,факт,бабочка_пластик_черный_M_L_M
Васенко,1(0-1490) (ПЛАСТИК) (Ж),2024-12,2024-12-01 00:00:00,41,факт,бабочка_пластик_черный_M_L_M
Васенко,1(0-1490) (ПЛАСТИК) (Ж),2025-01,2025-01-31 14:45:54,45,прогноз,бабочка_пластик_черный_M_L_M
Васенко,1(0-1490) (ПЛАСТИК) (Ж),2025-02,2025-02-28 14:45:54,44,прогноз,бабочка_пластик_черный_M_L_M
Васенко,1(0-1490) (ПЛАСТИК) (Ж),2025-03,2025-03-31 14:45:54,43,прогноз,бабочка_пластик_черный_M_L_M
Васенко,1(0-1490) (ПЛАСТИК) (М),2024-03,2024-03-01 00:00:00,24,факт,квадратные_пластик_черный_L_L_L
Васенко,1(0-1490) (ПЛАСТИК) (М),2024-04,2024-04-01 00:00:00,23,факт,квадратные_пластик_черный_L_L_L
Васенко,1(0-1490) (ПЛАСТИК) (М),2024-05,2024-05-01 00:00:00,28,факт,квадратные_пластик_черный_L_L_L
Васенко,1(0-1490) (ПЛАСТИК) (М),2024-06,2024-06-01 00:00:00,23,факт,квадратные_пластик_черный_L_L_L
Васенко,1(0-1490) (ПЛАСТИК) (М),2024-07,2024-07-01 00:00:00,21,факт,квадратные_пластик_черный_L_L_L
Васенко,1(0-1490) (ПЛАСТИК) (М),2024-08,2024-08-01 00:00:00,20,факт,квадратные_пластик_черный_L_L_L
Васенко,1(0-1490) (ПЛАСТИК) (М),2024-09,2024-09-01 00:00:00,18,факт,квадратные_пластик_черный_L_L_L
Васенко,1(0-1490) (ПЛАСТИК) (М),2024-10,2024-10-01 00:00:00,25,факт,квадратные_пластик_черный_L_L_L
Васенко,1(0-1490) (ПЛАСТИК) (М),2024-11,2024-11-01 00:00:00,23,факт,квадратные_пластик_черный_L_L_L
Васенко,1(0-1490) (ПЛАСТИК) (М),2024-12,2024-12-01 00:00:00,26,факт,квадратные_пластик_черный_L_L_L
Васенко,1(0-1490) (ПЛАСТИК) (М),2025-01,2025-01-31 14:45:54,21,прогноз,квадратные_пластик_черный_L_L_L
Васенко,1(0-1490) (ПЛАСТИК) (М),2025-02,2025-02-28 14:45:54,21,прогноз,квадратные_пластик_черный_L_L_L
Васенко,1(0-1490) (ПЛАСТИК) (М),2025-03,2025-03-31 14:45:54,21,прогноз,квадратные_пластик_черный_L_L_L
Васенко,2(1590-3990) (DACKOR) (ж),2024-03,2024-03-01 00:00:00,307,факт,квадратные_пластик_черный_L_L_L
Васенко,2(1590-3990) (DACKOR) (ж),2024-04,2024-04-01 00:00:00,400,факт,квадратные_пластик_черный_L_L_L
Васенко,2(1590-3990) (DACKOR) (ж),2024-05,2024-05-01 00:00:00,321,факт,квадратные_пластик_черный_L_L_L
Васенко,2(1590-3990) (DACKOR) (ж),2024-06,2024-06-01 00:00:00,354,факт,квадратные_пластик_черный_L_L_L
Васенко,2(1590-3990) (DACKOR) (ж),2024-07,2024-07-01 00:00:00,345,факт,квадратные_пластик_черный_L_L_L
Васенко,2(1590-3990) (DACKOR) (ж),2024-08,2024-08-01 00:00:00,358,факт,квадратные_пластик_черный_L_L_L
Васенко,2(1590-3990) (DACKOR) (ж),2024-09,2024-09-01 00:00:00,310,факт,квадратные_пластик_черный_L_L_L
Васенко,2(1590-3990) (DACKOR) (ж),2024-10,2024-10-01 00:00:00,266,факт,квадратные_пластик_черный_L_L_L
Васенко,2(1590-3990) (DACKOR) (ж),2024-11,2024-11-01 00:00:00,273,факт,квадратные_пластик_черный_L_L_L
Васенко,2(1590-3990) (DACKOR) (ж),2024-12,2024-12-01 00:00:00,286,факт,квадратные_пластик_черный_L_L_L
Васенко,2(1590-3990) (DACKOR) (ж),2025-01,2025-01-31 14:45:54,290,прогноз,квадратные_пластик_черный_L_L_L
Васенко,2(1590-3990) (DACKOR) (ж),2025-02,2025-02-28 14:45:54,287,прогноз,квадратные_пластик_черный_L_L_L
Васенко,2(1590-3990) (DACKOR) (ж),2025-03,2025-03-31 14:45:54,284,прогноз,квадратные_пластик_черный_L_L_L
Васенко,2(1590-3990) (DACKOR) (металл) (м),2024-03,2024-03-01 00:00:00,160,факт,прямоугольные_металл_черный_M_L_M
Васенко,2(1590-3990) (DACKOR) (металл) (м),2024-04,2024-04-01 00:00:00,196,факт,прямоугольные_металл_черный_M_L_M
Васенко,2(1590-3990) (DACKOR) (металл) (м),2024-05,2024-05-01 00:00:00,145,факт,прямоугольные_металл_черный_M_L_M
Васенко,2(1590-3990) (DACKOR) (металл) (м),2024-06,2024-06-01 00:00:00,197,факт,прямоугольные_металл_черный_M_L_M
Васенко,2(1590-3990) (DACKOR) (металл) (м),2024-07,2024-07-01 00:00:00,187,факт,прямоугольные_металл_черный_M_L_M
Васенко,2(1590-3990) (DACKOR) (металл) (м),2024-08,2024-08-01 00:00:00,191,факт,прямоугольные_металл_черный_M_L_M
Васенко,2(1590-3990) (DACKOR) (металл) (м),2024-09,2024-09-01 00:00:00,158,факт,прямоугольные_металл_черный_M_L_M
Васенко,2(1590-3990) (DACKOR) (металл) (м),2024-10,2024-10-01 00:00:00,129,факт,прямоугольные_металл_черный_M_L_M
Васенко,2(1590-3990) (DACKOR) (металл) (м),2024-11,2024-11-01 00:00:00,150,факт,прямоугольные_металл_черный_M_L_M
Васенко,2(1590-3990) (DACKOR) (металл) (м),2024-12,2024-12-01 00:00:00,148,факт,прямоугольные_металл_черный_M_L_M
Васенко,2(1590-3990) (DACKOR) (металл) (м),2025-01,2025-01-31 14:45:54,152,прогноз,прямоугольные_металл_черный_M_L_M
Васенко,2(1590-3990) (DACKOR) (металл) (м),2025-02,2025-02-28 14:45:54,150,прогноз,прямоугольные_металл_черный_M_L_M
Васенко,2(1590-3990) (DACKOR) (металл) (м),2025-03,2025-03-31 14:45:54,149,прогноз,прямоугольные_металл_черный_M_L_M
Васенко,2(1590-3990) (DACKOR) (пластик) (м),2024-03,2024-03-01 00:00:00,103,факт,квадратные_пластик_черный_L_L_L
Васенко,2(1590-3990) (DACKOR) (пластик) (м),2024-04,2024-04-01 00:00:00,132,факт,квадратные_пластик_черный_L_L_L
Васенко,2(1590-3990) (DACKOR) (пластик) (м),2024-05,2024-05-01 00:00:00,119,факт,квадратные_пластик_черный_L_L_L
Васенко,2(1590-3990) (DACKOR) (пластик) (м),2024-06,2024-06-01 00:00:00,103,факт,квадратные_пластик_черный_L_L_L
Васенко,2(1590-3990) (DACKOR) (пластик) (м),2024-07,2024-07-01 00:00:00,99,факт,квадратные_пластик_черный_L_L_L
Васенко,2(1590-3990) (DACKOR) (пластик) (м),2024-08,2024-08-01 00:00:00,112,факт,квадратные_пластик_черный_L_L_L
Васенко,2(1590-3990) (DACKOR) (пластик) (м),2024-09,2024-09-01 00:00:00,91,факт,квадратные_пластик_черный_L_L_L
Васенко,2(1590-3990) (DACKOR) (пластик) (м),2024-10,2024-10-01 00:00:00,82,факт,квадратные_пластик_черный_L_L_L
Васенко,2(1590-3990) (DACKOR) (пластик) (м),2024-11,2024-11-01 00:00:00,85,факт,квадратные_пластик_черный_L_L_L
Васенко,2(1590-3990) (DACKOR) (пластик) (м),2024-12,2024-12-01 00:00:00,83,факт,квадратные_пластик_черный_L_L_L
Васенко,2(1590-3990) (DACKOR) (пластик) (м),2025-01,2025-01-31 14:45:54,84,прогноз,квадратные_пластик_черный_L_L_L
Васенко,2(1590-3990) (DACKOR) (пластик) (м),2025-02,2025-02-28 14:45:54,83,прогноз,квадратные_пластик_черный_L_L_L
Васенко,2(1590-3990) (DACKOR) (пластик) (м),2025-03,2025-03-31 14:45:54,81,прогноз,квадратные_пластик_черный_L_L_L
Васенко,2(1590-3990) (GENEX) (ж),2024-03,2024-03-01 00:00:00,307,факт,квадратные_пластик_черный_L_L_L
Васенко,2(1590-3990) (GENEX) (ж),2024-04,2024-04-01 00:00:00,400,факт,квадратные_пластик_черный_L_L_L
Васенко,2(1590-3990) (GENEX) (ж),2024-05,2024-05-01 00:00:00,321,факт,квадратные_пластик_черный_L_L_L
Васенко,2(1590-3990) (GENEX) (ж),2024-06,2024-06-01 00:00:00,354,факт,квадратные_пластик_черный_L_L_L
Васенко,2(1590-3990) (GENEX) (ж),2024-07,2024-07-01 00:00:00,345,факт,квадратные_пластик_черный_L_L_L
Васенко,2(1590-3990) (GENEX) (ж),2024-08,2024-08-01 00:00:00,358,факт,квадратные_пластик_черный_L_L_L
Васенко,2(1590-3990) (GENEX) (ж),2024-09,2024-09-01 00:00:00,310,факт,квадратные_пластик_черный_L_L_L
Васенко,2(1590-3990) (GENEX) (ж),2024-10,2024-10-01 00:00:00,266,факт,квадратные_пластик_черный_L_L_L
Васенко,2(1590-3990) (GENEX) (ж),2024-11,2024-11-01 00:00:00,273,факт,квадратные_пластик_черный_L_L_L
Васенко,2(1590-3990) (GENEX) (ж),2024-12,2024-12-01 00:00:00,286,факт,квадратные_пластик_черный_L_L_L
Васенко,2(1590-3990) (GENEX) (ж),2025-01,2025-01-31 14:45:54,290,прогноз,квадратные_пластик_черный_L_L_L
Васенко,2(1590-3990) (GENEX) (ж),2025-02,2025-02-28 14:45:54,287,прогноз,квадратные_пластик_черный_L_L_L
Васенко,2(1590-3990) (GENEX) (ж),2025-03,2025-03-31 14:45:54,284,прогноз,квадратные_пластик_черный_L_L_L
Васенко,2(1590-3990) (GENEX) (м),2024-03,2024-03-01 00:00:00,307,факт,квадратные_пластик_черный_L_L_L
Васенко,2(1590-3990) (GENEX) (м),2024-04,2024-04-01 00:00:00,400,факт,квадратные_пластик_черный_L_L_L
Васенко,2(1590-3990) (GENEX) (м),2024-05,2024-05-01 00:00:00,321,факт,квадратные_пластик_черный_L_L_L
Васенко,2(1590-3990) (GENEX) (м),2024-06,2024-06-01 00:00:00,354,факт,квадратные_пластик_черный_L_L_L
Васенко,2(1590-3990) (GENEX) (м),2024-07,2024-07-01 00:00:00,345,факт,квадратные_пластик_черный_L_L_L
Васенко,2(1590-3990) (GENEX) (м),2024-08,2024-08-01 00:00:00,358,факт,квадратные_пластик_черный_L_L_L
Васенко,2(1590-3990) (GENEX) (м),2024-09,2024-09-01 00:00:00,310,факт,квадратные_пластик_черный_L_L_L
Васенко,2(1590-3990) (GENEX) (м),2024-10,2024-10-01 00:00:00,266,факт,квадратные_пластик_черный_L_L_L
Васенко,2(1590-3990) (GENEX) (м),2024-11,2024-11-01 00:00:00,273,факт,квадратные_пластик_черный_L_L_L
Васенко,2(1590-3990) (GENEX) (м),2024-12,2024-12-01 00:00:00,286,факт,квадратные_пластик_черный_L_L_L
Васенко,2(1590-3990) (GENEX) (м),2025-01,2025-01-31 14:45:54,290,прогноз,квадратные_пластик_черный_L_L_L
Васенко,2(1590-3990) (GENEX) (м),2025-02,2025-02-28 14:45:54,287,прогноз,квадратные_пластик_черный_L_L_L
Васенко,2(1590-3990) (GENEX) (м),2025-03,2025-03-31 14:45:54,284,прогноз,квадратные_пластик_черный_L_L_L
Васенко,2(1590-3990) (ISABELLE) (пластик) (ж),2024-03,2024-03-01 00:00:00,103,факт,квадратные_пластик_черный_L_L_L
Васенко,2(1590-3990) (ISABELLE) (пластик) (ж),2024-04,2024-04-01 00:00:00,132,факт,квадратные_пластик_черный_L_L_L
Васенко,2(1590-3990) (ISABELLE) (пластик) (ж),2024-05,2024-05-01 00:00:00,119,факт,квадратные_пластик_черный_L_L_L
Васенко,2(1590-3990) (ISABELLE) (пластик) (ж),2024-06,2024-06-01 00:00:00,103,факт,квадратные_пластик_черный_L_L_L
Васенко,2(1590-3990) (ISABELLE) (пластик) (ж),2024-07,2024-07-01 00:00:00,99,факт,квадратные_пластик_черный_L_L_L
Васенко,2(1590-3990) (ISABELLE) (пластик) (ж),2024-08,2024-08-01 00:00:00,112,факт,квадратные_пластик_черный_L_L_L
Васенко,2(1590-3990) (ISABELLE) (пластик) (ж),2024-09,2024-09-01 00:00:00,91,факт,квадратные_пластик_черный_L_L_L
Васенко,2(1590-3990) (ISABELLE) (пластик) (ж),2024-10,2024-10-01 00:00:00,82,факт,квадратные_пластик_черный_L_L_L
Васенко,2(1590-3990) (ISABELLE) (пластик) (ж),2024-11,2024-11-01 00:00:00,85,факт,квадратные_пластик_черный_L_L_L
Васенко,2(1590-3990) (ISABELLE) (пластик) (ж),2024-12,2024-12-01 00:00:00,83,факт,квадратные_пластик_черный_L_L_L
Васенко,2(1590-3990) (ISABELLE) (пластик) (ж),2025-01,2025-01-31 14:45:54,84,прогноз,квадратные_пластик_черный_L_L_L
Васенко,2(1590-3990) (ISABELLE) (пластик) (ж),2025-02,2025-02-28 14:45:54,83,прогноз,квадратные_пластик_черный_L_L_L
Васенко,2(1590-3990) (ISABELLE) (пластик) (ж),2025-03,2025-03-31 14:45:54,81,прогноз,квадратные_пластик_черный_L_L_L
Васенко,2(1590-3990) (NIKITANA) (ж),2024-03,2024-03-01 00:00:00,307,факт,квадратные_пластик_черный_L_L_L
Васенко,2(1590-3990) (NIKITANA) (ж),2024-04,2024-04-01 00:00:00,400,факт,квадратные_пластик_черный_L_L_L
Васенко,2(1590-3990) (NIKITANA) (ж),2024-05,2024-05-01 00:00:00,321,факт,квадратные_пластик_черный_L_L_L
Васенко,2(1590-3990) (NIKITANA) (ж),2024-06,2024-06-01 00:00:00,354,факт,квадратные_пластик_черный_L_L_L
Васенко,2(1590-3990) (NIKITANA) (ж),2024-07,2024-07-01 00:00:00,345,факт,квадратные_пластик_черный_L_L_L
Васенко,2(1590-3990) (NIKITANA) (ж),2024-08,2024-08-01 00:00:00,358,факт,квадратные_пластик_черный_L_L_L
Васенко,2(1590-3990) (NIKITANA) (ж),2024-09,2024-09-01 00:00:00,310,факт,квадратные_пластик_черный_L_L_L
Васенко,2(1590-3990) (NIKITANA) (ж),2024-10,2024-10-01 00:00:00,266,факт,квадратные_пластик_черный_L_L_L
Васенко,2(1590-3990) (NIKITANA) (ж),2024-11,2024-11-01 00:00:00,273,факт,квадратные_пластик_черный_L_L_L
Васенко,2(1590-3990) (NIKITANA) (ж),2024-12,2024-12-01 00:00:00,286,факт,квадратные_пластик_черный_L_L_L
Васенко,2(1590-3990) (NIKITANA) (ж),2025-01,2025-01-31 14:45:54,290,прогноз,квадратные_пластик_черный_L_L_L
Васенко,2(1590-3990) (NIKITANA) (ж),2025-02,2025-02-28 14:45:54,287,прогноз,квадратные_пластик_черный_L_L_L
Васенко,2(1590-3990) (NIKITANA) (ж),2025-03,2025-03-31 14:45:54,284,прогноз,квадратные_пластик_черный_L_L_L
Васенко,2(1590-3990) (OU) (мет+пл) (ж),2024-03,2024-03-01 00:00:00,307,факт,квадратные_пластик_черный_L_L_L
Васенко,2(1590-3990) (OU) (мет+пл) (ж),2024-04,2024-04-01 00:00:00,400,факт,квадратные_пластик_черный_L_L_L
Васенко,2(1590-3990) (OU) (мет+пл) (ж),2024-05,2024-05-01 00:00:00,321,факт,квадратные_пластик_черный_L_L_L
Васенко,2(1590-3990) (OU) (мет+пл) (ж),2024-06,2024-06-01 00:00:00,354,факт,квадратные_пластик_черный_L_L_L
Васенко,2(1590-3990) (OU) (мет+пл) (ж),2024-07,2024-07-01 00:00:00,345,факт,квадратные_пластик_черный_L_L_L
Васенко,2(1590-3990) (OU) (мет+пл) (ж),2024-08,2024-08-01 00:00:00,358,факт,квадратные_пластик_черный_L_L_L
Васенко,2(1590-3990) (OU) (мет+пл) (ж),2024-09,2024-09-01 00:00:00,310,факт,квадратные_пластик_черный_L_L_L
Васенко,2(1590-3990) (OU) (мет+пл) (ж),2024-10,2024-10-01 00:00:00,266,факт,квадратные_пластик_черный_L_L_L
Васенко,2(1590-3990) (OU) (мет+пл) (ж),2024-11,2024-11-01 00:00:00,273,факт,квадратные_пластик_черный_L_L_L
Васенко,2(1590-3990) (OU) (мет+пл) (ж),2024-12,2024-12-01 00:00:00,286,факт,квадратные_пластик_черный_L_L_L
Васенко,2(1590-3990) (OU) (мет+пл) (ж),2025-01,2025-01-31 14:45:54,290,прогноз,квадратные_пластик_черный_L_L_L
Васенко,2(1590-3990) (OU) (мет+пл) (ж),2025-02,2025-02-28 14:45:54,287,прогноз,квадратные_пластик_черный_L_L_L
Васенко,2(1590-3990) (OU) (мет+пл) (ж),2025-03,2025-03-31 14:45:54,284,прогноз,квадратные_пластик_черный_L_L_L
Васенко,2(1590-3990) (SENSE EYEWEAR) (ме) (ж),2024-03,2024-03-01 00:00:00,307,факт,квадратные_пластик_черный_L_L_L
Васенко,2(1590-3990) (SENSE EYEWEAR) (ме) (ж),2024-04,2024-04-01 00:00:00,400,факт,квадратные_пластик_черный_L_L_L
Васенко,2(1590-3990) (SENSE EYEWEAR) (ме) (ж),2024-05,2024-05-01 00:00:00,321,факт,квадратные_пластик_черный_L_L_L
Васенко,2(1590-3990) (SENSE EYEWEAR) (ме) (ж),2024-06,2024-06-01 00:00:00,354,факт,квадратные_пластик_черный_L_L_L
Васенко,2(1590-3990) (SENSE EYEWEAR) (ме) (ж),2024-07,2024-07-01 00:00:00,345,факт,квадратные_пластик_черный_L_L_L
Васенко,2(1590-3990) (SENSE EYEWEAR) (ме) (ж),2024-08,2024-08-01 00:00:00,358,факт,квадратные_пластик_черный_L_L_L
Васенко,2(1590-3990) (SENSE EYEWEAR) (ме) (ж),2024-09,2024-09-01 00:00:00,310,факт,квадратные_пластик_черный_L_L_L
Васенко,2(1590-3990) (SENSE EYEWEAR) (ме) (ж),2024-10,2024-10-01 00:00:00,266,факт,квадратные_пластик_черный_L_L_L
Васенко,2(1590-3990) (SENSE EYEWEAR) (ме) (ж),2024-11,2024-11-01 00:00:00,273,факт,квадратные_пластик_черный_L_L_L
Васенко,2(1590-3990) (SENSE EYEWEAR) (ме) (ж),2024-12,2024-12-01 00:00:00,286,факт,квадратные_пластик_черный_L_L_L
Васенко,2(1590-3990) (SENSE EYEWEAR) (ме) (ж),2025-01,2025-01-31 14:45:54,290,прогноз,квадратные_пластик_черный_L_L_L
Васенко,2(1590-3990) (SENSE EYEWEAR) (ме) (ж),2025-02,2025-02-28 14:45:54,287,прогноз,квадратные_пластик_черный_L_L_L
Васенко,2(1590-3990) (SENSE EYEWEAR) (ме) (ж),2025-03,2025-03-31 14:45:54,284,прогноз,квадратные_пластик_черный_L_L_L
Васенко,2(1590-3990) (SENSE EYEWEAR) (ме) (ж) хит5,2024-03,2024-03-01 00:00:00,307,факт,квадратные_пластик_черный_L_L_L
Васенко,2(1590-3990) (SENSE EYEWEAR) (ме) (ж) хит5,2024-04,2024-04-01 00:00:00,400,факт,квадратные_пластик_черный_L_L_L
Васенко,2(1590-3990) (SENSE EYEWEAR) (ме) (ж) хит5,2024-05,2024-05-01 00:00:00,321,факт,квадратные_пластик_черный_L_L_L
Васенко,2(1590-3990) (SENSE EYEWEAR) (ме) (ж) хит5,2024-06,2024-06-01 00:00:00,354,факт,квадратные_пластик_черный_L_L_L
Васенко,2(1590-3990) (SENSE EYEWEAR) (ме) (ж) хит5,2024-07,2024-07-01 00:00:00,345,факт,квадратные_пластик_черный_L_L_L
Васенко,2(1590-3990) (SENSE EYEWEAR) (ме) (ж) хит5,2024-08,2024-08-01 00:00:00,358,факт,квадратные_пластик_черный_L_L_L
Васенко,2(1590-3990) (SENSE EYEWEAR) (ме) (ж) хит5,2024-09,2024-09-01 00:00:00,310,факт,квадратные_пластик_черный_L_L_L
Васенко,2(1590-3990) (SENSE EYEWEAR) (ме) (ж) хит5,2024-10,2024-10-01 00:00:00,266,факт,квадратные_пластик_черный_L_L_L
Васенко,2(1590-3990) (SENSE EYEWEAR) (ме) (ж) хит5,2024-11,2024-11-01 00:00:00,273,факт,квадратные_пластик_черный_L_L_L
Васенко,2(1590-3990) (SENSE EYEWEAR) (ме) (ж) хит5,2024-12,2024-12-01 00:00:00,286,факт,квадратные_пластик_черный_L_L_L
Васенко,2(1590-3990) (SENSE EYEWEAR) (ме) (ж) хит5,2025-01,2025-01-31 14:45:54,290,прогноз,квадратные_пластик_черный_L_L_L
Васенко,2(1590-3990) (SENSE EYEWEAR) (ме) (ж) хит5,2025-02,2025-02-28 14:45:54,287,прогноз,квадратные_пластик_черный_L_L_L
Васенко,2(1590-3990) (SENSE EYEWEAR) (ме) (ж) хит5,2025-03,2025-03-31 14:45:54,284,прогноз,квадратные_пластик_черный_L_L_L
Васенко,2(1590-3990) (SENSE EYEWEAR) (ме) (м),2024-03,2024-03-01 00:00:00,307,факт,квадратные_пластик_черный_L_L_L
Васенко,2(1590-3990) (SENSE EYEWEAR) (ме) (м),2024-04,2024-04-01 00:00:00,400,факт,квадратные_пластик_черный_L_L_L
Васенко,2(1590-3990) (SENSE EYEWEAR) (ме) (м),2024-05,2024-05-01 00:00:00,321,факт,квадратные_пластик_черный_L_L_L
Васенко,2(1590-3990) (SENSE EYEWEAR) (ме) (м),2024-06,2024-06-01 00:00:00,354,факт,квадратные_пластик_черный_L_L_L
Васенко,2(1590-3990) (SENSE EYEWEAR) (ме) (м),2024-07,2024-07-01 00:00:00,345,факт,квадратные_пластик_черный_L_L_L
Васенко,2(1590-3990) (SENSE EYEWEAR) (ме) (м),2024-08,2024-08-01 00:00:00,358,факт,квадратные_пластик_черный_L_L_L
Васенко,2(1590-3990) (SENSE EYEWEAR) (ме) (м),2024-09,2024-09-01 00:00:00,310,факт,квадратные_пластик_черный_L_L_L
Васенко,2(1590-3990) (SENSE EYEWEAR) (ме) (м),2024-10,2024-10-01 00:00:00,266,факт,квадратные_пластик_черный_L_L_L
Васенко,2(1590-3990) (SENSE EYEWEAR) (ме) (м),2024-11,2024-11-01 00:00:00,273,факт,квадратные_пластик_черный_L_L_L
Васенко,2(1590-3990) (SENSE EYEWEAR) (ме) (м),2024-12,2024-12-01 00:00:00,286,факт,квадратные_пластик_черный_L_L_L
Васенко,2(1590-3990) (SENSE EYEWEAR) (ме) (м),2025-01,2025-01-31 14:45:54,290,прогноз,квадратные_пластик_черный_L_L_L
Васенко,2(1590-3990) (SENSE EYEWEAR) (ме) (м),2025-02,2025-02-28 14:45:54,287,прогноз,квадратные_пластик_черный_L_L_L
Васенко,2(1590-3990) (SENSE EYEWEAR) (ме) (м),2025-03,2025-03-31 14:45:54,284,прогноз,квадратные_пластик_черный_L_L_L
Васенко,2(1590-3990) (SENSE EYEWEAR) (пл) (ж),2024-03,2024-03-01 00:00:00,307,факт,квадратные_пластик_черный_L_L_L
Васенко,2(1590-3990) (SENSE EYEWEAR) (пл) (ж),2024-04,2024-04-01 00:00:00,400,факт,квадратные_пластик_черный_L_L_L
Васенко,2(1590-3990) (SENSE EYEWEAR) (пл) (ж),2024-05,2024-05-01 00:00:00,321,факт,квадратные_пластик_черный_L_L_L
Васенко,2(1590-3990) (SENSE EYEWEAR) (пл) (ж),2024-06,2024-06-01 00:00:00,354,факт,квадратные_пластик_черный_L_L_L
Васенко,2(1590-3990) (SENSE EYEWEAR) (пл) (ж),2024-07,2024-07-01 00:00:00,345,факт,квадратные_пластик_черный_L_L_L
Васенко,2(1590-3990) (SENSE EYEWEAR) (пл) (ж),2024-08,2024-08-01 00:00:00,358,факт,квадратные_пластик_черный_L_L_L
Васенко,2(1590-3990) (SENSE EYEWEAR) (пл) (ж),2024-09,2024-09-01 00:00:00,310,факт,квадратные_пластик_черный_L_L_L
Васенко,2(1590-3990) (SENSE EYEWEAR) (пл) (ж),2024-10,2024-10-01 00:00:00,266,факт,квадратные_пластик_черный_L_L_L
Васенко,2(1590-3990) (SENSE EYEWEAR) (пл) (ж),2024-11,2024-11-01 00:00:00,273,факт,квадратные_пластик_черный_L_L_L
Васенко,2(1590-3990) (SENSE EYEWEAR) (пл) (ж),2024-12,2024-12-01 00:00:00,286,факт,квадратные_пластик_черный_L_L_L
Васенко,2(1590-3990) (SENSE EYEWEAR) (пл) (ж),2025-01,2025-01-31 14:45:54,290,прогноз,квадратные_пластик_черный_L_L_L
Васенко,2(1590-3990) (SENSE EYEWEAR) (пл) (ж),2025-02,2025-02-28 14:45:54,287,прогноз,квадратные_пластик_черный_L_L_L
Васенко,2(1590-3990) (SENSE EYEWEAR) (пл) (ж),2025-03,2025-03-31 14:45:54,284,прогноз,квадратные_пластик_черный_L_L_L
Васенко,2(1590-3990) (SENSE EYEWEAR) (пл) (м),2024-03,2024-03-01 00:00:00,307,факт,квадратные_пластик_черный_L_L_L
Васенко,2(1590-3990) (SENSE EYEWEAR) (пл) (м),2024-04,2024-04-01 00:00:00,400,факт,квадратные_пластик_черный_L_L_L
Васенко,2(1590-3990) (SENSE EYEWEAR) (пл) (м),2024-05,2024-05-01 00:00:00,321,факт,квадратные_пластик_черный_L_L_L
Васенко,2(1590-3990) (SENSE EYEWEAR) (пл) (м),2024-06,2024-06-01 00:00:00,354,факт,квадратные_пластик_черный_L_L_L
Васенко,2(1590-3990) (SENSE EYEWEAR) (пл) (м),2024-07,2024-07-01 00:00:00,345,факт,квадратные_пластик_черный_L_L_L
Васенко,2(1590-3990) (SENSE EYEWEAR) (пл) (м),2024-08,2024-08-01 00:00:00,358,факт,квадратные_пластик_черный_L_L_L
Васенко,2(1590-3990) (SENSE EYEWEAR) (пл) (м),2024-09,2024-09-01 00:00:00,310,факт,квадратные_пластик_черный_L_L_L
Васенко,2(1590-3990) (SENSE EYEWEAR) (пл) (м),2024-10,2024-10-01 00:00:00,266,факт,квадратные_пластик_черный_L_L_L
Васенко,2(1590-3990) (SENSE EYEWEAR) (пл) (м),2024-11,2024-11-01 00:00:00,273,факт,квадратные_пластик_черный_L_L_L
Васенко,2(1590-3990) (SENSE EYEWEAR) (пл) (м),2024-12,2024-12-01 00:00:00,286,факт,квадратные_пластик_черный_L_L_L
Васенко,2(1590-3990) (SENSE EYEWEAR) (пл) (м),2025-01,2025-01-31 14:45:54,290,прогноз,квадратные_пластик_черный_L_L_L
Васенко,2(1590-3990) (SENSE EYEWEAR) (пл) (м),2025-02,2025-02-28 14:45:54,287,прогноз,квадратные_пластик_черный_L_L_L
Васенко,2(1590-3990) (SENSE EYEWEAR) (пл) (м),2025-03,2025-03-31 14:45:54,284,прогноз,квадратные_пластик_черный_L_L_L
Васенко,2(1590-3990) (SHARMEL) (м),2024-03,2024-03-01 00:00:00,307,факт,квадратные_пластик_черный_L_L_L
Васенко,2(1590-3990) (SHARMEL) (м),2024-04,2024-04-01 00:00:00,400,факт,квадратные_пластик_черный_L_L_L
Васенко,2(1590-3990) (SHARMEL) (м),2024-05,2024-05-01 00:00:00,321,факт,квадратные_пластик_черный_L_L_L
Васенко,2(1590-3990) (SHARMEL) (м),2024-06,2024-06-01 00:00:00,354,факт,квадратные_пластик_черный_L_L_L
Васенко,2(1590-3990) (SHARMEL) (м),2024-07,2024-07-01 00:00:00,345,факт,квадратные_пластик_черный_L_L_L
Васенко,2(1590-3990) (SHARMEL) (м),2024-08,2024-08-01 00:00:00,358,факт,квадратные_пластик_черный_L_L_L
Васенко,2(1590-3990) (SHARMEL) (м),2024-09,2024-09-01 00:00:00,310,факт,квадратные_пластик_черный_L_L_L
Васенко,2(1590-3990) (SHARMEL) (м),2024-10,2024-10-01 00:00:00,266,факт,квадратные_пластик_черный_L_L_L
Васенко,2(1590-3990) (SHARMEL) (м),2024-11,2024-11-01 00:00:00,273,факт,квадратные_пластик_черный_L_L_L
Васенко,2(1590-3990) (SHARMEL) (м),2024-12,2024-12-01 00:00:00,286,факт,квадратные_пластик_черный_L_L_L
Васенко,2(1590-3990) (SHARMEL) (м),2025-01,2025-01-31 14:45:54,290,прогноз,квадратные_пластик_черный_L_L_L
Васенко,2(1590-3990) (SHARMEL) (м),2025-02,2025-02-28 14:45:54,287,прогноз,квадратные_пластик_черный_L_L_L
Васенко,2(1590-3990) (SHARMEL) (м),2025-03,2025-03-31 14:45:54,284,прогноз,квадратные_пластик_черный_L_L_L
Васенко,3(4000-5990) (BALLET IMAGE) (ж),2024-03,2024-03-01 00:00:00,307,факт,квадратные_пластик_черный_L_L_L
Васенко,3(4000-5990) (BALLET IMAGE) (ж),2024-04,2024-04-01 00:00:00,400,факт,квадратные_пластик_черный_L_L_L
Васенко,3(4000-5990) (BALLET IMAGE) (ж),2024-05,2024-05-01 00:00:00,321,факт,квадратные_пластик_черный_L_L_L
Васенко,3(4000-5990) (BALLET IMAGE) (ж),2024-06,2024-06-01 00:00:00,354,факт,квадратные_пластик_черный_L_L_L
Васенко,3(4000-5990) (BALLET IMAGE) (ж),2024-07,2024-07-01 00:00:00,345,факт,квадратные_пластик_черный_L_L_L
Васенко,3(4000-5990) (BALLET IMAGE) (ж),2024-08,2024-08-01 00:00:00,358,факт,квадратные_пластик_черный_L_L_L
Васенко,3(4000-5990) (BALLET IMAGE) (ж),2024-09,2024-09-01 00:00:00,310,факт,квадратные_пластик_черный_L_L_L
Васенко,3(4000-5990) (BALLET IMAGE) (ж),2024-10,2024-10-01 00:00:00,266,факт,квадратные_пластик_черный_L_L_L
Васенко,3(4000-5990) (BALLET IMAGE) (ж),2024-11,2024-11-01 00:00:00,273,факт,квадратные_пластик_черный_L_L_L
Васенко,3(4000-5990) (BALLET IMAGE) (ж),2024-12,2024-12-01 00:00:00,286,факт,квадратные_пластик_черный_L_L_L
Васенко,3(4000-5990) (BALLET IMAGE) (ж),2025-01,2025-01-31 14:45:54,290,прогноз,квадратные_пластик_черный_L_L_L
Васенко,3(4000-5990) (BALLET IMAGE) (ж),2025-02,2025-02-28 14:45:54,287,прогноз,квадратные_пластик_черный_L_L_L
Васенко,3(4000-5990) (BALLET IMAGE) (ж),2025-03,2025-03-31 14:45:54,284,прогноз,квадратные_пластик_черный_L_L_L
Васенко,3(4000-5990) (GLORY) (металл) (ж),2024-03,2024-03-01 00:00:00,160,факт,прямоугольные_металл_черный_M_L_M
Васенко,3(4000-5990) (GLORY) (металл) (ж),2024-04,2024-04-01 00:00:00,196,факт,прямоугольные_металл_черный_M_L_M
Васенко,3(4000-5990) (GLORY) (металл) (ж),2024-05,2024-05-01 00:00:00,145,факт,прямоугольные_металл_черный_M_L_M
Васенко,3(4000-5990) (GLORY) (металл) (ж),2024-06,2024-06-01 00:00:00,197,факт,прямоугольные_металл_черный_M_L_M
Васенко,3(4000-5990) (GLORY) (металл) (ж),2024-07,2024-07-01 00:00:00,187,факт,прямоугольные_металл_черный_M_L_M
Васенко,3(4000-5990) (GLORY) (металл) (ж),2024-08,2024-08-01 00:00:00,191,факт,прямоугольные_металл_черный_M_L_M
Васенко,3(4000-5990) (GLORY) (металл) (ж),2024-09,2024-09-01 00:00:00,158,факт,прямоугольные_металл_черный_M_L_M
Васенко,3(4000-5990) (GLORY) (металл) (ж),2024-10,2024-10-01 00:00:00,129,факт,прямоугольные_металл_черный_M_L_M
Васенко,3(4000-5990) (GLORY) (металл) (ж),2024-11,2024-11-01 00:00:00,150,факт,прямоугольные_металл_черный_M_L_M
Васенко,3(4000-5990) (GLORY) (металл) (ж),2024-12,2024-12-01 00:00:00,148,факт,прямоугольные_металл_черный_M_L_M
Васенко,3(4000-5990) (GLORY) (металл) (ж),2025-01,2025-01-31 14:45:54,152,прогноз,прямоугольные_металл_черный_M_L_M
Васенко,3(4000-5990) (GLORY) (металл) (ж),2025-02,2025-02-28 14:45:54,150,прогноз,прямоугольные_металл_черный_M_L_M
Васенко,3(4000-5990) (GLORY) (металл) (ж),2025-03,2025-03-31 14:45:54,149,прогноз,прямоугольные_металл_черный_M_L_M
Васенко,3(4000-5990) (GLORY) (металл) (м),2024-03,2024-03-01 00:00:00,160,факт,прямоугольные_металл_черный_M_L_M
Васенко,3(4000-5990) (GLORY) (металл) (м),2024-04,2024-04-01 00:00:00,196,факт,прямоугольные_металл_черный_M_L_M
Васенко,3(4000-5990) (GLORY) (металл) (м),2024-05,2024-05-01 00:00:00,145,факт,прямоугольные_металл_черный_M_L_M
Васенко,3(4000-5990) (GLORY) (металл) (м),2024-06,2024-06-01 00:00:00,197,факт,прямоугольные_металл_черный_M_L_M
Васенко,3(4000-5990) (GLORY) (металл) (м),2024-07,2024-07-01 00:00:00,187,факт,прямоугольные_металл_черный_M_L_M
Васенко,3(4000-5990) (GLORY) (металл) (м),2024-08,2024-08-01 00:00:00,191,факт,прямоугольные_металл_черный_M_L_M
Васенко,3(4000-5990) (GLORY) (металл) (м),2024-09,2024-09-01 00:00:00,158,факт,прямоугольные_металл_черный_M_L_M
Васенко,3(4000-5990) (GLORY) (металл) (м),2024-10,2024-10-01 00:00:00,129,факт,прямоугольные_металл_черный_M_L_M
Васенко,3(4000-5990) (GLORY) (металл) (м),2024-11,2024-11-01 00:00:00,150,факт,прямоугольные_металл_черный_M_L_M
Васенко,3(4000-5990) (GLORY) (металл) (м),2024-12,2024-12-01 00:00:00,148,факт,прямоугольные_металл_черный_M_L_M
Васенко,3(4000-5990) (GLORY) (металл) (м),2025-01,2025-01-31 14:45:54,152,прогноз,прямоугольные_металл_черный_M_L_M
Васенко,3(4000-5990) (GLORY) (металл) (м),2025-02,2025-02-28 14:45:54,150,прогноз,прямоугольные_металл_черный_M_L_M
Васенко,3(4000-5990) (GLORY) (металл) (м),2025-03,2025-03-31 14:45:54,149,прогноз,прямоугольные_металл_черный_M_L_M
Васенко,3(4000-5990) (GLORY) (пластик) (ж),2024-03,2024-03-01 00:00:00,103,факт,квадратные_пластик_черный_L_L_L
Васенко,3(4000-5990) (GLORY) (пластик) (ж),2024-04,2024-04-01 00:00:00,132,факт,квадратные_пластик_черный_L_L_L
Васенко,3(4000-5990) (GLORY) (пластик) (ж),2024-05,2024-05-01 00:00:00,119,факт,квадратные_пластик_черный_L_L_L
Васенко,3(4000-5990) (GLORY) (пластик) (ж),2024-06,2024-06-01 00:00:00,103,факт,квадратные_пластик_черный_L_L_L
Васенко,3(4000-5990) (GLORY) (пластик) (ж),2024-07,2024-07-01 00:00:00,99,факт,квадратные_пластик_черный_L_L_L
Васенко,3(4000-5990) (GLORY) (пластик) (ж),2024-08,2024-08-01 00:00:00,112,факт,квадратные_пластик_черный_L_L_L
Васенко,3(4000-5990) (GLORY) (пластик) (ж),2024-09,2024-09-01 00:00:00,91,факт,квадратные_пластик_черный_L_L_L
Васенко,3(4000-5990) (GLORY) (пластик) (ж),2024-10,2024-10-01 00:00:00,82,факт,квадратные_пластик_черный_L_L_L
Васенко,3(4000-5990) (GLORY) (пластик) (ж),2024-11,2024-11-01 00:00:00,85,факт,квадратные_пластик_черный_L_L_L
Васенко,3(4000-5990) (GLORY) (пластик) (ж),2024-12,2024-12-01 00:00:00,83,факт,квадратные_пластик_черный_L_L_L
Васенко,3(4000-5990) (GLORY) (пластик) (ж),2025-01,2025-01-31 14:45:54,84,прогноз,квадратные_пластик_черный_L_L_L
Васенко,3(4000-5990) (GLORY) (пластик) (ж),2025-02,2025-02-28 14:45:54,83,прогноз,квадратные_пластик_черный_L_L_L
Васенко,3(4000-5990) (GLORY) (пластик) (ж),2025-03,2025-03-31 14:45:54,81,прогноз,квадратные_пластик_черный_L_L_L
Васенко,3(4000-5990) (GLORY) (пластик) (м),2024-03,2024-03-01 00:00:00,103,факт,квадратные_пластик_черный_L_L_L
Васенко,3(4000-5990) (GLORY) (пластик) (м),2024-04,2024-04-01 00:00:00,132,факт,квадратные_пластик_черный_L_L_L
Васенко,3(4000-5990) (GLORY) (пластик) (м),2024-05,2024-05-01 00:00:00,119,факт,квадратные_пластик_черный_L_L_L
Васенко,3(4000-5990) (GLORY) (пластик) (м),2024-06,2024-06-01 00:00:00,103,факт,квадратные_пластик_черный_L_L_L
Васенко,3(4000-5990) (GLORY) (пластик) (м),2024-07,2024-07-01 00:00:00,99,факт,квадратные_пластик_черный_L_L_L
Васенко,3(4000-5990) (GLORY) (пластик) (м),2024-08,2024-08-01 00:00:00,112,факт,квадратные_пластик_черный_L_L_L
Васенко,3(4000-5990) (GLORY) (пластик) (м),2024-09,2024-09-01 00:00:00,91,факт,квадратные_пластик_черный_L_L_L
Васенко,3(4000-5990) (GLORY) (пластик) (м),2024-10,2024-10-01 00:00:00,82,факт,квадратные_пластик_черный_L_L_L
Васенко,3(4000-5990) (GLORY) (пластик) (м),2024-11,2024-11-01 00:00:00,85,факт,квадратные_пластик_черный_L_L_L
Васенко,3(4000-5990) (GLORY) (пластик) (м),2024-12,2024-12-01 00:00:00,83,факт,квадратные_пластик_черный_L_L_L
Васенко,3(4000-5990) (GLORY) (пластик) (м),2025-01,2025-01-31 14:45:54,84,прогноз,квадратные_пластик_черный_L_L_L
Васенко,3(4000-5990) (GLORY) (пластик) (м),2025-02,2025-02-28 14:45:54,83,прогноз,квадратные_пластик_черный_L_L_L
Васенко,3(4000-5990) (GLORY) (пластик) (м),2025-03,2025-03-31 14:45:54,81,прогноз,квадратные_пластик_черный_L_L_L
Васенко,3(4000-5990) (HUMARS) (ж),2024-03,2024-03-01 00:00:00,307,факт,квадратные_пластик_черный_L_L_L
Васенко,3(4000-5990) (HUMARS) (ж),2024-04,2024-04-01 00:00:00,400,факт,квадратные_пластик_черный_L_L_L
Васенко,3(4000-5990) (HUMARS) (ж),2024-05,2024-05-01 00:00:00,321,факт,квадратные_пластик_черный_L_L_L
Васенко,3(4000-5990) (HUMARS) (ж),2024-06,2024-06-01 00:00:00,354,факт,квадратные_пластик_черный_L_L_L
Васенко,3(4000-5990) (HUMARS) (ж),2024-07,2024-07-01 00:00:00,345,факт,квадратные_пластик_черный_L_L_L
Васенко,3(4000-5990) (HUMARS) (ж),2024-08,2024-08-01 00:00:00,358,факт,квадратные_пластик_черный_L_L_L
Васенко,3(4000-5990) (HUMARS) (ж),2024-09,2024-09-01 00:00:00,310,факт,квадратные_пластик_черный_L_L_L
Васенко,3(4000-5990) (HUMARS) (ж),2024-10,2024-10-01 00:00:00,266,факт,квадратные_пластик_черный_L_L_L
Васенко,3(4000-5990) (HUMARS) (ж),2024-11,2024-11-01 00:00:00,273,факт,квадратные_пластик_черный_L_L_L
Васенко,3(4000-5990) (HUMARS) (ж),2024-12,2024-12-01 00:00:00,286,факт,квадратные_пластик_черный_L_L_L
Васенко,3(4000-5990) (HUMARS) (ж),2025-01,2025-01-31 14:45:54,290,прогноз,квадратные_пластик_черный_L_L_L
Васенко,3(4000-5990) (HUMARS) (ж),2025-02,2025-02-28 14:45:54,287,прогноз,квадратные_пластик_черный_L_L_L
Васенко,3(4000-5990) (HUMARS) (ж),2025-03,2025-03-31 14:45:54,284,прогноз,квадратные_пластик_черный_L_L_L
Васенко,3(4000-5990) (HUMARS) (м),2024-03,2024-03-01 00:00:00,307,факт,квадратные_пластик_черный_L_L_L
Васенко,3(4000-5990) (HUMARS) (м),2024-04,2024-04-01 00:00:00,400,факт,квадратные_пластик_черный_L_L_L
Васенко,3(4000-5990) (HUMARS) (м),2024-05,2024-05-01 00:00:00,321,факт,квадратные_пластик_черный_L_L_L
Васенко,3(4000-5990) (HUMARS) (м),2024-06,2024-06-01 00:00:00,354,факт,квадратные_пластик_черный_L_L_L
Васенко,3(4000-5990) (HUMARS) (м),2024-07,2024-07-01 00:00:00,345,факт,квадратные_пластик_черный_L_L_L
Васенко,3(4000-5990) (HUMARS) (м),2024-08,2024-08-01 00:00:00,358,факт,квадратные_пластик_черный_L_L_L
Васенко,3(4000-5990) (HUMARS) (м),2024-09,2024-09-01 00:00:00,310,факт,квадратные_пластик_черный_L_L_L
Васенко,3(4000-5990) (HUMARS) (м),2024-10,2024-10-01 00:00:00,266,факт,квадратные_пластик_черный_L_L_L
Васенко,3(4000-5990) (HUMARS) (м),2024-11,2024-11-01 00:00:00,273,факт,квадратные_пластик_черный_L_L_L
Васенко,3(4000-5990) (HUMARS) (м),2024-12,2024-12-01 00:00:00,286,факт,квадратные_пластик_черный_L_L_L
Васенко,3(4000-5990) (HUMARS) (м),2025-01,2025-01-31 14:45:54,290,прогноз,квадратные_пластик_черный_L_L_L
Васенко,3(4000-5990) (HUMARS) (м),2025-02,2025-02-28 14:45:54,287,прогноз,квадратные_пластик_черный_L_L_L
Васенко,3(4000-5990) (HUMARS) (м),2025-03,2025-03-31 14:45:54,284,прогноз,квадратные_пластик_черный_L_L_L
Васенко,3(4000-5990) (MEGAPOLIS) (ж),2024-03,2024-03-01 00:00:00,307,факт,квадратные_пластик_черный_L_L_L
Васенко,3(4000-5990) (MEGAPOLIS) (ж),2024-04,2024-04-01 00:00:00,400,факт,квадратные_пластик_черный_L_L_L
Васенко,3(4000-5990) (MEGAPOLIS) (ж),2024-05,2024-05-01 00:00:00,321,факт,квадратные_пластик_черный_L_L_L
Васенко,3(4000-5990) (MEGAPOLIS) (ж),2024-06,2024-06-01 00:00:00,354,факт,квадратные_пластик_черный_L_L_L
Васенко,3(4000-5990) (MEGAPOLIS) (ж),2024-07,2024-07-01 00:00:00,345,факт,квадратные_пластик_черный_L_L_L
Васенко,3(4000-5990) (MEGAPOLIS) (ж),2024-08,2024-08-01 00:00:00,358,факт,квадратные_пластик_черный_L_L_L
Васенко,3(4000-5990) (MEGAPOLIS) (ж),2024-09,2024-09-01 00:00:00,310,факт,квадратные_пластик_черный_L_L_L
Васенко,3(4000-5990) (MEGAPOLIS) (ж),2024-10,2024-10-01 00:00:00,266,факт,квадратные_пластик_черный_L_L_L
Васенко,3(4000-5990) (MEGAPOLIS) (ж),2024-11,2024-11-01 00:00:00,273,факт,квадратные_пластик_черный_L_L_L
Васенко,3(4000-5990) (MEGAPOLIS) (ж),2024-12,2024-12-01 00:00:00,286,факт,квадратные_пластик_черный_L_L_L
Васенко,3(4000-5990) (MEGAPOLIS) (ж),2025-01,2025-01-31 14:45:54,290,прогноз,квадратные_пластик_черный_L_L_L
Васенко,3(4000-5990) (MEGAPOLIS) (ж),2025-02,2025-02-28 14:45:54,287,прогноз,квадратные_пластик_черный_L_L_L
Васенко,3(4000-5990) (MEGAPOLIS) (ж),2025-03,2025-03-31 14:45:54,284,прогноз,квадратные_пластик_черный_L_L_L
Васенко,3(4000-5990) (MEREL/ST.LOUISE) (ж),2024-03,2024-03-01 00:00:00,307,факт,квадратные_пластик_черный_L_L_L
Васенко,3(4000-5990) (MEREL/ST.LOUISE) (ж),2024-04,2024-04-01 00:00:00,400,факт,квадратные_пластик_черный_L_L_L
Васенко,3(4000-5990) (MEREL/ST.LOUISE) (ж),2024-05,2024-05-01 00:00:00,321,факт,квадратные_пластик_черный_L_L_L
Васенко,3(4000-5990) (MEREL/ST.LOUISE) (ж),2024-06,2024-06-01 00:00:00,354,факт,квадратные_пластик_черный_L_L_L
Васенко,3(4000-5990) (MEREL/ST.LOUISE) (ж),2024-07,2024-07-01 00:00:00,345,факт,квадратные_пластик_черный_L_L_L
Васенко,3(4000-5990) (MEREL/ST.LOUISE) (ж),2024-08,2024-08-01 00:00:00,358,факт,квадратные_пластик_черный_L_L_L
Васенко,3(4000-5990) (MEREL/ST.LOUISE) (ж),2024-09,2024-09-01 00:00:00,310,факт,квадратные_пластик_черный_L_L_L
Васенко,3(4000-5990) (MEREL/ST.LOUISE) (ж),2024-10,2024-10-01 00:00:00,266,факт,квадратные_пластик_черный_L_L_L
Васенко,3(4000-5990) (MEREL/ST.LOUISE) (ж),2024-11,2024-11-01 00:00:00,273,факт,квадратные_пластик_черный_L_L_L
Васенко,3(4000-5990) (MEREL/ST.LOUISE) (ж),2024-12,2024-12-01 00:00:00,286,факт,квадратные_пластик_черный_L_L_L
Васенко,3(4000-5990) (MEREL/ST.LOUISE) (ж),2025-01,2025-01-31 14:45:54,290,прогноз,квадратные_пластик_черный_L_L_L
Васенко,3(4000-5990) (MEREL/ST.LOUISE) (ж),2025-02,2025-02-28 14:45:54,287,прогноз,квадратные_пластик_черный_L_L_L
Васенко,3(4000-5990) (MEREL/ST.LOUISE) (ж),2025-03,2025-03-31 14:45:54,284,прогноз,квадратные_пластик_черный_L_L_L
Васенко,3(4000-5990) (OPTILOOK) (металл) (ж),2024-03,2024-03-01 00:00:00,160,факт,прямоугольные_металл_черный_M_L_M
Васенко,3(4000-5990) (OPTILOOK) (металл) (ж),2024-04,2024-04-01 00:00:00,196,факт,прямоугольные_металл_черный_M_L_M
Васенко,3(4000-5990) (OPTILOOK) (металл) (ж),2024-05,2024-05-01 00:00:00,145,факт,прямоугольные_металл_черный_M_L_M
Васенко,3(4000-5990) (OPTILOOK) (металл) (ж),2024-06,2024-06-01 00:00:00,197,факт,прямоугольные_металл_черный_M_L_M
Васенко,3(4000-5990) (OPTILOOK) (металл) (ж),2024-07,2024-07-01 00:00:00,187,факт,прямоугольные_металл_черный_M_L_M
Васенко,3(4000-5990) (OPTILOOK) (металл) (ж),2024-08,2024-08-01 00:00:00,191,факт,прямоугольные_металл_черный_M_L_M
Васенко,3(4000-5990) (OPTILOOK) (металл) (ж),2024-09,2024-09-01 00:00:00,158,факт,прямоугольные_металл_черный_M_L_M
Васенко,3(4000-5990) (OPTILOOK) (металл) (ж),2024-10,2024-10-01 00:00:00,129,факт,прямоугольные_металл_черный_M_L_M
Васенко,3(4000-5990) (OPTILOOK) (металл) (ж),2024-11,2024-11-01 00:00:00,150,факт,прямоугольные_металл_черный_M_L_M
Васенко,3(4000-5990) (OPTILOOK) (металл) (ж),2024-12,2024-12-01 00:00:00,148,факт,прямоугольные_металл_черный_M_L_M
Васенко,3(4000-5990) (OPTILOOK) (металл) (ж),2025-01,2025-01-31 14:45:54,152,прогноз,прямоугольные_металл_черный_M_L_M
Васенко,3(4000-5990) (OPTILOOK) (металл) (ж),2025-02,2025-02-28 14:45:54,150,прогноз,прямоугольные_металл_черный_M_L_M
Васенко,3(4000-5990) (OPTILOOK) (металл) (ж),2025-03,2025-03-31 14:45:54,149,прогноз,прямоугольные_металл_черный_M_L_M
Васенко,3(4000-5990) (OPTILOOK) (пластик) (ж),2024-03,2024-03-01 00:00:00,103,факт,квадратные_пластик_черный_L_L_L
Васенко,3(4000-5990) (OPTILOOK) (пластик) (ж),2024-04,2024-04-01 00:00:00,132,факт,квадратные_пластик_черный_L_L_L
Васенко,3(4000-5990) (OPTILOOK) (пластик) (ж),2024-05,2024-05-01 00:00:00,119,факт,квадратные_пластик_черный_L_L_L
Васенко,3(4000-5990) (OPTILOOK) (пластик) (ж),2024-06,2024-06-01 00:00:00,103,факт,квадратные_пластик_черный_L_L_L
Васенко,3(4000-5990) (OPTILOOK) (пластик) (ж),2024-07,2024-07-01 00:00:00,99,факт,квадратные_пластик_черный_L_L_L
Васенко,3(4000-5990) (OPTILOOK) (пластик) (ж),2024-08,2024-08-01 00:00:00,112,факт,квадратные_пластик_черный_L_L_L
Васенко,3(4000-5990) (OPTILOOK) (пластик) (ж),2024-09,2024-09-01 00:00:00,91,факт,квадратные_пластик_черный_L_L_L
Васенко,3(4000-5990) (OPTILOOK) (пластик) (ж),2024-10,2024-10-01 00:00:00,82,факт,квадратные_пластик_черный_L_L_L
Васенко,3(4000-5990) (OPTILOOK) (пластик) (ж),2024-11,2024-11-01 00:00:00,85,факт,квадратные_пластик_черный_L_L_L
Васенко,3(4000-5990) (OPTILOOK) (пластик) (ж),2024-12,2024-12-01 00:00:00,83,факт,квадратные_пластик_черный_L_L_L
Васенко,3(4000-5990) (OPTILOOK) (пластик) (ж),2025-01,2025-01-31 14:45:54,84,прогноз,квадратные_пластик_черный_L_L_L
Васенко,3(4000-5990) (OPTILOOK) (пластик) (ж),2025-02,2025-02-28 14:45:54,83,прогноз,квадратные_пластик_черный_L_L_L
Васенко,3(4000-5990) (OPTILOOK) (пластик) (ж),2025-03,2025-03-31 14:45:54,81,прогноз,квадратные_пластик_черный_L_L_L
Васенко,3(4000-5990) (OU) (ж),2024-03,2024-03-01 00:00:00,307,факт,квадратные_пластик_черный_L_L_L
Васенко,3(4000-5990) (OU) (ж),2024-04,2024-04-01 00:00:00,400,факт,квадратные_пластик_черный_L_L_L
Васенко,3(4000-5990) (OU) (ж),2024-05,2024-05-01 00:00:00,321,факт,квадратные_пластик_черный_L_L_L
Васенко,3(4000-5990) (OU) (ж),2024-06,2024-06-01 00:00:00,354,факт,квадратные_пластик_черный_L_L_L
Васенко,3(4000-5990) (OU) (ж),2024-07,2024-07-01 00:00:00,345,факт,квадратные_пластик_черный_L_L_L
Васенко,3(4000-5990) (OU) (ж),2024-08,2024-08-01 00:00:00,358,факт,квадратные_пластик_черный_L_L_L
Васенко,3(4000-5990) (OU) (ж),2024-09,2024-09-01 00:00:00,310,факт,квадратные_пластик_черный_L_L_L
Васенко,3(4000-5990) (OU) (ж),2024-10,2024-10-01 00:00:00,266,факт,квадратные_пластик_черный_L_L_L
Васенко,3(4000-5990) (OU) (ж),2024-11,2024-11-01 00:00:00,273,факт,квадратные_пластик_черный_L_L_L
Васенко,3(4000-5990) (OU) (ж),2024-12,2024-12-01 00:00:00,286,факт,квадратные_пластик_черный_L_L_L
Васенко,3(4000-5990) (OU) (ж),2025-01,2025-01-31 14:45:54,290,прогноз,квадратные_пластик_черный_L_L_L
Васенко,3(4000-5990) (OU) (ж),2025-02,2025-02-28 14:45:54,287,прогноз,квадратные_пластик_черный_L_L_L
Васенко,3(4000-5990) (OU) (ж),2025-03,2025-03-31 14:45:54,284,прогноз,квадратные_пластик_черный_L_L_L
Васенко,3(4000-5990) (OU) (м),2024-03,2024-03-01 00:00:00,307,факт,квадратные_пластик_черный_L_L_L
Васенко,3(4000-5990) (OU) (м),2024-04,2024-04-01 00:00:00,400,факт,квадратные_пластик_черный_L_L_L
Васенко,3(4000-5990) (OU) (м),2024-05,2024-05-01 00:00:00,321,факт,квадратные_пластик_черный_L_L_L
Васенко,3(4000-5990) (OU) (м),2024-06,2024-06-01 00:00:00,354,факт,квадратные_пластик_черный_L_L_L
Васенко,3(4000-5990) (OU) (м),2024-07,2024-07-01 00:00:00,345,факт,квадратные_пластик_черный_L_L_L
Васенко,3(4000-5990) (OU) (м),2024-08,2024-08-01 00:00:00,358,факт,квадратные_пластик_черный_L_L_L
Васенко,3(4000-5990) (OU) (м),2024-09,2024-09-01 00:00:00,310,факт,квадратные_пластик_черный_L_L_L
Васенко,3(4000-5990) (OU) (м),2024-10,2024-10-01 00:00:00,266,факт,квадратные_пластик_черный_L_L_L
Васенко,3(4000-5990) (OU) (м),2024-11,2024-11-01 00:00:00,273,факт,квадратные_пластик_черный_L_L_L
Васенко,3(4000-5990) (OU) (м),2024-12,2024-12-01 00:00:00,286,факт,квадратные_пластик_черный_L_L_L
Васенко,3(4000-5990) (OU) (м),2025-01,2025-01-31 14:45:54,290,прогноз,квадратные_пластик_черный_L_L_L
Васенко,3(4000-5990) (OU) (м),2025-02,2025-02-28 14:45:54,287,прогноз,квадратные_пластик_черный_L_L_L
Васенко,3(4000-5990) (OU) (м),2025-03,2025-03-31 14:45:54,284,прогноз,квадратные_пластик_черный_L_L_L
Васенко,3(4000-5990) (RICO MIRADO) (ж),2024-03,2024-03-01 00:00:00,307,факт,квадратные_пластик_черный_L_L_L
Васенко,3(4000-5990) (RICO MIRADO) (ж),2024-04,2024-04-01 00:00:00,400,факт,квадратные_пластик_черный_L_L_L
Васенко,3(4000-5990) (RICO MIRADO) (ж),2024-05,2024-05-01 00:00:00,321,факт,квадратные_пластик_черный_L_L_L
Васенко,3(4000-5990) (RICO MIRADO) (ж),2024-06,2024-06-01 00:00:00,354,факт,квадратные_пластик_черный_L_L_L
Васенко,3(4000-5990) (RICO MIRADO) (ж),2024-07,2024-07-01 00:00:00,345,факт,квадратные_пластик_черный_L_L_L
Васенко,3(4000-5990) (RICO MIRADO) (ж),2024-08,2024-08-01 00:00:00,358,факт,квадратные_пластик_черный_L_L_L
Васенко,3(4000-5990) (RICO MIRADO) (ж),2024-09,2024-09-01 00:00:00,310,факт,квадратные_пластик_черный_L_L_L
Васенко,3(4000-5990) (RICO MIRADO) (ж),2024-10,2024-10-01 00:00:00,266,факт,квадратные_пластик_черный_L_L_L
Васенко,3(4000-5990) (RICO MIRADO) (ж),2024-11,2024-11-01 00:00:00,273,факт,квадратные_пластик_черный_L_L_L
Васенко,3(4000-5990) (RICO MIRADO) (ж),2024-12,2024-12-01 00:00:00,286,факт,квадратные_пластик_черный_L_L_L
Васенко,3(4000-5990) (RICO MIRADO) (ж),2025-01,2025-01-31 14:45:54,290,прогноз,квадратные_пластик_черный_L_L_L
Васенко,3(4000-5990) (RICO MIRADO) (ж),2025-02,2025-02-28 14:45:54,287,прогноз,квадратные_пластик_черный_L_L_L
Васенко,3(4000-5990) (RICO MIRADO) (ж),2025-03,2025-03-31 14:45:54,284,прогноз,квадратные_пластик_черный_L_L_L
Васенко,3(4000-5990) (SENSE EYEWEAR) (ж) хит6,2024-03,2024-03-01 00:00:00,307,факт,квадратные_пластик_черный_L_L_L
Васенко,3(4000-5990) (SENSE EYEWEAR) (ж) хит6,2024-04,2024-04-01 00:00:00,400,факт,квадратные_пластик_черный_L_L_L
Васенко,3(4000-5990) (SENSE EYEWEAR) (ж) хит6,2024-05,2024-05-01 00:00:00,321,факт,квадратные_пластик_черный_L_L_L
Васенко,3(4000-5990) (SENSE EYEWEAR) (ж) хит6,2024-06,2024-06-01 00:00:00,354,факт,квадратные_пластик_черный_L_L_L
Васенко,3(4000-5990) (SENSE EYEWEAR) (ж) хит6,2024-07,2024-07-01 00:00:00,345,факт,квадратные_пластик_черный_L_L_L
Васенко,3(4000-5990) (SENSE EYEWEAR) (ж) хит6,2024-08,2024-08-01 00:00:00,358,факт,квадратные_пластик_черный_L_L_L
Васенко,3(4000-5990) (SENSE EYEWEAR) (ж) хит6,2024-09,2024-09-01 00:00:00,310,факт,квадратные_пластик_черный_L_L_L
Васенко,3(4000-5990) (SENSE EYEWEAR) (ж) хит6,2024-10,2024-10-01 00:00:00,266,факт,квадратные_пластик_черный_L_L_L
Васенко,3(4000-5990) (SENSE EYEWEAR) (ж) хит6,2024-11,2024-11-01 00:00:00,273,факт,квадратные_пластик_черный_L_L_L
Васенко,3(4000-5990) (SENSE EYEWEAR) (ж) хит6,2024-12,2024-12-01 00:00:00,286,факт,квадратные_пластик_черный_L_L_L
Васенко,3(4000-5990) (SENSE EYEWEAR) (ж) хит6,2025-01,2025-01-31 14:45:54,290,прогноз,квадратные_пластик_черный_L_L_L
Васенко,3(4000-5990) (SENSE EYEWEAR) (ж) хит6,2025-02,2025-02-28 14:45:54,287,прогноз,квадратные_пластик_черный_L_L_L
Васенко,3(4000-5990) (SENSE EYEWEAR) (ж) хит6,2025-03,2025-03-31 14:45:54,284,прогноз,квадратные_пластик_черный_L_L_L
Васенко,3(4000-5990) (SENSE EYEWEAR) (ж)(ме),2024-03,2024-03-01 00:00:00,307,факт,квадратные_пластик_черный_L_L_L
Васенко,3(4000-5990) (SENSE EYEWEAR) (ж)(ме),2024-04,2024-04-01 00:00:00,400,факт,квадратные_пластик_черный_L_L_L
Васенко,3(4000-5990) (SENSE EYEWEAR) (ж)(ме),2024-05,2024-05-01 00:00:00,321,факт,квадратные_пластик_черный_L_L_L
Васенко,3(4000-5990) (SENSE EYEWEAR) (ж)(ме),2024-06,2024-06-01 00:00:00,354,факт,квадратные_пластик_черный_L_L_L
Васенко,3(4000-5990) (SENSE EYEWEAR) (ж)(ме),2024-07,2024-07-01 00:00:00,345,факт,квадратные_пластик_черный_L_L_L
Васенко,3(4000-5990) (SENSE EYEWEAR) (ж)(ме),2024-08,2024-08-01 00:00:00,358,факт,квадратные_пластик_черный_L_L_L
Васенко,3(4000-5990) (SENSE EYEWEAR) (ж)(ме),2024-09,2024-09-01 00:00:00,310,факт,квадратные_пластик_черный_L_L_L
Васенко,3(4000-5990) (SENSE EYEWEAR) (ж)(ме),2024-10,2024-10-01 00:00:00,266,факт,квадратные_пластик_черный_L_L_L
Васенко,3(4000-5990) (SENSE EYEWEAR) (ж)(ме),2024-11,2024-11-01 00:00:00,273,факт,квадратные_пластик_черный_L_L_L
Васенко,3(4000-5990) (SENSE EYEWEAR) (ж)(ме),2024-12,2024-12-01 00:00:00,286,факт,квадратные_пластик_черный_L_L_L
Васенко,3(4000-5990) (SENSE EYEWEAR) (ж)(ме),2025-01,2025-01-31 14:45:54,290,прогноз,квадратные_пластик_черный_L_L_L
Васенко,3(4000-5990) (SENSE EYEWEAR) (ж)(ме),2025-02,2025-02-28 14:45:54,287,прогноз,квадратные_пластик_черный_L_L_L
Васенко,3(4000-5990) (SENSE EYEWEAR) (ж)(ме),2025-03,2025-03-31 14:45:54,284,прогноз,квадратные_пластик_черный_L_L_L
Васенко,3(4000-5990) (SENSE EYEWEAR) (ж)(пл) ,2024-03,2024-03-01 00:00:00,307,факт,квадратные_пластик_черный_L_L_L
Васенко,3(4000-5990) (SENSE EYEWEAR) (ж)(пл) ,2024-04,2024-04-01 00:00:00,400,факт,квадратные_пластик_черный_L_L_L
Васенко,3(4000-5990) (SENSE EYEWEAR) (ж)(пл) ,2024-05,2024-05-01 00:00:00,321,факт,квадратные_пластик_черный_L_L_L
Васенко,3(4000-5990) (SENSE EYEWEAR) (ж)(пл) ,2024-06,2024-06-01 00:00:00,354,факт,квадратные_пластик_черный_L_L_L
Васенко,3(4000-5990) (SENSE EYEWEAR) (ж)(пл) ,2024-07,2024-07-01 00:00:00,345,факт,квадратные_пластик_черный_L_L_L
Васенко,3(4000-5990) (SENSE EYEWEAR) (ж)(пл) ,2024-08,2024-08-01 00:00:00,358,факт,квадратные_пластик_черный_L_L_L
Васенко,3(4000-5990) (SENSE EYEWEAR) (ж)(пл) ,2024-09,2024-09-01 00:00:00,310,факт,квадратные_пластик_черный_L_L_L
Васенко,3(4000-5990) (SENSE EYEWEAR) (ж)(пл) ,2024-10,2024-10-01 00:00:00,266,факт,квадратные_пластик_черный_L_L_L
Васенко,3(4000-5990) (SENSE EYEWEAR) (ж)(пл) ,2024-11,2024-11-01 00:00:00,273,факт,квадратные_пластик_черный_L_L_L
Васенко,3(4000-5990) (SENSE EYEWEAR) (ж)(пл) ,2024-12,2024-12-01 00:00:00,286,факт,квадратные_пластик_черный_L_L_L
Васенко,3(4000-5990) (SENSE EYEWEAR) (ж)(пл) ,2025-01,2025-01-31 14:45:54,290,прогноз,квадратные_пластик_черный_L_L_L
Васенко,3(4000-5990) (SENSE EYEWEAR) (ж)(пл) ,2025-02,2025-02-28 14:45:54,287,прогноз,квадратные_пластик_черный_L_L_L
Васенко,3(4000-5990) (SENSE EYEWEAR) (ж)(пл) ,2025-03,2025-03-31 14:45:54,284,прогноз,квадратные_пластик_черный_L_L_L
Васенко,3(4000-5990) (SENSE EYEWEAR) (м),2024-03,2024-03-01 00:00:00,307,факт,квадратные_пластик_черный_L_L_L
Васенко,3(4000-5990) (SENSE EYEWEAR) (м),2024-04,2024-04-01 00:00:00,400,факт,квадратные_пластик_черный_L_L_L
Васенко,3(4000-5990) (SENSE EYEWEAR) (м),2024-05,2024-05-01 00:00:00,321,факт,квадратные_пластик_черный_L_L_L
Васенко,3(4000-5990) (SENSE EYEWEAR) (м),2024-06,2024-06-01 00:00:00,354,факт,квадратные_пластик_черный_L_L_L
Васенко,3(4000-5990) (SENSE EYEWEAR) (м),2024-07,2024-07-01 00:00:00,345,факт,квадратные_пластик_черный_L_L_L
Васенко,3(4000-5990) (SENSE EYEWEAR) (м),2024-08,2024-08-01 00:00:00,358,факт,квадратные_пластик_черный_L_L_L
Васенко,3(4000-5990) (SENSE EYEWEAR) (м),2024-09,2024-09-01 00:00:00,310,факт,квадратные_пластик_черный_L_L_L
Васенко,3(4000-5990) (SENSE EYEWEAR) (м),2024-10,2024-10-01 00:00:00,266,факт,квадратные_пластик_черный_L_L_L
Васенко,3(4000-5990) (SENSE EYEWEAR) (м),2024-11,2024-11-01 00:00:00,273,факт,квадратные_пластик_черный_L_L_L
Васенко,3(4000-5990) (SENSE EYEWEAR) (м),2024-12,2024-12-01 00:00:00,286,факт,квадратные_пластик_черный_L_L_L
Васенко,3(4000-5990) (SENSE EYEWEAR) (м),2025-01,2025-01-31 14:45:54,290,прогноз,квадратные_пластик_черный_L_L_L
Васенко,3(4000-5990) (SENSE EYEWEAR) (м),2025-02,2025-02-28 14:45:54,287,прогноз,квадратные_пластик_черный_L_L_L
Васенко,3(4000-5990) (SENSE EYEWEAR) (м),2025-03,2025-03-31 14:45:54,284,прогноз,квадратные_пластик_черный_L_L_L
Васенко,3(4000-5990) (SENSE EYEWEAR) (м) хит4,2024-03,2024-03-01 00:00:00,307,факт,квадратные_пластик_черный_L_L_L
Васенко,3(4000-5990) (SENSE EYEWEAR) (м) хит4,2024-04,2024-04-01 00:00:00,400,факт,квадратные_пластик_черный_L_L_L
Васенко,3(4000-5990) (SENSE EYEWEAR) (м) хит4,2024-05,2024-05-01 00:00:00,321,факт,квадратные_пластик_черный_L_L_L
Васенко,3(4000-5990) (SENSE EYEWEAR) (м) хит4,2024-06,2024-06-01 00:00:00,354,факт,квадратные_пластик_черный_L_L_L
Васенко,3(4000-5990) (SENSE EYEWEAR) (м) хит4,2024-07,2024-07-01 00:00:00,345,факт,квадратные_пластик_черный_L_L_L
Васенко,3(4000-5990) (SENSE EYEWEAR) (м) хит4,2024-08,2024-08-01 00:00:00,358,факт,квадратные_пластик_черный_L_L_L
Васенко,3(4000-5990) (SENSE EYEWEAR) (м) хит4,2024-09,2024-09-01 00:00:00,310,факт,квадратные_пластик_черный_L_L_L
Васенко,3(4000-5990) (SENSE EYEWEAR) (м) хит4,2024-10,2024-10-01 00:00:00,266,факт,квадратные_пластик_черный_L_L_L
Васенко,3(4000-5990) (SENSE EYEWEAR) (м) хит4,2024-11,2024-11-01 00:00:00,273,факт,квадратные_пластик_черный_L_L_L
Васенко,3(4000-5990) (SENSE EYEWEAR) (м) хит4,2024-12,2024-12-01 00:00:00,286,факт,квадратные_пластик_черный_L_L_L
Васенко,3(4000-5990) (SENSE EYEWEAR) (м) хит4,2025-01,2025-01-31 14:45:54,290,прогноз,квадратные_пластик_черный_L_L_L
Васенко,3(4000-5990) (SENSE EYEWEAR) (м) хит4,2025-02,2025-02-28 14:45:54,287,прогноз,квадратные_пластик_черный_L_L_L
Васенко,3(4000-5990) (SENSE EYEWEAR) (м) хит4,2025-03,2025-03-31 14:45:54,284,прогноз,квадратные_пластик_черный_L_L_L
Васенко,3(4000-5990) (SENSE EYEWEAR) (у)(titan NB),2024-03,2024-03-01 00:00:00,307,факт,квадратные_пластик_черный_L_L_L
Васенко,3(4000-5990) (SENSE EYEWEAR) (у)(titan NB),2024-04,2024-04-01 00:00:00,400,факт,квадратные_пластик_черный_L_L_L
Васенко,3(4000-5990) (SENSE EYEWEAR) (у)(titan NB),2024-05,2024-05-01 00:00:00,321,факт,квадратные_пластик_черный_L_L_L
Васенко,3(4000-5990) (SENSE EYEWEAR) (у)(titan NB),2024-06,2024-06-01 00:00:00,354,факт,квадратные_пластик_черный_L_L_L
Васенко,3(4000-5990) (SENSE EYEWEAR) (у)(titan NB),2024-07,2024-07-01 00:00:00,345,факт,квадратные_пластик_черный_L_L_L
Васенко,3(4000-5990) (SENSE EYEWEAR) (у)(titan NB),2024-08,2024-08-01 00:00:00,358,факт,квадратные_пластик_черный_L_L_L
Васенко,3(4000-5990) (SENSE EYEWEAR) (у)(titan NB),2024-09,2024-09-01 00:00:00,310,факт,квадратные_пластик_черный_L_L_L
Васенко,3(4000-5990) (SENSE EYEWEAR) (у)(titan NB),2024-10,2024-10-01 00:00:00,266,факт,квадратные_пластик_черный_L_L_L
Васенко,3(4000-5990) (SENSE EYEWEAR) (у)(titan NB),2024-11,2024-11-01 00:00:00,273,факт,квадратные_пластик_черный_L_L_L
Васенко,3(4000-5990) (SENSE EYEWEAR) (у)(titan NB),2024-12,2024-12-01 00:00:00,286,факт,квадратные_пластик_черный_L_L_L
Васенко,3(4000-5990) (SENSE EYEWEAR) (у)(titan NB),2025-01,2025-01-31 14:45:54,290,прогноз,квадратные_пластик_черный_L_L_L
Васенко,3(4000-5990) (SENSE EYEWEAR) (у)(titan NB),2025-02,2025-02-28 14:45:54,287,прогноз,квадратные_пластик_черный_L_L_L
Васенко,3(4000-5990) (SENSE EYEWEAR) (у)(titan NB),2025-03,2025-03-31 14:45:54,284,прогноз,квадратные_пластик_черный_L_L_L
Васенко,4(6000-9990) (BULGET) (ж),2024-03,2024-03-01 00:00:00,307,факт,квадратные_пластик_черный_L_L_L
Васенко,4(6000-9990) (BULGET) (ж),2024-04,2024-04-01 00:00:00,400,факт,квадратные_пластик_черный_L_L_L
Васенко,4(6000-9990) (BULGET) (ж),2024-05,2024-05-01 00:00:00,321,факт,квадратные_пластик_черный_L_L_L
Васенко,4(6000-9990) (BULGET) (ж),2024-06,2024-06-01 00:00:00,354,факт,квадратные_пластик_черный_L_L_L
Васенко,4(6000-9990) (BULGET) (ж),2024-07,2024-07-01 00:00:00,345,факт,квадратные_пластик_черный_L_L_L
Васенко,4(6000-9990) (BULGET) (ж),2024-08,2024-08-01 00:00:00,358,факт,квадратные_пластик_черный_L_L_L
Васенко,4(6000-9990) (BULGET) (ж),2024-09,2024-09-01 00:00:00,310,факт,квадратные_пластик_черный_L_L_L
Васенко,4(6000-9990) (BULGET) (ж),2024-10,2024-10-01 00:00:00,266,факт,квадратные_пластик_черный_L_L_L
Васенко,4(6000-9990) (BULGET) (ж),2024-11,2024-11-01 00:00:00,273,факт,квадратные_пластик_черный_L_L_L
Васенко,4(6000-9990) (BULGET) (ж),2024-12,2024-12-01 00:00:00,286,факт,квадратные_пластик_черный_L_L_L
Васенко,4(6000-9990) (BULGET) (ж),2025-01,2025-01-31 14:45:54,290,прогноз,квадратные_пластик_черный_L_L_L
Васенко,4(6000-9990) (BULGET) (ж),2025-02,2025-02-28 14:45:54,287,прогноз,квадратные_пластик_черный_L_L_L
Васенко,4(6000-9990) (BULGET) (ж),2025-03,2025-03-31 14:45:54,284,прогноз,квадратные_пластик_черный_L_L_L
Васенко,4(6000-9990) (BULGET) (м),2024-03,2024-03-01 00:00:00,307,факт,квадратные_пластик_черный_L_L_L
Васенко,4(6000-9990) (BULGET) (м),2024-04,2024-04-01 00:00:00,400,факт,квадратные_пластик_черный_L_L_L
Васенко,4(6000-9990) (BULGET) (м),2024-05,2024-05-01 00:00:00,321,факт,квадратные_пластик_черный_L_L_L
Васенко,4(6000-9990) (BULGET) (м),2024-06,2024-06-01 00:00:00,354,факт,квадратные_пластик_черный_L_L_L
Васенко,4(6000-9990) (BULGET) (м),2024-07,2024-07-01 00:00:00,345,факт,квадратные_пластик_черный_L_L_L
Васенко,4(6000-9990) (BULGET) (м),2024-08,2024-08-01 00:00:00,358,факт,квадратные_пластик_черный_L_L_L
Васенко,4(6000-9990) (BULGET) (м),2024-09,2024-09-01 00:00:00,310,факт,квадратные_пластик_черный_L_L_L
Васенко,4(6000-9990) (BULGET) (м),2024-10,2024-10-01 00:00:00,266,факт,квадратные_пластик_черный_L_L_L
Васенко,4(6000-9990) (BULGET) (м),2024-11,2024-11-01 00:00:00,273,факт,квадратные_пластик_черный_L_L_L
Васенко,4(6000-9990) (BULGET) (м),2024-12,2024-12-01 00:00:00,286,факт,квадратные_пластик_черный_L_L_L
Васенко,4(6000-9990) (BULGET) (м),2025-01,2025-01-31 14:45:54,290,прогноз,квадратные_пластик_черный_L_L_L
Васенко,4(6000-9990) (BULGET) (м),2025-02,2025-02-28 14:45:54,287,прогноз,квадратные_пластик_черный_L_L_L
Васенко,4(6000-9990) (BULGET) (м),2025-03,2025-03-31 14:45:54,284,прогноз,квадратные_пластик_черный_L_L_L
Васенко,4(6000-9990) (ELFSPIRIT) (ж),2024-03,2024-03-01 00:00:00,307,факт,квадратные_пластик_черный_L_L_L
Васенко,4(6000-9990) (ELFSPIRIT) (ж),2024-04,2024-04-01 00:00:00,400,факт,квадратные_пластик_черный_L_L_L
Васенко,4(6000-9990) (ELFSPIRIT) (ж),2024-05,2024-05-01 00:00:00,321,факт,квадратные_пластик_черный_L_L_L
Васенко,4(6000-9990) (ELFSPIRIT) (ж),2024-06,2024-06-01 00:00:00,354,факт,квадратные_пластик_черный_L_L_L
Васенко,4(6000-9990) (ELFSPIRIT) (ж),2024-07,2024-07-01 00:00:00,345,факт,квадратные_пластик_черный_L_L_L
Васенко,4(6000-9990) (ELFSPIRIT) (ж),2024-08,2024-08-01 00:00:00,358,факт,квадратные_пластик_черный_L_L_L
Васенко,4(6000-9990) (ELFSPIRIT) (ж),2024-09,2024-09-01 00:00:00,310,факт,квадратные_пластик_черный_L_L_L
Васенко,4(6000-9990) (ELFSPIRIT) (ж),2024-10,2024-10-01 00:00:00,266,факт,квадратные_пластик_черный_L_L_L
Васенко,4(6000-9990) (ELFSPIRIT) (ж),2024-11,2024-11-01 00:00:00,273,факт,квадратные_пластик_черный_L_L_L
Васенко,4(6000-9990) (ELFSPIRIT) (ж),2024-12,2024-12-01 00:00:00,286,факт,квадратные_пластик_черный_L_L_L
Васенко,4(6000-9990) (ELFSPIRIT) (ж),2025-01,2025-01-31 14:45:54,290,прогноз,квадратные_пластик_черный_L_L_L
Васенко,4(6000-9990) (ELFSPIRIT) (ж),2025-02,2025-02-28 14:45:54,287,прогноз,квадратные_пластик_черный_L_L_L
Васенко,4(6000-9990) (ELFSPIRIT) (ж),2025-03,2025-03-31 14:45:54,284,прогноз,квадратные_пластик_черный_L_L_L
Васенко,4(6000-9990) (ELFSPIRIT) (м),2024-03,2024-03-01 00:00:00,307,факт,квадратные_пластик_черный_L_L_L
Васенко,4(6000-9990) (ELFSPIRIT) (м),2024-04,2024-04-01 00:00:00,400,факт,квадратные_пластик_черный_L_L_L
Васенко,4(6000-9990) (ELFSPIRIT) (м),2024-05,2024-05-01 00:00:00,321,факт,квадратные_пластик_черный_L_L_L
Васенко,4(6000-9990) (ELFSPIRIT) (м),2024-06,2024-06-01 00:00:00,354,факт,квадратные_пластик_черный_L_L_L
Васенко,4(6000-9990) (ELFSPIRIT) (м),2024-07,2024-07-01 00:00:00,345,факт,квадратные_пластик_черный_L_L_L
Васенко,4(6000-9990) (ELFSPIRIT) (м),2024-08,2024-08-01 00:00:00,358,факт,квадратные_пластик_черный_L_L_L
Васенко,4(6000-9990) (ELFSPIRIT) (м),2024-09,2024-09-01 00:00:00,310,факт,квадратные_пластик_черный_L_L_L
Васенко,4(6000-9990) (ELFSPIRIT) (м),2024-10,2024-10-01 00:00:00,266,факт,квадратные_пластик_черный_L_L_L
Васенко,4(6000-9990) (ELFSPIRIT) (м),2024-11,2024-11-01 00:00:00,273,факт,квадратные_пластик_черный_L_L_L
Васенко,4(6000-9990) (ELFSPIRIT) (м),2024-12,2024-12-01 00:00:00,286,факт,квадратные_пластик_черный_L_L_L
Васенко,4(6000-9990) (ELFSPIRIT) (м),2025-01,2025-01-31 14:45:54,290,прогноз,квадратные_пластик_черный_L_L_L
Васенко,4(6000-9990) (ELFSPIRIT) (м),2025-02,2025-02-28 14:45:54,287,прогноз,квадратные_пластик_черный_L_L_L
Васенко,4(6000-9990) (ELFSPIRIT) (м),2025-03,2025-03-31 14:45:54,284,прогноз,квадратные_пластик_черный_L_L_L
Васенко,4(6000-9990) (ENNI MARCO) (ж),2024-03,2024-03-01 00:00:00,307,факт,квадратные_пластик_черный_L_L_L
Васенко,4(6000-9990) (ENNI MARCO) (ж),2024-04,2024-04-01 00:00:00,400,факт,квадратные_пластик_черный_L_L_L
Васенко,4(6000-9990) (ENNI MARCO) (ж),2024-05,2024-05-01 00:00:00,321,факт,квадратные_пластик_черный_L_L_L
Васенко,4(6000-9990) (ENNI MARCO) (ж),2024-06,2024-06-01 00:00:00,354,факт,квадратные_пластик_черный_L_L_L
Васенко,4(6000-9990) (ENNI MARCO) (ж),2024-07,2024-07-01 00:00:00,345,факт,квадратные_пластик_черный_L_L_L
Васенко,4(6000-9990) (ENNI MARCO) (ж),2024-08,2024-08-01 00:00:00,358,факт,квадратные_пластик_черный_L_L_L
Васенко,4(6000-9990) (ENNI MARCO) (ж),2024-09,2024-09-01 00:00:00,310,факт,квадратные_пластик_черный_L_L_L
Васенко,4(6000-9990) (ENNI MARCO) (ж),2024-10,2024-10-01 00:00:00,266,факт,квадратные_пластик_черный_L_L_L
Васенко,4(6000-9990) (ENNI MARCO) (ж),2024-11,2024-11-01 00:00:00,273,факт,квадратные_пластик_черный_L_L_L
Васенко,4(6000-9990) (ENNI MARCO) (ж),2024-12,2024-12-01 00:00:00,286,факт,квадратные_пластик_черный_L_L_L
Васенко,4(6000-9990) (ENNI MARCO) (ж),2025-01,2025-01-31 14:45:54,290,прогноз,квадратные_пластик_черный_L_L_L
Васенко,4(6000-9990) (ENNI MARCO) (ж),2025-02,2025-02-28 14:45:54,287,прогноз,квадратные_пластик_черный_L_L_L
Васенко,4(6000-9990) (ENNI MARCO) (ж),2025-03,2025-03-31 14:45:54,284,прогноз,квадратные_пластик_черный_L_L_L
Васенко,4(6000-9990) (ENNI MARCO) (м),2024-03,2024-03-01 00:00:00,307,факт,квадратные_пластик_черный_L_L_L
Васенко,4(6000-9990) (ENNI MARCO) (м),2024-04,2024-04-01 00:00:00,400,факт,квадратные_пластик_черный_L_L_L
Васенко,4(6000-9990) (ENNI MARCO) (м),2024-05,2024-05-01 00:00:00,321,факт,квадратные_пластик_черный_L_L_L
Васенко,4(6000-9990) (ENNI MARCO) (м),2024-06,2024-06-01 00:00:00,354,факт,квадратные_пластик_черный_L_L_L
Васенко,4(6000-9990) (ENNI MARCO) (м),2024-07,2024-07-01 00:00:00,345,факт,квадратные_пластик_черный_L_L_L
Васенко,4(6000-9990) (ENNI MARCO) (м),2024-08,2024-08-01 00:00:00,358,факт,квадратные_пластик_черный_L_L_L
Васенко,4(6000-9990) (ENNI MARCO) (м),2024-09,2024-09-01 00:00:00,310,факт,квадратные_пластик_черный_L_L_L
Васенко,4(6000-9990) (ENNI MARCO) (м),2024-10,2024-10-01 00:00:00,266,факт,квадратные_пластик_черный_L_L_L
Васенко,4(6000-9990) (ENNI MARCO) (м),2024-11,2024-11-01 00:00:00,273,факт,квадратные_пластик_черный_L_L_L
Васенко,4(6000-9990) (ENNI MARCO) (м),2024-12,2024-12-01 00:00:00,286,факт,квадратные_пластик_черный_L_L_L
Васенко,4(6000-9990) (ENNI MARCO) (м),2025-01,2025-01-31 14:45:54,290,прогноз,квадратные_пластик_черный_L_L_L
Васенко,4(6000-9990) (ENNI MARCO) (м),2025-02,2025-02-28 14:45:54,287,прогноз,квадратные_пластик_черный_L_L_L
Васенко,4(6000-9990) (ENNI MARCO) (м),2025-03,2025-03-31 14:45:54,284,прогноз,квадратные_пластик_черный_L_L_L
Васенко,4(6000-9990) (MEGAPOLIS) (м),2024-03,2024-03-01 00:00:00,307,факт,квадратные_пластик_черный_L_L_L
Васенко,4(6000-9990) (MEGAPOLIS) (м),2024-04,2024-04-01 00:00:00,400,факт,квадратные_пластик_черный_L_L_L
Васенко,4(6000-9990) (MEGAPOLIS) (м),2024-05,2024-05-01 00:00:00,321,факт,квадратные_пластик_черный_L_L_L
Васенко,4(6000-9990) (MEGAPOLIS) (м),2024-06,2024-06-01 00:00:00,354,факт,квадратные_пластик_черный_L_L_L
Васенко,4(6000-9990) (MEGAPOLIS) (м),2024-07,2024-07-01 00:00:00,345,факт,квадратные_пластик_черный_L_L_L
Васенко,4(6000-9990) (MEGAPOLIS) (м),2024-08,2024-08-01 00:00:00,358,факт,квадратные_пластик_черный_L_L_L
Васенко,4(6000-9990) (MEGAPOLIS) (м),2024-09,2024-09-01 00:00:00,310,факт,квадратные_пластик_черный_L_L_L
Васенко,4(6000-9990) (MEGAPOLIS) (м),2024-10,2024-10-01 00:00:00,266,факт,квадратные_пластик_черный_L_L_L
Васенко,4(6000-9990) (MEGAPOLIS) (м),2024-11,2024-11-01 00:00:00,273,факт,квадратные_пластик_черный_L_L_L
Васенко,4(6000-9990) (MEGAPOLIS) (м),2024-12,2024-12-01 00:00:00,286,факт,квадратные_пластик_черный_L_L_L
Васенко,4(6000-9990) (MEGAPOLIS) (м),2025-01,2025-01-31 14:45:54,290,прогноз,квадратные_пластик_черный_L_L_L
Васенко,4(6000-9990) (MEGAPOLIS) (м),2025-02,2025-02-28 14:45:54,287,прогноз,квадратные_пластик_черный_L_L_L
Васенко,4(6000-9990) (MEGAPOLIS) (м),2025-03,2025-03-31 14:45:54,284,прогноз,квадратные_пластик_черный_L_L_L
Васенко,4(6000-9990) (NEOLOOK) (м),2024-03,2024-03-01 00:00:00,307,факт,квадратные_пластик_черный_L_L_L
Васенко,4(6000-9990) (NEOLOOK) (м),2024-04,2024-04-01 00:00:00,400,факт,квадратные_пластик_черный_L_L_L
Васенко,4(6000-9990) (NEOLOOK) (м),2024-05,2024-05-01 00:00:00,321,факт,квадратные_пластик_черный_L_L_L
Васенко,4(6000-9990) (NEOLOOK) (м),2024-06,2024-06-01 00:00:00,354,факт,квадратные_пластик_черный_L_L_L
Васенко,4(6000-9990) (NEOLOOK) (м),2024-07,2024-07-01 00:00:00,345,факт,квадратные_пластик_черный_L_L_L
Васенко,4(6000-9990) (NEOLOOK) (м),2024-08,2024-08-01 00:00:00,358,факт,квадратные_пластик_черный_L_L_L
Васенко,4(6000-9990) (NEOLOOK) (м),2024-09,2024-09-01 00:00:00,310,факт,квадратные_пластик_черный_L_L_L
Васенко,4(6000-9990) (NEOLOOK) (м),2024-10,2024-10-01 00:00:00,266,факт,квадратные_пластик_черный_L_L_L
Васенко,4(6000-9990) (NEOLOOK) (м),2024-11,2024-11-01 00:00:00,273,факт,квадратные_пластик_черный_L_L_L
Васенко,4(6000-9990) (NEOLOOK) (м),2024-12,2024-12-01 00:00:00,286,факт,квадратные_пластик_черный_L_L_L
Васенко,4(6000-9990) (NEOLOOK) (м),2025-01,2025-01-31 14:45:54,290,прогноз,квадратные_пластик_черный_L_L_L
Васенко,4(6000-9990) (NEOLOOK) (м),2025-02,2025-02-28 14:45:54,287,прогноз,квадратные_пластик_черный_L_L_L
Васенко,4(6000-9990) (NEOLOOK) (м),2025-03,2025-03-31 14:45:54,284,прогноз,квадратные_пластик_черный_L_L_L
Васенко,4(6000-9990) (OU) (ж),2024-03,2024-03-01 00:00:00,307,факт,квадратные_пластик_черный_L_L_L
Васенко,4(6000-9990) (OU) (ж),2024-04,2024-04-01 00:00:00,400,факт,квадратные_пластик_черный_L_L_L
Васенко,4(6000-9990) (OU) (ж),2024-05,2024-05-01 00:00:00,321,факт,квадратные_пластик_черный_L_L_L
Васенко,4(6000-9990) (OU) (ж),2024-06,2024-06-01 00:00:00,354,факт,квадратные_пластик_черный_L_L_L
Васенко,4(6000-9990) (OU) (ж),2024-07,2024-07-01 00:00:00,345,факт,квадратные_пластик_черный_L_L_L
Васенко,4(6000-9990) (OU) (ж),2024-08,2024-08-01 00:00:00,358,факт,квадратные_пластик_черный_L_L_L
Васенко,4(6000-9990) (OU) (ж),2024-09,2024-09-01 00:00:00,310,факт,квадратные_пластик_черный_L_L_L
Васенко,4(6000-9990) (OU) (ж),2024-10,2024-10-01 00:00:00,266,факт,квадратные_пластик_черный_L_L_L
Васенко,4(6000-9990) (OU) (ж),2024-11,2024-11-01 00:00:00,273,факт,квадратные_пластик_черный_L_L_L
Васенко,4(6000-9990) (OU) (ж),2024-12,2024-12-01 00:00:00,286,факт,квадратные_пластик_черный_L_L_L
Васенко,4(6000-9990) (OU) (ж),2025-01,2025-01-31 14:45:54,290,прогноз,квадратные_пластик_черный_L_L_L
Васенко,4(6000-9990) (OU) (ж),2025-02,2025-02-28 14:45:54,287,прогноз,квадратные_пластик_черный_L_L_L
Васенко,4(6000-9990) (OU) (ж),2025-03,2025-03-31 14:45:54,284,прогноз,квадратные_пластик_черный_L_L_L
Васенко,4(6000-9990) (OU) (м),2024-03,2024-03-01 00:00:00,307,факт,квадратные_пластик_черный_L_L_L
Васенко,4(6000-9990) (OU) (м),2024-04,2024-04-01 00:00:00,400,факт,квадратные_пластик_черный_L_L_L
Васенко,4(6000-9990) (OU) (м),2024-05,2024-05-01 00:00:00,321,факт,квадратные_пластик_черный_L_L_L
Васенко,4(6000-9990) (OU) (м),2024-06,2024-06-01 00:00:00,354,факт,квадратные_пластик_черный_L_L_L
Васенко,4(6000-9990) (OU) (м),2024-07,2024-07-01 00:00:00,345,факт,квадратные_пластик_черный_L_L_L
Васенко,4(6000-9990) (OU) (м),2024-08,2024-08-01 00:00:00,358,факт,квадратные_пластик_черный_L_L_L
Васенко,4(6000-9990) (OU) (м),2024-09,2024-09-01 00:00:00,310,факт,квадратные_пластик_черный_L_L_L
Васенко,4(6000-9990) (OU) (м),2024-10,2024-10-01 00:00:00,266,факт,квадратные_пластик_черный_L_L_L
Васенко,4(6000-9990) (OU) (м),2024-11,2024-11-01 00:00:00,273,факт,квадратные_пластик_черный_L_L_L
Васенко,4(6000-9990) (OU) (м),2024-12,2024-12-01 00:00:00,286,факт,квадратные_пластик_черный_L_L_L
Васенко,4(6000-9990) (OU) (м),2025-01,2025-01-31 14:45:54,290,прогноз,квадратные_пластик_черный_L_L_L
Васенко,4(6000-9990) (OU) (м),2025-02,2025-02-28 14:45:54,287,прогноз,квадратные_пластик_черный_L_L_L
Васенко,4(6000-9990) (OU) (м),2025-03,2025-03-31 14:45:54,284,прогноз,квадратные_пластик_черный_L_L_L
Васенко,4(6000-9990) (SEEBLING титановые) (ж) ,2024-03,2024-03-01 00:00:00,307,факт,квадратные_пластик_черный_L_L_L
Васенко,4(6000-9990) (SEEBLING титановые) (ж) ,2024-04,2024-04-01 00:00:00,400,факт,квадратные_пластик_черный_L_L_L
Васенко,4(6000-9990) (SEEBLING титановые) (ж) ,2024-05,2024-05-01 00:00:00,321,факт,квадратные_пластик_черный_L_L_L
Васенко,4(6000-9990) (SEEBLING титановые) (ж) ,2024-06,2024-06-01 00:00:00,354,факт,квадратные_пластик_черный_L_L_L
Васенко,4(6000-9990) (SEEBLING титановые) (ж) ,2024-07,2024-07-01 00:00:00,345,факт,квадратные_пластик_черный_L_L_L
Васенко,4(6000-9990) (SEEBLING титановые) (ж) ,2024-08,2024-08-01 00:00:00,358,факт,квадратные_пластик_черный_L_L_L
Васенко,4(6000-9990) (SEEBLING титановые) (ж) ,2024-09,2024-09-01 00:00:00,310,факт,квадратные_пластик_черный_L_L_L
Васенко,4(6000-9990) (SEEBLING титановые) (ж) ,2024-10,2024-10-01 00:00:00,266,факт,квадратные_пластик_черный_L_L_L
Васенко,4(6000-9990) (SEEBLING титановые) (ж) ,2024-11,2024-11-01 00:00:00,273,факт,квадратные_пластик_черный_L_L_L
Васенко,4(6000-9990) (SEEBLING титановые) (ж) ,2024-12,2024-12-01 00:00:00,286,факт,квадратные_пластик_черный_L_L_L
Васенко,4(6000-9990) (SEEBLING титановые) (ж) ,2025-01,2025-01-31 14:45:54,290,прогноз,квадратные_пластик_черный_L_L_L
Васенко,4(6000-9990) (SEEBLING титановые) (ж) ,2025-02,2025-02-28 14:45:54,287,прогноз,квадратные_пластик_черный_L_L_L
Васенко,4(6000-9990) (SEEBLING титановые) (ж) ,2025-03,2025-03-31 14:45:54,284,прогноз,квадратные_пластик_черный_L_L_L
Васенко,4(6000-9990) (SEEBLING титановые) (м) ,2024-03,2024-03-01 00:00:00,307,факт,квадратные_пластик_черный_L_L_L
Васенко,4(6000-9990) (SEEBLING титановые) (м) ,2024-04,2024-04-01 00:00:00,400,факт,квадратные_пластик_черный_L_L_L
Васенко,4(6000-9990) (SEEBLING титановые) (м) ,2024-05,2024-05-01 00:00:00,321,факт,квадратные_пластик_черный_L_L_L
Васенко,4(6000-9990) (SEEBLING титановые) (м) ,2024-06,2024-06-01 00:00:00,354,факт,квадратные_пластик_черный_L_L_L
Васенко,4(6000-9990) (SEEBLING титановые) (м) ,2024-07,2024-07-01 00:00:00,345,факт,квадратные_пластик_черный_L_L_L
Васенко,4(6000-9990) (SEEBLING титановые) (м) ,2024-08,2024-08-01 00:00:00,358,факт,квадратные_пластик_черный_L_L_L
Васенко,4(6000-9990) (SEEBLING титановые) (м) ,2024-09,2024-09-01 00:00:00,310,факт,квадратные_пластик_черный_L_L_L
Васенко,4(6000-9990) (SEEBLING титановые) (м) ,2024-10,2024-10-01 00:00:00,266,факт,квадратные_пластик_черный_L_L_L
Васенко,4(6000-9990) (SEEBLING титановые) (м) ,2024-11,2024-11-01 00:00:00,273,факт,квадратные_пластик_черный_L_L_L
Васенко,4(6000-9990) (SEEBLING титановые) (м) ,2024-12,2024-12-01 00:00:00,286,факт,квадратные_пластик_черный_L_L_L
Васенко,4(6000-9990) (SEEBLING титановые) (м) ,2025-01,2025-01-31 14:45:54,290,прогноз,квадратные_пластик_черный_L_L_L
Васенко,4(6000-9990) (SEEBLING титановые) (м) ,2025-02,2025-02-28 14:45:54,287,прогноз,квадратные_пластик_черный_L_L_L
Васенко,4(6000-9990) (SEEBLING титановые) (м) ,2025-03,2025-03-31 14:45:54,284,прогноз,квадратные_пластик_черный_L_L_L
Васенко,4(6000-9990) (SFEROFLEX) (ж),2024-03,2024-03-01 00:00:00,307,факт,квадратные_пластик_черный_L_L_L
Васенко,4(6000-9990) (SFEROFLEX) (ж),2024-04,2024-04-01 00:00:00,400,факт,квадратные_пластик_черный_L_L_L
Васенко,4(6000-9990) (SFEROFLEX) (ж),2024-05,2024-05-01 00:00:00,321,факт,квадратные_пластик_черный_L_L_L
Васенко,4(6000-9990) (SFEROFLEX) (ж),2024-06,2024-06-01 00:00:00,354,факт,квадратные_пластик_черный_L_L_L
Васенко,4(6000-9990) (SFEROFLEX) (ж),2024-07,2024-07-01 00:00:00,345,факт,квадратные_пластик_черный_L_L_L
Васенко,4(6000-9990) (SFEROFLEX) (ж),2024-08,2024-08-01 00:00:00,358,факт,квадратные_пластик_черный_L_L_L
Васенко,4(6000-9990) (SFEROFLEX) (ж),2024-09,2024-09-01 00:00:00,310,факт,квадратные_пластик_черный_L_L_L
Васенко,4(6000-9990) (SFEROFLEX) (ж),2024-10,2024-10-01 00:00:00,266,факт,квадратные_пластик_черный_L_L_L
Васенко,4(6000-9990) (SFEROFLEX) (ж),2024-11,2024-11-01 00:00:00,273,факт,квадратные_пластик_черный_L_L_L
Васенко,4(6000-9990) (SFEROFLEX) (ж),2024-12,2024-12-01 00:00:00,286,факт,квадратные_пластик_черный_L_L_L
Васенко,4(6000-9990) (SFEROFLEX) (ж),2025-01,2025-01-31 14:45:54,290,прогноз,квадратные_пластик_черный_L_L_L
Васенко,4(6000-9990) (SFEROFLEX) (ж),2025-02,2025-02-28 14:45:54,287,прогноз,квадратные_пластик_черный_L_L_L
Васенко,4(6000-9990) (SFEROFLEX) (ж),2025-03,2025-03-31 14:45:54,284,прогноз,квадратные_пластик_черный_L_L_L
Васенко,4(6000-9990) (SFEROFLEX) (м),2024-03,2024-03-01 00:00:00,307,факт,квадратные_пластик_черный_L_L_L
Васенко,4(6000-9990) (SFEROFLEX) (м),2024-04,2024-04-01 00:00:00,400,факт,квадратные_пластик_черный_L_L_L
Васенко,4(6000-9990) (SFEROFLEX) (м),2024-05,2024-05-01 00:00:00,321,факт,квадратные_пластик_черный_L_L_L
Васенко,4(6000-9990) (SFEROFLEX) (м),2024-06,2024-06-01 00:00:00,354,факт,квадратные_пластик_черный_L_L_L
Васенко,4(6000-9990) (SFEROFLEX) (м),2024-07,2024-07-01 00:00:00,345,факт,квадратные_пластик_черный_L_L_L
Васенко,4(6000-9990) (SFEROFLEX) (м),2024-08,2024-08-01 00:00:00,358,факт,квадратные_пластик_черный_L_L_L
Васенко,4(6000-9990) (SFEROFLEX) (м),2024-09,2024-09-01 00:00:00,310,факт,квадратные_пластик_черный_L_L_L
Васенко,4(6000-9990) (SFEROFLEX) (м),2024-10,2024-10-01 00:00:00,266,факт,квадратные_пластик_черный_L_L_L
Васенко,4(6000-9990) (SFEROFLEX) (м),2024-11,2024-11-01 00:00:00,273,факт,квадратные_пластик_черный_L_L_L
Васенко,4(6000-9990) (SFEROFLEX) (м),2024-12,2024-12-01 00:00:00,286,факт,квадратные_пластик_черный_L_L_L
Васенко,4(6000-9990) (SFEROFLEX) (м),2025-01,2025-01-31 14:45:54,290,прогноз,квадратные_пластик_черный_L_L_L
Васенко,4(6000-9990) (SFEROFLEX) (м),2025-02,2025-02-28 14:45:54,287,прогноз,квадратные_пластик_черный_L_L_L
Васенко,4(6000-9990) (SFEROFLEX) (м),2025-03,2025-03-31 14:45:54,284,прогноз,квадратные_пластик_черный_L_L_L
Васенко,4(6000-9990) (VY) (ж),2024-03,2024-03-01 00:00:00,307,факт,квадратные_пластик_черный_L_L_L
Васенко,4(6000-9990) (VY) (ж),2024-04,2024-04-01 00:00:00,400,факт,квадратные_пластик_черный_L_L_L
Васенко,4(6000-9990) (VY) (ж),2024-05,2024-05-01 00:00:00,321,факт,квадратные_пластик_черный_L_L_L
Васенко,4(6000-9990) (VY) (ж),2024-06,2024-06-01 00:00:00,354,факт,квадратные_пластик_черный_L_L_L
Васенко,4(6000-9990) (VY) (ж),2024-07,2024-07-01 00:00:00,345,факт,квадратные_пластик_черный_L_L_L
Васенко,4(6000-9990) (VY) (ж),2024-08,2024-08-01 00:00:00,358,факт,квадратные_пластик_черный_L_L_L
Васенко,4(6000-9990) (VY) (ж),2024-09,2024-09-01 00:00:00,310,факт,квадратные_пластик_черный_L_L_L
Васенко,4(6000-9990) (VY) (ж),2024-10,2024-10-01 00:00:00,266,факт,квадратные_пластик_черный_L_L_L
Васенко,4(6000-9990) (VY) (ж),2024-11,2024-11-01 00:00:00,273,факт,квадратные_пластик_черный_L_L_L
Васенко,4(6000-9990) (VY) (ж),2024-12,2024-12-01 00:00:00,286,факт,квадратные_пластик_черный_L_L_L
Васенко,4(6000-9990) (VY) (ж),2025-01,2025-01-31 14:45:54,290,прогноз,квадратные_пластик_черный_L_L_L
Васенко,4(6000-9990) (VY) (ж),2025-02,2025-02-28 14:45:54,287,прогноз,квадратные_пластик_черный_L_L_L
Васенко,4(6000-9990) (VY) (ж),2025-03,2025-03-31 14:45:54,284,прогноз,квадратные_пластик_черный_L_L_L
Васенко,4(6000-9990) (WILLIAM MORRIS) (ж),2024-03,2024-03-01 00:00:00,307,факт,квадратные_пластик_черный_L_L_L
Васенко,4(6000-9990) (WILLIAM MORRIS) (ж),2024-04,2024-04-01 00:00:00,400,факт,квадратные_пластик_черный_L_L_L
Васенко,4(6000-9990) (WILLIAM MORRIS) (ж),2024-05,2024-05-01 00:00:00,321,факт,квадратные_пластик_черный_L_L_L
Васенко,4(6000-9990) (WILLIAM MORRIS) (ж),2024-06,2024-06-01 00:00:00,354,факт,квадратные_пластик_черный_L_L_L
Васенко,4(6000-9990) (WILLIAM MORRIS) (ж),2024-07,2024-07-01 00:00:00,345,факт,квадратные_пластик_черный_L_L_L
Васенко,4(6000-9990) (WILLIAM MORRIS) (ж),2024-08,2024-08-01 00:00:00,358,факт,квадратные_пластик_черный_L_L_L
Васенко,4(6000-9990) (WILLIAM MORRIS) (ж),2024-09,2024-09-01 00:00:00,310,факт,квадратные_пластик_черный_L_L_L
Васенко,4(6000-9990) (WILLIAM MORRIS) (ж),2024-10,2024-10-01 00:00:00,266,факт,квадратные_пластик_черный_L_L_L
Васенко,4(6000-9990) (WILLIAM MORRIS) (ж),2024-11,2024-11-01 00:00:00,273,факт,квадратные_пластик_черный_L_L_L
Васенко,4(6000-9990) (WILLIAM MORRIS) (ж),2024-12,2024-12-01 00:00:00,286,факт,квадратные_пластик_черный_L_L_L
Васенко,4(6000-9990) (WILLIAM MORRIS) (ж),2025-01,2025-01-31 14:45:54,290,прогноз,квадратные_пластик_черный_L_L_L
Васенко,4(6000-9990) (WILLIAM MORRIS) (ж),2025-02,2025-02-28 14:45:54,287,прогноз,квадратные_пластик_черный_L_L_L
Васенко,4(6000-9990) (WILLIAM MORRIS) (ж),2025-03,2025-03-31 14:45:54,284,прогноз,квадратные_пластик_черный_L_L_L
Васенко,5(10000-24990) (ANA HICKMANN) (ж),2024-03,2024-03-01 00:00:00,307,факт,квадратные_пластик_черный_L_L_L
Васенко,5(10000-24990) (ANA HICKMANN) (ж),2024-04,2024-04-01 00:00:00,400,факт,квадратные_пластик_черный_L_L_L
Васенко,5(10000-24990) (ANA HICKMANN) (ж),2024-05,2024-05-01 00:00:00,321,факт,квадратные_пластик_черный_L_L_L
Васенко,5(10000-24990) (ANA HICKMANN) (ж),2024-06,2024-06-01 00:00:00,354,факт,квадратные_пластик_черный_L_L_L
Васенко,5(10000-24990) (ANA HICKMANN) (ж),2024-07,2024-07-01 00:00:00,345,факт,квадратные_пластик_черный_L_L_L
Васенко,5(10000-24990) (ANA HICKMANN) (ж),2024-08,2024-08-01 00:00:00,358,факт,квадратные_пластик_черный_L_L_L
Васенко,5(10000-24990) (ANA HICKMANN) (ж),2024-09,2024-09-01 00:00:00,310,факт,квадратные_пластик_черный_L_L_L
Васенко,5(10000-24990) (ANA HICKMANN) (ж),2024-10,2024-10-01 00:00:00,266,факт,квадратные_пластик_черный_L_L_L
Васенко,5(10000-24990) (ANA HICKMANN) (ж),2024-11,2024-11-01 00:00:00,273,факт,квадратные_пластик_черный_L_L_L
Васенко,5(10000-24990) (ANA HICKMANN) (ж),2024-12,2024-12-01 00:00:00,286,факт,квадратные_пластик_черный_L_L_L
Васенко,5(10000-24990) (ANA HICKMANN) (ж),2025-01,2025-01-31 14:45:54,290,прогноз,квадратные_пластик_черный_L_L_L
Васенко,5(10000-24990) (ANA HICKMANN) (ж),2025-02,2025-02-28 14:45:54,287,прогноз,квадратные_пластик_черный_L_L_L
Васенко,5(10000-24990) (ANA HICKMANN) (ж),2025-03,2025-03-31 14:45:54,284,прогноз,квадратные_пластик_черный_L_L_L
Васенко,5(10000-24990) (BOSS/HUGO BOSS) (м),2024-03,2024-03-01 00:00:00,307,факт,квадратные_пластик_черный_L_L_L
Васенко,5(10000-24990) (BOSS/HUGO BOSS) (м),2024-04,2024-04-01 00:00:00,400,факт,квадратные_пластик_черный_L_L_L
Васенко,5(10000-24990) (BOSS/HUGO BOSS) (м),2024-05,2024-05-01 00:00:00,321,факт,квадратные_пластик_черный_L_L_L
Васенко,5(10000-24990) (BOSS/HUGO BOSS) (м),2024-06,2024-06-01 00:00:00,354,факт,квадратные_пластик_черный_L_L_L
Васенко,5(10000-24990) (BOSS/HUGO BOSS) (м),2024-07,2024-07-01 00:00:00,345,факт,квадратные_пластик_черный_L_L_L
Васенко,5(10000-24990) (BOSS/HUGO BOSS) (м),2024-08,2024-08-01 00:00:00,358,факт,квадратные_пластик_черный_L_L_L
Васенко,5(10000-24990) (BOSS/HUGO BOSS) (м),2024-09,2024-09-01 00:00:00,310,факт,квадратные_пластик_черный_L_L_L
Васенко,5(10000-24990) (BOSS/HUGO BOSS) (м),2024-10,2024-10-01 00:00:00,266,факт,квадратные_пластик_черный_L_L_L
Васенко,5(10000-24990) (BOSS/HUGO BOSS) (м),2024-11,2024-11-01 00:00:00,273,факт,квадратные_пластик_черный_L_L_L
Васенко,5(10000-24990) (BOSS/HUGO BOSS) (м),2024-12,2024-12-01 00:00:00,286,факт,квадратные_пластик_черный_L_L_L
Васенко,5(10000-24990) (BOSS/HUGO BOSS) (м),2025-01,2025-01-31 14:45:54,290,прогноз,квадратные_пластик_черный_L_L_L
Васенко,5(10000-24990) (BOSS/HUGO BOSS) (м),2025-02,2025-02-28 14:45:54,287,прогноз,квадратные_пластик_черный_L_L_L
Васенко,5(10000-24990) (BOSS/HUGO BOSS) (м),2025-03,2025-03-31 14:45:54,284,прогноз,квадратные_пластик_черный_L_L_L
Васенко,5(10000-24990) (CERUTTI) (м),2024-03,2024-03-01 00:00:00,307,факт,квадратные_пластик_черный_L_L_L
Васенко,5(10000-24990) (CERUTTI) (м),2024-04,2024-04-01 00:00:00,400,факт,квадратные_пластик_черный_L_L_L
Васенко,5(10000-24990) (CERUTTI) (м),2024-05,2024-05-01 00:00:00,321,факт,квадратные_пластик_черный_L_L_L
Васенко,5(10000-24990) (CERUTTI) (м),2024-06,2024-06-01 00:00:00,354,факт,квадратные_пластик_черный_L_L_L
Васенко,5(10000-24990) (CERUTTI) (м),2024-07,2024-07-01 00:00:00,345,факт,квадратные_пластик_черный_L_L_L
Васенко,5(10000-24990) (CERUTTI) (м),2024-08,2024-08-01 00:00:00,358,факт,квадратные_пластик_черный_L_L_L
Васенко,5(10000-24990) (CERUTTI) (м),2024-09,2024-09-01 00:00:00,310,факт,квадратные_пластик_черный_L_L_L
Васенко,5(10000-24990) (CERUTTI) (м),2024-10,2024-10-01 00:00:00,266,факт,квадратные_пластик_черный_L_L_L
Васенко,5(10000-24990) (CERUTTI) (м),2024-11,2024-11-01 00:00:00,273,факт,квадратные_пластик_черный_L_L_L
Васенко,5(10000-24990) (CERUTTI) (м),2024-12,2024-12-01 00:00:00,286,факт,квадратные_пластик_черный_L_L_L
Васенко,5(10000-24990) (CERUTTI) (м),2025-01,2025-01-31 14:45:54,290,прогноз,квадратные_пластик_черный_L_L_L
Васенко,5(10000-24990) (CERUTTI) (м),2025-02,2025-02-28 14:45:54,287,прогноз,квадратные_пластик_черный_L_L_L
Васенко,5(10000-24990) (CERUTTI) (м),2025-03,2025-03-31 14:45:54,284,прогноз,квадратные_пластик_черный_L_L_L
Васенко,5(10000-24990) (EMILIA) (ж),2024-03,2024-03-01 00:00:00,307,факт,квадратные_пластик_черный_L_L_L
Васенко,5(10000-24990) (EMILIA) (ж),2024-04,2024-04-01 00:00:00,400,факт,квадратные_пластик_черный_L_L_L
Васенко,5(10000-24990) (EMILIA) (ж),2024-05,2024-05-01 00:00:00,321,факт,квадратные_пластик_черный_L_L_L
Васенко,5(10000-24990) (EMILIA) (ж),2024-06,2024-06-01 00:00:00,354,факт,квадратные_пластик_черный_L_L_L
Васенко,5(10000-24990) (EMILIA) (ж),2024-07,2024-07-01 00:00:00,345,факт,квадратные_пластик_черный_L_L_L
Васенко,5(10000-24990) (EMILIA) (ж),2024-08,2024-08-01 00:00:00,358,факт,квадратные_пластик_черный_L_L_L
Васенко,5(10000-24990) (EMILIA) (ж),2024-09,2024-09-01 00:00:00,310,факт,квадратные_пластик_черный_L_L_L
Васенко,5(10000-24990) (EMILIA) (ж),2024-10,2024-10-01 00:00:00,266,факт,квадратные_пластик_черный_L_L_L
Васенко,5(10000-24990) (EMILIA) (ж),2024-11,2024-11-01 00:00:00,273,факт,квадратные_пластик_черный_L_L_L
Васенко,5(10000-24990) (EMILIA) (ж),2024-12,2024-12-01 00:00:00,286,факт,квадратные_пластик_черный_L_L_L
Васенко,5(10000-24990) (EMILIA) (ж),2025-01,2025-01-31 14:45:54,290,прогноз,квадратные_пластик_черный_L_L_L
Васенко,5(10000-24990) (EMILIA) (ж),2025-02,2025-02-28 14:45:54,287,прогноз,квадратные_пластик_черный_L_L_L
Васенко,5(10000-24990) (EMILIA) (ж),2025-03,2025-03-31 14:45:54,284,прогноз,квадратные_пластик_черный_L_L_L
Васенко,5(10000-24990) (EMPORIO ARMANI) (м),2024-03,2024-03-01 00:00:00,307,факт,квадратные_пластик_черный_L_L_L
Васенко,5(10000-24990) (EMPORIO ARMANI) (м),2024-04,2024-04-01 00:00:00,400,факт,квадратные_пластик_черный_L_L_L
Васенко,5(10000-24990) (EMPORIO ARMANI) (м),2024-05,2024-05-01 00:00:00,321,факт,квадратные_пластик_черный_L_L_L
Васенко,5(10000-24990) (EMPORIO ARMANI) (м),2024-06,2024-06-01 00:00:00,354,факт,квадратные_пластик_черный_L_L_L
Васенко,5(10000-24990) (EMPORIO ARMANI) (м),2024-07,2024-07-01 00:00:00,345,факт,квадратные_пластик_черный_L_L_L
Васенко,5(10000-24990) (EMPORIO ARMANI) (м),2024-08,2024-08-01 00:00:00,358,факт,квадратные_пластик_черный_L_L_L
Васенко,5(10000-24990) (EMPORIO ARMANI) (м),2024-09,2024-09-01 00:00:00,310,факт,квадратные_пластик_черный_L_L_L
Васенко,5(10000-24990) (EMPORIO ARMANI) (м),2024-10,2024-10-01 00:00:00,266,факт,квадратные_пластик_черный_L_L_L
Васенко,5(10000-24990) (EMPORIO ARMANI) (м),2024-11,2024-11-01 00:00:00,273,факт,квадратные_пластик_черный_L_L_L
Васенко,5(10000-24990) (EMPORIO ARMANI) (м),2024-12,2024-12-01 00:00:00,286,факт,квадратные_пластик_черный_L_L_L
Васенко,5(10000-24990) (EMPORIO ARMANI) (м),2025-01,2025-01-31 14:45:54,290,прогноз,квадратные_пластик_черный_L_L_L
Васенко,5(10000-24990) (EMPORIO ARMANI) (м),2025-02,2025-02-28 14:45:54,287,прогноз,квадратные_пластик_черный_L_L_L
Васенко,5(10000-24990) (EMPORIO ARMANI) (м),2025-03,2025-03-31 14:45:54,284,прогноз,квадратные_пластик_черный_L_L_L
Васенко,5(10000-24990) (GUESS) (ж),2024-03,2024-03-01 00:00:00,307,факт,квадратные_пластик_черный_L_L_L
Васенко,5(10000-24990) (GUESS) (ж),2024-04,2024-04-01 00:00:00,400,факт,квадратные_пластик_черный_L_L_L
Васенко,5(10000-24990) (GUESS) (ж),2024-05,2024-05-01 00:00:00,321,факт,квадратные_пластик_черный_L_L_L
Васенко,5(10000-24990) (GUESS) (ж),2024-06,2024-06-01 00:00:00,354,факт,квадратные_пластик_черный_L_L_L
Васенко,5(10000-24990) (GUESS) (ж),2024-07,2024-07-01 00:00:00,345,факт,квадратные_пластик_черный_L_L_L
Васенко,5(10000-24990) (GUESS) (ж),2024-08,2024-08-01 00:00:00,358,факт,квадратные_пластик_черный_L_L_L
Васенко,5(10000-24990) (GUESS) (ж),2024-09,2024-09-01 00:00:00,310,факт,квадратные_пластик_черный_L_L_L
Васенко,5(10000-24990) (GUESS) (ж),2024-10,2024-10-01 00:00:00,266,факт,квадратные_пластик_черный_L_L_L
Васенко,5(10000-24990) (GUESS) (ж),2024-11,2024-11-01 00:00:00,273,факт,квадратные_пластик_черный_L_L_L
Васенко,5(10000-24990) (GUESS) (ж),2024-12,2024-12-01 00:00:00,286,факт,квадратные_пластик_черный_L_L_L
Васенко,5(10000-24990) (GUESS) (ж),2025-01,2025-01-31 14:45:54,290,прогноз,квадратные_пластик_черный_L_L_L
Васенко,5(10000-24990) (GUESS) (ж),2025-02,2025-02-28 14:45:54,287,прогноз,квадратные_пластик_черный_L_L_L
Васенко,5(10000-24990) (GUESS) (ж),2025-03,2025-03-31 14:45:54,284,прогноз,квадратные_пластик_черный_L_L_L
Васенко,5(10000-24990) (GUESS) (м),2024-03,2024-03-01 00:00:00,307,факт,квадратные_пластик_черный_L_L_L
Васенко,5(10000-24990) (GUESS) (м),2024-04,2024-04-01 00:00:00,400,факт,квадратные_пластик_черный_L_L_L
Васенко,5(10000-24990) (GUESS) (м),2024-05,2024-05-01 00:00:00,321,факт,квадратные_пластик_черный_L_L_L
Васенко,5(10000-24990) (GUESS) (м),2024-06,2024-06-01 00:00:00,354,факт,квадратные_пластик_черный_L_L_L
Васенко,5(10000-24990) (GUESS) (м),2024-07,2024-07-01 00:00:00,345,факт,квадратные_пластик_черный_L_L_L
Васенко,5(10000-24990) (GUESS) (м),2024-08,2024-08-01 00:00:00,358,факт,квадратные_пластик_черный_L_L_L
Васенко,5(10000-24990) (GUESS) (м),2024-09,2024-09-01 00:00:00,310,факт,квадратные_пластик_черный_L_L_L
Васенко,5(10000-24990) (GUESS) (м),2024-10,2024-10-01 00:00:00,266,факт,квадратные_пластик_черный_L_L_L
Васенко,5(10000-24990) (GUESS) (м),2024-11,2024-11-01 00:00:00,273,факт,квадратные_пластик_черный_L_L_L
Васенко,5(10000-24990) (GUESS) (м),2024-12,2024-12-01 00:00:00,286,факт,квадратные_пластик_черный_L_L_L
Васенко,5(10000-24990) (GUESS) (м),2025-01,2025-01-31 14:45:54,290,прогноз,квадратные_пластик_черный_L_L_L
Васенко,5(10000-24990) (GUESS) (м),2025-02,2025-02-28 14:45:54,287,прогноз,квадратные_пластик_черный_L_L_L
Васенко,5(10000-24990) (GUESS) (м),2025-03,2025-03-31 14:45:54,284,прогноз,квадратные_пластик_черный_L_L_L
Васенко,5(10000-24990) (MOREL/OGA/NOMAD/LIGHTEC) (м),2024-03,2024-03-01 00:00:00,307,факт,квадратные_пластик_черный_L_L_L
Васенко,5(10000-24990) (MOREL/OGA/NOMAD/LIGHTEC) (м),2024-04,2024-04-01 00:00:00,400,факт,квадратные_пластик_черный_L_L_L
Васенко,5(10000-24990) (MOREL/OGA/NOMAD/LIGHTEC) (м),2024-05,2024-05-01 00:00:00,321,факт,квадратные_пластик_черный_L_L_L
Васенко,5(10000-24990) (MOREL/OGA/NOMAD/LIGHTEC) (м),2024-06,2024-06-01 00:00:00,354,факт,квадратные_пластик_черный_L_L_L
Васенко,5(10000-24990) (MOREL/OGA/NOMAD/LIGHTEC) (м),2024-07,2024-07-01 00:00:00,345,факт,квадратные_пластик_черный_L_L_L
Васенко,5(10000-24990) (MOREL/OGA/NOMAD/LIGHTEC) (м),2024-08,2024-08-01 00:00:00,358,факт,квадратные_пластик_черный_L_L_L
Васенко,5(10000-24990) (MOREL/OGA/NOMAD/LIGHTEC) (м),2024-09,2024-09-01 00:00:00,310,факт,квадратные_пластик_черный_L_L_L
Васенко,5(10000-24990) (MOREL/OGA/NOMAD/LIGHTEC) (м),2024-10,2024-10-01 00:00:00,266,факт,квадратные_пластик_черный_L_L_L
Васенко,5(10000-24990) (MOREL/OGA/NOMAD/LIGHTEC) (м),2024-11,2024-11-01 00:00:00,273,факт,квадратные_пластик_черный_L_L_L
Васенко,5(10000-24990) (MOREL/OGA/NOMAD/LIGHTEC) (м),2024-12,2024-12-01 00:00:00,286,факт,квадратные_пластик_черный_L_L_L
Васенко,5(10000-24990) (MOREL/OGA/NOMAD/LIGHTEC) (м),2025-01,2025-01-31 14:45:54,290,прогноз,квадратные_пластик_черный_L_L_L
Васенко,5(10000-24990) (MOREL/OGA/NOMAD/LIGHTEC) (м),2025-02,2025-02-28 14:45:54,287,прогноз,квадратные_пластик_черный_L_L_L
Васенко,5(10000-24990) (MOREL/OGA/NOMAD/LIGHTEC) (м),2025-03,2025-03-31 14:45:54,284,прогноз,квадратные_пластик_черный_L_L_L
Васенко,5(10000-24990) (RAY BAN),2024-03,2024-03-01 00:00:00,307,факт,квадратные_пластик_черный_L_L_L
Васенко,5(10000-24990) (RAY BAN),2024-04,2024-04-01 00:00:00,400,факт,квадратные_пластик_черный_L_L_L
Васенко,5(10000-24990) (RAY BAN),2024-05,2024-05-01 00:00:00,321,факт,квадратные_пластик_черный_L_L_L
Васенко,5(10000-24990) (RAY BAN),2024-06,2024-06-01 00:00:00,354,факт,квадратные_пластик_черный_L_L_L
Васенко,5(10000-24990) (RAY BAN),2024-07,2024-07-01 00:00:00,345,факт,квадратные_пластик_черный_L_L_L
Васенко,5(10000-24990) (RAY BAN),2024-08,2024-08-01 00:00:00,358,факт,квадратные_пластик_черный_L_L_L
Васенко,5(10000-24990) (RAY BAN),2024-09,2024-09-01 00:00:00,310,факт,квадратные_пластик_черный_L_L_L
Васенко,5(10000-24990) (RAY BAN),2024-10,2024-10-01 00:00:00,266,факт,квадратные_пластик_черный_L_L_L
Васенко,5(10000-24990) (RAY BAN),2024-11,2024-11-01 00:00:00,273,факт,квадратные_пластик_черный_L_L_L
Васенко,5(10000-24990) (RAY BAN),2024-12,2024-12-01 00:00:00,286,факт,квадратные_пластик_черный_L_L_L
Васенко,5(10000-24990) (RAY BAN),2025-01,2025-01-31 14:45:54,290,прогноз,квадратные_пластик_черный_L_L_L
Васенко,5(10000-24990) (RAY BAN),2025-02,2025-02-28 14:45:54,287,прогноз,квадратные_пластик_черный_L_L_L
Васенко,5(10000-24990) (RAY BAN),2025-03,2025-03-31 14:45:54,284,прогноз,квадратные_пластик_черный_L_L_L
Васенко,5(10000-24990) (SLIMFOLD) (м),2024-03,2024-03-01 00:00:00,307,факт,квадратные_пластик_черный_L_L_L
Васенко,5(10000-24990) (SLIMFOLD) (м),2024-04,2024-04-01 00:00:00,400,факт,квадратные_пластик_черный_L_L_L
Васенко,5(10000-24990) (SLIMFOLD) (м),2024-05,2024-05-01 00:00:00,321,факт,квадратные_пластик_черный_L_L_L
Васенко,5(10000-24990) (SLIMFOLD) (м),2024-06,2024-06-01 00:00:00,354,факт,квадратные_пластик_черный_L_L_L
Васенко,5(10000-24990) (SLIMFOLD) (м),2024-07,2024-07-01 00:00:00,345,факт,квадратные_пластик_черный_L_L_L
Васенко,5(10000-24990) (SLIMFOLD) (м),2024-08,2024-08-01 00:00:00,358,факт,квадратные_пластик_черный_L_L_L
Васенко,5(10000-24990) (SLIMFOLD) (м),2024-09,2024-09-01 00:00:00,310,факт,квадратные_пластик_черный_L_L_L
Васенко,5(10000-24990) (SLIMFOLD) (м),2024-10,2024-10-01 00:00:00,266,факт,квадратные_пластик_черный_L_L_L
Васенко,5(10000-24990) (SLIMFOLD) (м),2024-11,2024-11-01 00:00:00,273,факт,квадратные_пластик_черный_L_L_L
Васенко,5(10000-24990) (SLIMFOLD) (м),2024-12,2024-12-01 00:00:00,286,факт,квадратные_пластик_черный_L_L_L
Васенко,5(10000-24990) (SLIMFOLD) (м),2025-01,2025-01-31 14:45:54,290,прогноз,квадратные_пластик_черный_L_L_L
Васенко,5(10000-24990) (SLIMFOLD) (м),2025-02,2025-02-28 14:45:54,287,прогноз,квадратные_пластик_черный_L_L_L
Васенко,5(10000-24990) (SLIMFOLD) (м),2025-03,2025-03-31 14:45:54,284,прогноз,квадратные_пластик_черный_L_L_L
Васенко,5(10000-24990) (STEPPER) (ж),2024-03,2024-03-01 00:00:00,307,факт,квадратные_пластик_черный_L_L_L
Васенко,5(10000-24990) (STEPPER) (ж),2024-04,2024-04-01 00:00:00,400,факт,квадратные_пластик_черный_L_L_L
Васенко,5(10000-24990) (STEPPER) (ж),2024-05,2024-05-01 00:00:00,321,факт,квадратные_пластик_черный_L_L_L
Васенко,5(10000-24990) (STEPPER) (ж),2024-06,2024-06-01 00:00:00,354,факт,квадратные_пластик_черный_L_L_L
Васенко,5(10000-24990) (STEPPER) (ж),2024-07,2024-07-01 00:00:00,345,факт,квадратные_пластик_черный_L_L_L
Васенко,5(10000-24990) (STEPPER) (ж),2024-08,2024-08-01 00:00:00,358,факт,квадратные_пластик_черный_L_L_L
Васенко,5(10000-24990) (STEPPER) (ж),2024-09,2024-09-01 00:00:00,310,факт,квадратные_пластик_черный_L_L_L
Васенко,5(10000-24990) (STEPPER) (ж),2024-10,2024-10-01 00:00:00,266,факт,квадратные_пластик_черный_L_L_L
Васенко,5(10000-24990) (STEPPER) (ж),2024-11,2024-11-01 00:00:00,273,факт,квадратные_пластик_черный_L_L_L
Васенко,5(10000-24990) (STEPPER) (ж),2024-12,2024-12-01 00:00:00,286,факт,квадратные_пластик_черный_L_L_L
Васенко,5(10000-24990) (STEPPER) (ж),2025-01,2025-01-31 14:45:54,290,прогноз,квадратные_пластик_черный_L_L_L
Васенко,5(10000-24990) (STEPPER) (ж),2025-02,2025-02-28 14:45:54,287,прогноз,квадратные_пластик_черный_L_L_L
Васенко,5(10000-24990) (STEPPER) (ж),2025-03,2025-03-31 14:45:54,284,прогноз,квадратные_пластик_черный_L_L_L
Васенко,5(10000-24990) (STEPPER) (м),2024-03,2024-03-01 00:00:00,307,факт,квадратные_пластик_черный_L_L_L
Васенко,5(10000-24990) (STEPPER) (м),2024-04,2024-04-01 00:00:00,400,факт,квадратные_пластик_черный_L_L_L
Васенко,5(10000-24990) (STEPPER) (м),2024-05,2024-05-01 00:00:00,321,факт,квадратные_пластик_черный_L_L_L
Васенко,5(10000-24990) (STEPPER) (м),2024-06,2024-06-01 00:00:00,354,факт,квадратные_пластик_черный_L_L_L
Васенко,5(10000-24990) (STEPPER) (м),2024-07,2024-07-01 00:00:00,345,факт,квадратные_пластик_черный_L_L_L
Васенко,5(10000-24990) (STEPPER) (м),2024-08,2024-08-01 00:00:00,358,факт,квадратные_пластик_черный_L_L_L
Васенко,5(10000-24990) (STEPPER) (м),2024-09,2024-09-01 00:00:00,310,факт,квадратные_пластик_черный_L_L_L
Васенко,5(10000-24990) (STEPPER) (м),2024-10,2024-10-01 00:00:00,266,факт,квадратные_пластик_черный_L_L_L
Васенко,5(10000-24990) (STEPPER) (м),2024-11,2024-11-01 00:00:00,273,факт,квадратные_пластик_черный_L_L_L
Васенко,5(10000-24990) (STEPPER) (м),2024-12,2024-12-01 00:00:00,286,факт,квадратные_пластик_черный_L_L_L
Васенко,5(10000-24990) (STEPPER) (м),2025-01,2025-01-31 14:45:54,290,прогноз,квадратные_пластик_черный_L_L_L
Васенко,5(10000-24990) (STEPPER) (м),2025-02,2025-02-28 14:45:54,287,прогноз,квадратные_пластик_черный_L_L_L
Васенко,5(10000-24990) (STEPPER) (м),2025-03,2025-03-31 14:45:54,284,прогноз,квадратные_пластик_черный_L_L_L
Васенко,5(10000-24990) (T-CHARGE) (м),2024-03,2024-03-01 00:00:00,307,факт,квадратные_пластик_черный_L_L_L
Васенко,5(10000-24990) (T-CHARGE) (м),2024-04,2024-04-01 00:00:00,400,факт,квадратные_пластик_черный_L_L_L
Васенко,5(10000-24990) (T-CHARGE) (м),2024-05,2024-05-01 00:00:00,321,факт,квадратные_пластик_черный_L_L_L
Васенко,5(10000-24990) (T-CHARGE) (м),2024-06,2024-06-01 00:00:00,354,факт,квадратные_пластик_черный_L_L_L
Васенко,5(10000-24990) (T-CHARGE) (м),2024-07,2024-07-01 00:00:00,345,факт,квадратные_пластик_черный_L_L_L
Васенко,5(10000-24990) (T-CHARGE) (м),2024-08,2024-08-01 00:00:00,358,факт,квадратные_пластик_черный_L_L_L
Васенко,5(10000-24990) (T-CHARGE) (м),2024-09,2024-09-01 00:00:00,310,факт,квадратные_пластик_черный_L_L_L
Васенко,5(10000-24990) (T-CHARGE) (м),2024-10,2024-10-01 00:00:00,266,факт,квадратные_пластик_черный_L_L_L
Васенко,5(10000-24990) (T-CHARGE) (м),2024-11,2024-11-01 00:00:00,273,факт,квадратные_пластик_черный_L_L_L
Васенко,5(10000-24990) (T-CHARGE) (м),2024-12,2024-12-01 00:00:00,286,факт,квадратные_пластик_черный_L_L_L
Васенко,5(10000-24990) (T-CHARGE) (м),2025-01,2025-01-31 14:45:54,290,прогноз,квадратные_пластик_черный_L_L_L
Васенко,5(10000-24990) (T-CHARGE) (м),2025-02,2025-02-28 14:45:54,287,прогноз,квадратные_пластик_черный_L_L_L
Васенко,5(10000-24990) (T-CHARGE) (м),2025-03,2025-03-31 14:45:54,284,прогноз,квадратные_пластик_черный_L_L_L
Васенко,5(10000-24990) (TRUSSARDI) (м),2024-03,2024-03-01 00:00:00,307,факт,квадратные_пластик_черный_L_L_L
Васенко,5(10000-24990) (TRUSSARDI) (м),2024-04,2024-04-01 00:00:00,400,факт,квадратные_пластик_черный_L_L_L
Васенко,5(10000-24990) (TRUSSARDI) (м),2024-05,2024-05-01 00:00:00,321,факт,квадратные_пластик_черный_L_L_L
Васенко,5(10000-24990) (TRUSSARDI) (м),2024-06,2024-06-01 00:00:00,354,факт,квадратные_пластик_черный_L_L_L
Васенко,5(10000-24990) (TRUSSARDI) (м),2024-07,2024-07-01 00:00:00,345,факт,квадратные_пластик_черный_L_L_L
Васенко,5(10000-24990) (TRUSSARDI) (м),2024-08,2024-08-01 00:00:00,358,факт,квадратные_пластик_черный_L_L_L
Васенко,5(10000-24990) (TRUSSARDI) (м),2024-09,2024-09-01 00:00:00,310,факт,квадратные_пластик_черный_L_L_L
Васенко,5(10000-24990) (TRUSSARDI) (м),2024-10,2024-10-01 00:00:00,266,факт,квадратные_пластик_черный_L_L_L
Васенко,5(10000-24990) (TRUSSARDI) (м),2024-11,2024-11-01 00:00:00,273,факт,квадратные_пластик_черный_L_L_L
Васенко,5(10000-24990) (TRUSSARDI) (м),2024-12,2024-12-01 00:00:00,286,факт,квадратные_пластик_черный_L_L_L
Васенко,5(10000-24990) (TRUSSARDI) (м),2025-01,2025-01-31 14:45:54,290,прогноз,квадратные_пластик_черный_L_L_L
Васенко,5(10000-24990) (TRUSSARDI) (м),2025-02,2025-02-28 14:45:54,287,прогноз,квадратные_пластик_черный_L_L_L
Васенко,5(10000-24990) (TRUSSARDI) (м),2025-03,2025-03-31 14:45:54,284,прогноз,квадратные_пластик_черный_L_L_L
Васенко,5(10000-24990) (VOGUE) (ж),2024-03,2024-03-01 00:00:00,307,факт,квадратные_пластик_черный_L_L_L
Васенко,5(10000-24990) (VOGUE) (ж),2024-04,2024-04-01 00:00:00,400,факт,квадратные_пластик_черный_L_L_L
Васенко,5(10000-24990) (VOGUE) (ж),2024-05,2024-05-01 00:00:00,321,факт,квадратные_пластик_черный_L_L_L
Васенко,5(10000-24990) (VOGUE) (ж),2024-06,2024-06-01 00:00:00,354,факт,квадратные_пластик_черный_L_L_L
Васенко,5(10000-24990) (VOGUE) (ж),2024-07,2024-07-01 00:00:00,345,факт,квадратные_пластик_черный_L_L_L
Васенко,5(10000-24990) (VOGUE) (ж),2024-08,2024-08-01 00:00:00,358,факт,квадратные_пластик_черный_L_L_L
Васенко,5(10000-24990) (VOGUE) (ж),2024-09,2024-09-01 00:00:00,310,факт,квадратные_пластик_черный_L_L_L
Васенко,5(10000-24990) (VOGUE) (ж),2024-10,2024-10-01 00:00:00,266,факт,квадратные_пластик_черный_L_L_L
Васенко,5(10000-24990) (VOGUE) (ж),2024-11,2024-11-01 00:00:00,273,факт,квадратные_пластик_черный_L_L_L
Васенко,5(10000-24990) (VOGUE) (ж),2024-12,2024-12-01 00:00:00,286,факт,квадратные_пластик_черный_L_L_L
Васенко,5(10000-24990) (VOGUE) (ж),2025-01,2025-01-31 14:45:54,290,прогноз,квадратные_пластик_черный_L_L_L
Васенко,5(10000-24990) (VOGUE) (ж),2025-02,2025-02-28 14:45:54,287,прогноз,квадратные_пластик_черный_L_L_L
Васенко,5(10000-24990) (VOGUE) (ж),2025-03,2025-03-31 14:45:54,284,прогноз,квадратные_пластик_черный_L_L_L
Васенко,5(10000-24990) (WILLIAM MORRIS BL) (ж),2024-03,2024-03-01 00:00:00,307,факт,квадратные_пластик_черный_L_L_L
Васенко,5(10000-24990) (WILLIAM MORRIS BL) (ж),2024-04,2024-04-01 00:00:00,400,факт,квадратные_пластик_черный_L_L_L
Васенко,5(10000-24990) (WILLIAM MORRIS BL) (ж),2024-05,2024-05-01 00:00:00,321,факт,квадратные_пластик_черный_L_L_L
Васенко,5(10000-24990) (WILLIAM MORRIS BL) (ж),2024-06,2024-06-01 00:00:00,354,факт,квадратные_пластик_черный_L_L_L
Васенко,5(10000-24990) (WILLIAM MORRIS BL) (ж),2024-07,2024-07-01 00:00:00,345,факт,квадратные_пластик_черный_L_L_L
Васенко,5(10000-24990) (WILLIAM MORRIS BL) (ж),2024-08,2024-08-01 00:00:00,358,факт,квадратные_пластик_черный_L_L_L
Васенко,5(10000-24990) (WILLIAM MORRIS BL) (ж),2024-09,2024-09-01 00:00:00,310,факт,квадратные_пластик_черный_L_L_L
Васенко,5(10000-24990) (WILLIAM MORRIS BL) (ж),2024-10,2024-10-01 00:00:00,266,факт,квадратные_пластик_черный_L_L_L
Васенко,5(10000-24990) (WILLIAM MORRIS BL) (ж),2024-11,2024-11-01 00:00:00,273,факт,квадратные_пластик_черный_L_L_L
Васенко,5(10000-24990) (WILLIAM MORRIS BL) (ж),2024-12,2024-12-01 00:00:00,286,факт,квадратные_пластик_черный_L_L_L
Васенко,5(10000-24990) (WILLIAM MORRIS BL) (ж),2025-01,2025-01-31 14:45:54,290,прогноз,квадратные_пластик_черный_L_L_L
Васенко,5(10000-24990) (WILLIAM MORRIS BL) (ж),2025-02,2025-02-28 14:45:54,287,прогноз,квадратные_пластик_черный_L_L_L
Васенко,5(10000-24990) (WILLIAM MORRIS BL) (ж),2025-03,2025-03-31 14:45:54,284,прогноз,квадратные_пластик_черный_L_L_L
Васенко,5(10000-24990) (WILLIAM MORRIS) (м),2024-03,2024-03-01 00:00:00,307,факт,квадратные_пластик_черный_L_L_L
Васенко,5(10000-24990) (WILLIAM MORRIS) (м),2024-04,2024-04-01 00:00:00,400,факт,квадратные_пластик_черный_L_L_L
Васенко,5(10000-24990) (WILLIAM MORRIS) (м),2024-05,2024-05-01 00:00:00,321,факт,квадратные_пластик_черный_L_L_L
Васенко,5(10000-24990) (WILLIAM MORRIS) (м),2024-06,2024-06-01 00:00:00,354,факт,квадратные_пластик_черный_L_L_L
Васенко,5(10000-24990) (WILLIAM MORRIS) (м),2024-07,2024-07-01 00:00:00,345,факт,квадратные_пластик_черный_L_L_L
Васенко,5(10000-24990) (WILLIAM MORRIS) (м),2024-08,2024-08-01 00:00:00,358,факт,квадратные_пластик_черный_L_L_L
Васенко,5(10000-24990) (WILLIAM MORRIS) (м),2024-09,2024-09-01 00:00:00,310,факт,квадратные_пластик_черный_L_L_L
Васенко,5(10000-24990) (WILLIAM MORRIS) (м),2024-10,2024-10-01 00:00:00,266,факт,квадратные_пластик_черный_L_L_L
Васенко,5(10000-24990) (WILLIAM MORRIS) (м),2024-11,2024-11-01 00:00:00,273,факт,квадратные_пластик_черный_L_L_L
Васенко,5(10000-24990) (WILLIAM MORRIS) (м),2024-12,2024-12-01 00:00:00,286,факт,квадратные_пластик_черный_L_L_L
Васенко,5(10000-24990) (WILLIAM MORRIS) (м),2025-01,2025-01-31 14:45:54,290,прогноз,квадратные_пластик_черный_L_L_L
Васенко,5(10000-24990) (WILLIAM MORRIS) (м),2025-02,2025-02-28 14:45:54,287,прогноз,квадратные_пластик_черный_L_L_L
Васенко,5(10000-24990) (WILLIAM MORRIS) (м),2025-03,2025-03-31 14:45:54,284,прогноз,квадратные_пластик_черный_L_L_L
Васенко,5(10000-24990) (XAVIER GARCIA) (ж),2024-03,2024-03-01 00:00:00,307,факт,квадратные_пластик_черный_L_L_L
Васенко,5(10000-24990) (XAVIER GARCIA) (ж),2024-04,2024-04-01 00:00:00,400,факт,квадратные_пластик_черный_L_L_L
Васенко,5(10000-24990) (XAVIER GARCIA) (ж),2024-05,2024-05-01 00:00:00,321,факт,квадратные_пластик_черный_L_L_L
Васенко,5(10000-24990) (XAVIER GARCIA) (ж),2024-06,2024-06-01 00:00:00,354,факт,квадратные_пластик_черный_L_L_L
Васенко,5(10000-24990) (XAVIER GARCIA) (ж),2024-07,2024-07-01 00:00:00,345,факт,квадратные_пластик_черный_L_L_L
Васенко,5(10000-24990) (XAVIER GARCIA) (ж),2024-08,2024-08-01 00:00:00,358,факт,квадратные_пластик_черный_L_L_L
Васенко,5(10000-24990) (XAVIER GARCIA) (ж),2024-09,2024-09-01 00:00:00,310,факт,квадратные_пластик_черный_L_L_L
Васенко,5(10000-24990) (XAVIER GARCIA) (ж),2024-10,2024-10-01 00:00:00,266,факт,квадратные_пластик_черный_L_L_L
Васенко,5(10000-24990) (XAVIER GARCIA) (ж),2024-11,2024-11-01 00:00:00,273,факт,квадратные_пластик_черный_L_L_L
Васенко,5(10000-24990) (XAVIER GARCIA) (ж),2024-12,2024-12-01 00:00:00,286,факт,квадратные_пластик_черный_L_L_L
Васенко,5(10000-24990) (XAVIER GARCIA) (ж),2025-01,2025-01-31 14:45:54,290,прогноз,квадратные_пластик_черный_L_L_L
Васенко,5(10000-24990) (XAVIER GARCIA) (ж),2025-02,2025-02-28 14:45:54,287,прогноз,квадратные_пластик_черный_L_L_L
Васенко,5(10000-24990) (XAVIER GARCIA) (ж),2025-03,2025-03-31 14:45:54,284,прогноз,квадратные_пластик_черный_L_L_L
Васенко,VIP (CHARRIOL) (ж) #,2024-03,2024-03-01 00:00:00,307,факт,квадратные_пластик_черный_L_L_L
Васенко,VIP (CHARRIOL) (ж) #,2024-04,2024-04-01 00:00:00,400,факт,квадратные_пластик_черный_L_L_L
Васенко,VIP (CHARRIOL) (ж) #,2024-05,2024-05-01 00:00:00,321,факт,квадратные_пластик_черный_L_L_L
Васенко,VIP (CHARRIOL) (ж) #,2024-06,2024-06-01 00:00:00,354,факт,квадратные_пластик_черный_L_L_L
Васенко,VIP (CHARRIOL) (ж) #,2024-07,2024-07-01 00:00:00,345,факт,квадратные_пластик_черный_L_L_L
Васенко,VIP (CHARRIOL) (ж) #,2024-08,2024-08-01 00:00:00,358,факт,квадратные_пластик_черный_L_L_L
Васенко,VIP (CHARRIOL) (ж) #,2024-09,2024-09-01 00:00:00,310,факт,квадратные_пластик_черный_L_L_L
Васенко,VIP (CHARRIOL) (ж) #,2024-10,2024-10-01 00:00:00,266,факт,квадратные_пластик_черный_L_L_L
Васенко,VIP (CHARRIOL) (ж) #,2024-11,2024-11-01 00:00:00,273,факт,квадратные_пластик_черный_L_L_L
Васенко,VIP (CHARRIOL) (ж) #,2024-12,2024-12-01 00:00:00,286,факт,квадратные_пластик_черный_L_L_L
Васенко,VIP (CHARRIOL) (ж) #,2025-01,2025-01-31 14:45:54,290,прогноз,квадратные_пластик_черный_L_L_L
Васенко,VIP (CHARRIOL) (ж) #,2025-02,2025-02-28 14:45:54,287,прогноз,квадратные_пластик_черный_L_L_L
Васенко,VIP (CHARRIOL) (ж) #,2025-03,2025-03-31 14:45:54,284,прогноз,квадратные_пластик_черный_L_L_L
Васенко,VIP (MONTBLANC)#,2024-03,2024-03-01 00:00:00,307,факт,квадратные_пластик_черный_L_L_L
Васенко,VIP (MONTBLANC)#,2024-04,2024-04-01 00:00:00,400,факт,квадратные_пластик_черный_L_L_L
Васенко,VIP (MONTBLANC)#,2024-05,2024-05-01 00:00:00,321,факт,квадратные_пластик_черный_L_L_L
Васенко,VIP (MONTBLANC)#,2024-06,2024-06-01 00:00:00,354,факт,квадратные_пластик_черный_L_L_L
Васенко,VIP (MONTBLANC)#,2024-07,2024-07-01 00:00:00,345,факт,квадратные_пластик_черный_L_L_L
Васенко,VIP (MONTBLANC)#,2024-08,2024-08-01 00:00:00,358,факт,квадратные_пластик_черный_L_L_L
Васенко,VIP (MONTBLANC)#,2024-09,2024-09-01 00:00:00,310,факт,квадратные_пластик_черный_L_L_L
Васенко,VIP (MONTBLANC)#,2024-10,2024-10-01 00:00:00,266,факт,квадратные_пластик_черный_L_L_L
Васенко,VIP (MONTBLANC)#,2024-11,2024-11-01 00:00:00,273,факт,квадратные_пластик_черный_L_L_L
Васенко,VIP (MONTBLANC)#,2024-12,2024-12-01 00:00:00,286,факт,квадратные_пластик_черный_L_L_L
Васенко,VIP (MONTBLANC)#,2025-01,2025-01-31 14:45:54,290,прогноз,квадратные_пластик_черный_L_L_L
Васенко,VIP (MONTBLANC)#,2025-02,2025-02-28 14:45:54,287,прогноз,квадратные_пластик_черный_L_L_L
Васенко,VIP (MONTBLANC)#,2025-03,2025-03-31 14:45:54,284,прогноз,квадратные_пластик_черный_L_L_L
Васенко,"Комсомольский, 33 ОиМ",2024-03,2024-03-01 00:00:00,96,факт,прямоугольные_металл_черный_M_L_M
Васенко,"Комсомольский, 33 ОиМ",2024-04,2024-04-01 00:00:00,115,факт,прямоугольные_металл_черный_M_L_M
Васенко,"Комсомольский, 33 ОиМ",2024-05,2024-05-01 00:00:00,86,факт,прямоугольные_металл_черный_M_L_M
Васенко,"Комсомольский, 33 ОиМ",2024-06,2024-06-01 00:00:00,112,факт,прямоугольные_металл_черный_M_L_M
Васенко,"Комсомольский, 33 ОиМ",2024-07,2024-07-01 00:00:00,114,факт,прямоугольные_металл_черный_M_L_M
Васенко,"Комсомольский, 33 ОиМ",2024-08,2024-08-01 00:00:00,97,факт,прямоугольные_металл_черный_M_L_M
Васенко,"Комсомольский, 33 ОиМ",2024-09,2024-09-01 00:00:00,85,факт,прямоугольные_металл_черный_M_L_M
Васенко,"Комсомольский, 33 ОиМ",2024-10,2024-10-01 00:00:00,90,факт,прямоугольные_металл_черный_M_L_M
Васенко,"Комсомольский, 33 ОиМ",2024-11,2024-11-01 00:00:00,97,факт,прямоугольные_металл_черный_M_L_M
Васенко,"Комсомольский, 33 ОиМ",2024-12,2024-12-01 00:00:00,88,факт,прямоугольные_металл_черный_M_L_M
Васенко,"Комсомольский, 33 ОиМ",2025-01,2025-01-31 14:45:54,90,прогноз,прямоугольные_металл_черный_M_L_M
Васенко,"Комсомольский, 33 ОиМ",2025-02,2025-02-28 14:45:54,89,прогноз,прямоугольные_металл_черный_M_L_M
Васенко,"Комсомольский, 33 ОиМ",2025-03,2025-03-31 14:45:54,89,прогноз,прямоугольные_металл_черный_M_L_M
Комарова,(1590-9990 ) (ОПРАВЫ + CLIP) (Ж),2024-03,2024-03-01 00:00:00,115,факт,бабочка_металл_бронзовый_M_L_M
Комарова,(1590-9990 ) (ОПРАВЫ + CLIP) (Ж),2024-04,2024-04-01 00:00:00,114,факт,бабочка_металл_бронзовый_M_L_M
Комарова,(1590-9990 ) (ОПРАВЫ + CLIP) (Ж),2024-05,2024-05-01 00:00:00,120,факт,бабочка_металл_бронзовый_M_L_M
Комарова,(1590-9990 ) (ОПРАВЫ + CLIP) (Ж),2024-06,2024-06-01 00:00:00,120,факт,бабочка_металл_бронзовый_M_L_M
Комарова,(1590-9990 ) (ОПРАВЫ + CLIP) (Ж),2024-07,2024-07-01 00:00:00,127,факт,бабочка_металл_бронзовый_M_L_M
Комарова,(1590-9990 ) (ОПРАВЫ + CLIP) (Ж),2024-08,2024-08-01 00:00:00,106,факт,бабочка_металл_бронзовый_M_L_M
Комарова,(1590-9990 ) (ОПРАВЫ + CLIP) (Ж),2024-09,2024-09-01 00:00:00,99,факт,бабочка_металл_бронзовый_M_L_M
Комарова,(1590-9990 ) (ОПРАВЫ + CLIP) (Ж),2024-10,2024-10-01 00:00:00,95,факт,бабочка_металл_бронзовый_M_L_M
Комарова,(1590-9990 ) (ОПРАВЫ + CLIP) (Ж),2024-11,2024-11-01 00:00:00,88,факт,бабочка_металл_бронзовый_M_L_M
Комарова,(1590-9990 ) (ОПРАВЫ + CLIP) (Ж),2024-12,2024-12-01 00:00:00,105,факт,бабочка_металл_бронзовый_M_L_M
Комарова,(1590-9990 ) (ОПРАВЫ + CLIP) (Ж),2025-01,2025-01-31 14:45:54,101,прогноз,бабочка_металл_бронзовый_M_L_M
Комарова,(1590-9990 ) (ОПРАВЫ + CLIP) (Ж),2025-02,2025-02-28 14:45:54,100,прогноз,бабочка_металл_бронзовый_M_L_M
Комарова,(1590-9990 ) (ОПРАВЫ + CLIP) (Ж),2025-03,2025-03-31 14:45:54,99,прогноз,бабочка_металл_бронзовый_M_L_M
Комарова,(1590-9990 ) (ОПРАВЫ + CLIP) (М),2024-03,2024-03-01 00:00:00,67,факт,прямоугольные_металл_темно-серый_M_L_M
Комарова,(1590-9990 ) (ОПРАВЫ + CLIP) (М),2024-04,2024-04-01 00:00:00,61,факт,прямоугольные_металл_темно-серый_M_L_M
Комарова,(1590-9990 ) (ОПРАВЫ + CLIP) (М),2024-05,2024-05-01 00:00:00,50,факт,прямоугольные_металл_темно-серый_M_L_M
Комарова,(1590-9990 ) (ОПРАВЫ + CLIP) (М),2024-06,2024-06-01 00:00:00,71,факт,прямоугольные_металл_темно-серый_M_L_M
Комарова,(1590-9990 ) (ОПРАВЫ + CLIP) (М),2024-07,2024-07-01 00:00:00,93,факт,прямоугольные_металл_темно-серый_M_L_M
Комарова,(1590-9990 ) (ОПРАВЫ + CLIP) (М),2024-08,2024-08-01 00:00:00,69,факт,прямоугольные_металл_темно-серый_M_L_M
Комарова,(1590-9990 ) (ОПРАВЫ + CLIP) (М),2024-09,2024-09-01 00:00:00,62,факт,прямоугольные_металл_темно-серый_M_L_M
Комарова,(1590-9990 ) (ОПРАВЫ + CLIP) (М),2024-10,2024-10-01 00:00:00,57,факт,прямоугольные_металл_темно-серый_M_L_M
Комарова,(1590-9990 ) (ОПРАВЫ + CLIP) (М),2024-11,2024-11-01 00:00:00,67,факт,прямоугольные_металл_темно-серый_M_L_M
Комарова,(1590-9990 ) (ОПРАВЫ + CLIP) (М),2024-12,2024-12-01 00:00:00,71,факт,прямоугольные_металл_темно-серый_M_L_M
Комарова,(1590-9990 ) (ОПРАВЫ + CLIP) (М),2025-01,2025-01-31 14:45:54,65,прогноз,прямоугольные_металл_темно-серый_M_L_M
Комарова,(1590-9990 ) (ОПРАВЫ + CLIP) (М),2025-02,2025-02-28 14:45:54,65,прогноз,прямоугольные_металл_темно-серый_M_L_M
Комарова,(1590-9990 ) (ОПРАВЫ + CLIP) (М),2025-03,2025-03-31 14:45:54,65,прогноз,прямоугольные_металл_темно-серый_M_L_M
Комарова,(4000-9990) ( БЕЗОБОДКОВЫЕ ) (ж),2024-04,2024-04-01 00:00:00,1,факт,бабочка_металл и пластик_черный/желтый_M_L_M
Комарова,(4000-9990) ( БЕЗОБОДКОВЫЕ ) (ж),2024-06,2024-06-01 00:00:00,2,факт,бабочка_металл и пластик_черный/желтый_M_L_M
Комарова,(4000-9990) ( БЕЗОБОДКОВЫЕ ) (ж),2024-07,2024-07-01 00:00:00,1,факт,бабочка_металл и пластик_черный/желтый_M_L_M
Комарова,(4000-9990) ( БЕЗОБОДКОВЫЕ ) (ж),2024-08,2024-08-01 00:00:00,2,факт,бабочка_металл и пластик_черный/желтый_M_L_M
Комарова,(4000-9990) ( БЕЗОБОДКОВЫЕ ) (ж),2024-10,2024-10-01 00:00:00,1,факт,бабочка_металл и пластик_черный/желтый_M_L_M
Комарова,(4000-9990) ( БЕЗОБОДКОВЫЕ ) (ж),2025-01,2025-01-31 14:45:54,1,прогноз,бабочка_металл и пластик_черный/желтый_M_L_M
Комарова,(4000-9990) ( БЕЗОБОДКОВЫЕ ) (ж),2025-02,2025-02-28 14:45:54,1,прогноз,бабочка_металл и пластик_черный/желтый_M_L_M
Комарова,(4000-9990) ( БЕЗОБОДКОВЫЕ ) (ж),2025-03,2025-03-31 14:45:54,1,прогноз,бабочка_металл и пластик_черный/желтый_M_L_M
Комарова,(4000-9990) ( БЕЗОБОДКОВЫЕ ) (м),2024-04,2024-04-01 00:00:00,1,факт,бабочка_металл и пластик_черный/желтый_M_L_M
Комарова,(4000-9990) ( БЕЗОБОДКОВЫЕ ) (м),2024-06,2024-06-01 00:00:00,2,факт,бабочка_металл и пластик_черный/желтый_M_L_M
Комарова,(4000-9990) ( БЕЗОБОДКОВЫЕ ) (м),2024-07,2024-07-01 00:00:00,1,факт,бабочка_металл и пластик_черный/желтый_M_L_M
Комарова,(4000-9990) ( БЕЗОБОДКОВЫЕ ) (м),2024-08,2024-08-01 00:00:00,2,факт,бабочка_металл и пластик_черный/желтый_M_L_M
Комарова,(4000-9990) ( БЕЗОБОДКОВЫЕ ) (м),2024-10,2024-10-01 00:00:00,1,факт,бабочка_металл и пластик_черный/желтый_M_L_M
Комарова,(4000-9990) ( БЕЗОБОДКОВЫЕ ) (м),2025-01,2025-01-31 14:45:54,1,прогноз,бабочка_металл и пластик_черный/желтый_M_L_M
Комарова,(4000-9990) ( БЕЗОБОДКОВЫЕ ) (м),2025-02,2025-02-28 14:45:54,1,прогноз,бабочка_металл и пластик_черный/желтый_M_L_M
Комарова,(4000-9990) ( БЕЗОБОДКОВЫЕ ) (м),2025-03,2025-03-31 14:45:54,1,прогноз,бабочка_металл и пластик_черный/желтый_M_L_M
Комарова,(детские) (металл),2024-03,2024-03-01 00:00:00,5,факт,панто_металл_черный/золотой_S_S_L
Комарова,(детские) (металл),2024-04,2024-04-01 00:00:00,6,факт,панто_металл_черный/золотой_S_S_L
Комарова,(детские) (металл),2024-05,2024-05-01 00:00:00,6,факт,панто_металл_черный/золотой_S_S_L
Комарова,(детские) (металл),2024-06,2024-06-01 00:00:00,3,факт,панто_металл_черный/золотой_S_S_L
Комарова,(детские) (металл),2024-07,2024-07-01 00:00:00,4,факт,панто_металл_черный/золотой_S_S_L
Комарова,(детские) (металл),2024-08,2024-08-01 00:00:00,3,факт,панто_металл_черный/золотой_S_S_L
Комарова,(детские) (металл),2024-09,2024-09-01 00:00:00,5,факт,панто_металл_черный/золотой_S_S_L
Комарова,(детские) (металл),2024-10,2024-10-01 00:00:00,5,факт,панто_металл_черный/золотой_S_S_L
Комарова,(детские) (металл),2024-11,2024-11-01 00:00:00,1,факт,панто_металл_черный/золотой_S_S_L
Комарова,(детские) (металл),2024-12,2024-12-01 00:00:00,2,факт,панто_металл_черный/золотой_S_S_L
Комарова,(детские) (металл),2025-01,2025-01-31 14:45:54,4,прогноз,панто_металл_черный/золотой_S_S_L
Комарова,(детские) (металл),2025-02,2025-02-28 14:45:54,4,прогноз,панто_металл_черный/золотой_S_S_L
Комарова,(детские) (металл),2025-03,2025-03-31 14:45:54,4,прогноз,панто_металл_черный/золотой_S_S_L
Комарова,(детские) (пластик) (36-41),2024-03,2024-03-01 00:00:00,8,факт,овальные_пластик_синий_S_S_S
Комарова,(детские) (пластик) (36-41),2024-04,2024-04-01 00:00:00,10,факт,овальные_пластик_синий_S_S_S
Комарова,(детские) (пластик) (36-41),2024-05,2024-05-01 00:00:00,5,факт,овальные_пластик_синий_S_S_S
Комарова,(детские) (пластик) (36-41),2024-06,2024-06-01 00:00:00,9,факт,овальные_пластик_синий_S_S_S
Комарова,(детские) (пластик) (36-41),2024-07,2024-07-01 00:00:00,8,факт,овальные_пластик_синий_S_S_S
Комарова,(детские) (пластик) (36-41),2024-08,2024-08-01 00:00:00,4,факт,овальные_пластик_синий_S_S_S
Комарова,(детские) (пластик) (36-41),2024-09,2024-09-01 00:00:00,5,факт,овальные_пластик_синий_S_S_S
Комарова,(детские) (пластик) (36-41),2024-10,2024-10-01 00:00:00,3,факт,овальные_пластик_синий_S_S_S
Комарова,(детские) (пластик) (36-41),2025-01,2025-01-31 14:45:54,7,прогноз,овальные_пластик_синий_S_S_S
Комарова,(детские) (пластик) (36-41),2025-02,2025-02-28 14:45:54,7,прогноз,овальные_пластик_синий_S_S_S
Комарова,(детские) (пластик) (36-41),2025-03,2025-03-31 14:45:54,7,прогноз,овальные_пластик_синий_S_S_S
Комарова,(детские) (пластик) (42-45),2024-03,2024-03-01 00:00:00,8,факт,овальные_пластик_синий_S_S_S
Комарова,(детские) (пластик) (42-45),2024-04,2024-04-01 00:00:00,10,факт,овальные_пластик_синий_S_S_S
Комарова,(детские) (пластик) (42-45),2024-05,2024-05-01 00:00:00,5,факт,овальные_пластик_синий_S_S_S
Комарова,(детские) (пластик) (42-45),2024-06,2024-06-01 00:00:00,9,факт,овальные_пластик_синий_S_S_S
Комарова,(детские) (пластик) (42-45),2024-07,2024-07-01 00:00:00,8,факт,овальные_пластик_синий_S_S_S
Комарова,(детские) (пластик) (42-45),2024-08,2024-08-01 00:00:00,4,факт,овальные_пластик_синий_S_S_S
Комарова,(детские) (пластик) (42-45),2024-09,2024-09-01 00:00:00,5,факт,овальные_пластик_синий_S_S_S
Комарова,(детские) (пластик) (42-45),2024-10,2024-10-01 00:00:00,3,факт,овальные_пластик_синий_S_S_S
Комарова,(детские) (пластик) (42-45),2025-01,2025-01-31 14:45:54,7,прогноз,овальные_пластик_синий_S_S_S
Комарова,(детские) (пластик) (42-45),2025-02,2025-02-28 14:45:54,7,прогноз,овальные_пластик_синий_S_S_S
Комарова,(детские) (пластик) (42-45),2025-03,2025-03-31 14:45:54,7,прогноз,овальные_пластик_синий_S_S_S
Комарова,(детские) (пластик) (46-49),2024-03,2024-03-01 00:00:00,8,факт,овальные_пластик_синий_S_S_S
Комарова,(детские) (пластик) (46-49),2024-04,2024-04-01 00:00:00,10,факт,овальные_пластик_синий_S_S_S
Комарова,(детские) (пластик) (46-49),2024-05,2024-05-01 00:00:00,5,факт,овальные_пластик_синий_S_S_S
Комарова,(детские) (пластик) (46-49),2024-06,2024-06-01 00:00:00,9,факт,овальные_пластик_синий_S_S_S
Комарова,(детские) (пластик) (46-49),2024-07,2024-07-01 00:00:00,8,факт,овальные_пластик_синий_S_S_S
Комарова,(детские) (пластик) (46-49),2024-08,2024-08-01 00:00:00,4,факт,овальные_пластик_синий_S_S_S
Комарова,(детские) (пластик) (46-49),2024-09,2024-09-01 00:00:00,5,факт,овальные_пластик_синий_S_S_S
Комарова,(детские) (пластик) (46-49),2024-10,2024-10-01 00:00:00,3,факт,овальные_пластик_синий_S_S_S
Комарова,(детские) (пластик) (46-49),2025-01,2025-01-31 14:45:54,7,прогноз,овальные_пластик_синий_S_S_S
Комарова,(детские) (пластик) (46-49),2025-02,2025-02-28 14:45:54,7,прогноз,овальные_пластик_синий_S_S_S
Комарова,(детские) (пластик) (46-49),2025-03,2025-03-31 14:45:54,7,прогноз,овальные_пластик_синий_S_S_S
Комарова,(детские)(FISHER PRICE) девочки 42-46,2024-03,2024-03-01 00:00:00,13,факт,овальные_пластик_синий_S_S_S
Комарова,(детские)(FISHER PRICE) девочки 42-46,2024-04,2024-04-01 00:00:00,16,факт,овальные_пластик_синий_S_S_S
Комарова,(детские)(FISHER PRICE) девочки 42-46,2024-05,2024-05-01 00:00:00,11,факт,овальные_пластик_синий_S_S_S
Комарова,(детские)(FISHER PRICE) девочки 42-46,2024-06,2024-06-01 00:00:00,12,факт,овальные_пластик_синий_S_S_S
Комарова,(детские)(FISHER PRICE) девочки 42-46,2024-07,2024-07-01 00:00:00,12,факт,овальные_пластик_синий_S_S_S
Комарова,(детские)(FISHER PRICE) девочки 42-46,2024-08,2024-08-01 00:00:00,7,факт,овальные_пластик_синий_S_S_S
Комарова,(детские)(FISHER PRICE) девочки 42-46,2024-09,2024-09-01 00:00:00,10,факт,овальные_пластик_синий_S_S_S
Комарова,(детские)(FISHER PRICE) девочки 42-46,2024-10,2024-10-01 00:00:00,8,факт,овальные_пластик_синий_S_S_S
Комарова,(детские)(FISHER PRICE) девочки 42-46,2024-11,2024-11-01 00:00:00,1,факт,овальные_пластик_синий_S_S_S
Комарова,(детские)(FISHER PRICE) девочки 42-46,2024-12,2024-12-01 00:00:00,2,факт,овальные_пластик_синий_S_S_S
Комарова,(детские)(FISHER PRICE) девочки 42-46,2025-01,2025-01-31 14:45:54,8,прогноз,овальные_пластик_синий_S_S_S
Комарова,(детские)(FISHER PRICE) девочки 42-46,2025-02,2025-02-28 14:45:54,8,прогноз,овальные_пластик_синий_S_S_S
Комарова,(детские)(FISHER PRICE) девочки 42-46,2025-03,2025-03-31 14:45:54,8,прогноз,овальные_пластик_синий_S_S_S
Комарова,(детские)(FISHER PRICE) девочки 47-54,2024-03,2024-03-01 00:00:00,13,факт,овальные_пластик_синий_S_S_S
Комарова,(детские)(FISHER PRICE) девочки 47-54,2024-04,2024-04-01 00:00:00,16,факт,овальные_пластик_синий_S_S_S
Комарова,(детские)(FISHER PRICE) девочки 47-54,2024-05,2024-05-01 00:00:00,11,факт,овальные_пластик_синий_S_S_S
Комарова,(детские)(FISHER PRICE) девочки 47-54,2024-06,2024-06-01 00:00:00,12,факт,овальные_пластик_синий_S_S_S
Комарова,(детские)(FISHER PRICE) девочки 47-54,2024-07,2024-07-01 00:00:00,12,факт,овальные_пластик_синий_S_S_S
Комарова,(детские)(FISHER PRICE) девочки 47-54,2024-08,2024-08-01 00:00:00,7,факт,овальные_пластик_синий_S_S_S
Комарова,(детские)(FISHER PRICE) девочки 47-54,2024-09,2024-09-01 00:00:00,10,факт,овальные_пластик_синий_S_S_S
Комарова,(детские)(FISHER PRICE) девочки 47-54,2024-10,2024-10-01 00:00:00,8,факт,овальные_пластик_синий_S_S_S
Комарова,(детские)(FISHER PRICE) девочки 47-54,2024-11,2024-11-01 00:00:00,1,факт,овальные_пластик_синий_S_S_S
Комарова,(детские)(FISHER PRICE) девочки 47-54,2024-12,2024-12-01 00:00:00,2,факт,овальные_пластик_синий_S_S_S
Комарова,(детские)(FISHER PRICE) девочки 47-54,2025-01,2025-01-31 14:45:54,8,прогноз,овальные_пластик_синий_S_S_S
Комарова,(детские)(FISHER PRICE) девочки 47-54,2025-02,2025-02-28 14:45:54,8,прогноз,овальные_пластик_синий_S_S_S
Комарова,(детские)(FISHER PRICE) девочки 47-54,2025-03,2025-03-31 14:45:54,8,прогноз,овальные_пластик_синий_S_S_S
Комарова,(детские)(FISHER PRICE) мальчики 38-41,2024-03,2024-03-01 00:00:00,13,факт,овальные_пластик_синий_S_S_S
Комарова,(детские)(FISHER PRICE) мальчики 38-41,2024-04,2024-04-01 00:00:00,16,факт,овальные_пластик_синий_S_S_S
Комарова,(детские)(FISHER PRICE) мальчики 38-41,2024-05,2024-05-01 00:00:00,11,факт,овальные_пластик_синий_S_S_S
Комарова,(детские)(FISHER PRICE) мальчики 38-41,2024-06,2024-06-01 00:00:00,12,факт,овальные_пластик_синий_S_S_S
Комарова,(детские)(FISHER PRICE) мальчики 38-41,2024-07,2024-07-01 00:00:00,12,факт,овальные_пластик_синий_S_S_S
Комарова,(детские)(FISHER PRICE) мальчики 38-41,2024-08,2024-08-01 00:00:00,7,факт,овальные_пластик_синий_S_S_S
Комарова,(детские)(FISHER PRICE) мальчики 38-41,2024-09,2024-09-01 00:00:00,10,факт,овальные_пластик_синий_S_S_S
Комарова,(детские)(FISHER PRICE) мальчики 38-41,2024-10,2024-10-01 00:00:00,8,факт,овальные_пластик_синий_S_S_S
Комарова,(детские)(FISHER PRICE) мальчики 38-41,2024-11,2024-11-01 00:00:00,1,факт,овальные_пластик_синий_S_S_S
Комарова,(детские)(FISHER PRICE) мальчики 38-41,2024-12,2024-12-01 00:00:00,2,факт,овальные_пластик_синий_S_S_S
Комарова,(детские)(FISHER PRICE) мальчики 38-41,2025-01,2025-01-31 14:45:54,8,прогноз,овальные_пластик_синий_S_S_S
Комарова,(детские)(FISHER PRICE) мальчики 38-41,2025-02,2025-02-28 14:45:54,8,прогноз,овальные_пластик_синий_S_S_S
Комарова,(детские)(FISHER PRICE) мальчики 38-41,2025-03,2025-03-31 14:45:54,8,прогноз,овальные_пластик_синий_S_S_S
Комарова,(детские)(FISHER PRICE) мальчики 42-46,2024-03,2024-03-01 00:00:00,13,факт,овальные_пластик_синий_S_S_S
Комарова,(детские)(FISHER PRICE) мальчики 42-46,2024-04,2024-04-01 00:00:00,16,факт,овальные_пластик_синий_S_S_S
Комарова,(детские)(FISHER PRICE) мальчики 42-46,2024-05,2024-05-01 00:00:00,11,факт,овальные_пластик_синий_S_S_S
Комарова,(детские)(FISHER PRICE) мальчики 42-46,2024-06,2024-06-01 00:00:00,12,факт,овальные_пластик_синий_S_S_S
Комарова,(детские)(FISHER PRICE) мальчики 42-46,2024-07,2024-07-01 00:00:00,12,факт,овальные_пластик_синий_S_S_S
Комарова,(детские)(FISHER PRICE) мальчики 42-46,2024-08,2024-08-01 00:00:00,7,факт,овальные_пластик_синий_S_S_S
Комарова,(детские)(FISHER PRICE) мальчики 42-46,2024-09,2024-09-01 00:00:00,10,факт,овальные_пластик_синий_S_S_S
Комарова,(детские)(FISHER PRICE) мальчики 42-46,2024-10,2024-10-01 00:00:00,8,факт,овальные_пластик_синий_S_S_S
Комарова,(детские)(FISHER PRICE) мальчики 42-46,2024-11,2024-11-01 00:00:00,1,факт,овальные_пластик_синий_S_S_S
Комарова,(детские)(FISHER PRICE) мальчики 42-46,2024-12,2024-12-01 00:00:00,2,факт,овальные_пластик_синий_S_S_S
Комарова,(детские)(FISHER PRICE) мальчики 42-46,2025-01,2025-01-31 14:45:54,8,прогноз,овальные_пластик_синий_S_S_S
Комарова,(детские)(FISHER PRICE) мальчики 42-46,2025-02,2025-02-28 14:45:54,8,прогноз,овальные_пластик_синий_S_S_S
Комарова,(детские)(FISHER PRICE) мальчики 42-46,2025-03,2025-03-31 14:45:54,8,прогноз,овальные_пластик_синий_S_S_S
Комарова,(детские)(FISHER PRICE) мальчики 47-54,2024-03,2024-03-01 00:00:00,13,факт,овальные_пластик_синий_S_S_S
Комарова,(детские)(FISHER PRICE) мальчики 47-54,2024-04,2024-04-01 00:00:00,16,факт,овальные_пластик_синий_S_S_S
Комарова,(детские)(FISHER PRICE) мальчики 47-54,2024-05,2024-05-01 00:00:00,11,факт,овальные_пластик_синий_S_S_S
Комарова,(детские)(FISHER PRICE) мальчики 47-54,2024-06,2024-06-01 00:00:00,12,факт,овальные_пластик_синий_S_S_S
Комарова,(детские)(FISHER PRICE) мальчики 47-54,2024-07,2024-07-01 00:00:00,12,факт,овальные_пластик_синий_S_S_S
Комарова,(детские)(FISHER PRICE) мальчики 47-54,2024-08,2024-08-01 00:00:00,7,факт,овальные_пластик_синий_S_S_S
Комарова,(детские)(FISHER PRICE) мальчики 47-54,2024-09,2024-09-01 00:00:00,10,факт,овальные_пластик_синий_S_S_S
Комарова,(детские)(FISHER PRICE) мальчики 47-54,2024-10,2024-10-01 00:00:00,8,факт,овальные_пластик_синий_S_S_S
Комарова,(детские)(FISHER PRICE) мальчики 47-54,2024-11,2024-11-01 00:00:00,1,факт,овальные_пластик_синий_S_S_S
Комарова,(детские)(FISHER PRICE) мальчики 47-54,2024-12,2024-12-01 00:00:00,2,факт,овальные_пластик_синий_S_S_S
Комарова,(детские)(FISHER PRICE) мальчики 47-54,2025-01,2025-01-31 14:45:54,8,прогноз,овальные_пластик_синий_S_S_S
Комарова,(детские)(FISHER PRICE) мальчики 47-54,2025-02,2025-02-28 14:45:54,8,прогноз,овальные_пластик_синий_S_S_S
Комарова,(детские)(FISHER PRICE) мальчики 47-54,2025-03,2025-03-31 14:45:54,8,прогноз,овальные_пластик_синий_S_S_S
Комарова,(детские)(NANOKIDS/LIFE),2024-03,2024-03-01 00:00:00,13,факт,овальные_пластик_синий_S_S_S
Комарова,(детские)(NANOKIDS/LIFE),2024-04,2024-04-01 00:00:00,16,факт,овальные_пластик_синий_S_S_S
Комарова,(детские)(NANOKIDS/LIFE),2024-05,2024-05-01 00:00:00,11,факт,овальные_пластик_синий_S_S_S
Комарова,(детские)(NANOKIDS/LIFE),2024-06,2024-06-01 00:00:00,12,факт,овальные_пластик_синий_S_S_S
Комарова,(детские)(NANOKIDS/LIFE),2024-07,2024-07-01 00:00:00,12,факт,овальные_пластик_синий_S_S_S
Комарова,(детские)(NANOKIDS/LIFE),2024-08,2024-08-01 00:00:00,7,факт,овальные_пластик_синий_S_S_S
Комарова,(детские)(NANOKIDS/LIFE),2024-09,2024-09-01 00:00:00,10,факт,овальные_пластик_синий_S_S_S
Комарова,(детские)(NANOKIDS/LIFE),2024-10,2024-10-01 00:00:00,8,факт,овальные_пластик_синий_S_S_S
Комарова,(детские)(NANOKIDS/LIFE),2024-11,2024-11-01 00:00:00,1,факт,овальные_пластик_синий_S_S_S
Комарова,(детские)(NANOKIDS/LIFE),2024-12,2024-12-01 00:00:00,2,факт,овальные_пластик_синий_S_S_S
Комарова,(детские)(NANOKIDS/LIFE),2025-01,2025-01-31 14:45:54,8,прогноз,овальные_пластик_синий_S_S_S
Комарова,(детские)(NANOKIDS/LIFE),2025-02,2025-02-28 14:45:54,8,прогноз,овальные_пластик_синий_S_S_S
Комарова,(детские)(NANOKIDS/LIFE),2025-03,2025-03-31 14:45:54,8,прогноз,овальные_пластик_синий_S_S_S
Комарова,(детские/подростковые) (BARBIE),2024-03,2024-03-01 00:00:00,13,факт,овальные_пластик_синий_S_S_S
Комарова,(детские/подростковые) (BARBIE),2024-04,2024-04-01 00:00:00,16,факт,овальные_пластик_синий_S_S_S
Комарова,(детские/подростковые) (BARBIE),2024-05,2024-05-01 00:00:00,11,факт,овальные_пластик_синий_S_S_S
Комарова,(детские/подростковые) (BARBIE),2024-06,2024-06-01 00:00:00,12,факт,овальные_пластик_синий_S_S_S
Комарова,(детские/подростковые) (BARBIE),2024-07,2024-07-01 00:00:00,12,факт,овальные_пластик_синий_S_S_S
Комарова,(детские/подростковые) (BARBIE),2024-08,2024-08-01 00:00:00,7,факт,овальные_пластик_синий_S_S_S
Комарова,(детские/подростковые) (BARBIE),2024-09,2024-09-01 00:00:00,10,факт,овальные_пластик_синий_S_S_S
Комарова,(детские/подростковые) (BARBIE),2024-10,2024-10-01 00:00:00,8,факт,овальные_пластик_синий_S_S_S
Комарова,(детские/подростковые) (BARBIE),2024-11,2024-11-01 00:00:00,1,факт,овальные_пластик_синий_S_S_S
Комарова,(детские/подростковые) (BARBIE),2024-12,2024-12-01 00:00:00,2,факт,овальные_пластик_синий_S_S_S
Комарова,(детские/подростковые) (BARBIE),2025-01,2025-01-31 14:45:54,8,прогноз,овальные_пластик_синий_S_S_S
Комарова,(детские/подростковые) (BARBIE),2025-02,2025-02-28 14:45:54,8,прогноз,овальные_пластик_синий_S_S_S
Комарова,(детские/подростковые) (BARBIE),2025-03,2025-03-31 14:45:54,8,прогноз,овальные_пластик_синий_S_S_S
Комарова,(детские/подростковые) (GUESS),2024-03,2024-03-01 00:00:00,13,факт,овальные_пластик_синий_S_S_S
Комарова,(детские/подростковые) (GUESS),2024-04,2024-04-01 00:00:00,16,факт,овальные_пластик_синий_S_S_S
Комарова,(детские/подростковые) (GUESS),2024-05,2024-05-01 00:00:00,11,факт,овальные_пластик_синий_S_S_S
Комарова,(детские/подростковые) (GUESS),2024-06,2024-06-01 00:00:00,12,факт,овальные_пластик_синий_S_S_S
Комарова,(детские/подростковые) (GUESS),2024-07,2024-07-01 00:00:00,12,факт,овальные_пластик_синий_S_S_S
Комарова,(детские/подростковые) (GUESS),2024-08,2024-08-01 00:00:00,7,факт,овальные_пластик_синий_S_S_S
Комарова,(детские/подростковые) (GUESS),2024-09,2024-09-01 00:00:00,10,факт,овальные_пластик_синий_S_S_S
Комарова,(детские/подростковые) (GUESS),2024-10,2024-10-01 00:00:00,8,факт,овальные_пластик_синий_S_S_S
Комарова,(детские/подростковые) (GUESS),2024-11,2024-11-01 00:00:00,1,факт,овальные_пластик_синий_S_S_S
Комарова,(детские/подростковые) (GUESS),2024-12,2024-12-01 00:00:00,2,факт,овальные_пластик_синий_S_S_S
Комарова,(детские/подростковые) (GUESS),2025-01,2025-01-31 14:45:54,8,прогноз,овальные_пластик_синий_S_S_S
Комарова,(детские/подростковые) (GUESS),2025-02,2025-02-28 14:45:54,8,прогноз,овальные_пластик_синий_S_S_S
Комарова,(детские/подростковые) (GUESS),2025-03,2025-03-31 14:45:54,8,прогноз,овальные_пластик_синий_S_S_S
Комарова,(детские/подростковые) (HOT WHEELS),2024-03,2024-03-01 00:00:00,13,факт,овальные_пластик_синий_S_S_S
Комарова,(детские/подростковые) (HOT WHEELS),2024-04,2024-04-01 00:00:00,16,факт,овальные_пластик_синий_S_S_S
Комарова,(детские/подростковые) (HOT WHEELS),2024-05,2024-05-01 00:00:00,11,факт,овальные_пластик_синий_S_S_S
Комарова,(детские/подростковые) (HOT WHEELS),2024-06,2024-06-01 00:00:00,12,факт,овальные_пластик_синий_S_S_S
Комарова,(детские/подростковые) (HOT WHEELS),2024-07,2024-07-01 00:00:00,12,факт,овальные_пластик_синий_S_S_S
Комарова,(детские/подростковые) (HOT WHEELS),2024-08,2024-08-01 00:00:00,7,факт,овальные_пластик_синий_S_S_S
Комарова,(детские/подростковые) (HOT WHEELS),2024-09,2024-09-01 00:00:00,10,факт,овальные_пластик_синий_S_S_S
Комарова,(детские/подростковые) (HOT WHEELS),2024-10,2024-10-01 00:00:00,8,факт,овальные_пластик_синий_S_S_S
Комарова,(детские/подростковые) (HOT WHEELS),2024-11,2024-11-01 00:00:00,1,факт,овальные_пластик_синий_S_S_S
Комарова,(детские/подростковые) (HOT WHEELS),2024-12,2024-12-01 00:00:00,2,факт,овальные_пластик_синий_S_S_S
Комарова,(детские/подростковые) (HOT WHEELS),2025-01,2025-01-31 14:45:54,8,прогноз,овальные_пластик_синий_S_S_S
Комарова,(детские/подростковые) (HOT WHEELS),2025-02,2025-02-28 14:45:54,8,прогноз,овальные_пластик_синий_S_S_S
Комарова,(детские/подростковые) (HOT WHEELS),2025-03,2025-03-31 14:45:54,8,прогноз,овальные_пластик_синий_S_S_S
Комарова,(детские/подростковые) (KIDSIGHT),2024-03,2024-03-01 00:00:00,13,факт,овальные_пластик_синий_S_S_S
Комарова,(детские/подростковые) (KIDSIGHT),2024-04,2024-04-01 00:00:00,16,факт,овальные_пластик_синий_S_S_S
Комарова,(детские/подростковые) (KIDSIGHT),2024-05,2024-05-01 00:00:00,11,факт,овальные_пластик_синий_S_S_S
Комарова,(детские/подростковые) (KIDSIGHT),2024-06,2024-06-01 00:00:00,12,факт,овальные_пластик_синий_S_S_S
Комарова,(детские/подростковые) (KIDSIGHT),2024-07,2024-07-01 00:00:00,12,факт,овальные_пластик_синий_S_S_S
Комарова,(детские/подростковые) (KIDSIGHT),2024-08,2024-08-01 00:00:00,7,факт,овальные_пластик_синий_S_S_S
Комарова,(детские/подростковые) (KIDSIGHT),2024-09,2024-09-01 00:00:00,10,факт,овальные_пластик_синий_S_S_S
Комарова,(детские/подростковые) (KIDSIGHT),2024-10,2024-10-01 00:00:00,8,факт,овальные_пластик_синий_S_S_S
Комарова,(детские/подростковые) (KIDSIGHT),2024-11,2024-11-01 00:00:00,1,факт,овальные_пластик_синий_S_S_S
Комарова,(детские/подростковые) (KIDSIGHT),2024-12,2024-12-01 00:00:00,2,факт,овальные_пластик_синий_S_S_S
Комарова,(детские/подростковые) (KIDSIGHT),2025-01,2025-01-31 14:45:54,8,прогноз,овальные_пластик_синий_S_S_S
Комарова,(детские/подростковые) (KIDSIGHT),2025-02,2025-02-28 14:45:54,8,прогноз,овальные_пластик_синий_S_S_S
Комарова,(детские/подростковые) (KIDSIGHT),2025-03,2025-03-31 14:45:54,8,прогноз,овальные_пластик_синий_S_S_S
Комарова,(детские/подростковые) (OU/SCOUT),2024-03,2024-03-01 00:00:00,13,факт,овальные_пластик_синий_S_S_S
Комарова,(детские/подростковые) (OU/SCOUT),2024-04,2024-04-01 00:00:00,16,факт,овальные_пластик_синий_S_S_S
Комарова,(детские/подростковые) (OU/SCOUT),2024-05,2024-05-01 00:00:00,11,факт,овальные_пластик_синий_S_S_S
Комарова,(детские/подростковые) (OU/SCOUT),2024-06,2024-06-01 00:00:00,12,факт,овальные_пластик_синий_S_S_S
Комарова,(детские/подростковые) (OU/SCOUT),2024-07,2024-07-01 00:00:00,12,факт,овальные_пластик_синий_S_S_S
Комарова,(детские/подростковые) (OU/SCOUT),2024-08,2024-08-01 00:00:00,7,факт,овальные_пластик_синий_S_S_S
Комарова,(детские/подростковые) (OU/SCOUT),2024-09,2024-09-01 00:00:00,10,факт,овальные_пластик_синий_S_S_S
Комарова,(детские/подростковые) (OU/SCOUT),2024-10,2024-10-01 00:00:00,8,факт,овальные_пластик_синий_S_S_S
Комарова,(детские/подростковые) (OU/SCOUT),2024-11,2024-11-01 00:00:00,1,факт,овальные_пластик_синий_S_S_S
Комарова,(детские/подростковые) (OU/SCOUT),2024-12,2024-12-01 00:00:00,2,факт,овальные_пластик_синий_S_S_S
Комарова,(детские/подростковые) (OU/SCOUT),2025-01,2025-01-31 14:45:54,8,прогноз,овальные_пластик_синий_S_S_S
Комарова,(детские/подростковые) (OU/SCOUT),2025-02,2025-02-28 14:45:54,8,прогноз,овальные_пластик_синий_S_S_S
Комарова,(детские/подростковые) (OU/SCOUT),2025-03,2025-03-31 14:45:54,8,прогноз,овальные_пластик_синий_S_S_S
Комарова,(детские/подростковые) (SENSE EYEWEAR) НОЛЬ-ТАРИФ,2024-03,2024-03-01 00:00:00,13,факт,овальные_пластик_синий_S_S_S
Комарова,(детские/подростковые) (SENSE EYEWEAR) НОЛЬ-ТАРИФ,2024-04,2024-04-01 00:00:00,16,факт,овальные_пластик_синий_S_S_S
Комарова,(детские/подростковые) (SENSE EYEWEAR) НОЛЬ-ТАРИФ,2024-05,2024-05-01 00:00:00,11,факт,овальные_пластик_синий_S_S_S
Комарова,(детские/подростковые) (SENSE EYEWEAR) НОЛЬ-ТАРИФ,2024-06,2024-06-01 00:00:00,12,факт,овальные_пластик_синий_S_S_S
Комарова,(детские/подростковые) (SENSE EYEWEAR) НОЛЬ-ТАРИФ,2024-07,2024-07-01 00:00:00,12,факт,овальные_пластик_синий_S_S_S
Комарова,(детские/подростковые) (SENSE EYEWEAR) НОЛЬ-ТАРИФ,2024-08,2024-08-01 00:00:00,7,факт,овальные_пластик_синий_S_S_S
Комарова,(детские/подростковые) (SENSE EYEWEAR) НОЛЬ-ТАРИФ,2024-09,2024-09-01 00:00:00,10,факт,овальные_пластик_синий_S_S_S
Комарова,(детские/подростковые) (SENSE EYEWEAR) НОЛЬ-ТАРИФ,2024-10,2024-10-01 00:00:00,8,факт,овальные_пластик_синий_S_S_S
Комарова,(детские/подростковые) (SENSE EYEWEAR) НОЛЬ-ТАРИФ,2024-11,2024-11-01 00:00:00,1,факт,овальные_пластик_синий_S_S_S
Комарова,(детские/подростковые) (SENSE EYEWEAR) НОЛЬ-ТАРИФ,2024-12,2024-12-01 00:00:00,2,факт,овальные_пластик_синий_S_S_S
Комарова,(детские/подростковые) (SENSE EYEWEAR) НОЛЬ-ТАРИФ,2025-01,2025-01-31 14:45:54,8,прогноз,овальные_пластик_синий_S_S_S
Комарова,(детские/подростковые) (SENSE EYEWEAR) НОЛЬ-ТАРИФ,2025-02,2025-02-28 14:45:54,8,прогноз,овальные_пластик_синий_S_S_S
Комарова,(детские/подростковые) (SENSE EYEWEAR) НОЛЬ-ТАРИФ,2025-03,2025-03-31 14:45:54,8,прогноз,овальные_пластик_синий_S_S_S
Комарова,(детские/подростковые) (VERSO),2024-03,2024-03-01 00:00:00,13,факт,овальные_пластик_синий_S_S_S
Комарова,(детские/подростковые) (VERSO),2024-04,2024-04-01 00:00:00,16,факт,овальные_пластик_синий_S_S_S
Комарова,(детские/подростковые) (VERSO),2024-05,2024-05-01 00:00:00,11,факт,овальные_пластик_синий_S_S_S
Комарова,(детские/подростковые) (VERSO),2024-06,2024-06-01 00:00:00,12,факт,овальные_пластик_синий_S_S_S
Комарова,(детские/подростковые) (VERSO),2024-07,2024-07-01 00:00:00,12,факт,овальные_пластик_синий_S_S_S
Комарова,(детские/подростковые) (VERSO),2024-08,2024-08-01 00:00:00,7,факт,овальные_пластик_синий_S_S_S
Комарова,(детские/подростковые) (VERSO),2024-09,2024-09-01 00:00:00,10,факт,овальные_пластик_синий_S_S_S
Комарова,(детские/подростковые) (VERSO),2024-10,2024-10-01 00:00:00,8,факт,овальные_пластик_синий_S_S_S
Комарова,(детские/подростковые) (VERSO),2024-11,2024-11-01 00:00:00,1,факт,овальные_пластик_синий_S_S_S
Комарова,(детские/подростковые) (VERSO),2024-12,2024-12-01 00:00:00,2,факт,овальные_пластик_синий_S_S_S
Комарова,(детские/подростковые) (VERSO),2025-01,2025-01-31 14:45:54,8,прогноз,овальные_пластик_синий_S_S_S
Комарова,(детские/подростковые) (VERSO),2025-02,2025-02-28 14:45:54,8,прогноз,овальные_пластик_синий_S_S_S
Комарова,(детские/подростковые) (VERSO),2025-03,2025-03-31 14:45:54,8,прогноз,овальные_пластик_синий_S_S_S
Комарова,(детские/подростковые) (VOGUE),2024-03,2024-03-01 00:00:00,13,факт,овальные_пластик_синий_S_S_S
Комарова,(детские/подростковые) (VOGUE),2024-04,2024-04-01 00:00:00,16,факт,овальные_пластик_синий_S_S_S
Комарова,(детские/подростковые) (VOGUE),2024-05,2024-05-01 00:00:00,11,факт,овальные_пластик_синий_S_S_S
Комарова,(детские/подростковые) (VOGUE),2024-06,2024-06-01 00:00:00,12,факт,овальные_пластик_синий_S_S_S
Комарова,(детские/подростковые) (VOGUE),2024-07,2024-07-01 00:00:00,12,факт,овальные_пластик_синий_S_S_S
Комарова,(детские/подростковые) (VOGUE),2024-08,2024-08-01 00:00:00,7,факт,овальные_пластик_синий_S_S_S
Комарова,(детские/подростковые) (VOGUE),2024-09,2024-09-01 00:00:00,10,факт,овальные_пластик_синий_S_S_S
Комарова,(детские/подростковые) (VOGUE),2024-10,2024-10-01 00:00:00,8,факт,овальные_пластик_синий_S_S_S
Комарова,(детские/подростковые) (VOGUE),2024-11,2024-11-01 00:00:00,1,факт,овальные_пластик_синий_S_S_S
Комарова,(детские/подростковые) (VOGUE),2024-12,2024-12-01 00:00:00,2,факт,овальные_пластик_синий_S_S_S
Комарова,(детские/подростковые) (VOGUE),2025-01,2025-01-31 14:45:54,8,прогноз,овальные_пластик_синий_S_S_S
Комарова,(детские/подростковые) (VOGUE),2025-02,2025-02-28 14:45:54,8,прогноз,овальные_пластик_синий_S_S_S
Комарова,(детские/подростковые) (VOGUE),2025-03,2025-03-31 14:45:54,8,прогноз,овальные_пластик_синий_S_S_S
Комарова,(подростковые) (металл для девочек),2024-03,2024-03-01 00:00:00,139,факт,прямоугольные_металл_темно-серый_M_L_M
Комарова,(подростковые) (металл для девочек),2024-04,2024-04-01 00:00:00,136,факт,прямоугольные_металл_темно-серый_M_L_M
Комарова,(подростковые) (металл для девочек),2024-05,2024-05-01 00:00:00,123,факт,прямоугольные_металл_темно-серый_M_L_M
Комарова,(подростковые) (металл для девочек),2024-06,2024-06-01 00:00:00,137,факт,прямоугольные_металл_темно-серый_M_L_M
Комарова,(подростковые) (металл для девочек),2024-07,2024-07-01 00:00:00,152,факт,прямоугольные_металл_темно-серый_M_L_M
Комарова,(подростковые) (металл для девочек),2024-08,2024-08-01 00:00:00,132,факт,прямоугольные_металл_темно-серый_M_L_M
Комарова,(подростковые) (металл для девочек),2024-09,2024-09-01 00:00:00,111,факт,прямоугольные_металл_темно-серый_M_L_M
Комарова,(подростковые) (металл для девочек),2024-10,2024-10-01 00:00:00,122,факт,прямоугольные_металл_темно-серый_M_L_M
Комарова,(подростковые) (металл для девочек),2024-11,2024-11-01 00:00:00,112,факт,прямоугольные_металл_темно-серый_M_L_M
Комарова,(подростковые) (металл для девочек),2024-12,2024-12-01 00:00:00,120,факт,прямоугольные_металл_темно-серый_M_L_M
Комарова,(подростковые) (металл для девочек),2025-01,2025-01-31 14:45:54,126,прогноз,прямоугольные_металл_темно-серый_M_L_M
Комарова,(подростковые) (металл для девочек),2025-02,2025-02-28 14:45:54,126,прогноз,прямоугольные_металл_темно-серый_M_L_M
Комарова,(подростковые) (металл для девочек),2025-03,2025-03-31 14:45:54,126,прогноз,прямоугольные_металл_темно-серый_M_L_M
Комарова,(подростковые) (металл для мальчиков/универс),2024-03,2024-03-01 00:00:00,139,факт,прямоугольные_металл_темно-серый_M_L_M
Комарова,(подростковые) (металл для мальчиков/универс),2024-04,2024-04-01 00:00:00,136,факт,прямоугольные_металл_темно-серый_M_L_M
Комарова,(подростковые) (металл для мальчиков/универс),2024-05,2024-05-01 00:00:00,123,факт,прямоугольные_металл_темно-серый_M_L_M
Комарова,(подростковые) (металл для мальчиков/универс),2024-06,2024-06-01 00:00:00,137,факт,прямоугольные_металл_темно-серый_M_L_M
Комарова,(подростковые) (металл для мальчиков/универс),2024-07,2024-07-01 00:00:00,152,факт,прямоугольные_металл_темно-серый_M_L_M
Комарова,(подростковые) (металл для мальчиков/универс),2024-08,2024-08-01 00:00:00,132,факт,прямоугольные_металл_темно-серый_M_L_M
Комарова,(подростковые) (металл для мальчиков/универс),2024-09,2024-09-01 00:00:00,111,факт,прямоугольные_металл_темно-серый_M_L_M
Комарова,(подростковые) (металл для мальчиков/универс),2024-10,2024-10-01 00:00:00,122,факт,прямоугольные_металл_темно-серый_M_L_M
Комарова,(подростковые) (металл для мальчиков/универс),2024-11,2024-11-01 00:00:00,112,факт,прямоугольные_металл_темно-серый_M_L_M
Комарова,(подростковые) (металл для мальчиков/универс),2024-12,2024-12-01 00:00:00,120,факт,прямоугольные_металл_темно-серый_M_L_M
Комарова,(подростковые) (металл для мальчиков/универс),2025-01,2025-01-31 14:45:54,126,прогноз,прямоугольные_металл_темно-серый_M_L_M
Комарова,(подростковые) (металл для мальчиков/универс),2025-02,2025-02-28 14:45:54,126,прогноз,прямоугольные_металл_темно-серый_M_L_M
Комарова,(подростковые) (металл для мальчиков/универс),2025-03,2025-03-31 14:45:54,126,прогноз,прямоугольные_металл_темно-серый_M_L_M
Комарова,(подростковые) (пластик для девочек),2024-03,2024-03-01 00:00:00,64,факт,овальные_пластик_многоцветный_M_M_L
Комарова,(подростковые) (пластик для девочек),2024-04,2024-04-01 00:00:00,65,факт,овальные_пластик_многоцветный_M_M_L
Комарова,(подростковые) (пластик для девочек),2024-05,2024-05-01 00:00:00,68,факт,овальные_пластик_многоцветный_M_M_L
Комарова,(подростковые) (пластик для девочек),2024-06,2024-06-01 00:00:00,72,факт,овальные_пластик_многоцветный_M_M_L
Комарова,(подростковые) (пластик для девочек),2024-07,2024-07-01 00:00:00,89,факт,овальные_пластик_многоцветный_M_M_L
Комарова,(подростковые) (пластик для девочек),2024-08,2024-08-01 00:00:00,62,факт,овальные_пластик_многоцветный_M_M_L
Комарова,(подростковые) (пластик для девочек),2024-09,2024-09-01 00:00:00,63,факт,овальные_пластик_многоцветный_M_M_L
Комарова,(подростковые) (пластик для девочек),2024-10,2024-10-01 00:00:00,42,факт,овальные_пластик_многоцветный_M_M_L
Комарова,(подростковые) (пластик для девочек),2024-11,2024-11-01 00:00:00,44,факт,овальные_пластик_многоцветный_M_M_L
Комарова,(подростковые) (пластик для девочек),2024-12,2024-12-01 00:00:00,72,факт,овальные_пластик_многоцветный_M_M_L
Комарова,(подростковые) (пластик для девочек),2025-01,2025-01-31 14:45:54,55,прогноз,овальные_пластик_многоцветный_M_M_L
Комарова,(подростковые) (пластик для девочек),2025-02,2025-02-28 14:45:54,54,прогноз,овальные_пластик_многоцветный_M_M_L
Комарова,(подростковые) (пластик для девочек),2025-03,2025-03-31 14:45:54,54,прогноз,овальные_пластик_многоцветный_M_M_L
Комарова,(подростковые) (пластик для мальчиков/универс),2024-03,2024-03-01 00:00:00,64,факт,овальные_пластик_многоцветный_M_M_L
Комарова,(подростковые) (пластик для мальчиков/универс),2024-04,2024-04-01 00:00:00,65,факт,овальные_пластик_многоцветный_M_M_L
Комарова,(подростковые) (пластик для мальчиков/универс),2024-05,2024-05-01 00:00:00,68,факт,овальные_пластик_многоцветный_M_M_L
Комарова,(подростковые) (пластик для мальчиков/универс),2024-06,2024-06-01 00:00:00,72,факт,овальные_пластик_многоцветный_M_M_L
Комарова,(подростковые) (пластик для мальчиков/универс),2024-07,2024-07-01 00:00:00,89,факт,овальные_пластик_многоцветный_M_M_L
Комарова,(подростковые) (пластик для мальчиков/универс),2024-08,2024-08-01 00:00:00,62,факт,овальные_пластик_многоцветный_M_M_L
Комарова,(подростковые) (пластик для мальчиков/универс),2024-09,2024-09-01 00:00:00,63,факт,овальные_пластик_многоцветный_M_M_L
Комарова,(подростковые) (пластик для мальчиков/универс),2024-10,2024-10-01 00:00:00,42,факт,овальные_пластик_многоцветный_M_M_L
Комарова,(подростковые) (пластик для мальчиков/универс),2024-11,2024-11-01 00:00:00,44,факт,овальные_пластик_многоцветный_M_M_L
Комарова,(подростковые) (пластик для мальчиков/универс),2024-12,2024-12-01 00:00:00,72,факт,овальные_пластик_многоцветный_M_M_L
Комарова,(подростковые) (пластик для мальчиков/универс),2025-01,2025-01-31 14:45:54,55,прогноз,овальные_пластик_многоцветный_M_M_L
Комарова,(подростковые) (пластик для мальчиков/универс),2025-02,2025-02-28 14:45:54,54,прогноз,овальные_пластик_многоцветный_M_M_L
Комарова,(подростковые) (пластик для мальчиков/универс),2025-03,2025-03-31 14:45:54,54,прогноз,овальные_пластик_многоцветный_M_M_L
Комарова,1(0-1490) (МЕТАЛЛ) (Ж),2024-03,2024-03-01 00:00:00,72,факт,бабочка_металл_бронзовый_M_L_M
Комарова,1(0-1490) (МЕТАЛЛ) (Ж),2024-04,2024-04-01 00:00:00,79,факт,бабочка_металл_бронзовый_M_L_M
Комарова,1(0-1490) (МЕТАЛЛ) (Ж),2024-05,2024-05-01 00:00:00,76,факт,бабочка_металл_бронзовый_M_L_M
Комарова,1(0-1490) (МЕТАЛЛ) (Ж),2024-06,2024-06-01 00:00:00,72,факт,бабочка_металл_бронзовый_M_L_M
Комарова,1(0-1490) (МЕТАЛЛ) (Ж),2024-07,2024-07-01 00:00:00,78,факт,бабочка_металл_бронзовый_M_L_M
Комарова,1(0-1490) (МЕТАЛЛ) (Ж),2024-08,2024-08-01 00:00:00,66,факт,бабочка_металл_бронзовый_M_L_M
Комарова,1(0-1490) (МЕТАЛЛ) (Ж),2024-09,2024-09-01 00:00:00,58,факт,бабочка_металл_бронзовый_M_L_M
Комарова,1(0-1490) (МЕТАЛЛ) (Ж),2024-10,2024-10-01 00:00:00,66,факт,бабочка_металл_бронзовый_M_L_M
Комарова,1(0-1490) (МЕТАЛЛ) (Ж),2024-11,2024-11-01 00:00:00,58,факт,бабочка_металл_бронзовый_M_L_M
Комарова,1(0-1490) (МЕТАЛЛ) (Ж),2024-12,2024-12-01 00:00:00,62,факт,бабочка_металл_бронзовый_M_L_M
Комарова,1(0-1490) (МЕТАЛЛ) (Ж),2025-01,2025-01-31 14:45:54,67,прогноз,бабочка_металл_бронзовый_M_L_M
Комарова,1(0-1490) (МЕТАЛЛ) (Ж),2025-02,2025-02-28 14:45:54,68,прогноз,бабочка_металл_бронзовый_M_L_M
Комарова,1(0-1490) (МЕТАЛЛ) (Ж),2025-03,2025-03-31 14:45:54,68,прогноз,бабочка_металл_бронзовый_M_L_M
Комарова,1(0-1490) (МЕТАЛЛ) (М),2024-03,2024-03-01 00:00:00,53,факт,прямоугольные_металл_темно-серый_M_L_M
Комарова,1(0-1490) (МЕТАЛЛ) (М),2024-04,2024-04-01 00:00:00,43,факт,прямоугольные_металл_темно-серый_M_L_M
Комарова,1(0-1490) (МЕТАЛЛ) (М),2024-05,2024-05-01 00:00:00,33,факт,прямоугольные_металл_темно-серый_M_L_M
Комарова,1(0-1490) (МЕТАЛЛ) (М),2024-06,2024-06-01 00:00:00,55,факт,прямоугольные_металл_темно-серый_M_L_M
Комарова,1(0-1490) (МЕТАЛЛ) (М),2024-07,2024-07-01 00:00:00,61,факт,прямоугольные_металл_темно-серый_M_L_M
Комарова,1(0-1490) (МЕТАЛЛ) (М),2024-08,2024-08-01 00:00:00,56,факт,прямоугольные_металл_темно-серый_M_L_M
Комарова,1(0-1490) (МЕТАЛЛ) (М),2024-09,2024-09-01 00:00:00,45,факт,прямоугольные_металл_темно-серый_M_L_M
Комарова,1(0-1490) (МЕТАЛЛ) (М),2024-10,2024-10-01 00:00:00,47,факт,прямоугольные_металл_темно-серый_M_L_M
Комарова,1(0-1490) (МЕТАЛЛ) (М),2024-11,2024-11-01 00:00:00,53,факт,прямоугольные_металл_темно-серый_M_L_M
Комарова,1(0-1490) (МЕТАЛЛ) (М),2024-12,2024-12-01 00:00:00,47,факт,прямоугольные_металл_темно-серый_M_L_M
Комарова,1(0-1490) (МЕТАЛЛ) (М),2025-01,2025-01-31 14:45:54,49,прогноз,прямоугольные_металл_темно-серый_M_L_M
Комарова,1(0-1490) (МЕТАЛЛ) (М),2025-02,2025-02-28 14:45:54,49,прогноз,прямоугольные_металл_темно-серый_M_L_M
Комарова,1(0-1490) (МЕТАЛЛ) (М),2025-03,2025-03-31 14:45:54,49,прогноз,прямоугольные_металл_темно-серый_M_L_M
Комарова,1(0-1490) (ПЛАСТИК) (Ж),2024-03,2024-03-01 00:00:00,38,факт,овальные_пластик_многоцветный_M_M_L
Комарова,1(0-1490) (ПЛАСТИК) (Ж),2024-04,2024-04-01 00:00:00,33,факт,овальные_пластик_многоцветный_M_M_L
Комарова,1(0-1490) (ПЛАСТИК) (Ж),2024-05,2024-05-01 00:00:00,44,факт,овальные_пластик_многоцветный_M_M_L
Комарова,1(0-1490) (ПЛАСТИК) (Ж),2024-06,2024-06-01 00:00:00,44,факт,овальные_пластик_многоцветный_M_M_L
Комарова,1(0-1490) (ПЛАСТИК) (Ж),2024-07,2024-07-01 00:00:00,46,факт,овальные_пластик_многоцветный_M_M_L
Комарова,1(0-1490) (ПЛАСТИК) (Ж),2024-08,2024-08-01 00:00:00,33,факт,овальные_пластик_многоцветный_M_M_L
Комарова,1(0-1490) (ПЛАСТИК) (Ж),2024-09,2024-09-01 00:00:00,38,факт,овальные_пластик_многоцветный_M_M_L
Комарова,1(0-1490) (ПЛАСТИК) (Ж),2024-10,2024-10-01 00:00:00,26,факт,овальные_пластик_многоцветный_M_M_L
Комарова,1(0-1490) (ПЛАСТИК) (Ж),2024-11,2024-11-01 00:00:00,31,факт,овальные_пластик_многоцветный_M_M_L
Комарова,1(0-1490) (ПЛАСТИК) (Ж),2024-12,2024-12-01 00:00:00,43,факт,овальные_пластик_многоцветный_M_M_L
Комарова,1(0-1490) (ПЛАСТИК) (Ж),2025-01,2025-01-31 14:45:54,31,прогноз,овальные_пластик_многоцветный_M_M_L
Комарова,1(0-1490) (ПЛАСТИК) (Ж),2025-02,2025-02-28 14:45:54,30,прогноз,овальные_пластик_многоцветный_M_M_L
Комарова,1(0-1490) (ПЛАСТИК) (Ж),2025-03,2025-03-31 14:45:54,30,прогноз,овальные_пластик_многоцветный_M_M_L
Комарова,1(0-1490) (ПЛАСТИК) (М),2024-03,2024-03-01 00:00:00,10,факт,прямоугольные_пластик_черный_M_L_M
Комарова,1(0-1490) (ПЛАСТИК) (М),2024-04,2024-04-01 00:00:00,16,факт,прямоугольные_пластик_черный_M_L_M
Комарова,1(0-1490) (ПЛАСТИК) (М),2024-05,2024-05-01 00:00:00,16,факт,прямоугольные_пластик_черный_M_L_M
Комарова,1(0-1490) (ПЛАСТИК) (М),2024-06,2024-06-01 00:00:00,16,факт,прямоугольные_пластик_черный_M_L_M
Комарова,1(0-1490) (ПЛАСТИК) (М),2024-07,2024-07-01 00:00:00,30,факт,прямоугольные_пластик_черный_M_L_M
Комарова,1(0-1490) (ПЛАСТИК) (М),2024-08,2024-08-01 00:00:00,13,факт,прямоугольные_пластик_черный_M_L_M
Комарова,1(0-1490) (ПЛАСТИК) (М),2024-09,2024-09-01 00:00:00,17,факт,прямоугольные_пластик_черный_M_L_M
Комарова,1(0-1490) (ПЛАСТИК) (М),2024-10,2024-10-01 00:00:00,9,факт,прямоугольные_пластик_черный_M_L_M
Комарова,1(0-1490) (ПЛАСТИК) (М),2024-11,2024-11-01 00:00:00,11,факт,прямоугольные_пластик_черный_M_L_M
Комарова,1(0-1490) (ПЛАСТИК) (М),2024-12,2024-12-01 00:00:00,24,факт,прямоугольные_пластик_черный_M_L_M
Комарова,1(0-1490) (ПЛАСТИК) (М),2025-01,2025-01-31 14:45:54,15,прогноз,прямоугольные_пластик_черный_M_L_M
Комарова,1(0-1490) (ПЛАСТИК) (М),2025-02,2025-02-28 14:45:54,15,прогноз,прямоугольные_пластик_черный_M_L_M
Комарова,1(0-1490) (ПЛАСТИК) (М),2025-03,2025-03-31 14:45:54,15,прогноз,прямоугольные_пластик_черный_M_L_M
Комарова,2(1590-3990) (DACKOR) (ж),2024-03,2024-03-01 00:00:00,212,факт,прямоугольные_металл_темно-серый_M_L_M
Комарова,2(1590-3990) (DACKOR) (ж),2024-04,2024-04-01 00:00:00,206,факт,прямоугольные_металл_темно-серый_M_L_M
Комарова,2(1590-3990) (DACKOR) (ж),2024-05,2024-05-01 00:00:00,191,факт,прямоугольные_металл_темно-серый_M_L_M
Комарова,2(1590-3990) (DACKOR) (ж),2024-06,2024-06-01 00:00:00,213,факт,прямоугольные_металл_темно-серый_M_L_M
Комарова,2(1590-3990) (DACKOR) (ж),2024-07,2024-07-01 00:00:00,243,факт,прямоугольные_металл_темно-серый_M_L_M
Комарова,2(1590-3990) (DACKOR) (ж),2024-08,2024-08-01 00:00:00,201,факт,прямоугольные_металл_темно-серый_M_L_M
Комарова,2(1590-3990) (DACKOR) (ж),2024-09,2024-09-01 00:00:00,176,факт,прямоугольные_металл_темно-серый_M_L_M
Комарова,2(1590-3990) (DACKOR) (ж),2024-10,2024-10-01 00:00:00,168,факт,прямоугольные_металл_темно-серый_M_L_M
Комарова,2(1590-3990) (DACKOR) (ж),2024-11,2024-11-01 00:00:00,158,факт,прямоугольные_металл_темно-серый_M_L_M
Комарова,2(1590-3990) (DACKOR) (ж),2024-12,2024-12-01 00:00:00,192,факт,прямоугольные_металл_темно-серый_M_L_M
Комарова,2(1590-3990) (DACKOR) (ж),2025-01,2025-01-31 14:45:54,185,прогноз,прямоугольные_металл_темно-серый_M_L_M
Комарова,2(1590-3990) (DACKOR) (ж),2025-02,2025-02-28 14:45:54,184,прогноз,прямоугольные_металл_темно-серый_M_L_M
Комарова,2(1590-3990) (DACKOR) (ж),2025-03,2025-03-31 14:45:54,183,прогноз,прямоугольные_металл_темно-серый_M_L_M
Комарова,2(1590-3990) (DACKOR) (металл) (м),2024-03,2024-03-01 00:00:00,139,факт,прямоугольные_металл_темно-серый_M_L_M
Комарова,2(1590-3990) (DACKOR) (металл) (м),2024-04,2024-04-01 00:00:00,136,факт,прямоугольные_металл_темно-серый_M_L_M
Комарова,2(1590-3990) (DACKOR) (металл) (м),2024-05,2024-05-01 00:00:00,123,факт,прямоугольные_металл_темно-серый_M_L_M
Комарова,2(1590-3990) (DACKOR) (металл) (м),2024-06,2024-06-01 00:00:00,137,факт,прямоугольные_металл_темно-серый_M_L_M
Комарова,2(1590-3990) (DACKOR) (металл) (м),2024-07,2024-07-01 00:00:00,152,факт,прямоугольные_металл_темно-серый_M_L_M
Комарова,2(1590-3990) (DACKOR) (металл) (м),2024-08,2024-08-01 00:00:00,132,факт,прямоугольные_металл_темно-серый_M_L_M
Комарова,2(1590-3990) (DACKOR) (металл) (м),2024-09,2024-09-01 00:00:00,111,факт,прямоугольные_металл_темно-серый_M_L_M
Комарова,2(1590-3990) (DACKOR) (металл) (м),2024-10,2024-10-01 00:00:00,122,факт,прямоугольные_металл_темно-серый_M_L_M
Комарова,2(1590-3990) (DACKOR) (металл) (м),2024-11,2024-11-01 00:00:00,112,факт,прямоугольные_металл_темно-серый_M_L_M
Комарова,2(1590-3990) (DACKOR) (металл) (м),2024-12,2024-12-01 00:00:00,120,факт,прямоугольные_металл_темно-серый_M_L_M
Комарова,2(1590-3990) (DACKOR) (металл) (м),2025-01,2025-01-31 14:45:54,126,прогноз,прямоугольные_металл_темно-серый_M_L_M
Комарова,2(1590-3990) (DACKOR) (металл) (м),2025-02,2025-02-28 14:45:54,126,прогноз,прямоугольные_металл_темно-серый_M_L_M
Комарова,2(1590-3990) (DACKOR) (металл) (м),2025-03,2025-03-31 14:45:54,126,прогноз,прямоугольные_металл_темно-серый_M_L_M
Комарова,2(1590-3990) (DACKOR) (пластик) (м),2024-03,2024-03-01 00:00:00,64,факт,овальные_пластик_многоцветный_M_M_L
Комарова,2(1590-3990) (DACKOR) (пластик) (м),2024-04,2024-04-01 00:00:00,65,факт,овальные_пластик_многоцветный_M_M_L
Комарова,2(1590-3990) (DACKOR) (пластик) (м),2024-05,2024-05-01 00:00:00,68,факт,овальные_пластик_многоцветный_M_M_L
Комарова,2(1590-3990) (DACKOR) (пластик) (м),2024-06,2024-06-01 00:00:00,72,факт,овальные_пластик_многоцветный_M_M_L
Комарова,2(1590-3990) (DACKOR) (пластик) (м),2024-07,2024-07-01 00:00:00,89,факт,овальные_пластик_многоцветный_M_M_L
Комарова,2(1590-3990) (DACKOR) (пластик) (м),2024-08,2024-08-01 00:00:00,62,факт,овальные_пластик_многоцветный_M_M_L
Комарова,2(1590-3990) (DACKOR) (пластик) (м),2024-09,2024-09-01 00:00:00,63,факт,овальные_пластик_многоцветный_M_M_L
Комарова,2(1590-3990) (DACKOR) (пластик) (м),2024-10,2024-10-01 00:00:00,42,факт,овальные_пластик_многоцветный_M_M_L
Комарова,2(1590-3990) (DACKOR) (пластик) (м),2024-11,2024-11-01 00:00:00,44,факт,овальные_пластик_многоцветный_M_M_L
Комарова,2(1590-3990) (DACKOR) (пластик) (м),2024-12,2024-12-01 00:00:00,72,факт,овальные_пластик_многоцветный_M_M_L
Комарова,2(1590-3990) (DACKOR) (пластик) (м),2025-01,2025-01-31 14:45:54,55,прогноз,овальные_пластик_многоцветный_M_M_L
Комарова,2(1590-3990) (DACKOR) (пластик) (м),2025-02,2025-02-28 14:45:54,54,прогноз,овальные_пластик_многоцветный_M_M_L
Комарова,2(1590-3990) (DACKOR) (пластик) (м),2025-03,2025-03-31 14:45:54,54,прогноз,овальные_пластик_многоцветный_M_M_L
Комарова,2(1590-3990) (GENEX) (ж),2024-03,2024-03-01 00:00:00,212,факт,прямоугольные_металл_темно-серый_M_L_M
Комарова,2(1590-3990) (GENEX) (ж),2024-04,2024-04-01 00:00:00,206,факт,прямоугольные_металл_темно-серый_M_L_M
Комарова,2(1590-3990) (GENEX) (ж),2024-05,2024-05-01 00:00:00,191,факт,прямоугольные_металл_темно-серый_M_L_M
Комарова,2(1590-3990) (GENEX) (ж),2024-06,2024-06-01 00:00:00,213,факт,прямоугольные_металл_темно-серый_M_L_M
Комарова,2(1590-3990) (GENEX) (ж),2024-07,2024-07-01 00:00:00,243,факт,прямоугольные_металл_темно-серый_M_L_M
Комарова,2(1590-3990) (GENEX) (ж),2024-08,2024-08-01 00:00:00,201,факт,прямоугольные_металл_темно-серый_M_L_M
Комарова,2(1590-3990) (GENEX) (ж),2024-09,2024-09-01 00:00:00,176,факт,прямоугольные_металл_темно-серый_M_L_M
Комарова,2(1590-3990) (GENEX) (ж),2024-10,2024-10-01 00:00:00,168,факт,прямоугольные_металл_темно-серый_M_L_M
Комарова,2(1590-3990) (GENEX) (ж),2024-11,2024-11-01 00:00:00,158,факт,прямоугольные_металл_темно-серый_M_L_M
Комарова,2(1590-3990) (GENEX) (ж),2024-12,2024-12-01 00:00:00,192,факт,прямоугольные_металл_темно-серый_M_L_M
Комарова,2(1590-3990) (GENEX) (ж),2025-01,2025-01-31 14:45:54,185,прогноз,прямоугольные_металл_темно-серый_M_L_M
Комарова,2(1590-3990) (GENEX) (ж),2025-02,2025-02-28 14:45:54,184,прогноз,прямоугольные_металл_темно-серый_M_L_M
Комарова,2(1590-3990) (GENEX) (ж),2025-03,2025-03-31 14:45:54,183,прогноз,прямоугольные_металл_темно-серый_M_L_M
Комарова,2(1590-3990) (GENEX) (м),2024-03,2024-03-01 00:00:00,212,факт,прямоугольные_металл_темно-серый_M_L_M
Комарова,2(1590-3990) (GENEX) (м),2024-04,2024-04-01 00:00:00,206,факт,прямоугольные_металл_темно-серый_M_L_M
Комарова,2(1590-3990) (GENEX) (м),2024-05,2024-05-01 00:00:00,191,факт,прямоугольные_металл_темно-серый_M_L_M
Комарова,2(1590-3990) (GENEX) (м),2024-06,2024-06-01 00:00:00,213,факт,прямоугольные_металл_темно-серый_M_L_M
Комарова,2(1590-3990) (GENEX) (м),2024-07,2024-07-01 00:00:00,243,факт,прямоугольные_металл_темно-серый_M_L_M
Комарова,2(1590-3990) (GENEX) (м),2024-08,2024-08-01 00:00:00,201,факт,прямоугольные_металл_темно-серый_M_L_M
Комарова,2(1590-3990) (GENEX) (м),2024-09,2024-09-01 00:00:00,176,факт,прямоугольные_металл_темно-серый_M_L_M
Комарова,2(1590-3990) (GENEX) (м),2024-10,2024-10-01 00:00:00,168,факт,прямоугольные_металл_темно-серый_M_L_M
Комарова,2(1590-3990) (GENEX) (м),2024-11,2024-11-01 00:00:00,158,факт,прямоугольные_металл_темно-серый_M_L_M
Комарова,2(1590-3990) (GENEX) (м),2024-12,2024-12-01 00:00:00,192,факт,прямоугольные_металл_темно-серый_M_L_M
Комарова,2(1590-3990) (GENEX) (м),2025-01,2025-01-31 14:45:54,185,прогноз,прямоугольные_металл_темно-серый_M_L_M
Комарова,2(1590-3990) (GENEX) (м),2025-02,2025-02-28 14:45:54,184,прогноз,прямоугольные_металл_темно-серый_M_L_M
Комарова,2(1590-3990) (GENEX) (м),2025-03,2025-03-31 14:45:54,183,прогноз,прямоугольные_металл_темно-серый_M_L_M
Комарова,2(1590-3990) (ISABELLE) (пластик) (ж),2024-03,2024-03-01 00:00:00,64,факт,овальные_пластик_многоцветный_M_M_L
Комарова,2(1590-3990) (ISABELLE) (пластик) (ж),2024-04,2024-04-01 00:00:00,65,факт,овальные_пластик_многоцветный_M_M_L
Комарова,2(1590-3990) (ISABELLE) (пластик) (ж),2024-05,2024-05-01 00:00:00,68,факт,овальные_пластик_многоцветный_M_M_L
Комарова,2(1590-3990) (ISABELLE) (пластик) (ж),2024-06,2024-06-01 00:00:00,72,факт,овальные_пластик_многоцветный_M_M_L
Комарова,2(1590-3990) (ISABELLE) (пластик) (ж),2024-07,2024-07-01 00:00:00,89,факт,овальные_пластик_многоцветный_M_M_L
Комарова,2(1590-3990) (ISABELLE) (пластик) (ж),2024-08,2024-08-01 00:00:00,62,факт,овальные_пластик_многоцветный_M_M_L
Комарова,2(1590-3990) (ISABELLE) (пластик) (ж),2024-09,2024-09-01 00:00:00,63,факт,овальные_пластик_многоцветный_M_M_L
Комарова,2(1590-3990) (ISABELLE) (пластик) (ж),2024-10,2024-10-01 00:00:00,42,факт,овальные_пластик_многоцветный_M_M_L
Комарова,2(1590-3990) (ISABELLE) (пластик) (ж),2024-11,2024-11-01 00:00:00,44,факт,овальные_пластик_многоцветный_M_M_L
Комарова,2(1590-3990) (ISABELLE) (пластик) (ж),2024-12,2024-12-01 00:00:00,72,факт,овальные_пластик_многоцветный_M_M_L
Комарова,2(1590-3990) (ISABELLE) (пластик) (ж),2025-01,2025-01-31 14:45:54,55,прогноз,овальные_пластик_многоцветный_M_M_L
Комарова,2(1590-3990) (ISABELLE) (пластик) (ж),2025-02,2025-02-28 14:45:54,54,прогноз,овальные_пластик_многоцветный_M_M_L
Комарова,2(1590-3990) (ISABELLE) (пластик) (ж),2025-03,2025-03-31 14:45:54,54,прогноз,овальные_пластик_многоцветный_M_M_L
Комарова,2(1590-3990) (NIKITANA) (ж),2024-03,2024-03-01 00:00:00,212,факт,прямоугольные_металл_темно-серый_M_L_M
Комарова,2(1590-3990) (NIKITANA) (ж),2024-04,2024-04-01 00:00:00,206,факт,прямоугольные_металл_темно-серый_M_L_M
Комарова,2(1590-3990) (NIKITANA) (ж),2024-05,2024-05-01 00:00:00,191,факт,прямоугольные_металл_темно-серый_M_L_M
Комарова,2(1590-3990) (NIKITANA) (ж),2024-06,2024-06-01 00:00:00,213,факт,прямоугольные_металл_темно-серый_M_L_M
Комарова,2(1590-3990) (NIKITANA) (ж),2024-07,2024-07-01 00:00:00,243,факт,прямоугольные_металл_темно-серый_M_L_M
Комарова,2(1590-3990) (NIKITANA) (ж),2024-08,2024-08-01 00:00:00,201,факт,прямоугольные_металл_темно-серый_M_L_M
Комарова,2(1590-3990) (NIKITANA) (ж),2024-09,2024-09-01 00:00:00,176,факт,прямоугольные_металл_темно-серый_M_L_M
Комарова,2(1590-3990) (NIKITANA) (ж),2024-10,2024-10-01 00:00:00,168,факт,прямоугольные_металл_темно-серый_M_L_M
Комарова,2(1590-3990) (NIKITANA) (ж),2024-11,2024-11-01 00:00:00,158,факт,прямоугольные_металл_темно-серый_M_L_M
Комарова,2(1590-3990) (NIKITANA) (ж),2024-12,2024-12-01 00:00:00,192,факт,прямоугольные_металл_темно-серый_M_L_M
Комарова,2(1590-3990) (NIKITANA) (ж),2025-01,2025-01-31 14:45:54,185,прогноз,прямоугольные_металл_темно-серый_M_L_M
Комарова,2(1590-3990) (NIKITANA) (ж),2025-02,2025-02-28 14:45:54,184,прогноз,прямоугольные_металл_темно-серый_M_L_M
Комарова,2(1590-3990) (NIKITANA) (ж),2025-03,2025-03-31 14:45:54,183,прогноз,прямоугольные_металл_темно-серый_M_L_M
Комарова,2(1590-3990) (OU) (мет+пл) (ж),2024-03,2024-03-01 00:00:00,212,факт,прямоугольные_металл_темно-серый_M_L_M
Комарова,2(1590-3990) (OU) (мет+пл) (ж),2024-04,2024-04-01 00:00:00,206,факт,прямоугольные_металл_темно-серый_M_L_M
Комарова,2(1590-3990) (OU) (мет+пл) (ж),2024-05,2024-05-01 00:00:00,191,факт,прямоугольные_металл_темно-серый_M_L_M
Комарова,2(1590-3990) (OU) (мет+пл) (ж),2024-06,2024-06-01 00:00:00,213,факт,прямоугольные_металл_темно-серый_M_L_M
Комарова,2(1590-3990) (OU) (мет+пл) (ж),2024-07,2024-07-01 00:00:00,243,факт,прямоугольные_металл_темно-серый_M_L_M
Комарова,2(1590-3990) (OU) (мет+пл) (ж),2024-08,2024-08-01 00:00:00,201,факт,прямоугольные_металл_темно-серый_M_L_M
Комарова,2(1590-3990) (OU) (мет+пл) (ж),2024-09,2024-09-01 00:00:00,176,факт,прямоугольные_металл_темно-серый_M_L_M
Комарова,2(1590-3990) (OU) (мет+пл) (ж),2024-10,2024-10-01 00:00:00,168,факт,прямоугольные_металл_темно-серый_M_L_M
Комарова,2(1590-3990) (OU) (мет+пл) (ж),2024-11,2024-11-01 00:00:00,158,факт,прямоугольные_металл_темно-серый_M_L_M
Комарова,2(1590-3990) (OU) (мет+пл) (ж),2024-12,2024-12-01 00:00:00,192,факт,прямоугольные_металл_темно-серый_M_L_M
Комарова,2(1590-3990) (OU) (мет+пл) (ж),2025-01,2025-01-31 14:45:54,185,прогноз,прямоугольные_металл_темно-серый_M_L_M
Комарова,2(1590-3990) (OU) (мет+пл) (ж),2025-02,2025-02-28 14:45:54,184,прогноз,прямоугольные_металл_темно-серый_M_L_M
Комарова,2(1590-3990) (OU) (мет+пл) (ж),2025-03,2025-03-31 14:45:54,183,прогноз,прямоугольные_металл_темно-серый_M_L_M
Комарова,2(1590-3990) (SENSE EYEWEAR) (ме) (ж),2024-03,2024-03-01 00:00:00,212,факт,прямоугольные_металл_темно-серый_M_L_M
Комарова,2(1590-3990) (SENSE EYEWEAR) (ме) (ж),2024-04,2024-04-01 00:00:00,206,факт,прямоугольные_металл_темно-серый_M_L_M
Комарова,2(1590-3990) (SENSE EYEWEAR) (ме) (ж),2024-05,2024-05-01 00:00:00,191,факт,прямоугольные_металл_темно-серый_M_L_M
Комарова,2(1590-3990) (SENSE EYEWEAR) (ме) (ж),2024-06,2024-06-01 00:00:00,213,факт,прямоугольные_металл_темно-серый_M_L_M
Комарова,2(1590-3990) (SENSE EYEWEAR) (ме) (ж),2024-07,2024-07-01 00:00:00,243,факт,прямоугольные_металл_темно-серый_M_L_M
Комарова,2(1590-3990) (SENSE EYEWEAR) (ме) (ж),2024-08,2024-08-01 00:00:00,201,факт,прямоугольные_металл_темно-серый_M_L_M
Комарова,2(1590-3990) (SENSE EYEWEAR) (ме) (ж),2024-09,2024-09-01 00:00:00,176,факт,прямоугольные_металл_темно-серый_M_L_M
Комарова,2(1590-3990) (SENSE EYEWEAR) (ме) (ж),2024-10,2024-10-01 00:00:00,168,факт,прямоугольные_металл_темно-серый_M_L_M
Комарова,2(1590-3990) (SENSE EYEWEAR) (ме) (ж),2024-11,2024-11-01 00:00:00,158,факт,прямоугольные_металл_темно-серый_M_L_M
Комарова,2(1590-3990) (SENSE EYEWEAR) (ме) (ж),2024-12,2024-12-01 00:00:00,192,факт,прямоугольные_металл_темно-серый_M_L_M
Комарова,2(1590-3990) (SENSE EYEWEAR) (ме) (ж),2025-01,2025-01-31 14:45:54,185,прогноз,прямоугольные_металл_темно-серый_M_L_M
Комарова,2(1590-3990) (SENSE EYEWEAR) (ме) (ж),2025-02,2025-02-28 14:45:54,184,прогноз,прямоугольные_металл_темно-серый_M_L_M
Комарова,2(1590-3990) (SENSE EYEWEAR) (ме) (ж),2025-03,2025-03-31 14:45:54,183,прогноз,прямоугольные_металл_темно-серый_M_L_M
Комарова,2(1590-3990) (SENSE EYEWEAR) (ме) (ж) хит5,2024-03,2024-03-01 00:00:00,212,факт,прямоугольные_металл_темно-серый_M_L_M
Комарова,2(1590-3990) (SENSE EYEWEAR) (ме) (ж) хит5,2024-04,2024-04-01 00:00:00,206,факт,прямоугольные_металл_темно-серый_M_L_M
Комарова,2(1590-3990) (SENSE EYEWEAR) (ме) (ж) хит5,2024-05,2024-05-01 00:00:00,191,факт,прямоугольные_металл_темно-серый_M_L_M
Комарова,2(1590-3990) (SENSE EYEWEAR) (ме) (ж) хит5,2024-06,2024-06-01 00:00:00,213,факт,прямоугольные_металл_темно-серый_M_L_M
Комарова,2(1590-3990) (SENSE EYEWEAR) (ме) (ж) хит5,2024-07,2024-07-01 00:00:00,243,факт,прямоугольные_металл_темно-серый_M_L_M
Комарова,2(1590-3990) (SENSE EYEWEAR) (ме) (ж) хит5,2024-08,2024-08-01 00:00:00,201,факт,прямоугольные_металл_темно-серый_M_L_M
Комарова,2(1590-3990) (SENSE EYEWEAR) (ме) (ж) хит5,2024-09,2024-09-01 00:00:00,176,факт,прямоугольные_металл_темно-серый_M_L_M
Комарова,2(1590-3990) (SENSE EYEWEAR) (ме) (ж) хит5,2024-10,2024-10-01 00:00:00,168,факт,прямоугольные_металл_темно-серый_M_L_M
Комарова,2(1590-3990) (SENSE EYEWEAR) (ме) (ж) хит5,2024-11,2024-11-01 00:00:00,158,факт,прямоугольные_металл_темно-серый_M_L_M
Комарова,2(1590-3990) (SENSE EYEWEAR) (ме) (ж) хит5,2024-12,2024-12-01 00:00:00,192,факт,прямоугольные_металл_темно-серый_M_L_M
Комарова,2(1590-3990) (SENSE EYEWEAR) (ме) (ж) хит5,2025-01,2025-01-31 14:45:54,185,прогноз,прямоугольные_металл_темно-серый_M_L_M
Комарова,2(1590-3990) (SENSE EYEWEAR) (ме) (ж) хит5,2025-02,2025-02-28 14:45:54,184,прогноз,прямоугольные_металл_темно-серый_M_L_M
Комарова,2(1590-3990) (SENSE EYEWEAR) (ме) (ж) хит5,2025-03,2025-03-31 14:45:54,183,прогноз,прямоугольные_металл_темно-серый_M_L_M
Комарова,2(1590-3990) (SENSE EYEWEAR) (ме) (м),2024-03,2024-03-01 00:00:00,212,факт,прямоугольные_металл_темно-серый_M_L_M
Комарова,2(1590-3990) (SENSE EYEWEAR) (ме) (м),2024-04,2024-04-01 00:00:00,206,факт,прямоугольные_металл_темно-серый_M_L_M
Комарова,2(1590-3990) (SENSE EYEWEAR) (ме) (м),2024-05,2024-05-01 00:00:00,191,факт,прямоугольные_металл_темно-серый_M_L_M
Комарова,2(1590-3990) (SENSE EYEWEAR) (ме) (м),2024-06,2024-06-01 00:00:00,213,факт,прямоугольные_металл_темно-серый_M_L_M
Комарова,2(1590-3990) (SENSE EYEWEAR) (ме) (м),2024-07,2024-07-01 00:00:00,243,факт,прямоугольные_металл_темно-серый_M_L_M
Комарова,2(1590-3990) (SENSE EYEWEAR) (ме) (м),2024-08,2024-08-01 00:00:00,201,факт,прямоугольные_металл_темно-серый_M_L_M
Комарова,2(1590-3990) (SENSE EYEWEAR) (ме) (м),2024-09,2024-09-01 00:00:00,176,факт,прямоугольные_металл_темно-серый_M_L_M
Комарова,2(1590-3990) (SENSE EYEWEAR) (ме) (м),2024-10,2024-10-01 00:00:00,168,факт,прямоугольные_металл_темно-серый_M_L_M
Комарова,2(1590-3990) (SENSE EYEWEAR) (ме) (м),2024-11,2024-11-01 00:00:00,158,факт,прямоугольные_металл_темно-серый_M_L_M
Комарова,2(1590-3990) (SENSE EYEWEAR) (ме) (м),2024-12,2024-12-01 00:00:00,192,факт,прямоугольные_металл_темно-серый_M_L_M
Комарова,2(1590-3990) (SENSE EYEWEAR) (ме) (м),2025-01,2025-01-31 14:45:54,185,прогноз,прямоугольные_металл_темно-серый_M_L_M
Комарова,2(1590-3990) (SENSE EYEWEAR) (ме) (м),2025-02,2025-02-28 14:45:54,184,прогноз,прямоугольные_металл_темно-серый_M_L_M
Комарова,2(1590-3990) (SENSE EYEWEAR) (ме) (м),2025-03,2025-03-31 14:45:54,183,прогноз,прямоугольные_металл_темно-серый_M_L_M
Комарова,2(1590-3990) (SENSE EYEWEAR) (пл) (ж),2024-03,2024-03-01 00:00:00,212,факт,прямоугольные_металл_темно-серый_M_L_M
Комарова,2(1590-3990) (SENSE EYEWEAR) (пл) (ж),2024-04,2024-04-01 00:00:00,206,факт,прямоугольные_металл_темно-серый_M_L_M
Комарова,2(1590-3990) (SENSE EYEWEAR) (пл) (ж),2024-05,2024-05-01 00:00:00,191,факт,прямоугольные_металл_темно-серый_M_L_M
Комарова,2(1590-3990) (SENSE EYEWEAR) (пл) (ж),2024-06,2024-06-01 00:00:00,213,факт,прямоугольные_металл_темно-серый_M_L_M
Комарова,2(1590-3990) (SENSE EYEWEAR) (пл) (ж),2024-07,2024-07-01 00:00:00,243,факт,прямоугольные_металл_темно-серый_M_L_M
Комарова,2(1590-3990) (SENSE EYEWEAR) (пл) (ж),2024-08,2024-08-01 00:00:00,201,факт,прямоугольные_металл_темно-серый_M_L_M
Комарова,2(1590-3990) (SENSE EYEWEAR) (пл) (ж),2024-09,2024-09-01 00:00:00,176,факт,прямоугольные_металл_темно-серый_M_L_M
Комарова,2(1590-3990) (SENSE EYEWEAR) (пл) (ж),2024-10,2024-10-01 00:00:00,168,факт,прямоугольные_металл_темно-серый_M_L_M
Комарова,2(1590-3990) (SENSE EYEWEAR) (пл) (ж),2024-11,2024-11-01 00:00:00,158,факт,прямоугольные_металл_темно-серый_M_L_M
Комарова,2(1590-3990) (SENSE EYEWEAR) (пл) (ж),2024-12,2024-12-01 00:00:00,192,факт,прямоугольные_металл_темно-серый_M_L_M
Комарова,2(1590-3990) (SENSE EYEWEAR) (пл) (ж),2025-01,2025-01-31 14:45:54,185,прогноз,прямоугольные_металл_темно-серый_M_L_M
Комарова,2(1590-3990) (SENSE EYEWEAR) (пл) (ж),2025-02,2025-02-28 14:45:54,184,прогноз,прямоугольные_металл_темно-серый_M_L_M
Комарова,2(1590-3990) (SENSE EYEWEAR) (пл) (ж),2025-03,2025-03-31 14:45:54,183,прогноз,прямоугольные_металл_темно-серый_M_L_M
Комарова,2(1590-3990) (SENSE EYEWEAR) (пл) (м),2024-03,2024-03-01 00:00:00,212,факт,прямоугольные_металл_темно-серый_M_L_M
Комарова,2(1590-3990) (SENSE EYEWEAR) (пл) (м),2024-04,2024-04-01 00:00:00,206,факт,прямоугольные_металл_темно-серый_M_L_M
Комарова,2(1590-3990) (SENSE EYEWEAR) (пл) (м),2024-05,2024-05-01 00:00:00,191,факт,прямоугольные_металл_темно-серый_M_L_M
Комарова,2(1590-3990) (SENSE EYEWEAR) (пл) (м),2024-06,2024-06-01 00:00:00,213,факт,прямоугольные_металл_темно-серый_M_L_M
Комарова,2(1590-3990) (SENSE EYEWEAR) (пл) (м),2024-07,2024-07-01 00:00:00,243,факт,прямоугольные_металл_темно-серый_M_L_M
Комарова,2(1590-3990) (SENSE EYEWEAR) (пл) (м),2024-08,2024-08-01 00:00:00,201,факт,прямоугольные_металл_темно-серый_M_L_M
Комарова,2(1590-3990) (SENSE EYEWEAR) (пл) (м),2024-09,2024-09-01 00:00:00,176,факт,прямоугольные_металл_темно-серый_M_L_M
Комарова,2(1590-3990) (SENSE EYEWEAR) (пл) (м),2024-10,2024-10-01 00:00:00,168,факт,прямоугольные_металл_темно-серый_M_L_M
Комарова,2(1590-3990) (SENSE EYEWEAR) (пл) (м),2024-11,2024-11-01 00:00:00,158,факт,прямоугольные_металл_темно-серый_M_L_M
Комарова,2(1590-3990) (SENSE EYEWEAR) (пл) (м),2024-12,2024-12-01 00:00:00,192,факт,прямоугольные_металл_темно-серый_M_L_M
Комарова,2(1590-3990) (SENSE EYEWEAR) (пл) (м),2025-01,2025-01-31 14:45:54,185,прогноз,прямоугольные_металл_темно-серый_M_L_M
Комарова,2(1590-3990) (SENSE EYEWEAR) (пл) (м),2025-02,2025-02-28 14:45:54,184,прогноз,прямоугольные_металл_темно-серый_M_L_M
Комарова,2(1590-3990) (SENSE EYEWEAR) (пл) (м),2025-03,2025-03-31 14:45:54,183,прогноз,прямоугольные_металл_темно-серый_M_L_M
Комарова,2(1590-3990) (SHARMEL) (м),2024-03,2024-03-01 00:00:00,212,факт,прямоугольные_металл_темно-серый_M_L_M
Комарова,2(1590-3990) (SHARMEL) (м),2024-04,2024-04-01 00:00:00,206,факт,прямоугольные_металл_темно-серый_M_L_M
Комарова,2(1590-3990) (SHARMEL) (м),2024-05,2024-05-01 00:00:00,191,факт,прямоугольные_металл_темно-серый_M_L_M
Комарова,2(1590-3990) (SHARMEL) (м),2024-06,2024-06-01 00:00:00,213,факт,прямоугольные_металл_темно-серый_M_L_M
Комарова,2(1590-3990) (SHARMEL) (м),2024-07,2024-07-01 00:00:00,243,факт,прямоугольные_металл_темно-серый_M_L_M
Комарова,2(1590-3990) (SHARMEL) (м),2024-08,2024-08-01 00:00:00,201,факт,прямоугольные_металл_темно-серый_M_L_M
Комарова,2(1590-3990) (SHARMEL) (м),2024-09,2024-09-01 00:00:00,176,факт,прямоугольные_металл_темно-серый_M_L_M
Комарова,2(1590-3990) (SHARMEL) (м),2024-10,2024-10-01 00:00:00,168,факт,прямоугольные_металл_темно-серый_M_L_M
Комарова,2(1590-3990) (SHARMEL) (м),2024-11,2024-11-01 00:00:00,158,факт,прямоугольные_металл_темно-серый_M_L_M
Комарова,2(1590-3990) (SHARMEL) (м),2024-12,2024-12-01 00:00:00,192,факт,прямоугольные_металл_темно-серый_M_L_M
Комарова,2(1590-3990) (SHARMEL) (м),2025-01,2025-01-31 14:45:54,185,прогноз,прямоугольные_металл_темно-серый_M_L_M
Комарова,2(1590-3990) (SHARMEL) (м),2025-02,2025-02-28 14:45:54,184,прогноз,прямоугольные_металл_темно-серый_M_L_M
Комарова,2(1590-3990) (SHARMEL) (м),2025-03,2025-03-31 14:45:54,183,прогноз,прямоугольные_металл_темно-серый_M_L_M
Комарова,3(4000-5990) (BALLET IMAGE) (ж),2024-03,2024-03-01 00:00:00,212,факт,прямоугольные_металл_темно-серый_M_L_M
Комарова,3(4000-5990) (BALLET IMAGE) (ж),2024-04,2024-04-01 00:00:00,206,факт,прямоугольные_металл_темно-серый_M_L_M
Комарова,3(4000-5990) (BALLET IMAGE) (ж),2024-05,2024-05-01 00:00:00,191,факт,прямоугольные_металл_темно-серый_M_L_M
Комарова,3(4000-5990) (BALLET IMAGE) (ж),2024-06,2024-06-01 00:00:00,213,факт,прямоугольные_металл_темно-серый_M_L_M
Комарова,3(4000-5990) (BALLET IMAGE) (ж),2024-07,2024-07-01 00:00:00,243,факт,прямоугольные_металл_темно-серый_M_L_M
Комарова,3(4000-5990) (BALLET IMAGE) (ж),2024-08,2024-08-01 00:00:00,201,факт,прямоугольные_металл_темно-серый_M_L_M
Комарова,3(4000-5990) (BALLET IMAGE) (ж),2024-09,2024-09-01 00:00:00,176,факт,прямоугольные_металл_темно-серый_M_L_M
Комарова,3(4000-5990) (BALLET IMAGE) (ж),2024-10,2024-10-01 00:00:00,168,факт,прямоугольные_металл_темно-серый_M_L_M
Комарова,3(4000-5990) (BALLET IMAGE) (ж),2024-11,2024-11-01 00:00:00,158,факт,прямоугольные_металл_темно-серый_M_L_M
Комарова,3(4000-5990) (BALLET IMAGE) (ж),2024-12,2024-12-01 00:00:00,192,факт,прямоугольные_металл_темно-серый_M_L_M
Комарова,3(4000-5990) (BALLET IMAGE) (ж),2025-01,2025-01-31 14:45:54,185,прогноз,прямоугольные_металл_темно-серый_M_L_M
Комарова,3(4000-5990) (BALLET IMAGE) (ж),2025-02,2025-02-28 14:45:54,184,прогноз,прямоугольные_металл_темно-серый_M_L_M
Комарова,3(4000-5990) (BALLET IMAGE) (ж),2025-03,2025-03-31 14:45:54,183,прогноз,прямоугольные_металл_темно-серый_M_L_M
Комарова,3(4000-5990) (GLORY) (металл) (ж),2024-03,2024-03-01 00:00:00,139,факт,прямоугольные_металл_темно-серый_M_L_M
Комарова,3(4000-5990) (GLORY) (металл) (ж),2024-04,2024-04-01 00:00:00,136,факт,прямоугольные_металл_темно-серый_M_L_M
Комарова,3(4000-5990) (GLORY) (металл) (ж),2024-05,2024-05-01 00:00:00,123,факт,прямоугольные_металл_темно-серый_M_L_M
Комарова,3(4000-5990) (GLORY) (металл) (ж),2024-06,2024-06-01 00:00:00,137,факт,прямоугольные_металл_темно-серый_M_L_M
Комарова,3(4000-5990) (GLORY) (металл) (ж),2024-07,2024-07-01 00:00:00,152,факт,прямоугольные_металл_темно-серый_M_L_M
Комарова,3(4000-5990) (GLORY) (металл) (ж),2024-08,2024-08-01 00:00:00,132,факт,прямоугольные_металл_темно-серый_M_L_M
Комарова,3(4000-5990) (GLORY) (металл) (ж),2024-09,2024-09-01 00:00:00,111,факт,прямоугольные_металл_темно-серый_M_L_M
Комарова,3(4000-5990) (GLORY) (металл) (ж),2024-10,2024-10-01 00:00:00,122,факт,прямоугольные_металл_темно-серый_M_L_M
Комарова,3(4000-5990) (GLORY) (металл) (ж),2024-11,2024-11-01 00:00:00,112,факт,прямоугольные_металл_темно-серый_M_L_M
Комарова,3(4000-5990) (GLORY) (металл) (ж),2024-12,2024-12-01 00:00:00,120,факт,прямоугольные_металл_темно-серый_M_L_M
Комарова,3(4000-5990) (GLORY) (металл) (ж),2025-01,2025-01-31 14:45:54,126,прогноз,прямоугольные_металл_темно-серый_M_L_M
Комарова,3(4000-5990) (GLORY) (металл) (ж),2025-02,2025-02-28 14:45:54,126,прогноз,прямоугольные_металл_темно-серый_M_L_M
Комарова,3(4000-5990) (GLORY) (металл) (ж),2025-03,2025-03-31 14:45:54,126,прогноз,прямоугольные_металл_темно-серый_M_L_M
Комарова,3(4000-5990) (GLORY) (металл) (м),2024-03,2024-03-01 00:00:00,139,факт,прямоугольные_металл_темно-серый_M_L_M
Комарова,3(4000-5990) (GLORY) (металл) (м),2024-04,2024-04-01 00:00:00,136,факт,прямоугольные_металл_темно-серый_M_L_M
Комарова,3(4000-5990) (GLORY) (металл) (м),2024-05,2024-05-01 00:00:00,123,факт,прямоугольные_металл_темно-серый_M_L_M
Комарова,3(4000-5990) (GLORY) (металл) (м),2024-06,2024-06-01 00:00:00,137,факт,прямоугольные_металл_темно-серый_M_L_M
Комарова,3(4000-5990) (GLORY) (металл) (м),2024-07,2024-07-01 00:00:00,152,факт,прямоугольные_металл_темно-серый_M_L_M
Комарова,3(4000-5990) (GLORY) (металл) (м),2024-08,2024-08-01 00:00:00,132,факт,прямоугольные_металл_темно-серый_M_L_M
Комарова,3(4000-5990) (GLORY) (металл) (м),2024-09,2024-09-01 00:00:00,111,факт,прямоугольные_металл_темно-серый_M_L_M
Комарова,3(4000-5990) (GLORY) (металл) (м),2024-10,2024-10-01 00:00:00,122,факт,прямоугольные_металл_темно-серый_M_L_M
Комарова,3(4000-5990) (GLORY) (металл) (м),2024-11,2024-11-01 00:00:00,112,факт,прямоугольные_металл_темно-серый_M_L_M
Комарова,3(4000-5990) (GLORY) (металл) (м),2024-12,2024-12-01 00:00:00,120,факт,прямоугольные_металл_темно-серый_M_L_M
Комарова,3(4000-5990) (GLORY) (металл) (м),2025-01,2025-01-31 14:45:54,126,прогноз,прямоугольные_металл_темно-серый_M_L_M
Комарова,3(4000-5990) (GLORY) (металл) (м),2025-02,2025-02-28 14:45:54,126,прогноз,прямоугольные_металл_темно-серый_M_L_M
Комарова,3(4000-5990) (GLORY) (металл) (м),2025-03,2025-03-31 14:45:54,126,прогноз,прямоугольные_металл_темно-серый_M_L_M
Комарова,3(4000-5990) (GLORY) (пластик) (ж),2024-03,2024-03-01 00:00:00,64,факт,овальные_пластик_многоцветный_M_M_L
Комарова,3(4000-5990) (GLORY) (пластик) (ж),2024-04,2024-04-01 00:00:00,65,факт,овальные_пластик_многоцветный_M_M_L
Комарова,3(4000-5990) (GLORY) (пластик) (ж),2024-05,2024-05-01 00:00:00,68,факт,овальные_пластик_многоцветный_M_M_L
Комарова,3(4000-5990) (GLORY) (пластик) (ж),2024-06,2024-06-01 00:00:00,72,факт,овальные_пластик_многоцветный_M_M_L
Комарова,3(4000-5990) (GLORY) (пластик) (ж),2024-07,2024-07-01 00:00:00,89,факт,овальные_пластик_многоцветный_M_M_L
Комарова,3(4000-5990) (GLORY) (пластик) (ж),2024-08,2024-08-01 00:00:00,62,факт,овальные_пластик_многоцветный_M_M_L
Комарова,3(4000-5990) (GLORY) (пластик) (ж),2024-09,2024-09-01 00:00:00,63,факт,овальные_пластик_многоцветный_M_M_L
Комарова,3(4000-5990) (GLORY) (пластик) (ж),2024-10,2024-10-01 00:00:00,42,факт,овальные_пластик_многоцветный_M_M_L
Комарова,3(4000-5990) (GLORY) (пластик) (ж),2024-11,2024-11-01 00:00:00,44,факт,овальные_пластик_многоцветный_M_M_L
Комарова,3(4000-5990) (GLORY) (пластик) (ж),2024-12,2024-12-01 00:00:00,72,факт,овальные_пластик_многоцветный_M_M_L
Комарова,3(4000-5990) (GLORY) (пластик) (ж),2025-01,2025-01-31 14:45:54,55,прогноз,овальные_пластик_многоцветный_M_M_L
Комарова,3(4000-5990) (GLORY) (пластик) (ж),2025-02,2025-02-28 14:45:54,54,прогноз,овальные_пластик_многоцветный_M_M_L
Комарова,3(4000-5990) (GLORY) (пластик) (ж),2025-03,2025-03-31 14:45:54,54,прогноз,овальные_пластик_многоцветный_M_M_L
Комарова,3(4000-5990) (GLORY) (пластик) (м),2024-03,2024-03-01 00:00:00,64,факт,овальные_пластик_многоцветный_M_M_L
Комарова,3(4000-5990) (GLORY) (пластик) (м),2024-04,2024-04-01 00:00:00,65,факт,овальные_пластик_многоцветный_M_M_L
Комарова,3(4000-5990) (GLORY) (пластик) (м),2024-05,2024-05-01 00:00:00,68,факт,овальные_пластик_многоцветный_M_M_L
Комарова,3(4000-5990) (GLORY) (пластик) (м),2024-06,2024-06-01 00:00:00,72,факт,овальные_пластик_многоцветный_M_M_L
Комарова,3(4000-5990) (GLORY) (пластик) (м),2024-07,2024-07-01 00:00:00,89,факт,овальные_пластик_многоцветный_M_M_L
Комарова,3(4000-5990) (GLORY) (пластик) (м),2024-08,2024-08-01 00:00:00,62,факт,овальные_пластик_многоцветный_M_M_L
Комарова,3(4000-5990) (GLORY) (пластик) (м),2024-09,2024-09-01 00:00:00,63,факт,овальные_пластик_многоцветный_M_M_L
Комарова,3(4000-5990) (GLORY) (пластик) (м),2024-10,2024-10-01 00:00:00,42,факт,овальные_пластик_многоцветный_M_M_L
Комарова,3(4000-5990) (GLORY) (пластик) (м),2024-11,2024-11-01 00:00:00,44,факт,овальные_пластик_многоцветный_M_M_L
Комарова,3(4000-5990) (GLORY) (пластик) (м),2024-12,2024-12-01 00:00:00,72,факт,овальные_пластик_многоцветный_M_M_L
Комарова,3(4000-5990) (GLORY) (пластик) (м),2025-01,2025-01-31 14:45:54,55,прогноз,овальные_пластик_многоцветный_M_M_L
Комарова,3(4000-5990) (GLORY) (пластик) (м),2025-02,2025-02-28 14:45:54,54,прогноз,овальные_пластик_многоцветный_M_M_L
Комарова,3(4000-5990) (GLORY) (пластик) (м),2025-03,2025-03-31 14:45:54,54,прогноз,овальные_пластик_многоцветный_M_M_L
Комарова,3(4000-5990) (HUMARS) (ж),2024-03,2024-03-01 00:00:00,212,факт,прямоугольные_металл_темно-серый_M_L_M
Комарова,3(4000-5990) (HUMARS) (ж),2024-04,2024-04-01 00:00:00,206,факт,прямоугольные_металл_темно-серый_M_L_M
Комарова,3(4000-5990) (HUMARS) (ж),2024-05,2024-05-01 00:00:00,191,факт,прямоугольные_металл_темно-серый_M_L_M
Комарова,3(4000-5990) (HUMARS) (ж),2024-06,2024-06-01 00:00:00,213,факт,прямоугольные_металл_темно-серый_M_L_M
Комарова,3(4000-5990) (HUMARS) (ж),2024-07,2024-07-01 00:00:00,243,факт,прямоугольные_металл_темно-серый_M_L_M
Комарова,3(4000-5990) (HUMARS) (ж),2024-08,2024-08-01 00:00:00,201,факт,прямоугольные_металл_темно-серый_M_L_M
Комарова,3(4000-5990) (HUMARS) (ж),2024-09,2024-09-01 00:00:00,176,факт,прямоугольные_металл_темно-серый_M_L_M
Комарова,3(4000-5990) (HUMARS) (ж),2024-10,2024-10-01 00:00:00,168,факт,прямоугольные_металл_темно-серый_M_L_M
Комарова,3(4000-5990) (HUMARS) (ж),2024-11,2024-11-01 00:00:00,158,факт,прямоугольные_металл_темно-серый_M_L_M
Комарова,3(4000-5990) (HUMARS) (ж),2024-12,2024-12-01 00:00:00,192,факт,прямоугольные_металл_темно-серый_M_L_M
Комарова,3(4000-5990) (HUMARS) (ж),2025-01,2025-01-31 14:45:54,185,прогноз,прямоугольные_металл_темно-серый_M_L_M
Комарова,3(4000-5990) (HUMARS) (ж),2025-02,2025-02-28 14:45:54,184,прогноз,прямоугольные_металл_темно-серый_M_L_M
Комарова,3(4000-5990) (HUMARS) (ж),2025-03,2025-03-31 14:45:54,183,прогноз,прямоугольные_металл_темно-серый_M_L_M
Комарова,3(4000-5990) (HUMARS) (м),2024-03,2024-03-01 00:00:00,212,факт,прямоугольные_металл_темно-серый_M_L_M
Комарова,3(4000-5990) (HUMARS) (м),2024-04,2024-04-01 00:00:00,206,факт,прямоугольные_металл_темно-серый_M_L_M
Комарова,3(4000-5990) (HUMARS) (м),2024-05,2024-05-01 00:00:00,191,факт,прямоугольные_металл_темно-серый_M_L_M
Комарова,3(4000-5990) (HUMARS) (м),2024-06,2024-06-01 00:00:00,213,факт,прямоугольные_металл_темно-серый_M_L_M
Комарова,3(4000-5990) (HUMARS) (м),2024-07,2024-07-01 00:00:00,243,факт,прямоугольные_металл_темно-серый_M_L_M
Комарова,3(4000-5990) (HUMARS) (м),2024-08,2024-08-01 00:00:00,201,факт,прямоугольные_металл_темно-серый_M_L_M
Комарова,3(4000-5990) (HUMARS) (м),2024-09,2024-09-01 00:00:00,176,факт,прямоугольные_металл_темно-серый_M_L_M
Комарова,3(4000-5990) (HUMARS) (м),2024-10,2024-10-01 00:00:00,168,факт,прямоугольные_металл_темно-серый_M_L_M
Комарова,3(4000-5990) (HUMARS) (м),2024-11,2024-11-01 00:00:00,158,факт,прямоугольные_металл_темно-серый_M_L_M
Комарова,3(4000-5990) (HUMARS) (м),2024-12,2024-12-01 00:00:00,192,факт,прямоугольные_металл_темно-серый_M_L_M
Комарова,3(4000-5990) (HUMARS) (м),2025-01,2025-01-31 14:45:54,185,прогноз,прямоугольные_металл_темно-серый_M_L_M
Комарова,3(4000-5990) (HUMARS) (м),2025-02,2025-02-28 14:45:54,184,прогноз,прямоугольные_металл_темно-серый_M_L_M
Комарова,3(4000-5990) (HUMARS) (м),2025-03,2025-03-31 14:45:54,183,прогноз,прямоугольные_металл_темно-серый_M_L_M
Комарова,3(4000-5990) (MEGAPOLIS) (ж),2024-03,2024-03-01 00:00:00,212,факт,прямоугольные_металл_темно-серый_M_L_M
Комарова,3(4000-5990) (MEGAPOLIS) (ж),2024-04,2024-04-01 00:00:00,206,факт,прямоугольные_металл_темно-серый_M_L_M
Комарова,3(4000-5990) (MEGAPOLIS) (ж),2024-05,2024-05-01 00:00:00,191,факт,прямоугольные_металл_темно-серый_M_L_M
Комарова,3(4000-5990) (MEGAPOLIS) (ж),2024-06,2024-06-01 00:00:00,213,факт,прямоугольные_металл_темно-серый_M_L_M
Комарова,3(4000-5990) (MEGAPOLIS) (ж),2024-07,2024-07-01 00:00:00,243,факт,прямоугольные_металл_темно-серый_M_L_M
Комарова,3(4000-5990) (MEGAPOLIS) (ж),2024-08,2024-08-01 00:00:00,201,факт,прямоугольные_металл_темно-серый_M_L_M
Комарова,3(4000-5990) (MEGAPOLIS) (ж),2024-09,2024-09-01 00:00:00,176,факт,прямоугольные_металл_темно-серый_M_L_M
Комарова,3(4000-5990) (MEGAPOLIS) (ж),2024-10,2024-10-01 00:00:00,168,факт,прямоугольные_металл_темно-серый_M_L_M
Комарова,3(4000-5990) (MEGAPOLIS) (ж),2024-11,2024-11-01 00:00:00,158,факт,прямоугольные_металл_темно-серый_M_L_M
Комарова,3(4000-5990) (MEGAPOLIS) (ж),2024-12,2024-12-01 00:00:00,192,факт,прямоугольные_металл_темно-серый_M_L_M
Комарова,3(4000-5990) (MEGAPOLIS) (ж),2025-01,2025-01-31 14:45:54,185,прогноз,прямоугольные_металл_темно-серый_M_L_M
Комарова,3(4000-5990) (MEGAPOLIS) (ж),2025-02,2025-02-28 14:45:54,184,прогноз,прямоугольные_металл_темно-серый_M_L_M
Комарова,3(4000-5990) (MEGAPOLIS) (ж),2025-03,2025-03-31 14:45:54,183,прогноз,прямоугольные_металл_темно-серый_M_L_M
Комарова,3(4000-5990) (MEREL/ST.LOUISE) (ж),2024-03,2024-03-01 00:00:00,212,факт,прямоугольные_металл_темно-серый_M_L_M
Комарова,3(4000-5990) (MEREL/ST.LOUISE) (ж),2024-04,2024-04-01 00:00:00,206,факт,прямоугольные_металл_темно-серый_M_L_M
Комарова,3(4000-5990) (MEREL/ST.LOUISE) (ж),2024-05,2024-05-01 00:00:00,191,факт,прямоугольные_металл_темно-серый_M_L_M
Комарова,3(4000-5990) (MEREL/ST.LOUISE) (ж),2024-06,2024-06-01 00:00:00,213,факт,прямоугольные_металл_темно-серый_M_L_M
Комарова,3(4000-5990) (MEREL/ST.LOUISE) (ж),2024-07,2024-07-01 00:00:00,243,факт,прямоугольные_металл_темно-серый_M_L_M
Комарова,3(4000-5990) (MEREL/ST.LOUISE) (ж),2024-08,2024-08-01 00:00:00,201,факт,прямоугольные_металл_темно-серый_M_L_M
Комарова,3(4000-5990) (MEREL/ST.LOUISE) (ж),2024-09,2024-09-01 00:00:00,176,факт,прямоугольные_металл_темно-серый_M_L_M
Комарова,3(4000-5990) (MEREL/ST.LOUISE) (ж),2024-10,2024-10-01 00:00:00,168,факт,прямоугольные_металл_темно-серый_M_L_M
Комарова,3(4000-5990) (MEREL/ST.LOUISE) (ж),2024-11,2024-11-01 00:00:00,158,факт,прямоугольные_металл_темно-серый_M_L_M
Комарова,3(4000-5990) (MEREL/ST.LOUISE) (ж),2024-12,2024-12-01 00:00:00,192,факт,прямоугольные_металл_темно-серый_M_L_M
Комарова,3(4000-5990) (MEREL/ST.LOUISE) (ж),2025-01,2025-01-31 14:45:54,185,прогноз,прямоугольные_металл_темно-серый_M_L_M
Комарова,3(4000-5990) (MEREL/ST.LOUISE) (ж),2025-02,2025-02-28 14:45:54,184,прогноз,прямоугольные_металл_темно-серый_M_L_M
Комарова,3(4000-5990) (MEREL/ST.LOUISE) (ж),2025-03,2025-03-31 14:45:54,183,прогноз,прямоугольные_металл_темно-серый_M_L_M
Комарова,3(4000-5990) (OPTILOOK) (металл) (ж),2024-03,2024-03-01 00:00:00,139,факт,прямоугольные_металл_темно-серый_M_L_M
Комарова,3(4000-5990) (OPTILOOK) (металл) (ж),2024-04,2024-04-01 00:00:00,136,факт,прямоугольные_металл_темно-серый_M_L_M
Комарова,3(4000-5990) (OPTILOOK) (металл) (ж),2024-05,2024-05-01 00:00:00,123,факт,прямоугольные_металл_темно-серый_M_L_M
Комарова,3(4000-5990) (OPTILOOK) (металл) (ж),2024-06,2024-06-01 00:00:00,137,факт,прямоугольные_металл_темно-серый_M_L_M
Комарова,3(4000-5990) (OPTILOOK) (металл) (ж),2024-07,2024-07-01 00:00:00,152,факт,прямоугольные_металл_темно-серый_M_L_M
Комарова,3(4000-5990) (OPTILOOK) (металл) (ж),2024-08,2024-08-01 00:00:00,132,факт,прямоугольные_металл_темно-серый_M_L_M
Комарова,3(4000-5990) (OPTILOOK) (металл) (ж),2024-09,2024-09-01 00:00:00,111,факт,прямоугольные_металл_темно-серый_M_L_M
Комарова,3(4000-5990) (OPTILOOK) (металл) (ж),2024-10,2024-10-01 00:00:00,122,факт,прямоугольные_металл_темно-серый_M_L_M
Комарова,3(4000-5990) (OPTILOOK) (металл) (ж),2024-11,2024-11-01 00:00:00,112,факт,прямоугольные_металл_темно-серый_M_L_M
Комарова,3(4000-5990) (OPTILOOK) (металл) (ж),2024-12,2024-12-01 00:00:00,120,факт,прямоугольные_металл_темно-серый_M_L_M
Комарова,3(4000-5990) (OPTILOOK) (металл) (ж),2025-01,2025-01-31 14:45:54,126,прогноз,прямоугольные_металл_темно-серый_M_L_M
Комарова,3(4000-5990) (OPTILOOK) (металл) (ж),2025-02,2025-02-28 14:45:54,126,прогноз,прямоугольные_металл_темно-серый_M_L_M
Комарова,3(4000-5990) (OPTILOOK) (металл) (ж),2025-03,2025-03-31 14:45:54,126,прогноз,прямоугольные_металл_темно-серый_M_L_M
Комарова,3(4000-5990) (OPTILOOK) (пластик) (ж),2024-03,2024-03-01 00:00:00,64,факт,овальные_пластик_многоцветный_M_M_L
Комарова,3(4000-5990) (OPTILOOK) (пластик) (ж),2024-04,2024-04-01 00:00:00,65,факт,овальные_пластик_многоцветный_M_M_L
Комарова,3(4000-5990) (OPTILOOK) (пластик) (ж),2024-05,2024-05-01 00:00:00,68,факт,овальные_пластик_многоцветный_M_M_L
Комарова,3(4000-5990) (OPTILOOK) (пластик) (ж),2024-06,2024-06-01 00:00:00,72,факт,овальные_пластик_многоцветный_M_M_L
Комарова,3(4000-5990) (OPTILOOK) (пластик) (ж),2024-07,2024-07-01 00:00:00,89,факт,овальные_пластик_многоцветный_M_M_L
Комарова,3(4000-5990) (OPTILOOK) (пластик) (ж),2024-08,2024-08-01 00:00:00,62,факт,овальные_пластик_многоцветный_M_M_L
Комарова,3(4000-5990) (OPTILOOK) (пластик) (ж),2024-09,2024-09-01 00:00:00,63,факт,овальные_пластик_многоцветный_M_M_L
Комарова,3(4000-5990) (OPTILOOK) (пластик) (ж),2024-10,2024-10-01 00:00:00,42,факт,овальные_пластик_многоцветный_M_M_L
Комарова,3(4000-5990) (OPTILOOK) (пластик) (ж),2024-11,2024-11-01 00:00:00,44,факт,овальные_пластик_многоцветный_M_M_L
Комарова,3(4000-5990) (OPTILOOK) (пластик) (ж),2024-12,2024-12-01 00:00:00,72,факт,овальные_пластик_многоцветный_M_M_L
Комарова,3(4000-5990) (OPTILOOK) (пластик) (ж),2025-01,2025-01-31 14:45:54,55,прогноз,овальные_пластик_многоцветный_M_M_L
Комарова,3(4000-5990) (OPTILOOK) (пластик) (ж),2025-02,2025-02-28 14:45:54,54,прогноз,овальные_пластик_многоцветный_M_M_L
Комарова,3(4000-5990) (OPTILOOK) (пластик) (ж),2025-03,2025-03-31 14:45:54,54,прогноз,овальные_пластик_многоцветный_M_M_L
Комарова,3(4000-5990) (OU) (ж),2024-03,2024-03-01 00:00:00,212,факт,прямоугольные_металл_темно-серый_M_L_M
Комарова,3(4000-5990) (OU) (ж),2024-04,2024-04-01 00:00:00,206,факт,прямоугольные_металл_темно-серый_M_L_M
Комарова,3(4000-5990) (OU) (ж),2024-05,2024-05-01 00:00:00,191,факт,прямоугольные_металл_темно-серый_M_L_M
Комарова,3(4000-5990) (OU) (ж),2024-06,2024-06-01 00:00:00,213,факт,прямоугольные_металл_темно-серый_M_L_M
Комарова,3(4000-5990) (OU) (ж),2024-07,2024-07-01 00:00:00,243,факт,прямоугольные_металл_темно-серый_M_L_M
Комарова,3(4000-5990) (OU) (ж),2024-08,2024-08-01 00:00:00,201,факт,прямоугольные_металл_темно-серый_M_L_M
Комарова,3(4000-5990) (OU) (ж),2024-09,2024-09-01 00:00:00,176,факт,прямоугольные_металл_темно-серый_M_L_M
Комарова,3(4000-5990) (OU) (ж),2024-10,2024-10-01 00:00:00,168,факт,прямоугольные_металл_темно-серый_M_L_M
Комарова,3(4000-5990) (OU) (ж),2024-11,2024-11-01 00:00:00,158,факт,прямоугольные_металл_темно-серый_M_L_M
Комарова,3(4000-5990) (OU) (ж),2024-12,2024-12-01 00:00:00,192,факт,прямоугольные_металл_темно-серый_M_L_M
Комарова,3(4000-5990) (OU) (ж),2025-01,2025-01-31 14:45:54,185,прогноз,прямоугольные_металл_темно-серый_M_L_M
Комарова,3(4000-5990) (OU) (ж),2025-02,2025-02-28 14:45:54,184,прогноз,прямоугольные_металл_темно-серый_M_L_M
Комарова,3(4000-5990) (OU) (ж),2025-03,2025-03-31 14:45:54,183,прогноз,прямоугольные_металл_темно-серый_M_L_M
Комарова,3(4000-5990) (OU) (м),2024-03,2024-03-01 00:00:00,212,факт,прямоугольные_металл_темно-серый_M_L_M
Комарова,3(4000-5990) (OU) (м),2024-04,2024-04-01 00:00:00,206,факт,прямоугольные_металл_темно-серый_M_L_M
Комарова,3(4000-5990) (OU) (м),2024-05,2024-05-01 00:00:00,191,факт,прямоугольные_металл_темно-серый_M_L_M
Комарова,3(4000-5990) (OU) (м),2024-06,2024-06-01 00:00:00,213,факт,прямоугольные_металл_темно-серый_M_L_M
Комарова,3(4000-5990) (OU) (м),2024-07,2024-07-01 00:00:00,243,факт,прямоугольные_металл_темно-серый_M_L_M
Комарова,3(4000-5990) (OU) (м),2024-08,2024-08-01 00:00:00,201,факт,прямоугольные_металл_темно-серый_M_L_M
Комарова,3(4000-5990) (OU) (м),2024-09,2024-09-01 00:00:00,176,факт,прямоугольные_металл_темно-серый_M_L_M
Комарова,3(4000-5990) (OU) (м),2024-10,2024-10-01 00:00:00,168,факт,прямоугольные_металл_темно-серый_M_L_M
Комарова,3(4000-5990) (OU) (м),2024-11,2024-11-01 00:00:00,158,факт,прямоугольные_металл_темно-серый_M_L_M
Комарова,3(4000-5990) (OU) (м),2024-12,2024-12-01 00:00:00,192,факт,прямоугольные_металл_темно-серый_M_L_M
Комарова,3(4000-5990) (OU) (м),2025-01,2025-01-31 14:45:54,185,прогноз,прямоугольные_металл_темно-серый_M_L_M
Комарова,3(4000-5990) (OU) (м),2025-02,2025-02-28 14:45:54,184,прогноз,прямоугольные_металл_темно-серый_M_L_M
Комарова,3(4000-5990) (OU) (м),2025-03,2025-03-31 14:45:54,183,прогноз,прямоугольные_металл_темно-серый_M_L_M
Комарова,3(4000-5990) (RICO MIRADO) (ж),2024-03,2024-03-01 00:00:00,212,факт,прямоугольные_металл_темно-серый_M_L_M
Комарова,3(4000-5990) (RICO MIRADO) (ж),2024-04,2024-04-01 00:00:00,206,факт,прямоугольные_металл_темно-серый_M_L_M
Комарова,3(4000-5990) (RICO MIRADO) (ж),2024-05,2024-05-01 00:00:00,191,факт,прямоугольные_металл_темно-серый_M_L_M
Комарова,3(4000-5990) (RICO MIRADO) (ж),2024-06,2024-06-01 00:00:00,213,факт,прямоугольные_металл_темно-серый_M_L_M
Комарова,3(4000-5990) (RICO MIRADO) (ж),2024-07,2024-07-01 00:00:00,243,факт,прямоугольные_металл_темно-серый_M_L_M
Комарова,3(4000-5990) (RICO MIRADO) (ж),2024-08,2024-08-01 00:00:00,201,факт,прямоугольные_металл_темно-серый_M_L_M
Комарова,3(4000-5990) (RICO MIRADO) (ж),2024-09,2024-09-01 00:00:00,176,факт,прямоугольные_металл_темно-серый_M_L_M
Комарова,3(4000-5990) (RICO MIRADO) (ж),2024-10,2024-10-01 00:00:00,168,факт,прямоугольные_металл_темно-серый_M_L_M
Комарова,3(4000-5990) (RICO MIRADO) (ж),2024-11,2024-11-01 00:00:00,158,факт,прямоугольные_металл_темно-серый_M_L_M
Комарова,3(4000-5990) (RICO MIRADO) (ж),2024-12,2024-12-01 00:00:00,192,факт,прямоугольные_металл_темно-серый_M_L_M
Комарова,3(4000-5990) (RICO MIRADO) (ж),2025-01,2025-01-31 14:45:54,185,прогноз,прямоугольные_металл_темно-серый_M_L_M
Комарова,3(4000-5990) (RICO MIRADO) (ж),2025-02,2025-02-28 14:45:54,184,прогноз,прямоугольные_металл_темно-серый_M_L_M
Комарова,3(4000-5990) (RICO MIRADO) (ж),2025-03,2025-03-31 14:45:54,183,прогноз,прямоугольные_металл_темно-серый_M_L_M
Комарова,3(4000-5990) (SENSE EYEWEAR) (ж) хит6,2024-03,2024-03-01 00:00:00,212,факт,прямоугольные_металл_темно-серый_M_L_M
Комарова,3(4000-5990) (SENSE EYEWEAR) (ж) хит6,2024-04,2024-04-01 00:00:00,206,факт,прямоугольные_металл_темно-серый_M_L_M
Комарова,3(4000-5990) (SENSE EYEWEAR) (ж) хит6,2024-05,2024-05-01 00:00:00,191,факт,прямоугольные_металл_темно-серый_M_L_M
Комарова,3(4000-5990) (SENSE EYEWEAR) (ж) хит6,2024-06,2024-06-01 00:00:00,213,факт,прямоугольные_металл_темно-серый_M_L_M
Комарова,3(4000-5990) (SENSE EYEWEAR) (ж) хит6,2024-07,2024-07-01 00:00:00,243,факт,прямоугольные_металл_темно-серый_M_L_M
Комарова,3(4000-5990) (SENSE EYEWEAR) (ж) хит6,2024-08,2024-08-01 00:00:00,201,факт,прямоугольные_металл_темно-серый_M_L_M
Комарова,3(4000-5990) (SENSE EYEWEAR) (ж) хит6,2024-09,2024-09-01 00:00:00,176,факт,прямоугольные_металл_темно-серый_M_L_M
Комарова,3(4000-5990) (SENSE EYEWEAR) (ж) хит6,2024-10,2024-10-01 00:00:00,168,факт,прямоугольные_металл_темно-серый_M_L_M
Комарова,3(4000-5990) (SENSE EYEWEAR) (ж) хит6,2024-11,2024-11-01 00:00:00,158,факт,прямоугольные_металл_темно-серый_M_L_M
Комарова,3(4000-5990) (SENSE EYEWEAR) (ж) хит6,2024-12,2024-12-01 00:00:00,192,факт,прямоугольные_металл_темно-серый_M_L_M
Комарова,3(4000-5990) (SENSE EYEWEAR) (ж) хит6,2025-01,2025-01-31 14:45:54,185,прогноз,прямоугольные_металл_темно-серый_M_L_M
Комарова,3(4000-5990) (SENSE EYEWEAR) (ж) хит6,2025-02,2025-02-28 14:45:54,184,прогноз,прямоугольные_металл_темно-серый_M_L_M
Комарова,3(4000-5990) (SENSE EYEWEAR) (ж) хит6,2025-03,2025-03-31 14:45:54,183,прогноз,прямоугольные_металл_темно-серый_M_L_M
Комарова,3(4000-5990) (SENSE EYEWEAR) (ж)(ме),2024-03,2024-03-01 00:00:00,212,факт,прямоугольные_металл_темно-серый_M_L_M
Комарова,3(4000-5990) (SENSE EYEWEAR) (ж)(ме),2024-04,2024-04-01 00:00:00,206,факт,прямоугольные_металл_темно-серый_M_L_M
Комарова,3(4000-5990) (SENSE EYEWEAR) (ж)(ме),2024-05,2024-05-01 00:00:00,191,факт,прямоугольные_металл_темно-серый_M_L_M
Комарова,3(4000-5990) (SENSE EYEWEAR) (ж)(ме),2024-06,2024-06-01 00:00:00,213,факт,прямоугольные_металл_темно-серый_M_L_M
Комарова,3(4000-5990) (SENSE EYEWEAR) (ж)(ме),2024-07,2024-07-01 00:00:00,243,факт,прямоугольные_металл_темно-серый_M_L_M
Комарова,3(4000-5990) (SENSE EYEWEAR) (ж)(ме),2024-08,2024-08-01 00:00:00,201,факт,прямоугольные_металл_темно-серый_M_L_M
Комарова,3(4000-5990) (SENSE EYEWEAR) (ж)(ме),2024-09,2024-09-01 00:00:00,176,факт,прямоугольные_металл_темно-серый_M_L_M
Комарова,3(4000-5990) (SENSE EYEWEAR) (ж)(ме),2024-10,2024-10-01 00:00:00,168,факт,прямоугольные_металл_темно-серый_M_L_M
Комарова,3(4000-5990) (SENSE EYEWEAR) (ж)(ме),2024-11,2024-11-01 00:00:00,158,факт,прямоугольные_металл_темно-серый_M_L_M
Комарова,3(4000-5990) (SENSE EYEWEAR) (ж)(ме),2024-12,2024-12-01 00:00:00,192,факт,прямоугольные_металл_темно-серый_M_L_M
Комарова,3(4000-5990) (SENSE EYEWEAR) (ж)(ме),2025-01,2025-01-31 14:45:54,185,прогноз,прямоугольные_металл_темно-серый_M_L_M
Комарова,3(4000-5990) (SENSE EYEWEAR) (ж)(ме),2025-02,2025-02-28 14:45:54,184,прогноз,прямоугольные_металл_темно-серый_M_L_M
Комарова,3(4000-5990) (SENSE EYEWEAR) (ж)(ме),2025-03,2025-03-31 14:45:54,183,прогноз,прямоугольные_металл_темно-серый_M_L_M
Комарова,3(4000-5990) (SENSE EYEWEAR) (ж)(пл) ,2024-03,2024-03-01 00:00:00,212,факт,прямоугольные_металл_темно-серый_M_L_M
Комарова,3(4000-5990) (SENSE EYEWEAR) (ж)(пл) ,2024-04,2024-04-01 00:00:00,206,факт,прямоугольные_металл_темно-серый_M_L_M
Комарова,3(4000-5990) (SENSE EYEWEAR) (ж)(пл) ,2024-05,2024-05-01 00:00:00,191,факт,прямоугольные_металл_темно-серый_M_L_M
Комарова,3(4000-5990) (SENSE EYEWEAR) (ж)(пл) ,2024-06,2024-06-01 00:00:00,213,факт,прямоугольные_металл_темно-серый_M_L_M
Комарова,3(4000-5990) (SENSE EYEWEAR) (ж)(пл) ,2024-07,2024-07-01 00:00:00,243,факт,прямоугольные_металл_темно-серый_M_L_M
Комарова,3(4000-5990) (SENSE EYEWEAR) (ж)(пл) ,2024-08,2024-08-01 00:00:00,201,факт,прямоугольные_металл_темно-серый_M_L_M
Комарова,3(4000-5990) (SENSE EYEWEAR) (ж)(пл) ,2024-09,2024-09-01 00:00:00,176,факт,прямоугольные_металл_темно-серый_M_L_M
Комарова,3(4000-5990) (SENSE EYEWEAR) (ж)(пл) ,2024-10,2024-10-01 00:00:00,168,факт,прямоугольные_металл_темно-серый_M_L_M
Комарова,3(4000-5990) (SENSE EYEWEAR) (ж)(пл) ,2024-11,2024-11-01 00:00:00,158,факт,прямоугольные_металл_темно-серый_M_L_M
Комарова,3(4000-5990) (SENSE EYEWEAR) (ж)(пл) ,2024-12,2024-12-01 00:00:00,192,факт,прямоугольные_металл_темно-серый_M_L_M
Комарова,3(4000-5990) (SENSE EYEWEAR) (ж)(пл) ,2025-01,2025-01-31 14:45:54,185,прогноз,прямоугольные_металл_темно-серый_M_L_M
Комарова,3(4000-5990) (SENSE EYEWEAR) (ж)(пл) ,2025-02,2025-02-28 14:45:54,184,прогноз,прямоугольные_металл_темно-серый_M_L_M
Комарова,3(4000-5990) (SENSE EYEWEAR) (ж)(пл) ,2025-03,2025-03-31 14:45:54,183,прогноз,прямоугольные_металл_темно-серый_M_L_M
Комарова,3(4000-5990) (SENSE EYEWEAR) (м),2024-03,2024-03-01 00:00:00,212,факт,прямоугольные_металл_темно-серый_M_L_M
Комарова,3(4000-5990) (SENSE EYEWEAR) (м),2024-04,2024-04-01 00:00:00,206,факт,прямоугольные_металл_темно-серый_M_L_M
Комарова,3(4000-5990) (SENSE EYEWEAR) (м),2024-05,2024-05-01 00:00:00,191,факт,прямоугольные_металл_темно-серый_M_L_M
Комарова,3(4000-5990) (SENSE EYEWEAR) (м),2024-06,2024-06-01 00:00:00,213,факт,прямоугольные_металл_темно-серый_M_L_M
Комарова,3(4000-5990) (SENSE EYEWEAR) (м),2024-07,2024-07-01 00:00:00,243,факт,прямоугольные_металл_темно-серый_M_L_M
Комарова,3(4000-5990) (SENSE EYEWEAR) (м),2024-08,2024-08-01 00:00:00,201,факт,прямоугольные_металл_темно-серый_M_L_M
Комарова,3(4000-5990) (SENSE EYEWEAR) (м),2024-09,2024-09-01 00:00:00,176,факт,прямоугольные_металл_темно-серый_M_L_M
Комарова,3(4000-5990) (SENSE EYEWEAR) (м),2024-10,2024-10-01 00:00:00,168,факт,прямоугольные_металл_темно-серый_M_L_M
Комарова,3(4000-5990) (SENSE EYEWEAR) (м),2024-11,2024-11-01 00:00:00,158,факт,прямоугольные_металл_темно-серый_M_L_M
Комарова,3(4000-5990) (SENSE EYEWEAR) (м),2024-12,2024-12-01 00:00:00,192,факт,прямоугольные_металл_темно-серый_M_L_M
Комарова,3(4000-5990) (SENSE EYEWEAR) (м),2025-01,2025-01-31 14:45:54,185,прогноз,прямоугольные_металл_темно-серый_M_L_M
Комарова,3(4000-5990) (SENSE EYEWEAR) (м),2025-02,2025-02-28 14:45:54,184,прогноз,прямоугольные_металл_темно-серый_M_L_M
Комарова,3(4000-5990) (SENSE EYEWEAR) (м),2025-03,2025-03-31 14:45:54,183,прогноз,прямоугольные_металл_темно-серый_M_L_M
Комарова,3(4000-5990) (SENSE EYEWEAR) (м) хит4,2024-03,2024-03-01 00:00:00,212,факт,прямоугольные_металл_темно-серый_M_L_M
Комарова,3(4000-5990) (SENSE EYEWEAR) (м) хит4,2024-04,2024-04-01 00:00:00,206,факт,прямоугольные_металл_темно-серый_M_L_M
Комарова,3(4000-5990) (SENSE EYEWEAR) (м) хит4,2024-05,2024-05-01 00:00:00,191,факт,прямоугольные_металл_темно-серый_M_L_M
Комарова,3(4000-5990) (SENSE EYEWEAR) (м) хит4,2024-06,2024-06-01 00:00:00,213,факт,прямоугольные_металл_темно-серый_M_L_M
Комарова,3(4000-5990) (SENSE EYEWEAR) (м) хит4,2024-07,2024-07-01 00:00:00,243,факт,прямоугольные_металл_темно-серый_M_L_M
Комарова,3(4000-5990) (SENSE EYEWEAR) (м) хит4,2024-08,2024-08-01 00:00:00,201,факт,прямоугольные_металл_темно-серый_M_L_M
Комарова,3(4000-5990) (SENSE EYEWEAR) (м) хит4,2024-09,2024-09-01 00:00:00,176,факт,прямоугольные_металл_темно-серый_M_L_M
Комарова,3(4000-5990) (SENSE EYEWEAR) (м) хит4,2024-10,2024-10-01 00:00:00,168,факт,прямоугольные_металл_темно-серый_M_L_M
Комарова,3(4000-5990) (SENSE EYEWEAR) (м) хит4,2024-11,2024-11-01 00:00:00,158,факт,прямоугольные_металл_темно-серый_M_L_M
Комарова,3(4000-5990) (SENSE EYEWEAR) (м) хит4,2024-12,2024-12-01 00:00:00,192,факт,прямоугольные_металл_темно-серый_M_L_M
Комарова,3(4000-5990) (SENSE EYEWEAR) (м) хит4,2025-01,2025-01-31 14:45:54,185,прогноз,прямоугольные_металл_темно-серый_M_L_M
Комарова,3(4000-5990) (SENSE EYEWEAR) (м) хит4,2025-02,2025-02-28 14:45:54,184,прогноз,прямоугольные_металл_темно-серый_M_L_M
Комарова,3(4000-5990) (SENSE EYEWEAR) (м) хит4,2025-03,2025-03-31 14:45:54,183,прогноз,прямоугольные_металл_темно-серый_M_L_M
Комарова,3(4000-5990) (SENSE EYEWEAR) (у)(titan NB),2024-03,2024-03-01 00:00:00,212,факт,прямоугольные_металл_темно-серый_M_L_M
Комарова,3(4000-5990) (SENSE EYEWEAR) (у)(titan NB),2024-04,2024-04-01 00:00:00,206,факт,прямоугольные_металл_темно-серый_M_L_M
Комарова,3(4000-5990) (SENSE EYEWEAR) (у)(titan NB),2024-05,2024-05-01 00:00:00,191,факт,прямоугольные_металл_темно-серый_M_L_M
Комарова,3(4000-5990) (SENSE EYEWEAR) (у)(titan NB),2024-06,2024-06-01 00:00:00,213,факт,прямоугольные_металл_темно-серый_M_L_M
Комарова,3(4000-5990) (SENSE EYEWEAR) (у)(titan NB),2024-07,2024-07-01 00:00:00,243,факт,прямоугольные_металл_темно-серый_M_L_M
Комарова,3(4000-5990) (SENSE EYEWEAR) (у)(titan NB),2024-08,2024-08-01 00:00:00,201,факт,прямоугольные_металл_темно-серый_M_L_M
Комарова,3(4000-5990) (SENSE EYEWEAR) (у)(titan NB),2024-09,2024-09-01 00:00:00,176,факт,прямоугольные_металл_темно-серый_M_L_M
Комарова,3(4000-5990) (SENSE EYEWEAR) (у)(titan NB),2024-10,2024-10-01 00:00:00,168,факт,прямоугольные_металл_темно-серый_M_L_M
Комарова,3(4000-5990) (SENSE EYEWEAR) (у)(titan NB),2024-11,2024-11-01 00:00:00,158,факт,прямоугольные_металл_темно-серый_M_L_M
Комарова,3(4000-5990) (SENSE EYEWEAR) (у)(titan NB),2024-12,2024-12-01 00:00:00,192,факт,прямоугольные_металл_темно-серый_M_L_M
Комарова,3(4000-5990) (SENSE EYEWEAR) (у)(titan NB),2025-01,2025-01-31 14:45:54,185,прогноз,прямоугольные_металл_темно-серый_M_L_M
Комарова,3(4000-5990) (SENSE EYEWEAR) (у)(titan NB),2025-02,2025-02-28 14:45:54,184,прогноз,прямоугольные_металл_темно-серый_M_L_M
Комарова,3(4000-5990) (SENSE EYEWEAR) (у)(titan NB),2025-03,2025-03-31 14:45:54,183,прогноз,прямоугольные_металл_темно-серый_M_L_M
Комарова,4(6000-9990) (BULGET) (ж),2024-03,2024-03-01 00:00:00,212,факт,прямоугольные_металл_темно-серый_M_L_M
Комарова,4(6000-9990) (BULGET) (ж),2024-04,2024-04-01 00:00:00,206,факт,прямоугольные_металл_темно-серый_M_L_M
Комарова,4(6000-9990) (BULGET) (ж),2024-05,2024-05-01 00:00:00,191,факт,прямоугольные_металл_темно-серый_M_L_M
Комарова,4(6000-9990) (BULGET) (ж),2024-06,2024-06-01 00:00:00,213,факт,прямоугольные_металл_темно-серый_M_L_M
Комарова,4(6000-9990) (BULGET) (ж),2024-07,2024-07-01 00:00:00,243,факт,прямоугольные_металл_темно-серый_M_L_M
Комарова,4(6000-9990) (BULGET) (ж),2024-08,2024-08-01 00:00:00,201,факт,прямоугольные_металл_темно-серый_M_L_M
Комарова,4(6000-9990) (BULGET) (ж),2024-09,2024-09-01 00:00:00,176,факт,прямоугольные_металл_темно-серый_M_L_M
Комарова,4(6000-9990) (BULGET) (ж),2024-10,2024-10-01 00:00:00,168,факт,прямоугольные_металл_темно-серый_M_L_M
Комарова,4(6000-9990) (BULGET) (ж),2024-11,2024-11-01 00:00:00,158,факт,прямоугольные_металл_темно-серый_M_L_M
Комарова,4(6000-9990) (BULGET) (ж),2024-12,2024-12-01 00:00:00,192,факт,прямоугольные_металл_темно-серый_M_L_M
Комарова,4(6000-9990) (BULGET) (ж),2025-01,2025-01-31 14:45:54,185,прогноз,прямоугольные_металл_темно-серый_M_L_M
Комарова,4(6000-9990) (BULGET) (ж),2025-02,2025-02-28 14:45:54,184,прогноз,прямоугольные_металл_темно-серый_M_L_M
Комарова,4(6000-9990) (BULGET) (ж),2025-03,2025-03-31 14:45:54,183,прогноз,прямоугольные_металл_темно-серый_M_L_M
Комарова,4(6000-9990) (BULGET) (м),2024-03,2024-03-01 00:00:00,212,факт,прямоугольные_металл_темно-серый_M_L_M
Комарова,4(6000-9990) (BULGET) (м),2024-04,2024-04-01 00:00:00,206,факт,прямоугольные_металл_темно-серый_M_L_M
Комарова,4(6000-9990) (BULGET) (м),2024-05,2024-05-01 00:00:00,191,факт,прямоугольные_металл_темно-серый_M_L_M
Комарова,4(6000-9990) (BULGET) (м),2024-06,2024-06-01 00:00:00,213,факт,прямоугольные_металл_темно-серый_M_L_M
Комарова,4(6000-9990) (BULGET) (м),2024-07,2024-07-01 00:00:00,243,факт,прямоугольные_металл_темно-серый_M_L_M
Комарова,4(6000-9990) (BULGET) (м),2024-08,2024-08-01 00:00:00,201,факт,прямоугольные_металл_темно-серый_M_L_M
Комарова,4(6000-9990) (BULGET) (м),2024-09,2024-09-01 00:00:00,176,факт,прямоугольные_металл_темно-серый_M_L_M
Комарова,4(6000-9990) (BULGET) (м),2024-10,2024-10-01 00:00:00,168,факт,прямоугольные_металл_темно-серый_M_L_M
Комарова,4(6000-9990) (BULGET) (м),2024-11,2024-11-01 00:00:00,158,факт,прямоугольные_металл_темно-серый_M_L_M
Комарова,4(6000-9990) (BULGET) (м),2024-12,2024-12-01 00:00:00,192,факт,прямоугольные_металл_темно-серый_M_L_M
Комарова,4(6000-9990) (BULGET) (м),2025-01,2025-01-31 14:45:54,185,прогноз,прямоугольные_металл_темно-серый_M_L_M
Комарова,4(6000-9990) (BULGET) (м),2025-02,2025-02-28 14:45:54,184,прогноз,прямоугольные_металл_темно-серый_M_L_M
Комарова,4(6000-9990) (BULGET) (м),2025-03,2025-03-31 14:45:54,183,прогноз,прямоугольные_металл_темно-серый_M_L_M
Комарова,4(6000-9990) (ELFSPIRIT) (ж),2024-03,2024-03-01 00:00:00,212,факт,прямоугольные_металл_темно-серый_M_L_M
Комарова,4(6000-9990) (ELFSPIRIT) (ж),2024-04,2024-04-01 00:00:00,206,факт,прямоугольные_металл_темно-серый_M_L_M
Комарова,4(6000-9990) (ELFSPIRIT) (ж),2024-05,2024-05-01 00:00:00,191,факт,прямоугольные_металл_темно-серый_M_L_M
Комарова,4(6000-9990) (ELFSPIRIT) (ж),2024-06,2024-06-01 00:00:00,213,факт,прямоугольные_металл_темно-серый_M_L_M
Комарова,4(6000-9990) (ELFSPIRIT) (ж),2024-07,2024-07-01 00:00:00,243,факт,прямоугольные_металл_темно-серый_M_L_M
Комарова,4(6000-9990) (ELFSPIRIT) (ж),2024-08,2024-08-01 00:00:00,201,факт,прямоугольные_металл_темно-серый_M_L_M
Комарова,4(6000-9990) (ELFSPIRIT) (ж),2024-09,2024-09-01 00:00:00,176,факт,прямоугольные_металл_темно-серый_M_L_M
Комарова,4(6000-9990) (ELFSPIRIT) (ж),2024-10,2024-10-01 00:00:00,168,факт,прямоугольные_металл_темно-серый_M_L_M
Комарова,4(6000-9990) (ELFSPIRIT) (ж),2024-11,2024-11-01 00:00:00,158,факт,прямоугольные_металл_темно-серый_M_L_M
Комарова,4(6000-9990) (ELFSPIRIT) (ж),2024-12,2024-12-01 00:00:00,192,факт,прямоугольные_металл_темно-серый_M_L_M
Комарова,4(6000-9990) (ELFSPIRIT) (ж),2025-01,2025-01-31 14:45:54,185,прогноз,прямоугольные_металл_темно-серый_M_L_M
Комарова,4(6000-9990) (ELFSPIRIT) (ж),2025-02,2025-02-28 14:45:54,184,прогноз,прямоугольные_металл_темно-серый_M_L_M
Комарова,4(6000-9990) (ELFSPIRIT) (ж),2025-03,2025-03-31 14:45:54,183,прогноз,прямоугольные_металл_темно-серый_M_L_M
Комарова,4(6000-9990) (ELFSPIRIT) (м),2024-03,2024-03-01 00:00:00,212,факт,прямоугольные_металл_темно-серый_M_L_M
Комарова,4(6000-9990) (ELFSPIRIT) (м),2024-04,2024-04-01 00:00:00,206,факт,прямоугольные_металл_темно-серый_M_L_M
Комарова,4(6000-9990) (ELFSPIRIT) (м),2024-05,2024-05-01 00:00:00,191,факт,прямоугольные_металл_темно-серый_M_L_M
Комарова,4(6000-9990) (ELFSPIRIT) (м),2024-06,2024-06-01 00:00:00,213,факт,прямоугольные_металл_темно-серый_M_L_M
Комарова,4(6000-9990) (ELFSPIRIT) (м),2024-07,2024-07-01 00:00:00,243,факт,прямоугольные_металл_темно-серый_M_L_M
Комарова,4(6000-9990) (ELFSPIRIT) (м),2024-08,2024-08-01 00:00:00,201,факт,прямоугольные_металл_темно-серый_M_L_M
Комарова,4(6000-9990) (ELFSPIRIT) (м),2024-09,2024-09-01 00:00:00,176,факт,прямоугольные_металл_темно-серый_M_L_M
Комарова,4(6000-9990) (ELFSPIRIT) (м),2024-10,2024-10-01 00:00:00,168,факт,прямоугольные_металл_темно-серый_M_L_M
Комарова,4(6000-9990) (ELFSPIRIT) (м),2024-11,2024-11-01 00:00:00,158,факт,прямоугольные_металл_темно-серый_M_L_M
Комарова,4(6000-9990) (ELFSPIRIT) (м),2024-12,2024-12-01 00:00:00,192,факт,прямоугольные_металл_темно-серый_M_L_M
Комарова,4(6000-9990) (ELFSPIRIT) (м),2025-01,2025-01-31 14:45:54,185,прогноз,прямоугольные_металл_темно-серый_M_L_M
Комарова,4(6000-9990) (ELFSPIRIT) (м),2025-02,2025-02-28 14:45:54,184,прогноз,прямоугольные_металл_темно-серый_M_L_M
Комарова,4(6000-9990) (ELFSPIRIT) (м),2025-03,2025-03-31 14:45:54,183,прогноз,прямоугольные_металл_темно-серый_M_L_M
Комарова,4(6000-9990) (ENNI MARCO) (ж),2024-03,2024-03-01 00:00:00,212,факт,прямоугольные_металл_темно-серый_M_L_M
Комарова,4(6000-9990) (ENNI MARCO) (ж),2024-04,2024-04-01 00:00:00,206,факт,прямоугольные_металл_темно-серый_M_L_M
Комарова,4(6000-9990) (ENNI MARCO) (ж),2024-05,2024-05-01 00:00:00,191,факт,прямоугольные_металл_темно-серый_M_L_M
Комарова,4(6000-9990) (ENNI MARCO) (ж),2024-06,2024-06-01 00:00:00,213,факт,прямоугольные_металл_темно-серый_M_L_M
Комарова,4(6000-9990) (ENNI MARCO) (ж),2024-07,2024-07-01 00:00:00,243,факт,прямоугольные_металл_темно-серый_M_L_M
Комарова,4(6000-9990) (ENNI MARCO) (ж),2024-08,2024-08-01 00:00:00,201,факт,прямоугольные_металл_темно-серый_M_L_M
Комарова,4(6000-9990) (ENNI MARCO) (ж),2024-09,2024-09-01 00:00:00,176,факт,прямоугольные_металл_темно-серый_M_L_M
Комарова,4(6000-9990) (ENNI MARCO) (ж),2024-10,2024-10-01 00:00:00,168,факт,прямоугольные_металл_темно-серый_M_L_M
Комарова,4(6000-9990) (ENNI MARCO) (ж),2024-11,2024-11-01 00:00:00,158,факт,прямоугольные_металл_темно-серый_M_L_M
Комарова,4(6000-9990) (ENNI MARCO) (ж),2024-12,2024-12-01 00:00:00,192,факт,прямоугольные_металл_темно-серый_M_L_M
Комарова,4(6000-9990) (ENNI MARCO) (ж),2025-01,2025-01-31 14:45:54,185,прогноз,прямоугольные_металл_темно-серый_M_L_M
Комарова,4(6000-9990) (ENNI MARCO) (ж),2025-02,2025-02-28 14:45:54,184,прогноз,прямоугольные_металл_темно-серый_M_L_M
Комарова,4(6000-9990) (ENNI MARCO) (ж),2025-03,2025-03-31 14:45:54,183,прогноз,прямоугольные_металл_темно-серый_M_L_M
Комарова,4(6000-9990) (ENNI MARCO) (м),2024-03,2024-03-01 00:00:00,212,факт,прямоугольные_металл_темно-серый_M_L_M
Комарова,4(6000-9990) (ENNI MARCO) (м),2024-04,2024-04-01 00:00:00,206,факт,прямоугольные_металл_темно-серый_M_L_M
Комарова,4(6000-9990) (ENNI MARCO) (м),2024-05,2024-05-01 00:00:00,191,факт,прямоугольные_металл_темно-серый_M_L_M
Комарова,4(6000-9990) (ENNI MARCO) (м),2024-06,2024-06-01 00:00:00,213,факт,прямоугольные_металл_темно-серый_M_L_M
Комарова,4(6000-9990) (ENNI MARCO) (м),2024-07,2024-07-01 00:00:00,243,факт,прямоугольные_металл_темно-серый_M_L_M
Комарова,4(6000-9990) (ENNI MARCO) (м),2024-08,2024-08-01 00:00:00,201,факт,прямоугольные_металл_темно-серый_M_L_M
Комарова,4(6000-9990) (ENNI MARCO) (м),2024-09,2024-09-01 00:00:00,176,факт,прямоугольные_металл_темно-серый_M_L_M
Комарова,4(6000-9990) (ENNI MARCO) (м),2024-10,2024-10-01 00:00:00,168,факт,прямоугольные_металл_темно-серый_M_L_M
Комарова,4(6000-9990) (ENNI MARCO) (м),2024-11,2024-11-01 00:00:00,158,факт,прямоугольные_металл_темно-серый_M_L_M
Комарова,4(6000-9990) (ENNI MARCO) (м),2024-12,2024-12-01 00:00:00,192,факт,прямоугольные_металл_темно-серый_M_L_M
Комарова,4(6000-9990) (ENNI MARCO) (м),2025-01,2025-01-31 14:45:54,185,прогноз,прямоугольные_металл_темно-серый_M_L_M
Комарова,4(6000-9990) (ENNI MARCO) (м),2025-02,2025-02-28 14:45:54,184,прогноз,прямоугольные_металл_темно-серый_M_L_M
Комарова,4(6000-9990) (ENNI MARCO) (м),2025-03,2025-03-31 14:45:54,183,прогноз,прямоугольные_металл_темно-серый_M_L_M
Комарова,4(6000-9990) (MEGAPOLIS) (м),2024-03,2024-03-01 00:00:00,212,факт,прямоугольные_металл_темно-серый_M_L_M
Комарова,4(6000-9990) (MEGAPOLIS) (м),2024-04,2024-04-01 00:00:00,206,факт,прямоугольные_металл_темно-серый_M_L_M
Комарова,4(6000-9990) (MEGAPOLIS) (м),2024-05,2024-05-01 00:00:00,191,факт,прямоугольные_металл_темно-серый_M_L_M
Комарова,4(6000-9990) (MEGAPOLIS) (м),2024-06,2024-06-01 00:00:00,213,факт,прямоугольные_металл_темно-серый_M_L_M
Комарова,4(6000-9990) (MEGAPOLIS) (м),2024-07,2024-07-01 00:00:00,243,факт,прямоугольные_металл_темно-серый_M_L_M
Комарова,4(6000-9990) (MEGAPOLIS) (м),2024-08,2024-08-01 00:00:00,201,факт,прямоугольные_металл_темно-серый_M_L_M
Комарова,4(6000-9990) (MEGAPOLIS) (м),2024-09,2024-09-01 00:00:00,176,факт,прямоугольные_металл_темно-серый_M_L_M
Комарова,4(6000-9990) (MEGAPOLIS) (м),2024-10,2024-10-01 00:00:00,168,факт,прямоугольные_металл_темно-серый_M_L_M
Комарова,4(6000-9990) (MEGAPOLIS) (м),2024-11,2024-11-01 00:00:00,158,факт,прямоугольные_металл_темно-серый_M_L_M
Комарова,4(6000-9990) (MEGAPOLIS) (м),2024-12,2024-12-01 00:00:00,192,факт,прямоугольные_металл_темно-серый_M_L_M
Комарова,4(6000-9990) (MEGAPOLIS) (м),2025-01,2025-01-31 14:45:54,185,прогноз,прямоугольные_металл_темно-серый_M_L_M
Комарова,4(6000-9990) (MEGAPOLIS) (м),2025-02,2025-02-28 14:45:54,184,прогноз,прямоугольные_металл_темно-серый_M_L_M
Комарова,4(6000-9990) (MEGAPOLIS) (м),2025-03,2025-03-31 14:45:54,183,прогноз,прямоугольные_металл_темно-серый_M_L_M
Комарова,4(6000-9990) (NEOLOOK) (м),2024-03,2024-03-01 00:00:00,212,факт,прямоугольные_металл_темно-серый_M_L_M
Комарова,4(6000-9990) (NEOLOOK) (м),2024-04,2024-04-01 00:00:00,206,факт,прямоугольные_металл_темно-серый_M_L_M
Комарова,4(6000-9990) (NEOLOOK) (м),2024-05,2024-05-01 00:00:00,191,факт,прямоугольные_металл_темно-серый_M_L_M
Комарова,4(6000-9990) (NEOLOOK) (м),2024-06,2024-06-01 00:00:00,213,факт,прямоугольные_металл_темно-серый_M_L_M
Комарова,4(6000-9990) (NEOLOOK) (м),2024-07,2024-07-01 00:00:00,243,факт,прямоугольные_металл_темно-серый_M_L_M
Комарова,4(6000-9990) (NEOLOOK) (м),2024-08,2024-08-01 00:00:00,201,факт,прямоугольные_металл_темно-серый_M_L_M
Комарова,4(6000-9990) (NEOLOOK) (м),2024-09,2024-09-01 00:00:00,176,факт,прямоугольные_металл_темно-серый_M_L_M
Комарова,4(6000-9990) (NEOLOOK) (м),2024-10,2024-10-01 00:00:00,168,факт,прямоугольные_металл_темно-серый_M_L_M
Комарова,4(6000-9990) (NEOLOOK) (м),2024-11,2024-11-01 00:00:00,158,факт,прямоугольные_металл_темно-серый_M_L_M
Комарова,4(6000-9990) (NEOLOOK) (м),2024-12,2024-12-01 00:00:00,192,факт,прямоугольные_металл_темно-серый_M_L_M
Комарова,4(6000-9990) (NEOLOOK) (м),2025-01,2025-01-31 14:45:54,185,прогноз,прямоугольные_металл_темно-серый_M_L_M
Комарова,4(6000-9990) (NEOLOOK) (м),2025-02,2025-02-28 14:45:54,184,прогноз,прямоугольные_металл_темно-серый_M_L_M
Комарова,4(6000-9990) (NEOLOOK) (м),2025-03,2025-03-31 14:45:54,183,прогноз,прямоугольные_металл_темно-серый_M_L_M
Комарова,4(6000-9990) (OU) (ж),2024-03,2024-03-01 00:00:00,212,факт,прямоугольные_металл_темно-серый_M_L_M
Комарова,4(6000-9990) (OU) (ж),2024-04,2024-04-01 00:00:00,206,факт,прямоугольные_металл_темно-серый_M_L_M
Комарова,4(6000-9990) (OU) (ж),2024-05,2024-05-01 00:00:00,191,факт,прямоугольные_металл_темно-серый_M_L_M
Комарова,4(6000-9990) (OU) (ж),2024-06,2024-06-01 00:00:00,213,факт,прямоугольные_металл_темно-серый_M_L_M
Комарова,4(6000-9990) (OU) (ж),2024-07,2024-07-01 00:00:00,243,факт,прямоугольные_металл_темно-серый_M_L_M
Комарова,4(6000-9990) (OU) (ж),2024-08,2024-08-01 00:00:00,201,факт,прямоугольные_металл_темно-серый_M_L_M
Комарова,4(6000-9990) (OU) (ж),2024-09,2024-09-01 00:00:00,176,факт,прямоугольные_металл_темно-серый_M_L_M
Комарова,4(6000-9990) (OU) (ж),2024-10,2024-10-01 00:00:00,168,факт,прямоугольные_металл_темно-серый_M_L_M
Комарова,4(6000-9990) (OU) (ж),2024-11,2024-11-01 00:00:00,158,факт,прямоугольные_металл_темно-серый_M_L_M
Комарова,4(6000-9990) (OU) (ж),2024-12,2024-12-01 00:00:00,192,факт,прямоугольные_металл_темно-серый_M_L_M
Комарова,4(6000-9990) (OU) (ж),2025-01,2025-01-31 14:45:54,185,прогноз,прямоугольные_металл_темно-серый_M_L_M
Комарова,4(6000-9990) (OU) (ж),2025-02,2025-02-28 14:45:54,184,прогноз,прямоугольные_металл_темно-серый_M_L_M
Комарова,4(6000-9990) (OU) (ж),2025-03,2025-03-31 14:45:54,183,прогноз,прямоугольные_металл_темно-серый_M_L_M
Комарова,4(6000-9990) (OU) (м),2024-03,2024-03-01 00:00:00,212,факт,прямоугольные_металл_темно-серый_M_L_M
Комарова,4(6000-9990) (OU) (м),2024-04,2024-04-01 00:00:00,206,факт,прямоугольные_металл_темно-серый_M_L_M
Комарова,4(6000-9990) (OU) (м),2024-05,2024-05-01 00:00:00,191,факт,прямоугольные_металл_темно-серый_M_L_M
Комарова,4(6000-9990) (OU) (м),2024-06,2024-06-01 00:00:00,213,факт,прямоугольные_металл_темно-серый_M_L_M
Комарова,4(6000-9990) (OU) (м),2024-07,2024-07-01 00:00:00,243,факт,прямоугольные_металл_темно-серый_M_L_M
Комарова,4(6000-9990) (OU) (м),2024-08,2024-08-01 00:00:00,201,факт,прямоугольные_металл_темно-серый_M_L_M
Комарова,4(6000-9990) (OU) (м),2024-09,2024-09-01 00:00:00,176,факт,прямоугольные_металл_темно-серый_M_L_M
Комарова,4(6000-9990) (OU) (м),2024-10,2024-10-01 00:00:00,168,факт,прямоугольные_металл_темно-серый_M_L_M
Комарова,4(6000-9990) (OU) (м),2024-11,2024-11-01 00:00:00,158,факт,прямоугольные_металл_темно-серый_M_L_M
Комарова,4(6000-9990) (OU) (м),2024-12,2024-12-01 00:00:00,192,факт,прямоугольные_металл_темно-серый_M_L_M
Комарова,4(6000-9990) (OU) (м),2025-01,2025-01-31 14:45:54,185,прогноз,прямоугольные_металл_темно-серый_M_L_M
Комарова,4(6000-9990) (OU) (м),2025-02,2025-02-28 14:45:54,184,прогноз,прямоугольные_металл_темно-серый_M_L_M
Комарова,4(6000-9990) (OU) (м),2025-03,2025-03-31 14:45:54,183,прогноз,прямоугольные_металл_темно-серый_M_L_M
Комарова,4(6000-9990) (SEEBLING титановые) (ж) ,2024-03,2024-03-01 00:00:00,212,факт,прямоугольные_металл_темно-серый_M_L_M
Комарова,4(6000-9990) (SEEBLING титановые) (ж) ,2024-04,2024-04-01 00:00:00,206,факт,прямоугольные_металл_темно-серый_M_L_M
Комарова,4(6000-9990) (SEEBLING титановые) (ж) ,2024-05,2024-05-01 00:00:00,191,факт,прямоугольные_металл_темно-серый_M_L_M
Комарова,4(6000-9990) (SEEBLING титановые) (ж) ,2024-06,2024-06-01 00:00:00,213,факт,прямоугольные_металл_темно-серый_M_L_M
Комарова,4(6000-9990) (SEEBLING титановые) (ж) ,2024-07,2024-07-01 00:00:00,243,факт,прямоугольные_металл_темно-серый_M_L_M
Комарова,4(6000-9990) (SEEBLING титановые) (ж) ,2024-08,2024-08-01 00:00:00,201,факт,прямоугольные_металл_темно-серый_M_L_M
Комарова,4(6000-9990) (SEEBLING титановые) (ж) ,2024-09,2024-09-01 00:00:00,176,факт,прямоугольные_металл_темно-серый_M_L_M
Комарова,4(6000-9990) (SEEBLING титановые) (ж) ,2024-10,2024-10-01 00:00:00,168,факт,прямоугольные_металл_темно-серый_M_L_M
Комарова,4(6000-9990) (SEEBLING титановые) (ж) ,2024-11,2024-11-01 00:00:00,158,факт,прямоугольные_металл_темно-серый_M_L_M
Комарова,4(6000-9990) (SEEBLING титановые) (ж) ,2024-12,2024-12-01 00:00:00,192,факт,прямоугольные_металл_темно-серый_M_L_M
Комарова,4(6000-9990) (SEEBLING титановые) (ж) ,2025-01,2025-01-31 14:45:54,185,прогноз,прямоугольные_металл_темно-серый_M_L_M
Комарова,4(6000-9990) (SEEBLING титановые) (ж) ,2025-02,2025-02-28 14:45:54,184,прогноз,прямоугольные_металл_темно-серый_M_L_M
Комарова,4(6000-9990) (SEEBLING титановые) (ж) ,2025-03,2025-03-31 14:45:54,183,прогноз,прямоугольные_металл_темно-серый_M_L_M
Комарова,4(6000-9990) (SEEBLING титановые) (м) ,2024-03,2024-03-01 00:00:00,212,факт,прямоугольные_металл_темно-серый_M_L_M
Комарова,4(6000-9990) (SEEBLING титановые) (м) ,2024-04,2024-04-01 00:00:00,206,факт,прямоугольные_металл_темно-серый_M_L_M
Комарова,4(6000-9990) (SEEBLING титановые) (м) ,2024-05,2024-05-01 00:00:00,191,факт,прямоугольные_металл_темно-серый_M_L_M
Комарова,4(6000-9990) (SEEBLING титановые) (м) ,2024-06,2024-06-01 00:00:00,213,факт,прямоугольные_металл_темно-серый_M_L_M
Комарова,4(6000-9990) (SEEBLING титановые) (м) ,2024-07,2024-07-01 00:00:00,243,факт,прямоугольные_металл_темно-серый_M_L_M
Комарова,4(6000-9990) (SEEBLING титановые) (м) ,2024-08,2024-08-01 00:00:00,201,факт,прямоугольные_металл_темно-серый_M_L_M
Комарова,4(6000-9990) (SEEBLING титановые) (м) ,2024-09,2024-09-01 00:00:00,176,факт,прямоугольные_металл_темно-серый_M_L_M
Комарова,4(6000-9990) (SEEBLING титановые) (м) ,2024-10,2024-10-01 00:00:00,168,факт,прямоугольные_металл_темно-серый_M_L_M
Комарова,4(6000-9990) (SEEBLING титановые) (м) ,2024-11,2024-11-01 00:00:00,158,факт,прямоугольные_металл_темно-серый_M_L_M
Комарова,4(6000-9990) (SEEBLING титановые) (м) ,2024-12,2024-12-01 00:00:00,192,факт,прямоугольные_металл_темно-серый_M_L_M
Комарова,4(6000-9990) (SEEBLING титановые) (м) ,2025-01,2025-01-31 14:45:54,185,прогноз,прямоугольные_металл_темно-серый_M_L_M
Комарова,4(6000-9990) (SEEBLING титановые) (м) ,2025-02,2025-02-28 14:45:54,184,прогноз,прямоугольные_металл_темно-серый_M_L_M
Комарова,4(6000-9990) (SEEBLING титановые) (м) ,2025-03,2025-03-31 14:45:54,183,прогноз,прямоугольные_металл_темно-серый_M_L_M
Комарова,4(6000-9990) (SFEROFLEX) (ж),2024-03,2024-03-01 00:00:00,212,факт,прямоугольные_металл_темно-серый_M_L_M
Комарова,4(6000-9990) (SFEROFLEX) (ж),2024-04,2024-04-01 00:00:00,206,факт,прямоугольные_металл_темно-серый_M_L_M
Комарова,4(6000-9990) (SFEROFLEX) (ж),2024-05,2024-05-01 00:00:00,191,факт,прямоугольные_металл_темно-серый_M_L_M
Комарова,4(6000-9990) (SFEROFLEX) (ж),2024-06,2024-06-01 00:00:00,213,факт,прямоугольные_металл_темно-серый_M_L_M
Комарова,4(6000-9990) (SFEROFLEX) (ж),2024-07,2024-07-01 00:00:00,243,факт,прямоугольные_металл_темно-серый_M_L_M
Комарова,4(6000-9990) (SFEROFLEX) (ж),2024-08,2024-08-01 00:00:00,201,факт,прямоугольные_металл_темно-серый_M_L_M
Комарова,4(6000-9990) (SFEROFLEX) (ж),2024-09,2024-09-01 00:00:00,176,факт,прямоугольные_металл_темно-серый_M_L_M
Комарова,4(6000-9990) (SFEROFLEX) (ж),2024-10,2024-10-01 00:00:00,168,факт,прямоугольные_металл_темно-серый_M_L_M
Комарова,4(6000-9990) (SFEROFLEX) (ж),2024-11,2024-11-01 00:00:00,158,факт,прямоугольные_металл_темно-серый_M_L_M
Комарова,4(6000-9990) (SFEROFLEX) (ж),2024-12,2024-12-01 00:00:00,192,факт,прямоугольные_металл_темно-серый_M_L_M
Комарова,4(6000-9990) (SFEROFLEX) (ж),2025-01,2025-01-31 14:45:54,185,прогноз,прямоугольные_металл_темно-серый_M_L_M
Комарова,4(6000-9990) (SFEROFLEX) (ж),2025-02,2025-02-28 14:45:54,184,прогноз,прямоугольные_металл_темно-серый_M_L_M
Комарова,4(6000-9990) (SFEROFLEX) (ж),2025-03,2025-03-31 14:45:54,183,прогноз,прямоугольные_металл_темно-серый_M_L_M
Комарова,4(6000-9990) (SFEROFLEX) (м),2024-03,2024-03-01 00:00:00,212,факт,прямоугольные_металл_темно-серый_M_L_M
Комарова,4(6000-9990) (SFEROFLEX) (м),2024-04,2024-04-01 00:00:00,206,факт,прямоугольные_металл_темно-серый_M_L_M
Комарова,4(6000-9990) (SFEROFLEX) (м),2024-05,2024-05-01 00:00:00,191,факт,прямоугольные_металл_темно-серый_M_L_M
Комарова,4(6000-9990) (SFEROFLEX) (м),2024-06,2024-06-01 00:00:00,213,факт,прямоугольные_металл_темно-серый_M_L_M
Комарова,4(6000-9990) (SFEROFLEX) (м),2024-07,2024-07-01 00:00:00,243,факт,прямоугольные_металл_темно-серый_M_L_M
Комарова,4(6000-9990) (SFEROFLEX) (м),2024-08,2024-08-01 00:00:00,201,факт,прямоугольные_металл_темно-серый_M_L_M
Комарова,4(6000-9990) (SFEROFLEX) (м),2024-09,2024-09-01 00:00:00,176,факт,прямоугольные_металл_темно-серый_M_L_M
Комарова,4(6000-9990) (SFEROFLEX) (м),2024-10,2024-10-01 00:00:00,168,факт,прямоугольные_металл_темно-серый_M_L_M
Комарова,4(6000-9990) (SFEROFLEX) (м),2024-11,2024-11-01 00:00:00,158,факт,прямоугольные_металл_темно-серый_M_L_M
Комарова,4(6000-9990) (SFEROFLEX) (м),2024-12,2024-12-01 00:00:00,192,факт,прямоугольные_металл_темно-серый_M_L_M
Комарова,4(6000-9990) (SFEROFLEX) (м),2025-01,2025-01-31 14:45:54,185,прогноз,прямоугольные_металл_темно-серый_M_L_M
Комарова,4(6000-9990) (SFEROFLEX) (м),2025-02,2025-02-28 14:45:54,184,прогноз,прямоугольные_металл_темно-серый_M_L_M
Комарова,4(6000-9990) (SFEROFLEX) (м),2025-03,2025-03-31 14:45:54,183,прогноз,прямоугольные_металл_темно-серый_M_L_M
Комарова,4(6000-9990) (VY) (ж),2024-03,2024-03-01 00:00:00,212,факт,прямоугольные_металл_темно-серый_M_L_M
Комарова,4(6000-9990) (VY) (ж),2024-04,2024-04-01 00:00:00,206,факт,прямоугольные_металл_темно-серый_M_L_M
Комарова,4(6000-9990) (VY) (ж),2024-05,2024-05-01 00:00:00,191,факт,прямоугольные_металл_темно-серый_M_L_M
Комарова,4(6000-9990) (VY) (ж),2024-06,2024-06-01 00:00:00,213,факт,прямоугольные_металл_темно-серый_M_L_M
Комарова,4(6000-9990) (VY) (ж),2024-07,2024-07-01 00:00:00,243,факт,прямоугольные_металл_темно-серый_M_L_M
Комарова,4(6000-9990) (VY) (ж),2024-08,2024-08-01 00:00:00,201,факт,прямоугольные_металл_темно-серый_M_L_M
Комарова,4(6000-9990) (VY) (ж),2024-09,2024-09-01 00:00:00,176,факт,прямоугольные_металл_темно-серый_M_L_M
Комарова,4(6000-9990) (VY) (ж),2024-10,2024-10-01 00:00:00,168,факт,прямоугольные_металл_темно-серый_M_L_M
Комарова,4(6000-9990) (VY) (ж),2024-11,2024-11-01 00:00:00,158,факт,прямоугольные_металл_темно-серый_M_L_M
Комарова,4(6000-9990) (VY) (ж),2024-12,2024-12-01 00:00:00,192,факт,прямоугольные_металл_темно-серый_M_L_M
Комарова,4(6000-9990) (VY) (ж),2025-01,2025-01-31 14:45:54,185,прогноз,прямоугольные_металл_темно-серый_M_L_M
Комарова,4(6000-9990) (VY) (ж),2025-02,2025-02-28 14:45:54,184,прогноз,прямоугольные_металл_темно-серый_M_L_M
Комарова,4(6000-9990) (VY) (ж),2025-03,2025-03-31 14:45:54,183,прогноз,прямоугольные_металл_темно-серый_M_L_M
Комарова,4(6000-9990) (WILLIAM MORRIS) (ж),2024-03,2024-03-01 00:00:00,212,факт,прямоугольные_металл_темно-серый_M_L_M
Комарова,4(6000-9990) (WILLIAM MORRIS) (ж),2024-04,2024-04-01 00:00:00,206,факт,прямоугольные_металл_темно-серый_M_L_M
Комарова,4(6000-9990) (WILLIAM MORRIS) (ж),2024-05,2024-05-01 00:00:00,191,факт,прямоугольные_металл_темно-серый_M_L_M
Комарова,4(6000-9990) (WILLIAM MORRIS) (ж),2024-06,2024-06-01 00:00:00,213,факт,прямоугольные_металл_темно-серый_M_L_M
Комарова,4(6000-9990) (WILLIAM MORRIS) (ж),2024-07,2024-07-01 00:00:00,243,факт,прямоугольные_металл_темно-серый_M_L_M
Комарова,4(6000-9990) (WILLIAM MORRIS) (ж),2024-08,2024-08-01 00:00:00,201,факт,прямоугольные_металл_темно-серый_M_L_M
Комарова,4(6000-9990) (WILLIAM MORRIS) (ж),2024-09,2024-09-01 00:00:00,176,факт,прямоугольные_металл_темно-серый_M_L_M
Комарова,4(6000-9990) (WILLIAM MORRIS) (ж),2024-10,2024-10-01 00:00:00,168,факт,прямоугольные_металл_темно-серый_M_L_M
Комарова,4(6000-9990) (WILLIAM MORRIS) (ж),2024-11,2024-11-01 00:00:00,158,факт,прямоугольные_металл_темно-серый_M_L_M
Комарова,4(6000-9990) (WILLIAM MORRIS) (ж),2024-12,2024-12-01 00:00:00,192,факт,прямоугольные_металл_темно-серый_M_L_M
Комарова,4(6000-9990) (WILLIAM MORRIS) (ж),2025-01,2025-01-31 14:45:54,185,прогноз,прямоугольные_металл_темно-серый_M_L_M
Комарова,4(6000-9990) (WILLIAM MORRIS) (ж),2025-02,2025-02-28 14:45:54,184,прогноз,прямоугольные_металл_темно-серый_M_L_M
Комарова,4(6000-9990) (WILLIAM MORRIS) (ж),2025-03,2025-03-31 14:45:54,183,прогноз,прямоугольные_металл_темно-серый_M_L_M
Комарова,5(10000-24990) (ANA HICKMANN) (ж),2024-03,2024-03-01 00:00:00,212,факт,прямоугольные_металл_темно-серый_M_L_M
Комарова,5(10000-24990) (ANA HICKMANN) (ж),2024-04,2024-04-01 00:00:00,206,факт,прямоугольные_металл_темно-серый_M_L_M
Комарова,5(10000-24990) (ANA HICKMANN) (ж),2024-05,2024-05-01 00:00:00,191,факт,прямоугольные_металл_темно-серый_M_L_M
Комарова,5(10000-24990) (ANA HICKMANN) (ж),2024-06,2024-06-01 00:00:00,213,факт,прямоугольные_металл_темно-серый_M_L_M
Комарова,5(10000-24990) (ANA HICKMANN) (ж),2024-07,2024-07-01 00:00:00,243,факт,прямоугольные_металл_темно-серый_M_L_M
Комарова,5(10000-24990) (ANA HICKMANN) (ж),2024-08,2024-08-01 00:00:00,201,факт,прямоугольные_металл_темно-серый_M_L_M
Комарова,5(10000-24990) (ANA HICKMANN) (ж),2024-09,2024-09-01 00:00:00,176,факт,прямоугольные_металл_темно-серый_M_L_M
Комарова,5(10000-24990) (ANA HICKMANN) (ж),2024-10,2024-10-01 00:00:00,168,факт,прямоугольные_металл_темно-серый_M_L_M
Комарова,5(10000-24990) (ANA HICKMANN) (ж),2024-11,2024-11-01 00:00:00,158,факт,прямоугольные_металл_темно-серый_M_L_M
Комарова,5(10000-24990) (ANA HICKMANN) (ж),2024-12,2024-12-01 00:00:00,192,факт,прямоугольные_металл_темно-серый_M_L_M
Комарова,5(10000-24990) (ANA HICKMANN) (ж),2025-01,2025-01-31 14:45:54,185,прогноз,прямоугольные_металл_темно-серый_M_L_M
Комарова,5(10000-24990) (ANA HICKMANN) (ж),2025-02,2025-02-28 14:45:54,184,прогноз,прямоугольные_металл_темно-серый_M_L_M
Комарова,5(10000-24990) (ANA HICKMANN) (ж),2025-03,2025-03-31 14:45:54,183,прогноз,прямоугольные_металл_темно-серый_M_L_M
Комарова,5(10000-24990) (BOSS/HUGO BOSS) (м),2024-03,2024-03-01 00:00:00,212,факт,прямоугольные_металл_темно-серый_M_L_M
Комарова,5(10000-24990) (BOSS/HUGO BOSS) (м),2024-04,2024-04-01 00:00:00,206,факт,прямоугольные_металл_темно-серый_M_L_M
Комарова,5(10000-24990) (BOSS/HUGO BOSS) (м),2024-05,2024-05-01 00:00:00,191,факт,прямоугольные_металл_темно-серый_M_L_M
Комарова,5(10000-24990) (BOSS/HUGO BOSS) (м),2024-06,2024-06-01 00:00:00,213,факт,прямоугольные_металл_темно-серый_M_L_M
Комарова,5(10000-24990) (BOSS/HUGO BOSS) (м),2024-07,2024-07-01 00:00:00,243,факт,прямоугольные_металл_темно-серый_M_L_M
Комарова,5(10000-24990) (BOSS/HUGO BOSS) (м),2024-08,2024-08-01 00:00:00,201,факт,прямоугольные_металл_темно-серый_M_L_M
Комарова,5(10000-24990) (BOSS/HUGO BOSS) (м),2024-09,2024-09-01 00:00:00,176,факт,прямоугольные_металл_темно-серый_M_L_M
Комарова,5(10000-24990) (BOSS/HUGO BOSS) (м),2024-10,2024-10-01 00:00:00,168,факт,прямоугольные_металл_темно-серый_M_L_M
Комарова,5(10000-24990) (BOSS/HUGO BOSS) (м),2024-11,2024-11-01 00:00:00,158,факт,прямоугольные_металл_темно-серый_M_L_M
Комарова,5(10000-24990) (BOSS/HUGO BOSS) (м),2024-12,2024-12-01 00:00:00,192,факт,прямоугольные_металл_темно-серый_M_L_M
Комарова,5(10000-24990) (BOSS/HUGO BOSS) (м),2025-01,2025-01-31 14:45:54,185,прогноз,прямоугольные_металл_темно-серый_M_L_M
Комарова,5(10000-24990) (BOSS/HUGO BOSS) (м),2025-02,2025-02-28 14:45:54,184,прогноз,прямоугольные_металл_темно-серый_M_L_M
Комарова,5(10000-24990) (BOSS/HUGO BOSS) (м),2025-03,2025-03-31 14:45:54,183,прогноз,прямоугольные_металл_темно-серый_M_L_M
Комарова,5(10000-24990) (CERUTTI) (м),2024-03,2024-03-01 00:00:00,212,факт,прямоугольные_металл_темно-серый_M_L_M
Комарова,5(10000-24990) (CERUTTI) (м),2024-04,2024-04-01 00:00:00,206,факт,прямоугольные_металл_темно-серый_M_L_M
Комарова,5(10000-24990) (CERUTTI) (м),2024-05,2024-05-01 00:00:00,191,факт,прямоугольные_металл_темно-серый_M_L_M
Комарова,5(10000-24990) (CERUTTI) (м),2024-06,2024-06-01 00:00:00,213,факт,прямоугольные_металл_темно-серый_M_L_M
Комарова,5(10000-24990) (CERUTTI) (м),2024-07,2024-07-01 00:00:00,243,факт,прямоугольные_металл_темно-серый_M_L_M
Комарова,5(10000-24990) (CERUTTI) (м),2024-08,2024-08-01 00:00:00,201,факт,прямоугольные_металл_темно-серый_M_L_M
Комарова,5(10000-24990) (CERUTTI) (м),2024-09,2024-09-01 00:00:00,176,факт,прямоугольные_металл_темно-серый_M_L_M
Комарова,5(10000-24990) (CERUTTI) (м),2024-10,2024-10-01 00:00:00,168,факт,прямоугольные_металл_темно-серый_M_L_M
Комарова,5(10000-24990) (CERUTTI) (м),2024-11,2024-11-01 00:00:00,158,факт,прямоугольные_металл_темно-серый_M_L_M
Комарова,5(10000-24990) (CERUTTI) (м),2024-12,2024-12-01 00:00:00,192,факт,прямоугольные_металл_темно-серый_M_L_M
Комарова,5(10000-24990) (CERUTTI) (м),2025-01,2025-01-31 14:45:54,185,прогноз,прямоугольные_металл_темно-серый_M_L_M
Комарова,5(10000-24990) (CERUTTI) (м),2025-02,2025-02-28 14:45:54,184,прогноз,прямоугольные_металл_темно-серый_M_L_M
Комарова,5(10000-24990) (CERUTTI) (м),2025-03,2025-03-31 14:45:54,183,прогноз,прямоугольные_металл_темно-серый_M_L_M
Комарова,5(10000-24990) (EMILIA) (ж),2024-03,2024-03-01 00:00:00,212,факт,прямоугольные_металл_темно-серый_M_L_M
Комарова,5(10000-24990) (EMILIA) (ж),2024-04,2024-04-01 00:00:00,206,факт,прямоугольные_металл_темно-серый_M_L_M
Комарова,5(10000-24990) (EMILIA) (ж),2024-05,2024-05-01 00:00:00,191,факт,прямоугольные_металл_темно-серый_M_L_M
Комарова,5(10000-24990) (EMILIA) (ж),2024-06,2024-06-01 00:00:00,213,факт,прямоугольные_металл_темно-серый_M_L_M
Комарова,5(10000-24990) (EMILIA) (ж),2024-07,2024-07-01 00:00:00,243,факт,прямоугольные_металл_темно-серый_M_L_M
Комарова,5(10000-24990) (EMILIA) (ж),2024-08,2024-08-01 00:00:00,201,факт,прямоугольные_металл_темно-серый_M_L_M
Комарова,5(10000-24990) (EMILIA) (ж),2024-09,2024-09-01 00:00:00,176,факт,прямоугольные_металл_темно-серый_M_L_M
Комарова,5(10000-24990) (EMILIA) (ж),2024-10,2024-10-01 00:00:00,168,факт,прямоугольные_металл_темно-серый_M_L_M
Комарова,5(10000-24990) (EMILIA) (ж),2024-11,2024-11-01 00:00:00,158,факт,прямоугольные_металл_темно-серый_M_L_M
Комарова,5(10000-24990) (EMILIA) (ж),2024-12,2024-12-01 00:00:00,192,факт,прямоугольные_металл_темно-серый_M_L_M
Комарова,5(10000-24990) (EMILIA) (ж),2025-01,2025-01-31 14:45:54,185,прогноз,прямоугольные_металл_темно-серый_M_L_M
Комарова,5(10000-24990) (EMILIA) (ж),2025-02,2025-02-28 14:45:54,184,прогноз,прямоугольные_металл_темно-серый_M_L_M
Комарова,5(10000-24990) (EMILIA) (ж),2025-03,2025-03-31 14:45:54,183,прогноз,прямоугольные_металл_темно-серый_M_L_M
Комарова,5(10000-24990) (EMPORIO ARMANI) (м),2024-03,2024-03-01 00:00:00,212,факт,прямоугольные_металл_темно-серый_M_L_M
Комарова,5(10000-24990) (EMPORIO ARMANI) (м),2024-04,2024-04-01 00:00:00,206,факт,прямоугольные_металл_темно-серый_M_L_M
Комарова,5(10000-24990) (EMPORIO ARMANI) (м),2024-05,2024-05-01 00:00:00,191,факт,прямоугольные_металл_темно-серый_M_L_M
Комарова,5(10000-24990) (EMPORIO ARMANI) (м),2024-06,2024-06-01 00:00:00,213,факт,прямоугольные_металл_темно-серый_M_L_M
Комарова,5(10000-24990) (EMPORIO ARMANI) (м),2024-07,2024-07-01 00:00:00,243,факт,прямоугольные_металл_темно-серый_M_L_M
Комарова,5(10000-24990) (EMPORIO ARMANI) (м),2024-08,2024-08-01 00:00:00,201,факт,прямоугольные_металл_темно-серый_M_L_M
Комарова,5(10000-24990) (EMPORIO ARMANI) (м),2024-09,2024-09-01 00:00:00,176,факт,прямоугольные_металл_темно-серый_M_L_M
Комарова,5(10000-24990) (EMPORIO ARMANI) (м),2024-10,2024-10-01 00:00:00,168,факт,прямоугольные_металл_темно-серый_M_L_M
Комарова,5(10000-24990) (EMPORIO ARMANI) (м),2024-11,2024-11-01 00:00:00,158,факт,прямоугольные_металл_темно-серый_M_L_M
Комарова,5(10000-24990) (EMPORIO ARMANI) (м),2024-12,2024-12-01 00:00:00,192,факт,прямоугольные_металл_темно-серый_M_L_M
Комарова,5(10000-24990) (EMPORIO ARMANI) (м),2025-01,2025-01-31 14:45:54,185,прогноз,прямоугольные_металл_темно-серый_M_L_M
Комарова,5(10000-24990) (EMPORIO ARMANI) (м),2025-02,2025-02-28 14:45:54,184,прогноз,прямоугольные_металл_темно-серый_M_L_M
Комарова,5(10000-24990) (EMPORIO ARMANI) (м),2025-03,2025-03-31 14:45:54,183,прогноз,прямоугольные_металл_темно-серый_M_L_M
Комарова,5(10000-24990) (GUESS) (ж),2024-03,2024-03-01 00:00:00,212,факт,прямоугольные_металл_темно-серый_M_L_M
Комарова,5(10000-24990) (GUESS) (ж),2024-04,2024-04-01 00:00:00,206,факт,прямоугольные_металл_темно-серый_M_L_M
Комарова,5(10000-24990) (GUESS) (ж),2024-05,2024-05-01 00:00:00,191,факт,прямоугольные_металл_темно-серый_M_L_M
Комарова,5(10000-24990) (GUESS) (ж),2024-06,2024-06-01 00:00:00,213,факт,прямоугольные_металл_темно-серый_M_L_M
Комарова,5(10000-24990) (GUESS) (ж),2024-07,2024-07-01 00:00:00,243,факт,прямоугольные_металл_темно-серый_M_L_M
Комарова,5(10000-24990) (GUESS) (ж),2024-08,2024-08-01 00:00:00,201,факт,прямоугольные_металл_темно-серый_M_L_M
Комарова,5(10000-24990) (GUESS) (ж),2024-09,2024-09-01 00:00:00,176,факт,прямоугольные_металл_темно-серый_M_L_M
Комарова,5(10000-24990) (GUESS) (ж),2024-10,2024-10-01 00:00:00,168,факт,прямоугольные_металл_темно-серый_M_L_M
Комарова,5(10000-24990) (GUESS) (ж),2024-11,2024-11-01 00:00:00,158,факт,прямоугольные_металл_темно-серый_M_L_M
Комарова,5(10000-24990) (GUESS) (ж),2024-12,2024-12-01 00:00:00,192,факт,прямоугольные_металл_темно-серый_M_L_M
Комарова,5(10000-24990) (GUESS) (ж),2025-01,2025-01-31 14:45:54,185,прогноз,прямоугольные_металл_темно-серый_M_L_M
Комарова,5(10000-24990) (GUESS) (ж),2025-02,2025-02-28 14:45:54,184,прогноз,прямоугольные_металл_темно-серый_M_L_M
Комарова,5(10000-24990) (GUESS) (ж),2025-03,2025-03-31 14:45:54,183,прогноз,прямоугольные_металл_темно-серый_M_L_M
Комарова,5(10000-24990) (GUESS) (м),2024-03,2024-03-01 00:00:00,212,факт,прямоугольные_металл_темно-серый_M_L_M
Комарова,5(10000-24990) (GUESS) (м),2024-04,2024-04-01 00:00:00,206,факт,прямоугольные_металл_темно-серый_M_L_M
Комарова,5(10000-24990) (GUESS) (м),2024-05,2024-05-01 00:00:00,191,факт,прямоугольные_металл_темно-серый_M_L_M
Комарова,5(10000-24990) (GUESS) (м),2024-06,2024-06-01 00:00:00,213,факт,прямоугольные_металл_темно-серый_M_L_M
Комарова,5(10000-24990) (GUESS) (м),2024-07,2024-07-01 00:00:00,243,факт,прямоугольные_металл_темно-серый_M_L_M
Комарова,5(10000-24990) (GUESS) (м),2024-08,2024-08-01 00:00:00,201,факт,прямоугольные_металл_темно-серый_M_L_M
Комарова,5(10000-24990) (GUESS) (м),2024-09,2024-09-01 00:00:00,176,факт,прямоугольные_металл_темно-серый_M_L_M
Комарова,5(10000-24990) (GUESS) (м),2024-10,2024-10-01 00:00:00,168,факт,прямоугольные_металл_темно-серый_M_L_M
Комарова,5(10000-24990) (GUESS) (м),2024-11,2024-11-01 00:00:00,158,факт,прямоугольные_металл_темно-серый_M_L_M
Комарова,5(10000-24990) (GUESS) (м),2024-12,2024-12-01 00:00:00,192,факт,прямоугольные_металл_темно-серый_M_L_M
Комарова,5(10000-24990) (GUESS) (м),2025-01,2025-01-31 14:45:54,185,прогноз,прямоугольные_металл_темно-серый_M_L_M
Комарова,5(10000-24990) (GUESS) (м),2025-02,2025-02-28 14:45:54,184,прогноз,прямоугольные_металл_темно-серый_M_L_M
Комарова,5(10000-24990) (GUESS) (м),2025-03,2025-03-31 14:45:54,183,прогноз,прямоугольные_металл_темно-серый_M_L_M
Комарова,5(10000-24990) (MOREL/OGA/NOMAD/LIGHTEC) (м),2024-03,2024-03-01 00:00:00,212,факт,прямоугольные_металл_темно-серый_M_L_M
Комарова,5(10000-24990) (MOREL/OGA/NOMAD/LIGHTEC) (м),2024-04,2024-04-01 00:00:00,206,факт,прямоугольные_металл_темно-серый_M_L_M
Комарова,5(10000-24990) (MOREL/OGA/NOMAD/LIGHTEC) (м),2024-05,2024-05-01 00:00:00,191,факт,прямоугольные_металл_темно-серый_M_L_M
Комарова,5(10000-24990) (MOREL/OGA/NOMAD/LIGHTEC) (м),2024-06,2024-06-01 00:00:00,213,факт,прямоугольные_металл_темно-серый_M_L_M
Комарова,5(10000-24990) (MOREL/OGA/NOMAD/LIGHTEC) (м),2024-07,2024-07-01 00:00:00,243,факт,прямоугольные_металл_темно-серый_M_L_M
Комарова,5(10000-24990) (MOREL/OGA/NOMAD/LIGHTEC) (м),2024-08,2024-08-01 00:00:00,201,факт,прямоугольные_металл_темно-серый_M_L_M
Комарова,5(10000-24990) (MOREL/OGA/NOMAD/LIGHTEC) (м),2024-09,2024-09-01 00:00:00,176,факт,прямоугольные_металл_темно-серый_M_L_M
Комарова,5(10000-24990) (MOREL/OGA/NOMAD/LIGHTEC) (м),2024-10,2024-10-01 00:00:00,168,факт,прямоугольные_металл_темно-серый_M_L_M
Комарова,5(10000-24990) (MOREL/OGA/NOMAD/LIGHTEC) (м),2024-11,2024-11-01 00:00:00,158,факт,прямоугольные_металл_темно-серый_M_L_M
Комарова,5(10000-24990) (MOREL/OGA/NOMAD/LIGHTEC) (м),2024-12,2024-12-01 00:00:00,192,факт,прямоугольные_металл_темно-серый_M_L_M
Комарова,5(10000-24990) (MOREL/OGA/NOMAD/LIGHTEC) (м),2025-01,2025-01-31 14:45:54,185,прогноз,прямоугольные_металл_темно-серый_M_L_M
Комарова,5(10000-24990) (MOREL/OGA/NOMAD/LIGHTEC) (м),2025-02,2025-02-28 14:45:54,184,прогноз,прямоугольные_металл_темно-серый_M_L_M
Комарова,5(10000-24990) (MOREL/OGA/NOMAD/LIGHTEC) (м),2025-03,2025-03-31 14:45:54,183,прогноз,прямоугольные_металл_темно-серый_M_L_M
Комарова,5(10000-24990) (RAY BAN),2024-03,2024-03-01 00:00:00,212,факт,прямоугольные_металл_темно-серый_M_L_M
Комарова,5(10000-24990) (RAY BAN),2024-04,2024-04-01 00:00:00,206,факт,прямоугольные_металл_темно-серый_M_L_M
Комарова,5(10000-24990) (RAY BAN),2024-05,2024-05-01 00:00:00,191,факт,прямоугольные_металл_темно-серый_M_L_M
Комарова,5(10000-24990) (RAY BAN),2024-06,2024-06-01 00:00:00,213,факт,прямоугольные_металл_темно-серый_M_L_M
Комарова,5(10000-24990) (RAY BAN),2024-07,2024-07-01 00:00:00,243,факт,прямоугольные_металл_темно-серый_M_L_M
Комарова,5(10000-24990) (RAY BAN),2024-08,2024-08-01 00:00:00,201,факт,прямоугольные_металл_темно-серый_M_L_M
Комарова,5(10000-24990) (RAY BAN),2024-09,2024-09-01 00:00:00,176,факт,прямоугольные_металл_темно-серый_M_L_M
Комарова,5(10000-24990) (RAY BAN),2024-10,2024-10-01 00:00:00,168,факт,прямоугольные_металл_темно-серый_M_L_M
Комарова,5(10000-24990) (RAY BAN),2024-11,2024-11-01 00:00:00,158,факт,прямоугольные_металл_темно-серый_M_L_M
Комарова,5(10000-24990) (RAY BAN),2024-12,2024-12-01 00:00:00,192,факт,прямоугольные_металл_темно-серый_M_L_M
Комарова,5(10000-24990) (RAY BAN),2025-01,2025-01-31 14:45:54,185,прогноз,прямоугольные_металл_темно-серый_M_L_M
Комарова,5(10000-24990) (RAY BAN),2025-02,2025-02-28 14:45:54,184,прогноз,прямоугольные_металл_темно-серый_M_L_M
Комарова,5(10000-24990) (RAY BAN),2025-03,2025-03-31 14:45:54,183,прогноз,прямоугольные_металл_темно-серый_M_L_M
Комарова,5(10000-24990) (SLIMFOLD) (м),2024-03,2024-03-01 00:00:00,212,факт,прямоугольные_металл_темно-серый_M_L_M
Комарова,5(10000-24990) (SLIMFOLD) (м),2024-04,2024-04-01 00:00:00,206,факт,прямоугольные_металл_темно-серый_M_L_M
Комарова,5(10000-24990) (SLIMFOLD) (м),2024-05,2024-05-01 00:00:00,191,факт,прямоугольные_металл_темно-серый_M_L_M
Комарова,5(10000-24990) (SLIMFOLD) (м),2024-06,2024-06-01 00:00:00,213,факт,прямоугольные_металл_темно-серый_M_L_M
Комарова,5(10000-24990) (SLIMFOLD) (м),2024-07,2024-07-01 00:00:00,243,факт,прямоугольные_металл_темно-серый_M_L_M
Комарова,5(10000-24990) (SLIMFOLD) (м),2024-08,2024-08-01 00:00:00,201,факт,прямоугольные_металл_темно-серый_M_L_M
Комарова,5(10000-24990) (SLIMFOLD) (м),2024-09,2024-09-01 00:00:00,176,факт,прямоугольные_металл_темно-серый_M_L_M
Комарова,5(10000-24990) (SLIMFOLD) (м),2024-10,2024-10-01 00:00:00,168,факт,прямоугольные_металл_темно-серый_M_L_M
Комарова,5(10000-24990) (SLIMFOLD) (м),2024-11,2024-11-01 00:00:00,158,факт,прямоугольные_металл_темно-серый_M_L_M
Комарова,5(10000-24990) (SLIMFOLD) (м),2024-12,2024-12-01 00:00:00,192,факт,прямоугольные_металл_темно-серый_M_L_M
Комарова,5(10000-24990) (SLIMFOLD) (м),2025-01,2025-01-31 14:45:54,185,прогноз,прямоугольные_металл_темно-серый_M_L_M
Комарова,5(10000-24990) (SLIMFOLD) (м),2025-02,2025-02-28 14:45:54,184,прогноз,прямоугольные_металл_темно-серый_M_L_M
Комарова,5(10000-24990) (SLIMFOLD) (м),2025-03,2025-03-31 14:45:54,183,прогноз,прямоугольные_металл_темно-серый_M_L_M
Комарова,5(10000-24990) (STEPPER) (ж),2024-03,2024-03-01 00:00:00,212,факт,прямоугольные_металл_темно-серый_M_L_M
Комарова,5(10000-24990) (STEPPER) (ж),2024-04,2024-04-01 00:00:00,206,факт,прямоугольные_металл_темно-серый_M_L_M
Комарова,5(10000-24990) (STEPPER) (ж),2024-05,2024-05-01 00:00:00,191,факт,прямоугольные_металл_темно-серый_M_L_M
Комарова,5(10000-24990) (STEPPER) (ж),2024-06,2024-06-01 00:00:00,213,факт,прямоугольные_металл_темно-серый_M_L_M
Комарова,5(10000-24990) (STEPPER) (ж),2024-07,2024-07-01 00:00:00,243,факт,прямоугольные_металл_темно-серый_M_L_M
Комарова,5(10000-24990) (STEPPER) (ж),2024-08,2024-08-01 00:00:00,201,факт,прямоугольные_металл_темно-серый_M_L_M
Комарова,5(10000-24990) (STEPPER) (ж),2024-09,2024-09-01 00:00:00,176,факт,прямоугольные_металл_темно-серый_M_L_M
Комарова,5(10000-24990) (STEPPER) (ж),2024-10,2024-10-01 00:00:00,168,факт,прямоугольные_металл_темно-серый_M_L_M
Комарова,5(10000-24990) (STEPPER) (ж),2024-11,2024-11-01 00:00:00,158,факт,прямоугольные_металл_темно-серый_M_L_M
Комарова,5(10000-24990) (STEPPER) (ж),2024-12,2024-12-01 00:00:00,192,факт,прямоугольные_металл_темно-серый_M_L_M
Комарова,5(10000-24990) (STEPPER) (ж),2025-01,2025-01-31 14:45:54,185,прогноз,прямоугольные_металл_темно-серый_M_L_M
Комарова,5(10000-24990) (STEPPER) (ж),2025-02,2025-02-28 14:45:54,184,прогноз,прямоугольные_металл_темно-серый_M_L_M
Комарова,5(10000-24990) (STEPPER) (ж),2025-03,2025-03-31 14:45:54,183,прогноз,прямоугольные_металл_темно-серый_M_L_M
Комарова,5(10000-24990) (STEPPER) (м),2024-03,2024-03-01 00:00:00,212,факт,прямоугольные_металл_темно-серый_M_L_M
Комарова,5(10000-24990) (STEPPER) (м),2024-04,2024-04-01 00:00:00,206,факт,прямоугольные_металл_темно-серый_M_L_M
Комарова,5(10000-24990) (STEPPER) (м),2024-05,2024-05-01 00:00:00,191,факт,прямоугольные_металл_темно-серый_M_L_M
Комарова,5(10000-24990) (STEPPER) (м),2024-06,2024-06-01 00:00:00,213,факт,прямоугольные_металл_темно-серый_M_L_M
Комарова,5(10000-24990) (STEPPER) (м),2024-07,2024-07-01 00:00:00,243,факт,прямоугольные_металл_темно-серый_M_L_M
Комарова,5(10000-24990) (STEPPER) (м),2024-08,2024-08-01 00:00:00,201,факт,прямоугольные_металл_темно-серый_M_L_M
Комарова,5(10000-24990) (STEPPER) (м),2024-09,2024-09-01 00:00:00,176,факт,прямоугольные_металл_темно-серый_M_L_M
Комарова,5(10000-24990) (STEPPER) (м),2024-10,2024-10-01 00:00:00,168,факт,прямоугольные_металл_темно-серый_M_L_M
Комарова,5(10000-24990) (STEPPER) (м),2024-11,2024-11-01 00:00:00,158,факт,прямоугольные_металл_темно-серый_M_L_M
Комарова,5(10000-24990) (STEPPER) (м),2024-12,2024-12-01 00:00:00,192,факт,прямоугольные_металл_темно-серый_M_L_M
Комарова,5(10000-24990) (STEPPER) (м),2025-01,2025-01-31 14:45:54,185,прогноз,прямоугольные_металл_темно-серый_M_L_M
Комарова,5(10000-24990) (STEPPER) (м),2025-02,2025-02-28 14:45:54,184,прогноз,прямоугольные_металл_темно-серый_M_L_M
Комарова,5(10000-24990) (STEPPER) (м),2025-03,2025-03-31 14:45:54,183,прогноз,прямоугольные_металл_темно-серый_M_L_M
Комарова,5(10000-24990) (T-CHARGE) (м),2024-03,2024-03-01 00:00:00,212,факт,прямоугольные_металл_темно-серый_M_L_M
Комарова,5(10000-24990) (T-CHARGE) (м),2024-04,2024-04-01 00:00:00,206,факт,прямоугольные_металл_темно-серый_M_L_M
Комарова,5(10000-24990) (T-CHARGE) (м),2024-05,2024-05-01 00:00:00,191,факт,прямоугольные_металл_темно-серый_M_L_M
Комарова,5(10000-24990) (T-CHARGE) (м),2024-06,2024-06-01 00:00:00,213,факт,прямоугольные_металл_темно-серый_M_L_M
Комарова,5(10000-24990) (T-CHARGE) (м),2024-07,2024-07-01 00:00:00,243,факт,прямоугольные_металл_темно-серый_M_L_M
Комарова,5(10000-24990) (T-CHARGE) (м),2024-08,2024-08-01 00:00:00,201,факт,прямоугольные_металл_темно-серый_M_L_M
Комарова,5(10000-24990) (T-CHARGE) (м),2024-09,2024-09-01 00:00:00,176,факт,прямоугольные_металл_темно-серый_M_L_M
Комарова,5(10000-24990) (T-CHARGE) (м),2024-10,2024-10-01 00:00:00,168,факт,прямоугольные_металл_темно-серый_M_L_M
Комарова,5(10000-24990) (T-CHARGE) (м),2024-11,2024-11-01 00:00:00,158,факт,прямоугольные_металл_темно-серый_M_L_M
Комарова,5(10000-24990) (T-CHARGE) (м),2024-12,2024-12-01 00:00:00,192,факт,прямоугольные_металл_темно-серый_M_L_M
Комарова,5(10000-24990) (T-CHARGE) (м),2025-01,2025-01-31 14:45:54,185,прогноз,прямоугольные_металл_темно-серый_M_L_M
Комарова,5(10000-24990) (T-CHARGE) (м),2025-02,2025-02-28 14:45:54,184,прогноз,прямоугольные_металл_темно-серый_M_L_M
Комарова,5(10000-24990) (T-CHARGE) (м),2025-03,2025-03-31 14:45:54,183,прогноз,прямоугольные_металл_темно-серый_M_L_M
Комарова,5(10000-24990) (TRUSSARDI) (м),2024-03,2024-03-01 00:00:00,212,факт,прямоугольные_металл_темно-серый_M_L_M
Комарова,5(10000-24990) (TRUSSARDI) (м),2024-04,2024-04-01 00:00:00,206,факт,прямоугольные_металл_темно-серый_M_L_M
Комарова,5(10000-24990) (TRUSSARDI) (м),2024-05,2024-05-01 00:00:00,191,факт,прямоугольные_металл_темно-серый_M_L_M
Комарова,5(10000-24990) (TRUSSARDI) (м),2024-06,2024-06-01 00:00:00,213,факт,прямоугольные_металл_темно-серый_M_L_M
Комарова,5(10000-24990) (TRUSSARDI) (м),2024-07,2024-07-01 00:00:00,243,факт,прямоугольные_металл_темно-серый_M_L_M
Комарова,5(10000-24990) (TRUSSARDI) (м),2024-08,2024-08-01 00:00:00,201,факт,прямоугольные_металл_темно-серый_M_L_M
Комарова,5(10000-24990) (TRUSSARDI) (м),2024-09,2024-09-01 00:00:00,176,факт,прямоугольные_металл_темно-серый_M_L_M
Комарова,5(10000-24990) (TRUSSARDI) (м),2024-10,2024-10-01 00:00:00,168,факт,прямоугольные_металл_темно-серый_M_L_M
Комарова,5(10000-24990) (TRUSSARDI) (м),2024-11,2024-11-01 00:00:00,158,факт,прямоугольные_металл_темно-серый_M_L_M
Комарова,5(10000-24990) (TRUSSARDI) (м),2024-12,2024-12-01 00:00:00,192,факт,прямоугольные_металл_темно-серый_M_L_M
Комарова,5(10000-24990) (TRUSSARDI) (м),2025-01,2025-01-31 14:45:54,185,прогноз,прямоугольные_металл_темно-серый_M_L_M
Комарова,5(10000-24990) (TRUSSARDI) (м),2025-02,2025-02-28 14:45:54,184,прогноз,прямоугольные_металл_темно-серый_M_L_M
Комарова,5(10000-24990) (TRUSSARDI) (м),2025-03,2025-03-31 14:45:54,183,прогноз,прямоугольные_металл_темно-серый_M_L_M
Комарова,5(10000-24990) (VOGUE) (ж),2024-03,2024-03-01 00:00:00,212,факт,прямоугольные_металл_темно-серый_M_L_M
Комарова,5(10000-24990) (VOGUE) (ж),2024-04,2024-04-01 00:00:00,206,факт,прямоугольные_металл_темно-серый_M_L_M
Комарова,5(10000-24990) (VOGUE) (ж),2024-05,2024-05-01 00:00:00,191,факт,прямоугольные_металл_темно-серый_M_L_M
Комарова,5(10000-24990) (VOGUE) (ж),2024-06,2024-06-01 00:00:00,213,факт,прямоугольные_металл_темно-серый_M_L_M
Комарова,5(10000-24990) (VOGUE) (ж),2024-07,2024-07-01 00:00:00,243,факт,прямоугольные_металл_темно-серый_M_L_M
Комарова,5(10000-24990) (VOGUE) (ж),2024-08,2024-08-01 00:00:00,201,факт,прямоугольные_металл_темно-серый_M_L_M
Комарова,5(10000-24990) (VOGUE) (ж),2024-09,2024-09-01 00:00:00,176,факт,прямоугольные_металл_темно-серый_M_L_M
Комарова,5(10000-24990) (VOGUE) (ж),2024-10,2024-10-01 00:00:00,168,факт,прямоугольные_металл_темно-серый_M_L_M
Комарова,5(10000-24990) (VOGUE) (ж),2024-11,2024-11-01 00:00:00,158,факт,прямоугольные_металл_темно-серый_M_L_M
Комарова,5(10000-24990) (VOGUE) (ж),2024-12,2024-12-01 00:00:00,192,факт,прямоугольные_металл_темно-серый_M_L_M
Комарова,5(10000-24990) (VOGUE) (ж),2025-01,2025-01-31 14:45:54,185,прогноз,прямоугольные_металл_темно-серый_M_L_M
Комарова,5(10000-24990) (VOGUE) (ж),2025-02,2025-02-28 14:45:54,184,прогноз,прямоугольные_металл_темно-серый_M_L_M
Комарова,5(10000-24990) (VOGUE) (ж),2025-03,2025-03-31 14:45:54,183,прогноз,прямоугольные_металл_темно-серый_M_L_M
Комарова,5(10000-24990) (WILLIAM MORRIS BL) (ж),2024-03,2024-03-01 00:00:00,212,факт,прямоугольные_металл_темно-серый_M_L_M
Комарова,5(10000-24990) (WILLIAM MORRIS BL) (ж),2024-04,2024-04-01 00:00:00,206,факт,прямоугольные_металл_темно-серый_M_L_M
Комарова,5(10000-24990) (WILLIAM MORRIS BL) (ж),2024-05,2024-05-01 00:00:00,191,факт,прямоугольные_металл_темно-серый_M_L_M
Комарова,5(10000-24990) (WILLIAM MORRIS BL) (ж),2024-06,2024-06-01 00:00:00,213,факт,прямоугольные_металл_темно-серый_M_L_M
Комарова,5(10000-24990) (WILLIAM MORRIS BL) (ж),2024-07,2024-07-01 00:00:00,243,факт,прямоугольные_металл_темно-серый_M_L_M
Комарова,5(10000-24990) (WILLIAM MORRIS BL) (ж),2024-08,2024-08-01 00:00:00,201,факт,прямоугольные_металл_темно-серый_M_L_M
Комарова,5(10000-24990) (WILLIAM MORRIS BL) (ж),2024-09,2024-09-01 00:00:00,176,факт,прямоугольные_металл_темно-серый_M_L_M
Комарова,5(10000-24990) (WILLIAM MORRIS BL) (ж),2024-10,2024-10-01 00:00:00,168,факт,прямоугольные_металл_темно-серый_M_L_M
Комарова,5(10000-24990) (WILLIAM MORRIS BL) (ж),2024-11,2024-11-01 00:00:00,158,факт,прямоугольные_металл_темно-серый_M_L_M
Комарова,5(10000-24990) (WILLIAM MORRIS BL) (ж),2024-12,2024-12-01 00:00:00,192,факт,прямоугольные_металл_темно-серый_M_L_M
Комарова,5(10000-24990) (WILLIAM MORRIS BL) (ж),2025-01,2025-01-31 14:45:54,185,прогноз,прямоугольные_металл_темно-серый_M_L_M
Комарова,5(10000-24990) (WILLIAM MORRIS BL) (ж),2025-02,2025-02-28 14:45:54,184,прогноз,прямоугольные_металл_темно-серый_M_L_M
Комарова,5(10000-24990) (WILLIAM MORRIS BL) (ж),2025-03,2025-03-31 14:45:54,183,прогноз,прямоугольные_металл_темно-серый_M_L_M
Комарова,5(10000-24990) (WILLIAM MORRIS) (м),2024-03,2024-03-01 00:00:00,212,факт,прямоугольные_металл_темно-серый_M_L_M
Комарова,5(10000-24990) (WILLIAM MORRIS) (м),2024-04,2024-04-01 00:00:00,206,факт,прямоугольные_металл_темно-серый_M_L_M
Комарова,5(10000-24990) (WILLIAM MORRIS) (м),2024-05,2024-05-01 00:00:00,191,факт,прямоугольные_металл_темно-серый_M_L_M
Комарова,5(10000-24990) (WILLIAM MORRIS) (м),2024-06,2024-06-01 00:00:00,213,факт,прямоугольные_металл_темно-серый_M_L_M
Комарова,5(10000-24990) (WILLIAM MORRIS) (м),2024-07,2024-07-01 00:00:00,243,факт,прямоугольные_металл_темно-серый_M_L_M
Комарова,5(10000-24990) (WILLIAM MORRIS) (м),2024-08,2024-08-01 00:00:00,201,факт,прямоугольные_металл_темно-серый_M_L_M
Комарова,5(10000-24990) (WILLIAM MORRIS) (м),2024-09,2024-09-01 00:00:00,176,факт,прямоугольные_металл_темно-серый_M_L_M
Комарова,5(10000-24990) (WILLIAM MORRIS) (м),2024-10,2024-10-01 00:00:00,168,факт,прямоугольные_металл_темно-серый_M_L_M
Комарова,5(10000-24990) (WILLIAM MORRIS) (м),2024-11,2024-11-01 00:00:00,158,факт,прямоугольные_металл_темно-серый_M_L_M
Комарова,5(10000-24990) (WILLIAM MORRIS) (м),2024-12,2024-12-01 00:00:00,192,факт,прямоугольные_металл_темно-серый_M_L_M
Комарова,5(10000-24990) (WILLIAM MORRIS) (м),2025-01,2025-01-31 14:45:54,185,прогноз,прямоугольные_металл_темно-серый_M_L_M
Комарова,5(10000-24990) (WILLIAM MORRIS) (м),2025-02,2025-02-28 14:45:54,184,прогноз,прямоугольные_металл_темно-серый_M_L_M
Комарова,5(10000-24990) (WILLIAM MORRIS) (м),2025-03,2025-03-31 14:45:54,183,прогноз,прямоугольные_металл_темно-серый_M_L_M
Комарова,5(10000-24990) (XAVIER GARCIA) (ж),2024-03,2024-03-01 00:00:00,212,факт,прямоугольные_металл_темно-серый_M_L_M
Комарова,5(10000-24990) (XAVIER GARCIA) (ж),2024-04,2024-04-01 00:00:00,206,факт,прямоугольные_металл_темно-серый_M_L_M
Комарова,5(10000-24990) (XAVIER GARCIA) (ж),2024-05,2024-05-01 00:00:00,191,факт,прямоугольные_металл_темно-серый_M_L_M
Комарова,5(10000-24990) (XAVIER GARCIA) (ж),2024-06,2024-06-01 00:00:00,213,факт,прямоугольные_металл_темно-серый_M_L_M
Комарова,5(10000-24990) (XAVIER GARCIA) (ж),2024-07,2024-07-01 00:00:00,243,факт,прямоугольные_металл_темно-серый_M_L_M
Комарова,5(10000-24990) (XAVIER GARCIA) (ж),2024-08,2024-08-01 00:00:00,201,факт,прямоугольные_металл_темно-серый_M_L_M
Комарова,5(10000-24990) (XAVIER GARCIA) (ж),2024-09,2024-09-01 00:00:00,176,факт,прямоугольные_металл_темно-серый_M_L_M
Комарова,5(10000-24990) (XAVIER GARCIA) (ж),2024-10,2024-10-01 00:00:00,168,факт,прямоугольные_металл_темно-серый_M_L_M
Комарова,5(10000-24990) (XAVIER GARCIA) (ж),2024-11,2024-11-01 00:00:00,158,факт,прямоугольные_металл_темно-серый_M_L_M
Комарова,5(10000-24990) (XAVIER GARCIA) (ж),2024-12,2024-12-01 00:00:00,192,факт,прямоугольные_металл_темно-серый_M_L_M
Комарова,5(10000-24990) (XAVIER GARCIA) (ж),2025-01,2025-01-31 14:45:54,185,прогноз,прямоугольные_металл_темно-серый_M_L_M
Комарова,5(10000-24990) (XAVIER GARCIA) (ж),2025-02,2025-02-28 14:45:54,184,прогноз,прямоугольные_металл_темно-серый_M_L_M
Комарова,5(10000-24990) (XAVIER GARCIA) (ж),2025-03,2025-03-31 14:45:54,183,прогноз,прямоугольные_металл_темно-серый_M_L_M
Комарова,VIP (CHARRIOL) (ж) #,2024-03,2024-03-01 00:00:00,212,факт,прямоугольные_металл_темно-серый_M_L_M
Комарова,VIP (CHARRIOL) (ж) #,2024-04,2024-04-01 00:00:00,206,факт,прямоугольные_металл_темно-серый_M_L_M
Комарова,VIP (CHARRIOL) (ж) #,2024-05,2024-05-01 00:00:00,191,факт,прямоугольные_металл_темно-серый_M_L_M
Комарова,VIP (CHARRIOL) (ж) #,2024-06,2024-06-01 00:00:00,213,факт,прямоугольные_металл_темно-серый_M_L_M
Комарова,VIP (CHARRIOL) (ж) #,2024-07,2024-07-01 00:00:00,243,факт,прямоугольные_металл_темно-серый_M_L_M
Комарова,VIP (CHARRIOL) (ж) #,2024-08,2024-08-01 00:00:00,201,факт,прямоугольные_металл_темно-серый_M_L_M
Комарова,VIP (CHARRIOL) (ж) #,2024-09,2024-09-01 00:00:00,176,факт,прямоугольные_металл_темно-серый_M_L_M
Комарова,VIP (CHARRIOL) (ж) #,2024-10,2024-10-01 00:00:00,168,факт,прямоугольные_металл_темно-серый_M_L_M
Комарова,VIP (CHARRIOL) (ж) #,2024-11,2024-11-01 00:00:00,158,факт,прямоугольные_металл_темно-серый_M_L_M
Комарова,VIP (CHARRIOL) (ж) #,2024-12,2024-12-01 00:00:00,192,факт,прямоугольные_металл_темно-серый_M_L_M
Комарова,VIP (CHARRIOL) (ж) #,2025-01,2025-01-31 14:45:54,185,прогноз,прямоугольные_металл_темно-серый_M_L_M
Комарова,VIP (CHARRIOL) (ж) #,2025-02,2025-02-28 14:45:54,184,прогноз,прямоугольные_металл_темно-серый_M_L_M
Комарова,VIP (CHARRIOL) (ж) #,2025-03,2025-03-31 14:45:54,183,прогноз,прямоугольные_металл_темно-серый_M_L_M
Комарова,VIP (MONTBLANC)#,2024-03,2024-03-01 00:00:00,212,факт,прямоугольные_металл_темно-серый_M_L_M
Комарова,VIP (MONTBLANC)#,2024-04,2024-04-01 00:00:00,206,факт,прямоугольные_металл_темно-серый_M_L_M
Комарова,VIP (MONTBLANC)#,2024-05,2024-05-01 00:00:00,191,факт,прямоугольные_металл_темно-серый_M_L_M
Комарова,VIP (MONTBLANC)#,2024-06,2024-06-01 00:00:00,213,факт,прямоугольные_металл_темно-серый_M_L_M
Комарова,VIP (MONTBLANC)#,2024-07,2024-07-01 00:00:00,243,факт,прямоугольные_металл_темно-серый_M_L_M
Комарова,VIP (MONTBLANC)#,2024-08,2024-08-01 00:00:00,201,факт,прямоугольные_металл_темно-серый_M_L_M
Комарова,VIP (MONTBLANC)#,2024-09,2024-09-01 00:00:00,176,факт,прямоугольные_металл_темно-серый_M_L_M
Комарова,VIP (MONTBLANC)#,2024-10,2024-10-01 00:00:00,168,факт,прямоугольные_металл_темно-серый_M_L_M
Комарова,VIP (MONTBLANC)#,2024-11,2024-11-01 00:00:00,158,факт,прямоугольные_металл_темно-серый_M_L_M
Комарова,VIP (MONTBLANC)#,2024-12,2024-12-01 00:00:00,192,факт,прямоугольные_металл_темно-серый_M_L_M
Комарова,VIP (MONTBLANC)#,2025-01,2025-01-31 14:45:54,185,прогноз,прямоугольные_металл_темно-серый_M_L_M
Комарова,VIP (MONTBLANC)#,2025-02,2025-02-28 14:45:54,184,прогноз,прямоугольные_металл_темно-серый_M_L_M
Комарова,VIP (MONTBLANC)#,2025-03,2025-03-31 14:45:54,183,прогноз,прямоугольные_металл_темно-серый_M_L_M
Комарова,"Комсомольский, 33 ОиМ",2024-03,2024-03-01 00:00:00,67,факт,прямоугольные_металл_темно-серый_M_L_M
Комарова,"Комсомольский, 33 ОиМ",2024-04,2024-04-01 00:00:00,61,факт,прямоугольные_металл_темно-серый_M_L_M
Комарова,"Комсомольский, 33 ОиМ",2024-05,2024-05-01 00:00:00,50,факт,прямоугольные_металл_темно-серый_M_L_M
Комарова,"Комсомольский, 33 ОиМ",2024-06,2024-06-01 00:00:00,71,факт,прямоугольные_металл_темно-серый_M_L_M
Комарова,"Комсомольский, 33 ОиМ",2024-07,2024-07-01 00:00:00,93,факт,прямоугольные_металл_темно-серый_M_L_M
Комарова,"Комсомольский, 33 ОиМ",2024-08,2024-08-01 00:00:00,69,факт,прямоугольные_металл_темно-серый_M_L_M
Комарова,"Комсомольский, 33 ОиМ",2024-09,2024-09-01 00:00:00,62,факт,прямоугольные_металл_темно-серый_M_L_M
Комарова,"Комсомольский, 33 ОиМ",2024-10,2024-10-01 00:00:00,57,факт,прямоугольные_металл_темно-серый_M_L_M
Комарова,"Комсомольский, 33 ОиМ",2024-11,2024-11-01 00:00:00,67,факт,прямоугольные_металл_темно-серый_M_L_M
Комарова,"Комсомольский, 33 ОиМ",2024-12,2024-12-01 00:00:00,71,факт,прямоугольные_металл_темно-серый_M_L_M
Комарова,"Комсомольский, 33 ОиМ",2025-01,2025-01-31 14:45:54,65,прогноз,прямоугольные_металл_темно-серый_M_L_M
Комарова,"Комсомольский, 33 ОиМ",2025-02,2025-02-28 14:45:54,65,прогноз,прямоугольные_металл_темно-серый_M_L_M
Комарова,"Комсомольский, 33 ОиМ",2025-03,2025-03-31 14:45:54,65,прогноз,прямоугольные_металл_темно-серый_M_L_M
