article,brand,gender_frame,material,frame_type,form,color,lens_width,bridge_width,temples_length,price,cost,категория,class_style,class_size,class_full
(NOT) COMMON - 06,GAST,универсальные,пластик,ободковая,прямоугольные,бежевый,49.0,22.0,145.0,,,солнцезащитные,прямоугольные_пластик_бежевый,L_M_L,прямоугольные_пластик_бежевый_L_M_L
(NOT) COMMON - 07,GAST,универсальные,пластик,ободковая,прямоугольные,черный/золотой,49.0,22.0,145.0,,,солнцезащитные,прямоугольные_пластик_черный/золотой,L_M_L,прямоугольные_пластик_черный/золотой_L_M_L
0001/N/S-SZJIR,ISABEL MARANT,женские,пластик,ободковая,капли,,57.0,18.0,150.0,,,солнцезащитные,,L_L_L,
0001/S-8079O,ISABEL MARANT,универсальные,пластик,ободковая,капли,,57.0,18.0,150.0,,,солнцезащитные,,L_L_L,
0001/S-FWM3X,ISABEL MARANT,женские,пластик,ободковая,капли,,57.0,18.0,150.0,,,солнцезащитные,,L_L_L,
0002/S-8079O,ETRO,женские,пластик,ободковая,квадратные,черный,60.0,18.0,145.0,,,солнцезащитные,квадратные_пластик_черный,L_L_L,квадратные_пластик_черный_L_L_L
0008S-002,CHLOE,женские,пластик,ободковая,гексагон,,58.0,17.0,140.0,,,солнцезащитные,,M_L_M,
001-PNK,BARBIE,подростковые для девочек,пластик,ободковая,вайфайеры,розовый,46.0,18.0,124.0,,,солнцезащитные,вайфайеры_пластик_розовый,S_S_L,вайфайеры_пластик_розовый_S_S_L
001-VLT,BARBIE,подростковые для девочек,пластик,ободковая,вайфайеры,фиолетовый,46.0,18.0,124.0,,,солнцезащитные,вайфайеры_пластик_фиолетовый,S_S_L,вайфайеры_пластик_фиолетовый_S_S_L
0010/S-71CHA,ETRO,женские,пластик,ободковая,бабочка,черный,50.0,24.0,145.0,,,солнцезащитные,бабочка_пластик_черный,L_M_L,бабочка_пластик_черный_L_M_L
0010/S-8079O,ETRO,женские,пластик,ободковая,бабочка,черный,50.0,24.0,145.0,,,солнцезащитные,бабочка_пластик_черный,L_M_L,бабочка_пластик_черный_L_M_L
0014/S-000IB,ISABEL MARANT,женские,металл,ободковая,квадратные,золотой,58.0,19.0,145.0,,,солнцезащитные,квадратные_металл_золотой,L_L_L,квадратные_металл_золотой_L_L_L
0019S-002,AZZEDINE ALAIA,женские,пластик,ободковая,кошачий глаз,белый,51.0,17.0,145.0,,,солнцезащитные,кошачий глаз_пластик_белый,L_M_M,кошачий глаз_пластик_белый_L_M_M
0019S-003,AZZEDINE ALAIA,женские,пластик,ободковая,кошачий глаз,красный,51.0,17.0,145.0,,,солнцезащитные,кошачий глаз_пластик_красный,L_M_M,кошачий глаз_пластик_красный_L_M_M
002-BLK,HOT WHEELS,подростковые для мальчиков,пластик,ободковая,квадратные,черный,49.0,14.0,118.0,,,солнцезащитные,квадратные_пластик_черный,S_M_S,квадратные_пластик_черный_S_M_S
002-PNK,BARBIE,подростковые для девочек,пластик,ободковая,кошачий глаз,розовый,46.0,15.0,129.0,,,солнцезащитные,кошачий глаз_пластик_розовый,S_S_S,кошачий глаз_пластик_розовый_S_S_S
0021/S-000UY,ETRO,женские,металл,ободковая,бабочка,золотой,60.0,17.0,145.0,,,солнцезащитные,бабочка_металл_золотой,L_L_M,бабочка_металл_золотой_L_L_M
0027S-001,AZZEDINE ALAIA,женские,металл,безободковая,кошачий глаз,черный,99.0,1.0,140.0,,,солнцезащитные,кошачий глаз_металл_черный,M_L_S,кошачий глаз_металл_черный_M_L_S
0030S-001,AZZEDINE ALAIA,женские,пластик,ободковая,кошачий глаз,черный,51.0,23.0,145.0,,,солнцезащитные,кошачий глаз_пластик_черный,L_M_L,кошачий глаз_пластик_черный_L_M_L
0031RS-002,CARTIER,универсальные,металл,безободковая,овальные,,60.0,17.0,140.0,,,солнцезащитные,,M_L_M,
0031S-001,CHLOE,женские,металл и пластик,ободковая,квадратные,,59.0,19.0,140.0,,,солнцезащитные,,M_L_L,
0031S-003,CHLOE,женские,металл и пластик,ободковая,квадратные,,59.0,19.0,140.0,,,солнцезащитные,,M_L_L,
0032S-001,AZZEDINE ALAIA,женские,металл,безободковая,панто,черный,61.0,16.0,140.0,,,солнцезащитные,панто_металл_черный,M_L_M,панто_металл_черный_M_L_M
0036-6,VITO FABIUS,подростковые для девочек,пластик,ободковая,бабочка,розовый,45.0,20.0,134.0,,,солнцезащитные,бабочка_пластик_розовый,S_S_L,бабочка_пластик_розовый_S_S_L
0047-3,VITO FABIUS,подростковые для девочек,пластик,ободковая,гексагон,синий,48.0,16.0,134.0,,,солнцезащитные,гексагон_пластик_синий,S_M_M,гексагон_пластик_синий_S_M_M
005-09YL,PHILIPP PLEIN,универсальные,пластик,ободковая,квадратные,белый,57.0,18.0,145.0,,,солнцезащитные,квадратные_пластик_белый,L_L_L,квадратные_пластик_белый_L_L_L
005-300,ROBERTO CAVALLI,женские,металл,безободковая,необычные,золотой,59.0,19.0,140.0,,,солнцезащитные,необычные_металл_золотой,M_L_L,необычные_металл_золотой_M_L_L
005-400F,ROBERTO CAVALLI,женские,металл,безободковая,необычные,золотой,59.0,19.0,140.0,,,солнцезащитные,необычные_металл_золотой,M_L_L,необычные_металл_золотой_M_L_L
005-579X,ROBERTO CAVALLI,женские,металл,безободковая,необычные,серебристый,59.0,19.0,140.0,,,солнцезащитные,необычные_металл_серебристый,M_L_L,необычные_металл_серебристый_M_L_L
005-594G,ROBERTO CAVALLI,женские,металл,безободковая,необычные,бронзовый,59.0,19.0,140.0,,,солнцезащитные,необычные_металл_бронзовый,M_L_L,необычные_металл_бронзовый_M_L_L
005-BLK,HOT WHEELS,подростковые универсальные,пластик,ободковая,вайфайеры,черный,53.0,18.0,127.0,,,солнцезащитные,вайфайеры_пластик_черный,S_L_L,вайфайеры_пластик_черный_S_L_L
0051/S-1ED9K,ISABEL MARANT,женские,пластик,ободковая,круглые,,51.0,24.0,150.0,,,солнцезащитные,,L_M_L,
006-0300,ROBERTO CAVALLI,женские,металл,безободковая,круглые,золотой,63.0,17.0,140.0,,,солнцезащитные,круглые_металл_золотой,M_L_M,круглые_металл_золотой_M_L_M
006-0700,PHILIPP PLEIN,универсальные,пластик,ободковая,маска,черный,98.0,,,,,солнцезащитные,маска_пластик_черный,L_L_L,маска_пластик_черный_L_L_L
006-594B,ROBERTO CAVALLI,женские,металл,безободковая,круглые,серебристый,63.0,17.0,140.0,,,солнцезащитные,круглые_металл_серебристый,M_L_M,круглые_металл_серебристый_M_L_M
007-0302,PHILIPP PLEIN,универсальные,металл,ободковая,капли,золотой,64.0,12.0,145.0,,,солнцезащитные,капли_металл_золотой,L_L_S,капли_металл_золотой_L_L_S
007-528L,PHILIPP PLEIN,универсальные,металл,ободковая,капли,серебристый,64.0,12.0,145.0,,,солнцезащитные,капли_металл_серебристый,L_L_S,капли_металл_серебристый_L_L_S
007-ACQ,BARBIE,подростковые для девочек,пластик,ободковая,панто,оливковый,51.0,14.0,128.0,,,солнцезащитные,панто_пластик_оливковый,S_M_S,панто_пластик_оливковый_S_M_S
007-BLK,HOT WHEELS,подростковые для мальчиков,пластик,ободковая,прямоугольные,черный,55.0,18.0,125.0,,,солнцезащитные,прямоугольные_пластик_черный,S_L_L,прямоугольные_пластик_черный_S_L_L
007-FXA,BARBIE,подростковые для девочек,пластик,ободковая,панто,малиновый,51.0,14.0,128.0,,,солнцезащитные,панто_пластик_малиновый,S_M_S,панто_пластик_малиновый_S_M_S
007-L.PNK,BARBIE,подростковые для девочек,пластик,ободковая,панто,розовый,51.0,14.0,128.0,,,солнцезащитные,панто_пластик_розовый,S_M_S,панто_пластик_розовый_S_M_S
007-RED,HOT WHEELS,подростковые для мальчиков,пластик,ободковая,прямоугольные,красный,55.0,18.0,125.0,,,солнцезащитные,прямоугольные_пластик_красный,S_L_L,прямоугольные_пластик_красный_S_L_L
0077/G/S-K1GKU,ISABEL MARANT,женские,пластик,ободковая,бабочка,,56.0,18.0,140.0,,,солнцезащитные,,M_L_L,
008-BLK,BARBIE,подростковые для девочек,пластик,ободковая,кошачий глаз,черный,49.0,18.0,136.0,,,солнцезащитные,кошачий глаз_пластик_черный,M_M_L,кошачий глаз_пластик_черный_M_M_L
008-LIL,BARBIE,подростковые для девочек,пластик,ободковая,кошачий глаз,сиреневый,49.0,18.0,136.0,,,солнцезащитные,кошачий глаз_пластик_сиреневый,M_M_L,кошачий глаз_пластик_сиреневый_M_M_L
0080/S-6LBJP,ISABEL MARANT,женские,металл,безободковая,необычные,,60.0,18.0,150.0,,,солнцезащитные,,L_L_L,
0086-21Y,MAX&CO,женские,пластик,ободковая,бабочка,белый,54.0,18.0,140.0,,,солнцезащитные,бабочка_пластик_белый,M_L_L,бабочка_пластик_белый_M_L_L
009-GRY,HOT WHEELS,подростковые универсальные,пластик,ободковая,панто,серый,47.0,16.0,133.0,,,солнцезащитные,панто_пластик_серый,S_S_M,панто_пластик_серый_S_S_M
0090-33A,MAX&CO,универсальные,металл,ободковая,прямоугольные,золотой,54.0,16.0,140.0,,,солнцезащитные,прямоугольные_металл_золотой,M_L_M,прямоугольные_металл_золотой_M_L_M
0091S-002,MONTBLANC,мужские,металл,ободковая,капли,,54.0,16.0,145.0,,,солнцезащитные,,L_L_M,
0096/S-807IR,ISABEL MARANT,мужские,пластик,ободковая,маска,черный,99.0,1.0,145.0,,,солнцезащитные,маска_пластик_черный,L_L_S,маска_пластик_черный_L_L_S
009V-0700,ROBERTO CAVALLI,женские,пластик,ободковая,кошачий глаз,черный,51.0,21.0,140.0,,,солнцезащитные,кошачий глаз_пластик_черный,M_M_L,кошачий глаз_пластик_черный_M_M_L
00UW14-EL136,RIGARDS,универсальные,титан,ободковая,круглые,темно-серый,45.0,25.0,140.0,,,солнцезащитные,круглые_титан_темно-серый,M_S_L,круглые_титан_темно-серый_M_S_L
01-506 20PZ,MARIO ROSSI,мужские,пластик,ободковая,прямоугольные,,57.0,16.0,144.0,,,солнцезащитные,,M_L_M,
01-519 13PZ,MARIO ROSSI,женские,пластик,ободковая,бабочка,,57.0,19.0,145.0,,,солнцезащитные,,L_L_L,
01-519 17PZ,MARIO ROSSI,женские,пластик,ободковая,бабочка,,57.0,19.0,145.0,,,солнцезащитные,,L_L_L,
01-528 07P,MARIO ROSSI,женские,пластик,ободковая,круглые,,56.0,18.0,140.0,,,солнцезащитные,,M_L_L,
01-528 17P,MARIO ROSSI,женские,пластик,ободковая,круглые,,56.0,18.0,140.0,,,солнцезащитные,,M_L_L,
01-529 17PZ,MARIO ROSSI,женские,пластик,ободковая,кошачий глаз,,57.0,18.0,141.0,,,солнцезащитные,,M_L_L,
01-529 18PZ,MARIO ROSSI,женские,пластик,ободковая,кошачий глаз,,57.0,18.0,141.0,,,солнцезащитные,,M_L_L,
01-547 07P,MARIO ROSSI,женские,пластик,ободковая,бабочка,коричневый,57.0,20.0,140.0,,,солнцезащитные,бабочка_пластик_коричневый,M_L_L,бабочка_пластик_коричневый_M_L_L
01-547 17PZ,MARIO ROSSI,женские,пластик,ободковая,бабочка,фиолетовый,57.0,20.0,140.0,,,солнцезащитные,бабочка_пластик_фиолетовый,M_L_L,бабочка_пластик_фиолетовый_M_L_L
01-547 21P,MARIO ROSSI,женские,пластик,ободковая,бабочка,коричневый,57.0,20.0,140.0,,,солнцезащитные,бабочка_пластик_коричневый,M_L_L,бабочка_пластик_коричневый_M_L_L
0102/S-DOH98,ISABEL MARANT,женские,металл,полуободковая,квадратные,,58.0,19.0,145.0,,,солнцезащитные,,L_L_L,
0103/S-086HA,ISABEL MARANT,женские,пластик,ободковая,бабочка,черепаховый,52.0,22.0,145.0,,,солнцезащитные,бабочка_пластик_черепаховый,L_L_L,бабочка_пластик_черепаховый_L_L_L
0104-33P,MAX&CO,женские,металл,ободковая,необычные,золотой,57.0,15.0,140.0,,,солнцезащитные,необычные_металл_золотой,M_L_S,необычные_металл_золотой_M_L_S
0104/S-1ED9K,ISABEL MARANT,женские,пластик,ободковая,бабочка,зеленый,51.0,24.0,145.0,,,солнцезащитные,бабочка_пластик_зеленый,L_M_L,бабочка_пластик_зеленый_L_M_L
0104/S-807IR,ISABEL MARANT,женские,пластик,ободковая,бабочка,черный,51.0,24.0,145.0,,,солнцезащитные,бабочка_пластик_черный,L_M_L,бабочка_пластик_черный_L_M_L
010V-0700,ROBERTO CAVALLI,женские,пластик,ободковая,круглые,черный,52.0,21.0,140.0,,,солнцезащитные,круглые_пластик_черный,M_L_L,круглые_пластик_черный_M_L_L
011-703X,PHILIPP PLEIN,универсальные,пластик,ободковая,маска,,55.0,19.0,145.0,,,солнцезащитные,,L_L_L,
011-L.BLUE,BARBIE,подростковые для девочек,пластик,ободковая,вайфайеры,голубой,53.0,18.0,127.0,,,солнцезащитные,вайфайеры_пластик_голубой,S_L_L,вайфайеры_пластик_голубой_S_L_L
0112/S-KDX9O,Carolina Herrera,женские,металл,ободковая,кошачий глаз,,58.0,17.0,145.0,,,солнцезащитные,,L_L_M,
012-0523,PHILIPP PLEIN,мужские,металл,ободковая,капли,черный,61.0,15.0,150.0,,,солнцезащитные,капли_металл_черный,L_L_S,капли_металл_черный_L_L_S
0121S-004,CHLOE,женские,пластик,ободковая,квадратные,зеленый,55.0,18.0,145.0,,,солнцезащитные,квадратные_пластик_зеленый,L_L_L,квадратные_пластик_зеленый_L_L_L
0124S-004,MONTBLANC,универсальные,пластик,ободковая,вайфайеры,,53.0,18.0,155.0,,,солнцезащитные,,L_L_L,
0146S-004,CHLOE,женские,металл,ободковая,гексагон,золотой,58.0,19.0,135.0,,,солнцезащитные,гексагон_металл_золотой,M_L_L,гексагон_металл_золотой_M_L_L
015-0300,ROBERTO CAVALLI,женские,металл,безободковая,маска,золотой,99.0,,130.0,,,солнцезащитные,маска_металл_золотой,S_L_L,маска_металл_золотой_S_L_L
0153S-001,CHLOE,женские,пластик,ободковая,квадратные,черный,54.0,22.0,145.0,,,солнцезащитные,квадратные_пластик_черный,L_L_L,квадратные_пластик_черный_L_L_L
0156S-001,CARTIER,женские,металл,ободковая,круглые,,56.0,21.0,140.0,,,солнцезащитные,,M_L_L,
0160S-001,MONTBLANC,мужские,металл,ободковая,овальные,,49.0,22.0,145.0,,,солнцезащитные,,L_M_L,
0160S-002,MONTBLANC,мужские,металл,ободковая,овальные,,49.0,22.0,145.0,,,солнцезащитные,,L_M_L,
0175S-001,MONTBLANC,мужские,пластик,ободковая,вайфайеры,,50.0,21.0,145.0,,,солнцезащитные,,L_M_L,
0183/S-RHL9O,Carolina Herrera,женские,металл,ободковая,необычные,черный/золотой,55.0,18.0,145.0,,,солнцезащитные,необычные_металл_черный/золотой,L_L_L,необычные_металл_черный/золотой_L_L_L
02-047 37P,MARIO ROSSI,подростковые для девочек,пластик,ободковая,овальные,,50.0,15.0,132.0,,,солнцезащитные,,S_M_S,
02-104 05Z,MARIO ROSSI,мужские,металл,ободковая,овальные,серый,60.0,15.0,141.0,,,солнцезащитные,овальные_металл_серый,M_L_S,овальные_металл_серый_M_L_S
02-112 01,MARIO ROSSI,женские,металл,ободковая,панто,,53.0,19.0,145.0,,,солнцезащитные,,L_L_L,
02-112 02Z,MARIO ROSSI,женские,металл,ободковая,панто,,53.0,19.0,145.0,,,солнцезащитные,,L_L_L,
02-118 01Z,MARIO ROSSI,женские,металл,ободковая,круглые,,50.0,20.0,145.0,,,солнцезащитные,,L_M_L,
02-118 03Z,MARIO ROSSI,женские,металл,ободковая,круглые,,50.0,20.0,145.0,,,солнцезащитные,,L_M_L,
02-119 01Z,MARIO ROSSI,женские,металл,ободковая,панто,,54.0,18.0,144.0,,,солнцезащитные,,M_L_L,
02-121 07PZ,MARIO ROSSI,женские,металл и пластик,ободковая,кошачий глаз,,54.0,21.0,138.0,,,солнцезащитные,,M_L_L,
02-121 17PZ,MARIO ROSSI,женские,металл и пластик,ободковая,кошачий глаз,,54.0,21.0,138.0,,,солнцезащитные,,M_L_L,
02-122 17PZ,MARIO ROSSI,женские,металл и пластик,ободковая,бабочка,,52.0,20.0,142.0,,,солнцезащитные,,M_L_L,
02-125 18PZ,MARIO ROSSI,универсальные,пластик,ободковая,овальные,,51.0,20.0,140.0,,,солнцезащитные,,M_M_L,
02-128 17PZ,MARIO ROSSI,женские,пластик,ободковая,круглые,,55.0,21.0,144.0,,,солнцезащитные,,M_L_L,
02-129 17PZ,MARIO ROSSI,женские,пластик,ободковая,квадратные,,55.0,18.0,140.0,,,солнцезащитные,,M_L_L,
02-129 18P,MARIO ROSSI,женские,пластик,ободковая,квадратные,,55.0,18.0,140.0,,,солнцезащитные,,M_L_L,
02-135 01Z,MARIO ROSSI,мужские,металл,ободковая,квадратные,,62.0,16.0,129.0,,,солнцезащитные,,S_L_M,
02-138 18Z,MARIO ROSSI,мужские,металл,ободковая,прямоугольные,,60.0,15.0,130.0,,,солнцезащитные,,S_L_S,
02-151 17PZ,MARIO ROSSI,женские,пластик,ободковая,квадратные,,53.0,19.0,146.0,,,солнцезащитные,,L_L_L,
02-151 19P,MARIO ROSSI,женские,пластик,ободковая,квадратные,,53.0,19.0,146.0,,,солнцезащитные,,L_L_L,
02-152 07P,MARIO ROSSI,женские,пластик,ободковая,гексагон,,56.0,19.0,142.0,,,солнцезащитные,,M_L_L,
02-152 08P,MARIO ROSSI,женские,пластик,ободковая,гексагон,,56.0,19.0,142.0,,,солнцезащитные,,M_L_L,
02-152 17PZ,MARIO ROSSI,женские,пластик,ободковая,гексагон,,56.0,19.0,142.0,,,солнцезащитные,,M_L_L,
02-153 07P,MARIO ROSSI,женские,пластик,ободковая,бабочка,,54.0,19.0,145.0,,,солнцезащитные,,L_L_L,
02-153 13P,MARIO ROSSI,женские,пластик,ободковая,бабочка,,54.0,19.0,145.0,,,солнцезащитные,,L_L_L,
02-153 17PZ,MARIO ROSSI,женские,пластик,ободковая,бабочка,,54.0,19.0,145.0,,,солнцезащитные,,L_L_L,
02-156 07P,MARIO ROSSI,женские,пластик,ободковая,бабочка,,53.0,19.0,145.0,,,солнцезащитные,,L_L_L,
02-156 17PZ,MARIO ROSSI,женские,пластик,ободковая,бабочка,,53.0,19.0,145.0,,,солнцезащитные,,L_L_L,
02-156 19P,MARIO ROSSI,женские,пластик,ободковая,бабочка,,53.0,19.0,145.0,,,солнцезащитные,,L_L_L,
02-157 08PZ,MARIO ROSSI,универсальные,пластик,ободковая,трапеция,,52.0,20.0,145.0,,,солнцезащитные,,L_L_L,
02-157 18PZ,MARIO ROSSI,универсальные,пластик,ободковая,трапеция,,52.0,20.0,145.0,,,солнцезащитные,,L_L_L,
02-158 17PZ,MARIO ROSSI,мужские,пластик,ободковая,прямоугольные,,58.0,10.0,140.0,,,солнцезащитные,,M_L_S,
02-158 20PZ,MARIO ROSSI,мужские,пластик,ободковая,прямоугольные,,58.0,10.0,140.0,,,солнцезащитные,,M_L_S,
02-159 08PZ,MARIO ROSSI,универсальные,пластик,ободковая,квадратные,,51.0,18.0,145.0,,,солнцезащитные,,L_M_L,
02-159 17PZ,MARIO ROSSI,универсальные,пластик,ободковая,квадратные,,51.0,18.0,145.0,,,солнцезащитные,,L_M_L,
02-159 20PZ,MARIO ROSSI,универсальные,пластик,ободковая,квадратные,,51.0,18.0,145.0,,,солнцезащитные,,L_M_L,
02-161 07P,MARIO ROSSI,женские,пластик,ободковая,прямоугольные,,53.0,20.0,143.0,,,солнцезащитные,,M_L_L,
02-161 17PZ,MARIO ROSSI,женские,пластик,ободковая,прямоугольные,,53.0,20.0,143.0,,,солнцезащитные,,M_L_L,
02-161 21P,MARIO ROSSI,женские,пластик,ободковая,прямоугольные,,53.0,20.0,143.0,,,солнцезащитные,,M_L_L,
02-164 01,MARIO ROSSI,женские,металл,ободковая,бабочка,,58.0,15.0,140.0,,,солнцезащитные,,M_L_S,
02-167 03,MARIO ROSSI,женские,металл,безободковая,квадратные,,58.0,16.0,145.0,,,солнцезащитные,,L_L_M,
02-170 08PZ,MARIO ROSSI,мужские,пластик,ободковая,спортивные,,62.0,16.0,135.0,,,солнцезащитные,,M_L_M,
02-170 18PZ,MARIO ROSSI,мужские,пластик,ободковая,спортивные,,62.0,16.0,135.0,,,солнцезащитные,,M_L_M,
02-170 20PZ,MARIO ROSSI,мужские,пластик,ободковая,спортивные,,62.0,16.0,135.0,,,солнцезащитные,,M_L_M,
02-172 18PZ,MARIO ROSSI,женские,пластик,ободковая,бабочка,,53.0,20.0,142.0,,,солнцезащитные,,M_L_L,
02-173 01Z,MARIO ROSSI,универсальные,металл,ободковая,панто,,52.0,19.0,146.0,,,солнцезащитные,,L_L_L,
02-173 06Z,MARIO ROSSI,универсальные,металл,ободковая,панто,,52.0,19.0,146.0,,,солнцезащитные,,L_L_L,
02-173 17Z,MARIO ROSSI,универсальные,металл,ободковая,панто,,52.0,19.0,146.0,,,солнцезащитные,,L_L_L,
02-177 01,MARIO ROSSI,женские,металл,ободковая,бабочка,золотой,60.0,16.0,143.0,,,солнцезащитные,бабочка_металл_золотой,M_L_M,бабочка_металл_золотой_M_L_M
02-177 05Z,MARIO ROSSI,женские,металл,ободковая,бабочка,серый,60.0,16.0,143.0,,,солнцезащитные,бабочка_металл_серый,M_L_M,бабочка_металл_серый_M_L_M
02-181 06Z,MARIO ROSSI,мужские,металл,ободковая,квадратные,серый,59.0,17.0,142.0,,,солнцезащитные,квадратные_металл_серый,M_L_M,квадратные_металл_серый_M_L_M
02-181 18Z,MARIO ROSSI,мужские,металл,ободковая,квадратные,черный,59.0,17.0,142.0,,,солнцезащитные,квадратные_металл_черный,M_L_M,квадратные_металл_черный_M_L_M
02-182 01,MARIO ROSSI,женские,металл,ободковая,квадратные,золотой,59.0,16.0,145.0,,,солнцезащитные,квадратные_металл_золотой,L_L_M,квадратные_металл_золотой_L_L_M
02-182 02,MARIO ROSSI,женские,металл,ободковая,квадратные,золотой,59.0,16.0,145.0,,,солнцезащитные,квадратные_металл_золотой,L_L_M,квадратные_металл_золотой_L_L_M
02-183 01,MARIO ROSSI,женские,металл,ободковая,квадратные,золотой,58.0,16.0,144.0,,,солнцезащитные,квадратные_металл_золотой,M_L_M,квадратные_металл_золотой_M_L_M
02-183 05Z,MARIO ROSSI,женские,металл,ободковая,бабочка,черный/серый,58.0,16.0,144.0,,,солнцезащитные,бабочка_металл_черный/серый,M_L_M,бабочка_металл_черный/серый_M_L_M
02-184 17,MARIO ROSSI,женские,металл,ободковая,панто,черный,56.0,16.0,140.0,,,солнцезащитные,панто_металл_черный,M_L_M,панто_металл_черный_M_L_M
02-184 25,MARIO ROSSI,женские,металл,ободковая,панто,бронзовый,56.0,16.0,140.0,,,солнцезащитные,панто_металл_бронзовый,M_L_M,панто_металл_бронзовый_M_L_M
02-185 03Z,MARIO ROSSI,универсальные,металл,ободковая,панто,серебристый,53.0,20.0,145.0,,,солнцезащитные,панто_металл_серебристый,L_L_L,панто_металл_серебристый_L_L_L
02-186 01,MARIO ROSSI,женские,металл,ободковая,трапеция,желтый,59.0,15.0,143.0,,,солнцезащитные,трапеция_металл_желтый,M_L_S,трапеция_металл_желтый_M_L_S
02-191 06Z,MARIO ROSSI,мужские,металл,ободковая,капли,серый,61.0,14.0,143.0,,,солнцезащитные,капли_металл_серый,M_L_S,капли_металл_серый_M_L_S
02-191 17Z,MARIO ROSSI,мужские,металл,ободковая,капли,черный,61.0,14.0,143.0,,,солнцезащитные,капли_металл_черный,M_L_S,капли_металл_черный_M_L_S
02-193 05Z,MARIO ROSSI,мужские,металл,ободковая,капли,серый,58.0,14.0,143.0,,,солнцезащитные,капли_металл_серый,M_L_S,капли_металл_серый_M_L_S
02-193 17Z,MARIO ROSSI,мужские,металл,ободковая,капли,серый,58.0,14.0,143.0,,,солнцезащитные,капли_металл_серый,M_L_S,капли_металл_серый_M_L_S
02-197 18Z,MARIO ROSSI,универсальные,металл,ободковая,панто,серый,53.0,20.0,146.0,,,солнцезащитные,панто_металл_серый,L_L_L,панто_металл_серый_L_L_L
02-199 01Z,MARIO ROSSI,универсальные,металл,ободковая,панто,желтый,52.0,19.0,146.0,,,солнцезащитные,панто_металл_желтый,L_L_L,панто_металл_желтый_L_L_L
02-199 03Z,MARIO ROSSI,универсальные,металл,ободковая,панто,серебристый,52.0,19.0,146.0,,,солнцезащитные,панто_металл_серебристый,L_L_L,панто_металл_серебристый_L_L_L
02-199 18Z,MARIO ROSSI,универсальные,металл,ободковая,панто,черный,52.0,19.0,146.0,,,солнцезащитные,панто_металл_черный,L_L_L,панто_металл_черный_L_L_L
02-203 08P,MARIO ROSSI,женские,пластик,ободковая,бабочка,коричневый,52.0,19.0,142.0,,,солнцезащитные,бабочка_пластик_коричневый,M_L_L,бабочка_пластик_коричневый_M_L_L
02-203 17PZ,MARIO ROSSI,женские,пластик,ободковая,бабочка,черный,52.0,19.0,142.0,,,солнцезащитные,бабочка_пластик_черный,M_L_L,бабочка_пластик_черный_M_L_L
02-205 01,MARIO ROSSI,женские,металл и пластик,безободковая,бабочка,черный,56.0,17.0,143.0,,,солнцезащитные,бабочка_металл и пластик_черный,M_L_M,бабочка_металл и пластик_черный_M_L_M
02-205 03,MARIO ROSSI,женские,металл и пластик,безободковая,бабочка,синий/серебристый,56.0,17.0,143.0,,,солнцезащитные,бабочка_металл и пластик_синий/серебристый,M_L_M,бабочка_металл и пластик_синий/серебристый_M_L_M
02-205 25,MARIO ROSSI,женские,металл и пластик,безободковая,бабочка,розовый,56.0,17.0,143.0,,,солнцезащитные,бабочка_металл и пластик_розовый,M_L_M,бабочка_металл и пластик_розовый_M_L_M
0210S-002,CHLOE,женские,пластик,ободковая,бабочка,черепаховый,56.0,16.0,145.0,,,солнцезащитные,бабочка_пластик_черепаховый,L_L_M,бабочка_пластик_черепаховый_L_L_M
0214S-004,MONTBLANC,мужские,металл,ободковая,капли,,58.0,16.0,145.0,,,солнцезащитные,,L_L_M,
0221/G/S-3H29O,Carolina Herrera,женские,пластик,ободковая,кошачий глаз,черный/розовый,50.0,22.0,145.0,,,солнцезащитные,кошачий глаз_пластик_черный/розовый,L_M_L,кошачий глаз_пластик_черный/розовый_L_M_L
0221/G/S-O63HA,Carolina Herrera,женские,пластик,ободковая,кошачий глаз,гавана,50.0,22.0,145.0,,,солнцезащитные,кошачий глаз_пластик_гавана,L_M_L,кошачий глаз_пластик_гавана_L_M_L
0222/S-3H29O,Carolina Herrera,женские,пластик,ободковая,вайфайеры,черный/розовый,47.0,26.0,145.0,,,солнцезащитные,вайфайеры_пластик_черный/розовый,L_S_L,вайфайеры_пластик_черный/розовый_L_S_L
0222/S-ACKIR,Carolina Herrera,женские,пластик,ободковая,вайфайеры,зеленый,47.0,26.0,145.0,,,солнцезащитные,вайфайеры_пластик_зеленый,L_S_L,вайфайеры_пластик_зеленый_L_S_L
0222/S-O63HA,Carolina Herrera,женские,пластик,ободковая,вайфайеры,гавана,47.0,26.0,145.0,,,солнцезащитные,вайфайеры_пластик_гавана,L_S_L,вайфайеры_пластик_гавана_L_S_L
0225S-006,GUCCI,женские,металл,ободковая,бабочка,,63.0,17.0,130.0,,,солнцезащитные,,S_L_M,
0226S-001,CARTIER,женские,металл,ободковая,бабочка,,59.0,20.0,140.0,,,солнцезащитные,,M_L_L,
0226S-007,GUCCI,женские,пластик,ободковая,бабочка,черный,56.0,22.0,130.0,,,солнцезащитные,бабочка_пластик_черный,S_L_L,бабочка_пластик_черный_S_L_L
0227S-001,MONTBLANC,мужские,пластик,ободковая,квадратные,черный,55.0,18.0,145.0,,,солнцезащитные,квадратные_пластик_черный,L_L_L,квадратные_пластик_черный_L_L_L
023-400C,ROBERTO CAVALLI,универсальные,металл,безободковая,прямоугольные,золотой,59.0,17.0,140.0,,,солнцезащитные,прямоугольные_металл_золотой,M_L_M,прямоугольные_металл_золотой_M_L_M
0236SK-003,MONTBLANC,мужские,металл,ободковая,прямоугольные,золотой,60.0,16.0,150.0,,,солнцезащитные,прямоугольные_металл_золотой,L_L_M,прямоугольные_металл_золотой_L_L_M
0242S-002,CARTIER,мужские,металл и пластик,ободковая,капли,,60.0,14.0,140.0,,,солнцезащитные,,M_L_S,
0250/S-0T59O,Carolina Herrera,женские,пластик,ободковая,кошачий глаз,бордовый,52.0,19.0,145.0,,,солнцезащитные,кошачий глаз_пластик_бордовый,L_L_L,кошачий глаз_пластик_бордовый_L_L_L
0250/S-8079O,Carolina Herrera,женские,пластик,ободковая,кошачий глаз,черный/серый,52.0,19.0,145.0,,,солнцезащитные,кошачий глаз_пластик_черный/серый,L_L_L,кошачий глаз_пластик_черный/серый_L_L_L
0263S-001,MONTBLANC,универсальные,пластик,ободковая,вайфайеры,черный,54.0,18.0,145.0,,,солнцезащитные,вайфайеры_пластик_черный,L_L_L,вайфайеры_пластик_черный_L_L_L
0264S-001,MONTBLANC,мужские,металл и пластик,ободковая,прямоугольные,черный,52.0,24.0,145.0,,,солнцезащитные,прямоугольные_металл и пластик_черный,L_L_L,прямоугольные_металл и пластик_черный_L_L_L
0264S-002,MONTBLANC,мужские,металл и пластик,ободковая,прямоугольные,черепаховый,52.0,24.0,145.0,,,солнцезащитные,прямоугольные_металл и пластик_черепаховый,L_L_L,прямоугольные_металл и пластик_черепаховый_L_L_L
0265S-002,MONTBLANC,универсальные,металл,ободковая,квадратные,серебристый,54.0,20.0,145.0,,,солнцезащитные,квадратные_металл_серебристый,L_L_L,квадратные_металл_серебристый_L_L_L
0270S-004,CARTIER,мужские,металл,ободковая,капли,,61.0,12.0,145.0,,,солнцезащитные,,L_L_S,
0278S-001,MONTBLANC,мужские,металл,ободковая,капли,серебристый,56.0,16.0,145.0,,,солнцезащитные,капли_металл_серебристый,L_L_M,капли_металл_серебристый_L_L_M
0278S-003,MONTBLANC,мужские,металл,ободковая,капли,серый,56.0,16.0,145.0,,,солнцезащитные,капли_металл_серый,L_L_M,капли_металл_серый_L_L_M
0279S-001,CARTIER,универсальные,металл,ободковая,круглые,,52.0,20.0,145.0,,,солнцезащитные,,L_L_L,
0295S-002,CARTIER,мужские,металл,ободковая,прямоугольные,,60.0,17.0,140.0,,,солнцезащитные,,M_L_M,
0298S-001,MONTBLANC,мужские,пластик,ободковая,вайфайеры,черный,56.0,16.0,145.0,,,солнцезащитные,вайфайеры_пластик_черный,L_L_M,вайфайеры_пластик_черный_L_L_M
0298S-002,MONTBLANC,мужские,пластик,ободковая,вайфайеры,синий,56.0,16.0,145.0,,,солнцезащитные,вайфайеры_пластик_синий,L_L_M,вайфайеры_пластик_синий_L_L_M
0306S-003,CARTIER,мужские,металл,ободковая,капли,,59.0,15.0,145.0,,,солнцезащитные,,L_L_S,
0309S-002,ALEXANDER Mc QUEEN,женские,металл,ободковая,квадратные,,62.0,17.0,145.0,,,солнцезащитные,,L_L_M,
0311S-003,ALEXANDER Mc QUEEN,женские,металл,ободковая,круглые,,57.0,19.0,145.0,,,солнцезащитные,,L_L_L,
0316S-001,ALEXANDER Mc QUEEN,мужские,металл,ободковая,капли,,61.0,13.0,150.0,,,солнцезащитные,,L_L_S,
0323S-001,CARTIER,мужские,металл,ободковая,капли,,62.0,15.0,140.0,,,солнцезащитные,,M_L_S,
0329S-004,ALEXANDER Mc QUEEN,универсальные,пластик,ободковая,трапеция,,56.0,18.0,145.0,,,солнцезащитные,,L_L_L,
032S-579X,PHILIPP PLEIN,женские,металл,безободковая,маска,серебристый,99.0,,,,,солнцезащитные,маска_металл_серебристый,L_L_L,маска_металл_серебристый_L_L_L
0330S-004,CARTIER,мужские,металл,безободковая,квадратные,,59.0,19.0,145.0,,,солнцезащитные,,L_L_L,
0330S-012,CARTIER,универсальные,металл,безободковая,прямоугольные,золотой,57.0,18.0,140.0,,,солнцезащитные,прямоугольные_металл_золотой,M_L_L,прямоугольные_металл_золотой_M_L_L
0337S-003,ALEXANDER Mc QUEEN,мужские,металл,ободковая,необычные,,60.0,14.0,150.0,,,солнцезащитные,,L_L_S,
033S-0U28,PHILIPP PLEIN,женские,пластик,,маска,черный,99.0,,,,,солнцезащитные,маска_пластик_черный,L_L_L,маска_пластик_черный_L_L_L
033S-4GRX,PHILIPP PLEIN,женские,пластик,,маска,розовый,,,,,,солнцезащитные,маска_пластик_розовый,L_L_L,маска_пластик_розовый_L_L_L
0356S-001,CARTIER,женские,металл,ободковая,необычные,золотой,63.0,16.0,140.0,,,солнцезащитные,необычные_металл_золотой,M_L_M,необычные_металл_золотой_M_L_M
0358S-001,CARTIER,женские,пластик,ободковая,прямоугольные,черный,64.0,13.0,145.0,,,солнцезащитные,прямоугольные_пластик_черный,L_L_S,прямоугольные_пластик_черный_L_L_S
0361S-001,CARTIER,женские,металл,ободковая,квадратные,золотой,61.0,16.0,140.0,,,солнцезащитные,квадратные_металл_золотой,M_L_M,квадратные_металл_золотой_M_L_M
0362S-002,CARTIER,мужские,металл,безободковая,прямоугольные,золотой,54.0,21.0,145.0,,,солнцезащитные,прямоугольные_металл_золотой,L_L_L,прямоугольные_металл_золотой_L_L_L
0366S-001,CARTIER,универсальные,металл и пластик,ободковая,клабмастеры,черный/серебристый,52.0,21.0,145.0,,,солнцезащитные,клабмастеры_металл и пластик_черный/серебристый,L_L_L,клабмастеры_металл и пластик_черный/серебристый_L_L_L
0370S-001,ALEXANDER Mc QUEEN,женские,пластик,ободковая,бабочка,,56.0,15.0,145.0,,,солнцезащитные,,L_L_S,
0370S-002,ALEXANDER Mc QUEEN,женские,пластик,ободковая,бабочка,,56.0,15.0,145.0,,,солнцезащитные,,L_L_S,
0371S-002,ALEXANDER Mc QUEEN,женские,металл,полуободковая,квадратные,,57.0,18.0,145.0,,,солнцезащитные,,L_L_L,
0374S-001,ALEXANDER Mc QUEEN,женские,пластик,ободковая,бабочка,черный,54.0,21.0,145.0,,,солнцезащитные,бабочка_пластик_черный,L_L_L,бабочка_пластик_черный_L_L_L
0375S-002,ALEXANDER Mc QUEEN,женские,пластик,ободковая,бабочка,коричневый,53.0,19.0,145.0,,,солнцезащитные,бабочка_пластик_коричневый,L_L_L,бабочка_пластик_коричневый_L_L_L
0378S-001,ALEXANDER Mc QUEEN,женские,пластик,ободковая,квадратные,черный,54.0,22.0,145.0,,,солнцезащитные,квадратные_пластик_черный,L_L_L,квадратные_пластик_черный_L_L_L
0378S-004,ALEXANDER Mc QUEEN,женские,пластик,ободковая,квадратные,серый,54.0,22.0,145.0,,,солнцезащитные,квадратные_пластик_серый,L_L_L,квадратные_пластик_серый_L_L_L
038-0700,PHILIPP PLEIN,женские,пластик,ободковая,квадратные,черный,56.0,20.0,135.0,,,солнцезащитные,квадратные_пластик_черный,M_L_L,квадратные_пластик_черный_M_L_L
0382S-005,ALEXANDER Mc QUEEN,универсальные,пластик,ободковая,вайфайеры,черный,52.0,18.0,145.0,,,солнцезащитные,вайфайеры_пластик_черный,L_L_L,вайфайеры_пластик_черный_L_L_L
0382S-008,ALEXANDER Mc QUEEN,универсальные,пластик,ободковая,вайфайеры,синий,52.0,18.0,145.0,,,солнцезащитные,вайфайеры_пластик_синий,L_L_L,вайфайеры_пластик_синий_L_L_L
0385S-001,CARTIER,мужские,металл,полуободковая,квадратные,золотой,60.0,15.0,140.0,,,солнцезащитные,квадратные_металл_золотой,M_L_S,квадратные_металл_золотой_M_L_S
0385S-004,CARTIER,мужские,металл,полуободковая,квадратные,серебристый,60.0,15.0,140.0,,,солнцезащитные,квадратные_металл_серебристый,M_L_S,квадратные_металл_серебристый_M_L_S
0386S-002,ALEXANDER Mc QUEEN,универсальные,пластик,ободковая,маска,черный,99.0,1.0,145.0,,,солнцезащитные,маска_пластик_черный,L_L_S,маска_пластик_черный_L_L_S
0390S-002,ALEXANDER Mc QUEEN,женские,металл,безободковая,квадратные,золотой,63.0,17.0,145.0,,,солнцезащитные,квадратные_металл_золотой,L_L_M,квадратные_металл_золотой_L_L_M
0393S-001,CARTIER,универсальные,титан,безободковая,панто,серебристый,52.0,20.0,145.0,,,солнцезащитные,панто_титан_серебристый,L_L_L,панто_титан_серебристый_L_L_L
0394S-002,CARTIER,универсальные,металл,безободковая,квадратные,золотой,58.0,17.0,145.0,,,солнцезащитные,квадратные_металл_золотой,L_L_M,квадратные_металл_золотой_L_L_M
039S-700Y,PHILIPP PLEIN,женские,пластик,ободковая,необычные,черный,53.0,23.0,140.0,,,солнцезащитные,необычные_пластик_черный,M_L_L,необычные_пластик_черный_M_L_L
04-093 18PZ,MARIO ROSSI,мужские,пластик,ободковая,маска,,130.0,,127.0,,,солнцезащитные,,S_L_L,
04-100 01,MARIO ROSSI,женские,металл,ободковая,круглые,золотой,55.0,19.0,147.0,,,солнцезащитные,круглые_металл_золотой,L_L_L,круглые_металл_золотой_L_L_L
04-100 09,MARIO ROSSI,женские,металл,ободковая,круглые,,55.0,19.0,147.0,,,солнцезащитные,,L_L_L,
04-104 17PZ,MARIO ROSSI,женские,пластик,ободковая,бабочка,,56.0,16.0,145.0,,,солнцезащитные,,L_L_M,
04-104 21PZ,MARIO ROSSI,женские,пластик,ободковая,бабочка,,56.0,16.0,145.0,,,солнцезащитные,,L_L_M,
04-107 05Z,MARIO ROSSI,мужские,металл,ободковая,квадратные,,59.0,12.0,143.0,,,солнцезащитные,,M_L_S,
04-107 18Z,MARIO ROSSI,мужские,металл,ободковая,квадратные,,59.0,12.0,143.0,,,солнцезащитные,,M_L_S,
04-110 01,MARIO ROSSI,женские,металл и пластик,безободковая,бабочка,черный/желтый,57.0,16.0,140.0,,,солнцезащитные,бабочка_металл и пластик_черный/желтый,M_L_M,бабочка_металл и пластик_черный/желтый_M_L_M
04-110 03,MARIO ROSSI,женские,металл и пластик,безободковая,бабочка,голубой,57.0,16.0,140.0,,,солнцезащитные,бабочка_металл и пластик_голубой,M_L_M,бабочка_металл и пластик_голубой_M_L_M
04-110 21,MARIO ROSSI,женские,металл и пластик,безободковая,бабочка,розовый,57.0,16.0,140.0,,,солнцезащитные,бабочка_металл и пластик_розовый,M_L_M,бабочка_металл и пластик_розовый_M_L_M
040-700Y,PHILIPP PLEIN,универсальные,металл и пластик,ободковая,необычные,черный,65.0,10.0,135.0,,,солнцезащитные,необычные_металл и пластик_черный,M_L_S,необычные_металл и пластик_черный_M_L_S
0400S-002,CARTIER,женские,металл,ободковая,необычные,золотой,62.0,17.0,140.0,,,солнцезащитные,необычные_металл_золотой,M_L_M,необычные_металл_золотой_M_L_M
0401S-002,CARTIER,женские,металл,ободковая,квадратные,золотой,60.0,19.0,140.0,,,солнцезащитные,квадратные_металл_золотой,M_L_L,квадратные_металл_золотой_M_L_L
042-700F,PHILIPP PLEIN,мужские,пластик,ободковая,квадратные,черный,54.0,23.0,145.0,,,солнцезащитные,квадратные_пластик_черный,L_L_L,квадратные_пластик_черный_L_L_L
0424S-004,ALEXANDER Mc QUEEN,женские,металл,ободковая,кошачий глаз,серебристый,62.0,20.0,145.0,,,солнцезащитные,кошачий глаз_металл_серебристый,L_L_L,кошачий глаз_металл_серебристый_L_L_L
0426S-001,CARTIER,мужские,металл,полуободковая,капли,золотой,60.0,15.0,145.0,,,солнцезащитные,капли_металл_золотой,L_L_S,капли_металл_золотой_L_L_S
043-0300,ROBERTO CAVALLI,женские,металл,безободковая,бабочка,золотой,62.0,16.0,145.0,,,солнцезащитные,бабочка_металл_золотой,L_L_M,бабочка_металл_золотой_L_L_M
043-400,ROBERTO CAVALLI,женские,металл,безободковая,бабочка,золотой,62.0,16.0,145.0,,,солнцезащитные,бабочка_металл_золотой,L_L_M,бабочка_металл_золотой_L_L_M
0430S-001,ALEXANDER Mc QUEEN,универсальные,пластик,ободковая,маска,черный,99.0,1.0,130.0,,,солнцезащитные,маска_пластик_черный,S_L_S,маска_пластик_черный_S_L_S
0430S-009,CARTIER,универсальные,металл,безободковая,прямоугольные,золотой,58.0,15.0,140.0,,,солнцезащитные,прямоугольные_металл_золотой,M_L_S,прямоугольные_металл_золотой_M_L_S
0432S-003,CARTIER,женские,металл,безободковая,квадратные,золотой,63.0,15.0,140.0,,,солнцезащитные,квадратные_металл_золотой,M_L_S,квадратные_металл_золотой_M_L_S
0433S-001,CARTIER,универсальные,металл,безободковая,ромб,золотой,55.0,20.0,140.0,,,солнцезащитные,ромб_металл_золотой,M_L_L,ромб_металл_золотой_M_L_L
0433S-004,CARTIER,универсальные,металл,безободковая,ромб,золотой,55.0,20.0,140.0,,,солнцезащитные,ромб_металл_золотой,M_L_L,ромб_металл_золотой_M_L_L
0436S-001,CARTIER,женские,пластик,ободковая,кошачий глаз,черный,50.0,23.0,140.0,,,солнцезащитные,кошачий глаз_пластик_черный,M_M_L,кошачий глаз_пластик_черный_M_M_L
0445S-002,ALEXANDER Mc QUEEN,женские,пластик,ободковая,овальные,гавана,51.0,23.0,140.0,,,солнцезащитные,овальные_пластик_гавана,M_M_L,овальные_пластик_гавана_M_M_L
0458S-004,ALEXANDER Mc QUEEN,универсальные,металл,ободковая,капли,серебристый,58.0,18.0,145.0,,,солнцезащитные,капли_металл_серебристый,L_L_L,капли_металл_серебристый_L_L_L
047-9YLX,PHILIPP PLEIN,универсальные,металл и пластик,ободковая,маска,белый,99.0,,,,,солнцезащитные,маска_металл и пластик_белый,L_L_L,маска_металл и пластик_белый_L_L_L
05-056 01 Z,MARIO ROSSI,мужские,металл,ободковая,квадратные,,61.0,19.0,145.0,,,солнцезащитные,,L_L_L,
06-002-17PZ,ZITRONE,мужские,пластик,ободковая,панто,,68.0,15.0,130.0,,,солнцезащитные,,S_L_S,
06-002-18PZ,ZITRONE,мужские,пластик,ободковая,спортивные,,68.0,15.0,130.0,,,солнцезащитные,,S_L_S,
06-008-08PZ,ZITRONE,универсальные,пластик,ободковая,панто,,48.0,25.0,143.0,,,солнцезащитные,,M_M_L,
06-008-18PZ,ZITRONE,универсальные,пластик,ободковая,панто,,48.0,25.0,143.0,,,солнцезащитные,,M_M_L,
06-013 01Z,MARIO ROSSI,мужские,металл,ободковая,квадратные,,58.0,15.0,137.0,,,солнцезащитные,,M_L_S,
06-014 06,MARIO ROSSI,мужские,металл,ободковая,квадратные,,58.0,15.0,144.0,,,солнцезащитные,,M_L_S,
06-015 17PZ,MARIO ROSSI,женские,пластик,ободковая,кошачий глаз,,54.0,19.0,144.0,,,солнцезащитные,,M_L_L,
06-018 01,MARIO ROSSI,женские,металл,ободковая,квадратные,,57.0,17.0,143.0,,,солнцезащитные,,M_L_M,
06-018 03,MARIO ROSSI,женские,металл,ободковая,квадратные,,57.0,17.0,143.0,,,солнцезащитные,,M_L_M,
06-019 06Z,MARIO ROSSI,мужские,металл,ободковая,прямоугольные,,59.0,14.0,138.0,,,солнцезащитные,,M_L_S,
06-019 18Z,MARIO ROSSI,мужские,металл,ободковая,прямоугольные,,59.0,14.0,138.0,,,солнцезащитные,,M_L_S,
06-020 17Z,MARIO ROSSI,универсальные,металл,ободковая,капли,,58.0,13.0,152.0,,,солнцезащитные,,L_L_S,
06-021 17PZ,MARIO ROSSI,мужские,пластик,ободковая,спортивные,,61.0,14.0,139.0,,,солнцезащитные,,M_L_S,
06-025 02Z,MARIO ROSSI,мужские,металл,ободковая,квадратные,золотой,59.0,16.0,138.0,,,солнцезащитные,квадратные_металл_золотой,M_L_M,квадратные_металл_золотой_M_L_M
06-025 06Z,MARIO ROSSI,мужские,металл,ободковая,квадратные,серый,59.0,16.0,138.0,,,солнцезащитные,квадратные_металл_серый,M_L_M,квадратные_металл_серый_M_L_M
06-025 18Z,MARIO ROSSI,мужские,металл,ободковая,квадратные,черный,59.0,16.0,138.0,,,солнцезащитные,квадратные_металл_черный,M_L_M,квадратные_металл_черный_M_L_M
0620S-001,GUCCI,женские,металл,ободковая,овальные,серебристый,55.0,22.0,145.0,,,солнцезащитные,овальные_металл_серебристый,L_L_L,овальные_металл_серебристый_L_L_L
072-0700,PHILIPP PLEIN,мужские,пластик,ободковая,маска,черный,57.0,17.0,145.0,,,солнцезащитные,маска_пластик_черный,L_L_M,маска_пластик_черный_L_L_M
073-0583,PHILIPP PLEIN,универсальные,металл,ободковая,капли,черный/серебристый,63.0,16.0,145.0,,,солнцезащитные,капли_металл_черный/серебристый,L_L_M,капли_металл_черный/серебристый_L_L_M
078-06AA,PHILIPP PLEIN,универсальные,пластик,ободковая,маска,черный,99.0,,125.0,,,солнцезащитные,маска_пластик_черный,S_L_L,маска_пластик_черный_S_L_L
078-6AAX,PHILIPP PLEIN,универсальные,пластик,ободковая,маска,черный,,,125.0,,,солнцезащитные,маска_пластик_черный,S_L_L,маска_пластик_черный_S_L_L
078-7FBF,PHILIPP PLEIN,универсальные,пластик,ободковая,маска,оранжевый,99.0,,125.0,,,солнцезащитные,маска_пластик_оранжевый,S_L_L,маска_пластик_оранжевый_S_L_L
08S-300,CHOPARD,женские,металл,ободковая,гексагон,,58.0,18.0,140.0,,,солнцезащитные,,M_L_L,
092-700Y,PHILIPP PLEIN,мужские,пластик,ободковая,квадратные,черный,50.0,25.0,145.0,,,солнцезащитные,квадратные_пластик_черный,L_M_L,квадратные_пластик_черный_L_M_L
093-700,PHILIPP PLEIN,мужские,пластик,ободковая,трапеция,черный,65.0,16.0,145.0,,,солнцезащитные,трапеция_пластик_черный,L_L_M,трапеция_пластик_черный_L_L_M
093-703V,PHILIPP PLEIN,мужские,пластик,ободковая,трапеция,черный,65.0,16.0,145.0,,,солнцезащитные,трапеция_пластик_черный,L_L_M,трапеция_пластик_черный_L_L_M
094-700,PHILIPP PLEIN,мужские,пластик,ободковая,квадратные,черный,54.0,18.0,145.0,,,солнцезащитные,квадратные_пластик_черный,L_L_L,квадратные_пластик_черный_L_L_L
094-703,PHILIPP PLEIN,мужские,пластик,ободковая,квадратные,черный,54.0,18.0,145.0,,,солнцезащитные,квадратные_пластик_черный,L_L_L,квадратные_пластик_черный_L_L_L
0956S-008,GUCCI,женские,пластик,ободковая,бабочка,фиолетовый,54.0,19.0,145.0,,,солнцезащитные,бабочка_пластик_фиолетовый,L_L_L,бабочка_пластик_фиолетовый_L_L_L
0962S-011,GUCCI,универсальные,пластик,ободковая,трапеция,,55.0,17.0,145.0,,,солнцезащитные,,L_L_M,
0962S-013,GUCCI,универсальные,пластик,ободковая,трапеция,черный,55.0,17.0,145.0,,,солнцезащитные,трапеция_пластик_черный,L_L_M,трапеция_пластик_черный_L_L_M
0962S-014,GUCCI,универсальные,пластик,ободковая,трапеция,многоцветный,55.0,17.0,145.0,,,солнцезащитные,трапеция_пластик_многоцветный,L_L_M,трапеция_пластик_многоцветный_L_L_M
0972S-003,GUCCI,женские,металл,ободковая,трапеция,,60.0,17.0,145.0,,,солнцезащитные,,L_L_M,
0BV8229B-5469E2,BVLGARI,женские,пластик,ободковая,бабочка,фиолетовый,57.0,16.0,145.0,,,солнцезащитные,бабочка_пластик_фиолетовый,L_L_M,бабочка_пластик_фиолетовый_L_L_M
0DG4373-32888G,DOLCE & GABBANA,женские,пластик,ободковая,квадратные,черный,52.0,21.0,140.0,,,солнцезащитные,квадратные_пластик_черный,M_L_L,квадратные_пластик_черный_M_L_L
0MK1090-11538G,MICHAEL KORS,женские,металл,ободковая,квадратные,серебристый,59.0,20.0,145.0,,,солнцезащитные,квадратные_металл_серебристый,L_L_L,квадратные_металл_серебристый_L_L_L
0MU 04ZS-VAU08N,MIU MIU,женские,пластик,ободковая,овальные,гавана,50.0,18.0,140.0,,,солнцезащитные,овальные_пластик_гавана,M_M_L,овальные_пластик_гавана_M_M_L
0MU 56ZS-5AK09Z,MIU MIU,женские,металл,ободковая,ромб,золотой,56.0,17.0,140.0,,,солнцезащитные,ромб_металл_золотой,M_L_M,ромб_металл_золотой_M_L_M
0OO9098-909801,OAKLEY,универсальные,пластик,безободковая,маска,серый,148.0,,120.0,,,солнцезащитные,маска_пластик_серый,S_L_L,маска_пластик_серый_S_L_L
0OO9102-9102K0,OAKLEY,мужские,пластик,ободковая,квадратные,черный,57.0,18.0,137.0,,,солнцезащитные,квадратные_пластик_черный,M_L_L,квадратные_пластик_черный_M_L_L
0OO9102-9102T9,OAKLEY,мужские,пластик,ободковая,квадратные,темно-серый,57.0,18.0,137.0,,,солнцезащитные,квадратные_пластик_темно-серый,M_L_L,квадратные_пластик_темно-серый_M_L_L
0OO9208-9208D0,OAKLEY,мужские,пластик,полуободковая,прямоугольные,желтый,138.0,,128.0,,,солнцезащитные,прямоугольные_пластик_желтый,S_L_L,прямоугольные_пластик_желтый_S_L_L
0OO9290-929042,OAKLEY,мужские,пластик,ободковая,прямоугольные,голубой,131.0,,121.0,,,солнцезащитные,прямоугольные_пластик_голубой,S_L_L,прямоугольные_пластик_голубой_S_L_L
0OO9290-929060,OAKLEY,мужские,пластик,ободковая,прямоугольные,многоцветный,131.0,,121.0,,,солнцезащитные,прямоугольные_пластик_многоцветный,S_L_L,прямоугольные_пластик_многоцветный_S_L_L
0OO9417-941705,OAKLEY,мужские,пластик,ободковая,квадратные,черный,59.0,18.0,137.0,,,солнцезащитные,квадратные_пластик_черный,M_L_L,квадратные_пластик_черный_M_L_L
0OO9417-941733,OAKLEY,мужские,пластик,ободковая,квадратные,серый,59.0,18.0,137.0,,,солнцезащитные,квадратные_пластик_серый,M_L_L,квадратные_пластик_серый_M_L_L
0OO9471-947106,OAKLEY,универсальные,пластик,безободковая,маска,черный,136.0,,123.0,,,солнцезащитные,маска_пластик_черный,S_L_L,маска_пластик_черный_S_L_L
0PR 02YS-03Y5S0,PRADA,женские,пластик,ободковая,круглые,черный,51.0,19.0,140.0,,,солнцезащитные,круглые_пластик_черный,M_M_L,круглые_пластик_черный_M_M_L
0PR 04YS-08U08G,PRADA,мужские,пластик,ободковая,прямоугольные,прозрачный,56.0,19.0,150.0,,,солнцезащитные,прямоугольные_пластик_прозрачный,L_L_L,прямоугольные_пластик_прозрачный_L_L_L
0PR 06YS-02Z01O,PRADA,универсальные,пластик,ободковая,прямоугольные,черный,53.0,21.0,145.0,,,солнцезащитные,прямоугольные_пластик_черный,L_L_L,прямоугольные_пластик_черный_L_L_L
0PR 06YS-09Q5S0,PRADA,женские,пластик,ободковая,прямоугольные,черный/белый,53.0,21.0,145.0,,,солнцезащитные,прямоугольные_пластик_черный/белый,L_L_L,прямоугольные_пластик_черный/белый_L_L_L
0PR 10ZS-11F5S0,PRADA,универсальные,пластик,ободковая,квадратные,черный/красный,54.0,20.0,140.0,,,солнцезащитные,квадратные_пластик_черный/красный,M_L_L,квадратные_пластик_черный/красный_M_L_L
0PR 14ZS-1AB09S,PRADA,женские,пластик,ободковая,бабочка,черный,50.0,18.0,140.0,,,солнцезащитные,бабочка_пластик_черный,M_M_L,бабочка_пластик_черный_M_M_L
0PR 14ZS-2AU6S1,PRADA,женские,пластик,ободковая,бабочка,черепаховый,50.0,18.0,140.0,,,солнцезащитные,бабочка_пластик_черепаховый,M_M_L,бабочка_пластик_черепаховый_M_M_L
0PR 15YS-2AU05Q,PRADA,женские,пластик,ободковая,прямоугольные,черепаховый,51.0,21.0,140.0,,,солнцезащитные,прямоугольные_пластик_черепаховый,M_M_L,прямоугольные_пластик_черепаховый_M_M_L
0PR 16WS-142130,PRADA,женские,пластик,ободковая,необычные,бежевый,53.0,20.0,145.0,,,солнцезащитные,необычные_пластик_бежевый,L_L_L,необычные_пластик_бежевый_L_L_L
0PR 17WS-13N5S0,PRADA,женские,пластик,ободковая,прямоугольные,черный/зеленый,49.0,20.0,145.0,,,солнцезащитные,прямоугольные_пластик_черный/зеленый,L_M_L,прямоугольные_пластик_черный/зеленый_L_M_L
0PR 17WS-1425S0,PRADA,женские,пластик,ободковая,прямоугольные,бежевый,49.0,20.0,145.0,,,солнцезащитные,прямоугольные_пластик_бежевый,L_M_L,прямоугольные_пластик_бежевый_L_M_L
0PR 17WS-1AB07Z,PRADA,женские,пластик,ободковая,прямоугольные,черный,49.0,20.0,145.0,,,солнцезащитные,прямоугольные_пластик_черный,L_M_L,прямоугольные_пластик_черный_L_M_L
0PR 17WS-1AB5S0,PRADA,женские,пластик,ободковая,прямоугольные,черный,49.0,20.0,145.0,,,солнцезащитные,прямоугольные_пластик_черный,L_M_L,прямоугольные_пластик_черный_L_M_L
0PR 17WS-2AU03U,PRADA,женские,пластик,ободковая,прямоугольные,черепаховый,49.0,20.0,145.0,,,солнцезащитные,прямоугольные_пластик_черепаховый,L_M_L,прямоугольные_пластик_черепаховый_L_M_L
0PR 20ZS-1AB5S0,PRADA,женские,пластик,ободковая,бабочка,черный,53.0,20.0,140.0,,,солнцезащитные,бабочка_пластик_черный,M_L_L,бабочка_пластик_черный_M_L_L
0PR 21XS-2AU6S1,PRADA,женские,пластик,ободковая,прямоугольные,гавана,54.0,19.0,140.0,,,солнцезащитные,прямоугольные_пластик_гавана,M_L_L,прямоугольные_пластик_гавана_M_L_L
0PR 23YS-1AB5S0,PRADA,женские,пластик,ободковая,квадратные,черный,51.0,19.0,140.0,,,солнцезащитные,квадратные_пластик_черный,M_M_L,квадратные_пластик_черный_M_M_L
0PR 26ZS-14L09Z,PRADA,женские,пластик,ободковая,кошачий глаз,гавана,55.0,16.0,145.0,,,солнцезащитные,кошачий глаз_пластик_гавана,L_L_M,кошачий глаз_пластик_гавана_L_L_M
0PR 52YS-5AV05C,PRADA,мужские,металл,ободковая,прямоугольные,серебристый,56.0,17.0,145.0,,,солнцезащитные,прямоугольные_металл_серебристый,L_L_M,прямоугольные_металл_серебристый_L_L_M
0PR 55AS-15N01T,PRADA,универсальные,металл,безободковая,прямоугольные,золотой,71.0,14.0,115.0,,,солнцезащитные,прямоугольные_металл_золотой,S_L_S,прямоугольные_металл_золотой_S_L_S
0PR 56AS-15N5S0,PRADA,универсальные,металл,безободковая,прямоугольные,золотой,71.0,14.0,115.0,,,солнцезащитные,прямоугольные_металл_золотой,S_L_S,прямоугольные_металл_золотой_S_L_S
0PR 56AS-15N80C,PRADA,универсальные,металл,безободковая,прямоугольные,золотой,71.0,14.0,115.0,,,солнцезащитные,прямоугольные_металл_золотой,S_L_S,прямоугольные_металл_золотой_S_L_S
0PS 01US-1AB5Z1,PRADA LINEA ROSSA,мужские,пластик,ободковая,квадратные,черный,59.0,19.0,145.0,,,солнцезащитные,квадратные_пластик_черный,L_L_L,квадратные_пластик_черный_L_L_L
0PS 01US-DG05S0,PRADA LINEA ROSSA,мужские,пластик,ободковая,квадратные,черный,59.0,19.0,145.0,,,солнцезащитные,квадратные_пластик_черный,L_L_L,квадратные_пластик_черный_L_L_L
0PS 01US-UFK5L0,PRADA LINEA ROSSA,мужские,пластик,ободковая,квадратные,темно-серый,59.0,19.0,145.0,,,солнцезащитные,квадратные_пластик_темно-серый,L_L_L,квадратные_пластик_темно-серый_L_L_L
0PS 01WS-DG002G,PRADA LINEA ROSSA,мужские,пластик,ободковая,прямоугольные,черный,59.0,17.0,145.0,,,солнцезащитные,прямоугольные_пластик_черный,L_L_M,прямоугольные_пластик_черный_L_L_M
0PS 01WS-UFK07H,PRADA LINEA ROSSA,мужские,пластик,ободковая,прямоугольные,темно-серый,59.0,17.0,145.0,,,солнцезащитные,прямоугольные_пластик_темно-серый,L_L_M,прямоугольные_пластик_темно-серый_L_L_M
0PS 02XS-1AB02G,PRADA LINEA ROSSA,мужские,пластик,ободковая,прямоугольные,черный,60.0,15.0,145.0,,,солнцезащитные,прямоугольные_пластик_черный,L_L_S,прямоугольные_пластик_черный_L_L_S
0PS 03WS-08W06F,PRADA LINEA ROSSA,мужские,пластик,ободковая,прямоугольные,черный,66.0,16.0,140.0,,,солнцезащитные,прямоугольные_пластик_черный,M_L_M,прямоугольные_пластик_черный_M_L_M
0PS 03WS-UR701G,PRADA LINEA ROSSA,мужские,пластик,ободковая,прямоугольные,голубой,66.0,16.0,140.0,,,солнцезащитные,прямоугольные_пластик_голубой,M_L_M,прямоугольные_пластик_голубой_M_L_M
0PS 03YS-17G08F,PRADA LINEA ROSSA,универсальные,пластик,безободковая,спортивные,черный,64.0,15.0,140.0,,,солнцезащитные,спортивные_пластик_черный,M_L_S,спортивные_пластик_черный_M_L_S
0PS 04WS-DG004Q,PRADA LINEA ROSSA,мужские,пластик,безободковая,прямоугольные,черный,137.0,,130.0,,,солнцезащитные,прямоугольные_пластик_черный,S_L_L,прямоугольные_пластик_черный_S_L_L
0PS 06YS-1AB09U,PRADA LINEA ROSSA,мужские,пластик,ободковая,вайфайеры,черный,56.0,17.0,145.0,,,солнцезащитные,вайфайеры_пластик_черный,L_L_M,вайфайеры_пластик_черный_L_L_M
0PS 06YS-DG002G,PRADA LINEA ROSSA,мужские,пластик,ободковая,вайфайеры,черный,56.0,17.0,145.0,,,солнцезащитные,вайфайеры_пластик_черный,L_L_M,вайфайеры_пластик_черный_L_L_M
0PS 09WS-DG002S,PRADA LINEA ROSSA,мужские,пластик,безободковая,спортивные,черный,62.0,14.0,130.0,,,солнцезащитные,спортивные_пластик_черный,S_L_S,спортивные_пластик_черный_S_L_S
0PS 10US-DG09Q1,PRADA LINEA ROSSA,мужские,пластик,ободковая,кошачий глаз,черный,130.0,,135.0,,,солнцезащитные,кошачий глаз_пластик_черный,M_L_L,кошачий глаз_пластик_черный_M_L_L
0PS 50WS-DG002G,PRADA LINEA ROSSA,мужские,металл,ободковая,прямоугольные,черный,59.0,15.0,140.0,,,солнцезащитные,прямоугольные_металл_черный,M_L_S,прямоугольные_металл_черный_M_L_S
0PS 50YS-17G01V,PRADA LINEA ROSSA,мужские,металл,ободковая,капли,черный,62.0,16.0,145.0,,,солнцезащитные,капли_металл_черный,L_L_M,капли_металл_черный_L_L_M
0PS 50YS-5AV06G,PRADA LINEA ROSSA,мужские,металл,ободковая,капли,черный/серый,62.0,16.0,145.0,,,солнцезащитные,капли_металл_черный/серый,L_L_M,капли_металл_черный/серый_L_L_M
0PS 51WS-DG006F,PRADA LINEA ROSSA,мужские,металл,ободковая,необычные,черный,68.0,14.0,120.0,,,солнцезащитные,необычные_металл_черный,S_L_S,необычные_металл_черный_S_L_S
0PS 52XS-07S08L,PRADA LINEA ROSSA,мужские,металл,ободковая,прямоугольные,серый,59.0,16.0,145.0,,,солнцезащитные,прямоугольные_металл_серый,L_L_M,прямоугольные_металл_серый_L_L_M
0PS 52XS-TWW09L,PRADA LINEA ROSSA,мужские,металл,ободковая,прямоугольные,серый,59.0,16.0,145.0,,,солнцезащитные,прямоугольные_металл_серый,L_L_M,прямоугольные_металл_серый_L_L_M
0PS 52YS-17G01V,PRADA LINEA ROSSA,универсальные,металл,ободковая,капли,черный,61.0,14.0,145.0,,,солнцезащитные,капли_металл_черный,L_L_S,капли_металл_черный_L_L_S
0PS 52YS-1BC06G,PRADA LINEA ROSSA,универсальные,металл,ободковая,капли,серебристый,61.0,14.0,145.0,,,солнцезащитные,капли_металл_серебристый,L_L_S,капли_металл_серебристый_L_L_S
0PS 52YS-5AV07G,PRADA LINEA ROSSA,универсальные,металл,ободковая,капли,серый,61.0,14.0,145.0,,,солнцезащитные,капли_металл_серый,L_L_S,капли_металл_серый_L_L_S
0RB2132-622,RAY BAN,универсальные,пластик,ободковая,вайфайеры,черный,55.0,18.0,145.0,,,солнцезащитные,вайфайеры_пластик_черный,L_L_L,вайфайеры_пластик_черный_L_L_L
0RB2140-901,RAY BAN,универсальные,пластик,ободковая,вайфайеры,черный,54.0,18.0,150.0,,,солнцезащитные,вайфайеры_пластик_черный,L_L_L,вайфайеры_пластик_черный_L_L_L
0RB2196-13143M,RAY BAN,универсальные,пластик,ободковая,прямоугольные,серый,64.0,13.0,140.0,,,солнцезащитные,прямоугольные_пластик_серый,M_L_S,прямоугольные_пластик_серый_M_L_S
0RB2283-1339B1,RAY BAN,мужские,пластик,ободковая,прямоугольные,голубой,52.0,20.0,145.0,,,солнцезащитные,прямоугольные_пластик_голубой,L_L_L,прямоугольные_пластик_голубой_L_L_L
0RB2283-901/58,RAY BAN,мужские,пластик,ободковая,прямоугольные,черный,52.0,20.0,145.0,,,солнцезащитные,прямоугольные_пластик_черный,L_L_L,прямоугольные_пластик_черный_L_L_L
0RB2398-1294/31,RAY BAN,универсальные,пластик,ободковая,необычные,черный/прозрачный,53.0,21.0,145.0,,,солнцезащитные,необычные_пластик_черный/прозрачный,L_L_L,необычные_пластик_черный/прозрачный_L_L_L
0RB2398-1376/BH,RAY BAN,универсальные,пластик,ободковая,необычные,зеленый,56.0,21.0,145.0,,,солнцезащитные,необычные_пластик_зеленый,L_L_L,необычные_пластик_зеленый_L_L_L
0RB3016-1255/71,RAY BAN,универсальные,металл и пластик,ободковая,клабмастеры,серый/золотой,49.0,21.0,140.0,,,солнцезащитные,клабмастеры_металл и пластик_серый/золотой,M_M_L,клабмастеры_металл и пластик_серый/золотой_M_M_L
0RB3016-1366/G6,RAY BAN,универсальные,металл и пластик,ободковая,клабмастеры,синий/серебристый,55.0,21.0,150.0,,,солнцезащитные,клабмастеры_металл и пластик_синий/серебристый,L_L_L,клабмастеры_металл и пластик_синий/серебристый_L_L_L
0RB3016-1368/G4,RAY BAN,универсальные,металл и пластик,ободковая,клабмастеры,зеленый,51.0,21.0,145.0,,,солнцезащитные,клабмастеры_металл и пластик_зеленый,L_M_L,клабмастеры_металл и пластик_зеленый_L_M_L
0RB3016-901/BF,RAY BAN,универсальные,металл и пластик,ободковая,клабмастеры,черный/золотой,51.0,21.0,145.0,,,солнцезащитные,клабмастеры_металл и пластик_черный/золотой,L_M_L,клабмастеры_металл и пластик_черный/золотой_L_M_L
0RB3016-W0365,RAY BAN,универсальные,металл и пластик,ободковая,клабмастеры,черный/золотой,51.0,21.0,145.0,,,солнцезащитные,клабмастеры_металл и пластик_черный/золотой,L_M_L,клабмастеры_металл и пластик_черный/золотой_L_M_L
0RB3016-W0366,RAY BAN,универсальные,металл и пластик,ободковая,клабмастеры,коричневый/золотой,51.0,21.0,145.0,,,солнцезащитные,клабмастеры_металл и пластик_коричневый/золотой,L_M_L,клабмастеры_металл и пластик_коричневый/золотой_L_M_L
0RB3025-001/3E,RAY BAN,универсальные,металл,ободковая,авиаторы,золотой,58.0,14.0,135.0,,,солнцезащитные,авиаторы_металл_золотой,M_L_S,авиаторы_металл_золотой_M_L_S
0RB3025-001/3F,RAY BAN,универсальные,металл,ободковая,авиаторы,золотой,58.0,14.0,135.0,,,солнцезащитные,авиаторы_металл_золотой,M_L_S,авиаторы_металл_золотой_M_L_S
0RB3025-001/51,RAY BAN,универсальные,металл,ободковая,авиаторы,золотой,58.0,14.0,135.0,,,солнцезащитные,авиаторы_металл_золотой,M_L_S,авиаторы_металл_золотой_M_L_S
0RB3025-003/32,RAY BAN,универсальные,металл,ободковая,авиаторы,серебристый,58.0,14.0,135.0,,,солнцезащитные,авиаторы_металл_серебристый,M_L_S,авиаторы_металл_серебристый_M_L_S
0RB3025-003/3F,RAY BAN,универсальные,металл,ободковая,авиаторы,серебристый,58.0,14.0,135.0,,,солнцезащитные,авиаторы_металл_серебристый,M_L_S,авиаторы_металл_серебристый_M_L_S
0RB3025-004/51,RAY BAN,универсальные,металл,ободковая,авиаторы,серый,62.0,14.0,140.0,,,солнцезащитные,авиаторы_металл_серый,M_L_S,авиаторы_металл_серый_M_L_S
0RB3025-004/78,RAY BAN,универсальные,металл,ободковая,авиаторы,серый,58.0,14.0,135.0,,,солнцезащитные,авиаторы_металл_серый,M_L_S,авиаторы_металл_серый_M_L_S
0RB3025-9196S2,RAY BAN,универсальные,металл,ободковая,авиаторы,золотой,58.0,14.0,135.0,,,солнцезащитные,авиаторы_металл_золотой,M_L_S,авиаторы_металл_золотой_M_L_S
0RB3025-9221T2,RAY BAN,универсальные,металл,ободковая,авиаторы,красный,58.0,14.0,135.0,,,солнцезащитные,авиаторы_металл_красный,M_L_S,авиаторы_металл_красный_M_L_S
0RB3025-9222T3,RAY BAN,универсальные,металл,ободковая,авиаторы,голубой,58.0,14.0,135.0,,,солнцезащитные,авиаторы_металл_голубой,M_L_S,авиаторы_металл_голубой_M_L_S
0RB3025-L2823,RAY BAN,мужские,металл,ободковая,авиаторы,черный,58.0,14.0,135.0,,,солнцезащитные,авиаторы_металл_черный,M_L_S,авиаторы_металл_черный_M_L_S
0RB3428-9240B1,RAY BAN,мужские,металл,ободковая,авиаторы,золотой,58.0,18.0,135.0,,,солнцезащитные,авиаторы_металл_золотой,M_L_L,авиаторы_металл_золотой_M_L_L
0RB3447-001,RAY BAN,мужские,металл,ободковая,круглые,золотой,53.0,21.0,145.0,,,солнцезащитные,круглые_металл_золотой,L_L_L,круглые_металл_золотой_L_L_L
0RB3447-001/71,RAY BAN,универсальные,металл,ободковая,круглые,золотой,50.0,21.0,145.0,,,солнцезащитные,круглые_металл_золотой,L_M_L,круглые_металл_золотой_L_M_L
0RB3447-029,RAY BAN,мужские,металл,ободковая,круглые,серебристый,53.0,21.0,145.0,,,солнцезащитные,круглые_металл_серебристый,L_L_L,круглые_металл_серебристый_L_L_L
0RB3447N-001/3F,RAY BAN,мужские,металл,ободковая,круглые,золотой,50.0,21.0,145.0,,,солнцезащитные,круглые_металл_золотой,L_M_L,круглые_металл_золотой_L_M_L
0RB3447N-002/71,RAY BAN,мужские,металл,ободковая,круглые,черный,53.0,21.0,145.0,,,солнцезащитные,круглые_металл_черный,L_L_L,круглые_металл_черный_L_L_L
0RB3447N-004/51,RAY BAN,мужские,металл,ободковая,круглые,серый,53.0,21.0,145.0,,,солнцезащитные,круглые_металл_серый,L_L_L,круглые_металл_серый_L_L_L
0RB3475Q-9041,RAY BAN,универсальные,металл,ободковая,круглые,коричневый/золотой,50.0,21.0,145.0,,,солнцезащитные,круглые_металл_коричневый/золотой,L_M_L,круглые_металл_коричневый/золотой_L_M_L
0RB3539-002/8G,RAY BAN,женские,металл,ободковая,панто,черный,54.0,19.0,145.0,,,солнцезащитные,панто_металл_черный,L_L_L,панто_металл_черный_L_L_L
0RB3547N-002/71,RAY BAN,универсальные,металл,ободковая,овальные,черный,51.0,21.0,145.0,,,солнцезащитные,овальные_металл_черный,L_M_L,овальные_металл_черный_L_M_L
0RB3548-001/3F,RAY BAN,универсальные,металл,ободковая,необычные,золотой,54.0,21.0,145.0,,,солнцезащитные,необычные_металл_золотой,L_L_L,необычные_металл_золотой_L_L_L
0RB3548-001/51,RAY BAN,универсальные,металл,ободковая,необычные,золотой,51.0,21.0,145.0,,,солнцезащитные,необычные_металл_золотой,L_M_L,необычные_металл_золотой_L_M_L
0RB3548-002/71,RAY BAN,универсальные,металл,ободковая,необычные,черный,51.0,21.0,145.0,,,солнцезащитные,необычные_металл_черный,L_M_L,необычные_металл_черный_L_M_L
0RB3548-9196/31,RAY BAN,универсальные,металл,ободковая,необычные,золотой,51.0,21.0,145.0,,,солнцезащитные,необычные_металл_золотой,L_M_L,необычные_металл_золотой_L_M_L
0RB3548N-001,RAY BAN,универсальные,металл,ободковая,необычные,бронзовый,54.0,21.0,145.0,,,солнцезащитные,необычные_металл_бронзовый,L_L_L,необычные_металл_бронзовый_L_L_L
0RB3548N-001/57,RAY BAN,мужские,металл,ободковая,квадратные,золотой,54.0,21.0,145.0,,,солнцезащитные,квадратные_металл_золотой,L_L_L,квадратные_металл_золотой_L_L_L
0RB3548N-002/58,RAY BAN,универсальные,металл,ободковая,необычные,черный,51.0,21.0,145.0,,,солнцезащитные,необычные_металл_черный,L_M_L,необычные_металл_черный_L_M_L
0RB3548N-003/02,RAY BAN,универсальные,металл,ободковая,необычные,серебристый,51.0,21.0,145.0,,,солнцезащитные,необычные_металл_серебристый,L_M_L,необычные_металл_серебристый_L_M_L
0RB3548N-004/71,RAY BAN,универсальные,металл,ободковая,необычные,серебристый,51.0,21.0,145.0,,,солнцезащитные,необычные_металл_серебристый,L_M_L,необычные_металл_серебристый_L_M_L
0RB3548N-91233M,RAY BAN,универсальные,металл,ободковая,необычные,золотой,51.0,21.0,145.0,,,солнцезащитные,необычные_металл_золотой,L_M_L,необычные_металл_золотой_L_M_L
0RB3556N-001,RAY BAN,универсальные,металл,ободковая,необычные,золотой,53.0,21.0,145.0,,,солнцезащитные,необычные_металл_золотой,L_L_L,необычные_металл_золотой_L_L_L
0RB3556N-004/71,RAY BAN,универсальные,металл,ободковая,гексагон,серый,53.0,21.0,145.0,,,солнцезащитные,гексагон_металл_серый,L_L_L,гексагон_металл_серый_L_L_L
0RB3565-001/51,RAY BAN,универсальные,металл,ободковая,панто,золотой,53.0,20.0,145.0,,,солнцезащитные,панто_металл_золотой,L_L_L,панто_металл_золотой_L_L_L
0RB3565-001/GD,RAY BAN,универсальные,металл,ободковая,необычные,золотой,53.0,20.0,145.0,,,солнцезащитные,необычные_металл_золотой,L_L_L,необычные_металл_золотой_L_L_L
0RB3565-002/GE,RAY BAN,универсальные,металл,ободковая,необычные,черный,53.0,20.0,145.0,,,солнцезащитные,необычные_металл_черный,L_L_L,необычные_металл_черный_L_L_L
0RB3565-003/3F,RAY BAN,универсальные,металл,ободковая,необычные,серебристый,53.0,20.0,145.0,,,солнцезащитные,необычные_металл_серебристый,L_L_L,необычные_металл_серебристый_L_L_L
0RB3582-001/31,RAY BAN,универсальные,металл,ободковая,панто,золотой,53.0,20.0,145.0,,,солнцезащитные,панто_металл_золотой,L_L_L,панто_металл_золотой_L_L_L
0RB3582-001/3R,RAY BAN,универсальные,металл,ободковая,панто,золотой,53.0,20.0,145.0,,,солнцезащитные,панто_металл_золотой,L_L_L,панто_металл_золотой_L_L_L
0RB3582-001/AF,RAY BAN,универсальные,металл,ободковая,панто,золотой,51.0,20.0,145.0,,,солнцезащитные,панто_металл_золотой,L_M_L,панто_металл_золотой_L_M_L
0RB3625-9196G6,RAY BAN,универсальные,металл,ободковая,авиаторы,золотой,58.0,14.0,135.0,,,солнцезащитные,авиаторы_металл_золотой,M_L_S,авиаторы_металл_золотой_M_L_S
0RB3636-002/B1,RAY BAN,универсальные,металл,ободковая,квадратные,черный,58.0,15.0,140.0,,,солнцезащитные,квадратные_металл_черный,M_L_S,квадратные_металл_черный_M_L_S
0RB3636-9196G6,RAY BAN,универсальные,металл,ободковая,квадратные,золотой,58.0,15.0,140.0,,,солнцезащитные,квадратные_металл_золотой,M_L_S,квадратные_металл_золотой_M_L_S
0RB3637-919631,RAY BAN,универсальные,металл,ободковая,панто,золотой,50.0,21.0,140.0,,,солнцезащитные,панто_металл_золотой,M_M_L,панто_металл_золотой_M_M_L
0RB3647N-923871,RAY BAN,универсальные,металл,ободковая,круглые,золотой,51.0,22.0,145.0,,,солнцезащитные,круглые_металл_золотой,L_M_L,круглые_металл_золотой_L_M_L
0RB3648-9230R5,RAY BAN,универсальные,металл,ободковая,необычные,бронзовый,54.0,21.0,145.0,,,солнцезащитные,необычные_металл_бронзовый,L_L_L,необычные_металл_бронзовый_L_L_L
0RB3663-004/3M,RAY BAN,мужские,металл,ободковая,капли,серый,60.0,17.0,140.0,,,солнцезащитные,капли_металл_серый,M_L_M,капли_металл_серый_M_L_M
0RB3664-001/33,RAY BAN,универсальные,металл,ободковая,квадратные,золотой,50.0,19.0,145.0,,,солнцезащитные,квадратные_металл_золотой,L_M_L,квадратные_металл_золотой_L_M_L
0RB3664CH-001/BC,RAY BAN,мужские,металл,ободковая,квадратные,золотой,50.0,19.0,145.0,,,солнцезащитные,квадратные_металл_золотой,L_M_L,квадратные_металл_золотой_L_M_L
0RB3669-001/Q3,RAY BAN,универсальные,металл,ободковая,прямоугольные,золотой,55.0,20.0,140.0,,,солнцезащитные,прямоугольные_металл_золотой,M_L_L,прямоугольные_металл_золотой_M_L_L
0RB3669-001/Q4,RAY BAN,универсальные,металл,ободковая,прямоугольные,золотой,55.0,20.0,140.0,,,солнцезащитные,прямоугольные_металл_золотой,M_L_L,прямоугольные_металл_золотой_M_L_L
0RB3669-001/Q5,RAY BAN,универсальные,металл,ободковая,прямоугольные,золотой,55.0,20.0,140.0,,,солнцезащитные,прямоугольные_металл_золотой,M_L_L,прямоугольные_металл_золотой_M_L_L
0RB3686-186/31,RAY BAN,мужские,металл,ободковая,трапеция,черный,57.0,19.0,140.0,,,солнцезащитные,трапеция_металл_черный,M_L_L,трапеция_металл_черный_M_L_L
0RB3688-001/31,RAY BAN,универсальные,металл,ободковая,квадратные,золотой,55.0,19.0,145.0,,,солнцезащитные,квадратные_металл_золотой,L_L_L,квадратные_металл_золотой_L_L_L
0RB3690-001/31,RAY BAN,универсальные,металл,ободковая,прямоугольные,золотой,51.0,21.0,145.0,,,солнцезащитные,прямоугольные_металл_золотой,L_M_L,прямоугольные_металл_золотой_L_M_L
0RB3706-004/71,RAY BAN,универсальные,металл,ободковая,квадратные,серый,57.0,20.0,145.0,,,солнцезащитные,квадратные_металл_серый,L_L_L,квадратные_металл_серый_L_L_L
0RB3916-1303/58,RAY BAN,универсальные,металл и пластик,ободковая,клабмастеры,черный/золотой,52.0,21.0,145.0,,,солнцезащитные,клабмастеры_металл и пластик_черный/золотой,L_L_L,клабмастеры_металл и пластик_черный/золотой_L_L_L
0RB4147-601/32,RAY BAN,мужские,пластик,ободковая,квадратные,черный,56.0,15.0,145.0,,,солнцезащитные,квадратные_пластик_черный,L_L_S,квадратные_пластик_черный_L_L_S
0RB4147-601/58,RAY BAN,мужские,пластик,ободковая,квадратные,черный,60.0,15.0,145.0,,,солнцезащитные,квадратные_пластик_черный,L_L_S,квадратные_пластик_черный_L_L_S
0RB4147-601/80,RAY BAN,мужские,пластик,ободковая,квадратные,черный,60.0,15.0,145.0,,,солнцезащитные,квадратные_пластик_черный,L_L_S,квадратные_пластик_черный_L_L_S
0RB4147-6171/87,RAY BAN,мужские,пластик,ободковая,квадратные,черный/красный,60.0,15.0,145.0,,,солнцезащитные,квадратные_пластик_черный/красный,L_L_S,квадратные_пластик_черный/красный_L_L_S
0RB4147-6568/11,RAY BAN,мужские,пластик,ободковая,квадратные,черный/зеленый,60.0,15.0,145.0,,,солнцезащитные,квадратные_пластик_черный/зеленый,L_L_S,квадратные_пластик_черный/зеленый_L_L_S
0RB4147-6569/7N,RAY BAN,мужские,пластик,ободковая,квадратные,,56.0,15.0,145.0,,,солнцезащитные,,L_L_S,
0RB4165-601/8G,RAY BAN,универсальные,пластик,ободковая,квадратные,черный,54.0,16.0,145.0,,,солнцезащитные,квадратные_пластик_черный,L_L_M,квадратные_пластик_черный_L_L_M
0RB4165-622/2V,RAY BAN,мужские,пластик,ободковая,квадратные,черный,54.0,16.0,145.0,,,солнцезащитные,квадратные_пластик_черный,L_L_M,квадратные_пластик_черный_L_L_M
0RB4165-622/5X,RAY BAN,мужские,пластик,ободковая,квадратные,черный,54.0,16.0,145.0,,,солнцезащитные,квадратные_пластик_черный,L_L_M,квадратные_пластик_черный_L_L_M
0RB4165-622/6G,RAY BAN,мужские,пластик,ободковая,квадратные,черный,54.0,16.0,145.0,,,солнцезащитные,квадратные_пластик_черный,L_L_M,квадратные_пластик_черный_L_L_M
0RB4165-622/T3,RAY BAN,мужские,пластик,ободковая,квадратные,черный,54.0,16.0,145.0,,,солнцезащитные,квадратные_пластик_черный,L_L_M,квадратные_пластик_черный_L_L_M
0RB4165-651180,RAY BAN,мужские,пластик,ободковая,квадратные,голубой,54.0,16.0,145.0,,,солнцезащитные,квадратные_пластик_голубой,L_L_M,квадратные_пластик_голубой_L_L_M
0RB4165-6512/87,RAY BAN,мужские,пластик,ободковая,квадратные,прозрачный,54.0,16.0,145.0,,,солнцезащитные,квадратные_пластик_прозрачный,L_L_M,квадратные_пластик_прозрачный_L_L_M
0RB4165-865/T5,RAY BAN,мужские,пластик,ободковая,прямоугольные,гавана,54.0,16.0,145.0,,,солнцезащитные,прямоугольные_пластик_гавана,L_L_M,прямоугольные_пластик_гавана_L_L_M
0RB4171-60028G,RAY BAN,женские,пластик,ободковая,панто,синий,54.0,18.0,145.0,,,солнцезащитные,панто_пластик_синий,L_L_L,панто_пластик_синий_L_L_L
0RB4171-622/8G,RAY BAN,женские,пластик,ободковая,панто,черный,54.0,18.0,145.0,,,солнцезащитные,панто_пластик_черный,L_L_L,панто_пластик_черный_L_L_L
0RB4171-622/T3,RAY BAN,женские,пластик,ободковая,панто,черный,54.0,18.0,145.0,,,солнцезащитные,панто_пластик_черный,L_L_L,панто_пластик_черный_L_L_L
0RB4171-710/T5,RAY BAN,женские,пластик,ободковая,панто,гавана,54.0,18.0,145.0,,,солнцезащитные,панто_пластик_гавана,L_L_L,панто_пластик_гавана_L_L_L
0RB4171-865/13,RAY BAN,женские,пластик,ободковая,панто,гавана,54.0,18.0,145.0,,,солнцезащитные,панто_пластик_гавана,L_L_L,панто_пластик_гавана_L_L_L
0RB4264-601/J0,RAY BAN,мужские,пластик,ободковая,квадратные,черный,58.0,18.0,145.0,,,солнцезащитные,квадратные_пластик_черный,L_L_L,квадратные_пластик_черный_L_L_L
0RB4264-601S/5J,RAY BAN,мужские,пластик,ободковая,квадратные,черный,58.0,18.0,145.0,,,солнцезащитные,квадратные_пластик_черный,L_L_L,квадратные_пластик_черный_L_L_L
0RB4264-601S/A1,RAY BAN,мужские,пластик,ободковая,квадратные,черный,58.0,18.0,145.0,,,солнцезащитные,квадратные_пластик_черный,L_L_L,квадратные_пластик_черный_L_L_L
0RB4264-876/6O,RAY BAN,мужские,пластик,ободковая,квадратные,серый,58.0,18.0,145.0,,,солнцезащитные,квадратные_пластик_серый,L_L_L,квадратные_пластик_серый_L_L_L
0RB4296-63455A,RAY BAN,универсальные,пластик,ободковая,панто,,50.0,21.0,150.0,,,солнцезащитные,,L_M_L,
0RB4306-657780,RAY BAN,универсальные,пластик,ободковая,необычные,серый,54.0,19.0,145.0,,,солнцезащитные,необычные_пластик_серый,L_L_L,необычные_пластик_серый_L_L_L
0RB4385-601S/A1,RAY BAN,мужские,пластик,ободковая,трапеция,черный,58.0,18.0,145.0,,,солнцезащитные,трапеция_пластик_черный,L_L_L,трапеция_пластик_черный_L_L_L
0RB4416-601/31,RAY BAN,универсальные,металл и пластик,ободковая,клабмастеры,черный/золотой,53.0,20.0,145.0,,,солнцезащитные,клабмастеры_металл и пластик_черный/золотой,L_L_L,клабмастеры_металл и пластик_черный/золотой_L_L_L
0RB4416-710/51,RAY BAN,универсальные,металл и пластик,ободковая,клабмастеры,черепаховый,51.0,20.0,145.0,,,солнцезащитные,клабмастеры_металл и пластик_черепаховый,L_M_L,клабмастеры_металл и пластик_черепаховый_L_M_L
0RB8313-004/N5,RAY BAN,мужские,металл,ободковая,авиаторы,серый,61.0,13.0,140.0,,,солнцезащитные,авиаторы_металл_серый,M_L_S,авиаторы_металл_серый_M_L_S
0RJ9071S-702187,RAY BAN,подростковые для девочек,пластик,ободковая,квадратные,фиолетовый,48.0,18.0,130.0,,,солнцезащитные,квадратные_пластик_фиолетовый,S_M_L,квадратные_пластик_фиолетовый_S_M_L
0TF3078B-61059S,TIFFANY,женские,металл,ободковая,квадратные,серебристый,60.0,16.0,140.0,,,солнцезащитные,квадратные_металл_серебристый,M_L_M,квадратные_металл_серебристый_M_L_M
0TF3094-6001/9S,TIFFANY,женские,металл,ободковая,квадратные,серебристый,58.0,16.0,140.0,,,солнцезащитные,квадратные_металл_серебристый,M_L_M,квадратные_металл_серебристый_M_L_M
0TF3104D-6001/80,TIFFANY,женские,металл,безободковая,овальные,серебристый,56.0,18.0,140.0,,,солнцезащитные,овальные_металл_серебристый,M_L_L,овальные_металл_серебристый_M_L_L
0TF3104D-6021/80,TIFFANY,женские,металл,безободковая,овальные,золотой,56.0,18.0,140.0,,,солнцезащитные,овальные_металл_золотой,M_L_L,овальные_металл_золотой_M_L_L
0TF3104D-6178/11,TIFFANY,женские,металл,безободковая,овальные,золотой,56.0,18.0,140.0,,,солнцезащитные,овальные_металл_золотой,M_L_L,овальные_металл_золотой_M_L_L
0TF3104D-6216/S4,TIFFANY,женские,металл,безободковая,овальные,золотой,56.0,18.0,140.0,,,солнцезащитные,овальные_металл_золотой,M_L_L,овальные_металл_золотой_M_L_L
0TF4170-80019S,TIFFANY,женские,пластик,ободковая,кошачий глаз,черный,54.0,18.0,140.0,,,солнцезащитные,кошачий глаз_пластик_черный,M_L_L,кошачий глаз_пластик_черный_M_L_L
0TF4197-8015/3G,TIFFANY,женские,пластик,ободковая,прямоугольные,черепаховый,62.0,17.0,140.0,,,солнцезащитные,прямоугольные_пластик_черепаховый,M_L_M,прямоугольные_пластик_черепаховый_M_L_M
0TF4205-U-8001/S4,TIFFANY,женские,пластик,ободковая,трапеция,черный,56.0,14.0,140.0,,,солнцезащитные,трапеция_пластик_черный,M_L_S,трапеция_пластик_черный_M_L_S
0VE2150Q-134187,VERSACE,мужские,металл,ободковая,авиаторы,золотой,62.0,14.0,140.0,,,солнцезащитные,авиаторы_металл_золотой,M_L_S,авиаторы_металл_золотой_M_L_S
0VE2233-1472C8,VERSACE,мужские,металл,ободковая,необычные,красный,60.0,16.0,145.0,,,солнцезащитные,необычные_металл_красный,L_L_M,необычные_металл_красный_L_L_M
0VE2241-147884,VERSACE,мужские,металл,безободковая,необычные,прозрачный,143.0,,135.0,,,солнцезащитные,необычные_металл_прозрачный,M_L_L,необычные_металл_прозрачный_M_L_L
0VE4361-GB1/87,VERSACE,универсальные,пластик,ободковая,прямоугольные,черный,53.0,18.0,140.0,,,солнцезащитные,прямоугольные_пластик_черный,M_L_L,прямоугольные_пластик_черный_M_L_L
0VE4395-534587,VERSACE,женские,пластик,ободковая,квадратные,черный,59.0,17.0,145.0,,,солнцезащитные,квадратные_пластик_черный,L_L_M,квадратные_пластик_черный_L_L_M
0VE4428U-5371/25,VERSACE,подростковые для девочек,пластик,ободковая,овальные,зеленый,45.0,20.0,130.0,,,солнцезащитные,овальные_пластик_зеленый,S_S_L,овальные_пластик_зеленый_S_S_L
0VE4429U-GB1/87,VERSACE,подростковые для девочек,пластик,ободковая,прямоугольные,черный,48.0,16.0,130.0,,,солнцезащитные,прямоугольные_пластик_черный,S_M_M,прямоугольные_пластик_черный_S_M_M
0VE4430U-5294/87,VERSACE,универсальные,пластик,ободковая,трапеция,синий,53.0,20.0,140.0,,,солнцезащитные,трапеция_пластик_синий,M_L_L,трапеция_пластик_синий_M_L_L
0VE4434-5382/73,VERSACE,женские,пластик,ободковая,квадратные,бордовый,54.0,20.0,145.0,,,солнцезащитные,квадратные_пластик_бордовый,L_L_L,квадратные_пластик_бордовый_L_L_L
0VE4434-GB1/87,VERSACE,женские,пластик,ободковая,квадратные,черный,54.0,20.0,145.0,,,солнцезащитные,квадратные_пластик_черный,L_L_L,квадратные_пластик_черный_L_L_L
0VE4439-5388/87,VERSACE,универсальные,пластик,ободковая,маска,красный,133.0,,145.0,,,солнцезащитные,маска_пластик_красный,L_L_L,маска_пластик_красный_L_L_L
0VO2943SB-298911,VOGUE,женские,пластик,ободковая,бабочка,фиолетовый,55.0,17.0,135.0,,,солнцезащитные,бабочка_пластик_фиолетовый,M_L_M,бабочка_пластик_фиолетовый_M_L_M
0VO4148S-848/11,VOGUE,женские,металл,безободковая,кошачий глаз,золотой,139.0,,142.0,,,солнцезащитные,кошачий глаз_металл_золотой,M_L_L,кошачий глаз_металл_золотой_M_L_L
0VO4166S-512284,VOGUE,женские,металл,ободковая,прямоугольные,серебристый,49.0,19.0,135.0,,,солнцезащитные,прямоугольные_металл_серебристый,M_M_L,прямоугольные_металл_серебристый_M_M_L
0VO4175SB-280/13,VOGUE,женские,металл,ободковая,квадратные,золотой,53.0,17.0,135.0,,,солнцезащитные,квадратные_металл_золотой,M_L_M,квадратные_металл_золотой_M_L_M
0VO4223S-323/11,VOGUE,женские,металл,ободковая,кошачий глаз,черный,57.0,19.0,135.0,,,солнцезащитные,кошачий глаз_металл_черный,M_L_L,кошачий глаз_металл_черный_M_L_L
0VO4223S-323/87,VOGUE,женские,металл,ободковая,кошачий глаз,голубой,57.0,19.0,135.0,,,солнцезащитные,кошачий глаз_металл_голубой,M_L_L,кошачий глаз_металл_голубой_M_L_L
0VO4223S-352/14,VOGUE,женские,металл,ободковая,кошачий глаз,бордовый,57.0,19.0,135.0,,,солнцезащитные,кошачий глаз_металл_бордовый,M_L_L,кошачий глаз_металл_бордовый_M_L_L
0VO4224S-280/71,VOGUE,женские,металл,ободковая,необычные,черный,55.0,19.0,135.0,,,солнцезащитные,необычные_металл_черный,M_L_L,необычные_металл_черный_M_L_L
0VO4227S-280/13,VOGUE,женские,металл,ободковая,круглые,золотой,53.0,17.0,135.0,,,солнцезащитные,круглые_металл_золотой,M_L_M,круглые_металл_золотой_M_L_M
0VO4227S-323/11,VOGUE,женские,металл,ободковая,круглые,серебристый,53.0,17.0,135.0,,,солнцезащитные,круглые_металл_серебристый,M_L_M,круглые_металл_серебристый_M_L_M
0VO4227S-848/4L,VOGUE,женские,металл,ободковая,круглые,золотой,53.0,17.0,135.0,,,солнцезащитные,круглые_металл_золотой,M_L_M,круглые_металл_золотой_M_L_M
0VO4232S-515270,VOGUE,женские,металл,ободковая,бабочка,розовый,53.0,16.0,135.0,,,солнцезащитные,бабочка_металл_розовый,M_L_M,бабочка_металл_розовый_M_L_M
0VO5246S-W44/87,VOGUE,женские,пластик,ободковая,круглые,черный,53.0,17.0,140.0,,,солнцезащитные,круглые_пластик_черный,M_L_M,круглые_пластик_черный_M_L_M
0VO5271S-296014,VOGUE,женские,пластик,ободковая,квадратные,бордовый,53.0,20.0,140.0,,,солнцезащитные,квадратные_пластик_бордовый,M_L_L,квадратные_пластик_бордовый_M_L_L
0VO5353S-238671,VOGUE,женские,пластик,ободковая,квадратные,гавана,54.0,16.0,140.0,,,солнцезащитные,квадратные_пластик_гавана,M_L_M,квадратные_пластик_гавана_M_L_M
0VO5353S-298536,VOGUE,женские,пластик,ободковая,квадратные,фиолетовый,54.0,16.0,140.0,,,солнцезащитные,квадратные_пластик_фиолетовый,M_L_M,квадратные_пластик_фиолетовый_M_L_M
0VO5361S-W44/87,VOGUE,женские,пластик,ободковая,необычные,черный,55.0,16.0,140.0,,,солнцезащитные,необычные_пластик_черный,M_L_M,необычные_пластик_черный_M_L_M
0VO5384SB-238673,VOGUE,женские,пластик,ободковая,необычные,гавана,53.0,19.0,135.0,,,солнцезащитные,необычные_пластик_гавана,M_L_L,необычные_пластик_гавана_M_L_L
0VO5384SB-W44/11,VOGUE,женские,пластик,ободковая,необычные,черный,53.0,19.0,135.0,,,солнцезащитные,необычные_пластик_черный,M_L_L,необычные_пластик_черный_M_L_L
0VO5385SB-2933V1,VOGUE,женские,пластик,ободковая,овальные,фиолетовый,53.0,19.0,135.0,,,солнцезащитные,овальные_пластик_фиолетовый,M_L_L,овальные_пластик_фиолетовый_M_L_L
0VO5385SB-293811,VOGUE,женские,пластик,ободковая,овальные,серый,53.0,19.0,135.0,,,солнцезащитные,овальные_пластик_серый,M_L_L,овальные_пластик_серый_M_L_L
0VO5385SB-W44/87,VOGUE,женские,пластик,ободковая,овальные,черный,53.0,19.0,135.0,,,солнцезащитные,овальные_пластик_черный,M_L_L,овальные_пластик_черный_M_L_L
0VO5392S-295180,VOGUE,женские,пластик,ободковая,прямоугольные,голубой,50.0,20.0,140.0,,,солнцезащитные,прямоугольные_пластик_голубой,M_M_L,прямоугольные_пластик_голубой_M_M_L
0VO5392S-295393,VOGUE,женские,пластик,ободковая,прямоугольные,зеленый,50.0,20.0,140.0,,,солнцезащитные,прямоугольные_пластик_зеленый,M_M_L,прямоугольные_пластик_зеленый_M_M_L
0VO5410S-2968I6,VOGUE,женские,пластик,ободковая,квадратные,бордовый,56.0,19.0,140.0,,,солнцезащитные,квадратные_пластик_бордовый,M_L_L,квадратные_пластик_бордовый_M_L_L
0VO5410S-W44/71,VOGUE,женские,пластик,ободковая,квадратные,черный,56.0,19.0,140.0,,,солнцезащитные,квадратные_пластик_черный,M_L_L,квадратные_пластик_черный_M_L_L
0VO5414S-516369,VOGUE,женские,пластик,ободковая,прямоугольные,розовый,51.0,18.0,135.0,,,солнцезащитные,прямоугольные_пластик_розовый,M_M_L,прямоугольные_пластик_розовый_M_M_L
1000/S-807HA,DAVID BECKHAM,мужские,пластик,ободковая,капли,черный,59.0,17.0,145.0,,,солнцезащитные,капли_пластик_черный,L_L_M,капли_пластик_черный_L_L_M
1001/S-J5G9K,DAVID BECKHAM,мужские,металл,полуободковая,квадратные,золотой,55.0,20.0,145.0,,,солнцезащитные,квадратные_металл_золотой,L_L_L,квадратные_металл_золотой_L_L_L
1008ZC-EJ025,RIGARDS,универсальные,титан,ободковая,круглые,серый,36.0,31.0,145.0,,,солнцезащитные,круглые_титан_серый,L_S_L,круглые_титан_серый_L_S_L
1030-01,FLAMINGO,женские,пластик,ободковая,бабочка,черный,54.0,17.0,145.0,,,солнцезащитные,бабочка_пластик_черный,L_L_M,бабочка_пластик_черный_L_L_M
1031-01,FLAMINGO,женские,пластик,ободковая,квадратные,серый,58.0,17.0,140.0,,,солнцезащитные,квадратные_пластик_серый,M_L_M,квадратные_пластик_серый_M_L_M
1031-02,FLAMINGO,женские,пластик,ободковая,квадратные,темно-серый,58.0,17.0,140.0,,,солнцезащитные,квадратные_пластик_темно-серый,M_L_M,квадратные_пластик_темно-серый_M_L_M
1031S-010,GUCCI,женские,металл,ободковая,квадратные,,59.0,16.0,145.0,,,солнцезащитные,,L_L_M,
1032-01,FLAMINGO,женские,пластик,ободковая,кошачий глаз,черный,54.0,19.0,144.0,,,солнцезащитные,кошачий глаз_пластик_черный,M_L_L,кошачий глаз_пластик_черный_M_L_L
1036-02,FLAMINGO,женские,пластик,ободковая,бабочка,бордовый,54.0,18.0,139.0,,,солнцезащитные,бабочка_пластик_бордовый,M_L_L,бабочка_пластик_бордовый_M_L_L
1038-01,FLAMINGO,женские,пластик,ободковая,бабочка,темно-серый,55.0,18.0,141.0,,,солнцезащитные,бабочка_пластик_темно-серый,M_L_L,бабочка_пластик_темно-серый_M_L_L
103S-700G,PHILIPP PLEIN,женские,пластик,ободковая,квадратные,черный,51.0,21.0,130.0,,,солнцезащитные,квадратные_пластик_черный,S_M_L,квадратные_пластик_черный_S_M_L
1042-01,FLAMINGO,женские,пластик,ободковая,кошачий глаз,черный,59.0,17.0,144.0,,,солнцезащитные,кошачий глаз_пластик_черный,M_L_M,кошачий глаз_пластик_черный_M_L_M
1042-03,FLAMINGO,женские,пластик,ободковая,кошачий глаз,бежевый,59.0,17.0,144.0,,,солнцезащитные,кошачий глаз_пластик_бежевый,M_L_M,кошачий глаз_пластик_бежевый_M_L_M
1044-03,FLAMINGO,женские,пластик,ободковая,квадратные,коричневый,54.0,18.0,140.0,,,солнцезащитные,квадратные_пластик_коричневый,M_L_L,квадратные_пластик_коричневый_M_L_L
1054/S-2M286,CARRERA,мужские,металл,безободковая,капли,золотой,63.0,12.0,145.0,,,солнцезащитные,капли_металл_золотой,L_L_S,капли_металл_золотой_L_L_S
1054/S-V81IR,CARRERA,мужские,металл,безободковая,капли,серый,63.0,12.0,145.0,,,солнцезащитные,капли_металл_серый,L_L_S,капли_металл_серый_L_L_S
1056/S-80S9O,CARRERA,мужские,пластик,полуободковая,маска,черный/белый,61.0,11.0,145.0,,,солнцезащитные,маска_пластик_черный/белый,L_L_S,маска_пластик_черный/белый_L_L_S
1058/S-2M2HA,CARRERA,мужские,пластик,полуободковая,маска,черный/оранжевый,63.0,11.0,135.0,,,солнцезащитные,маска_пластик_черный/оранжевый,M_L_S,маска_пластик_черный/оранжевый_M_L_S
1058/S-OIT9O,CARRERA,мужские,пластик,полуободковая,маска,черный/красный,63.0,11.0,135.0,,,солнцезащитные,маска_пластик_черный/красный,M_L_S,маска_пластик_черный/красный_M_L_S
1066/S-00386,CARRERA,мужские,пластик,полуободковая,трапеция,черный,63.0,12.0,145.0,,,солнцезащитные,трапеция_пластик_черный,L_L_S,трапеция_пластик_черный_L_L_S
1078/S-31ZHA,DAVID BECKHAM,мужские,металл,безободковая,необычные,серый,53.0,20.0,150.0,,,солнцезащитные,необычные_металл_серый,L_L_L,необычные_металл_серый_L_L_L
1078/S-IDAQZ,DAVID BECKHAM,мужские,металл,безободковая,овальные,,53.0,20.0,150.0,,,солнцезащитные,,L_L_L,
1092/S-8079O,DAVID BECKHAM,мужские,пластик,ободковая,квадратные,черный,55.0,17.0,145.0,,,солнцезащитные,квадратные_пластик_черный,L_L_M,квадратные_пластик_черный_L_L_M
1097/S-06JKU,DAVID BECKHAM,мужские,титан,ободковая,гексагон,коричневый,49.0,24.0,150.0,,,солнцезащитные,гексагон_титан_коричневый,L_M_L,гексагон_титан_коричневый_L_M_L
1097/S-0NZIR,DAVID BECKHAM,мужские,титан,ободковая,панто,черный/золотой,49.0,24.0,150.0,,,солнцезащитные,панто_титан_черный/золотой,L_M_L,панто_титан_черный/золотой_L_M_L
1097/S-763QT,DAVID BECKHAM,мужские,титан,ободковая,гексагон,золотой,49.0,24.0,150.0,,,солнцезащитные,гексагон_титан_золотой,L_M_L,гексагон_титан_золотой_L_M_L
1098/S-79UIR,DAVID BECKHAM,мужские,пластик,ободковая,панто,,49.0,23.0,150.0,,,солнцезащитные,,L_M_L,
11-556 13,ENNI MARCO,женские,металл,безободковая,трапеция,серебристый,61.0,17.0,138.0,,,солнцезащитные,трапеция_металл_серебристый,M_L_M,трапеция_металл_серебристый_M_L_M
11-562 13,ENNI MARCO,женские,металл,ободковая,круглые,,54.0,19.0,142.0,,,солнцезащитные,,M_L_L,
11-577 21P,ENNI MARCO,женские,металл и пластик,ободковая,трапеция,,54.0,18.0,140.0,,,солнцезащитные,,M_L_L,
11-613-01,EMILIA,женские,металл,ободковая,круглые,черный/золотой,55.0,15.0,145.0,,,солнцезащитные,круглые_металл_черный/золотой,L_L_S,круглые_металл_черный/золотой_L_L_S
11-613-19,EMILIA,женские,металл,ободковая,круглые,синий/золотой,55.0,15.0,145.0,,,солнцезащитные,круглые_металл_синий/золотой,L_L_S,круглые_металл_синий/золотой_L_L_S
11-622 33P,ENNI MARCO,женские,пластик,ободковая,квадратные,серый,54.0,18.0,142.0,,,солнцезащитные,квадратные_пластик_серый,M_L_L,квадратные_пластик_серый_M_L_L
11-700 06,ENNI MARCO,мужские,металл и пластик,ободковая,капли,черный,60.0,16.0,145.0,,,солнцезащитные,капли_металл и пластик_черный,L_L_M,капли_металл и пластик_черный_L_L_M
11-701 18,ENNI MARCO,мужские,металл,ободковая,капли,черный,55.0,17.0,145.0,,,солнцезащитные,капли_металл_черный,L_L_M,капли_металл_черный_L_L_M
11-702 02,ENNI MARCO,мужские,металл,ободковая,капли,коричневый,56.0,17.0,145.0,,,солнцезащитные,капли_металл_коричневый,L_L_M,капли_металл_коричневый_L_L_M
11-702 06,ENNI MARCO,мужские,металл,ободковая,капли,серый,56.0,17.0,145.0,,,солнцезащитные,капли_металл_серый,L_L_M,капли_металл_серый_L_L_M
11-702 18,ENNI MARCO,мужские,металл,ободковая,капли,черный,56.0,17.0,145.0,,,солнцезащитные,капли_металл_черный,L_L_M,капли_металл_черный_L_L_M
11-704 07P,ENNI MARCO,женские,пластик,ободковая,бабочка,многоцветный,54.0,19.0,145.0,,,солнцезащитные,бабочка_пластик_многоцветный,L_L_L,бабочка_пластик_многоцветный_L_L_L
11-704 18P,ENNI MARCO,женские,пластик,ободковая,бабочка,черный,54.0,19.0,145.0,,,солнцезащитные,бабочка_пластик_черный,L_L_L,бабочка_пластик_черный_L_L_L
11-704 19P,ENNI MARCO,женские,пластик,ободковая,бабочка,многоцветный,54.0,19.0,145.0,,,солнцезащитные,бабочка_пластик_многоцветный,L_L_L,бабочка_пластик_многоцветный_L_L_L
11-705 19P,ENNI MARCO,женские,пластик,ободковая,кошачий глаз,синий,55.0,19.0,145.0,,,солнцезащитные,кошачий глаз_пластик_синий,L_L_L,кошачий глаз_пластик_синий_L_L_L
11-705 33P,ENNI MARCO,женские,пластик,ободковая,кошачий глаз,черный,55.0,19.0,145.0,,,солнцезащитные,кошачий глаз_пластик_черный,L_L_L,кошачий глаз_пластик_черный_L_L_L
11-710 05,ENNI MARCO,женские,металл,безободковая,ромб,,61.0,16.0,140.0,,,солнцезащитные,,M_L_M,
11-710 10,ENNI MARCO,женские,металл,безободковая,ромб,золотой,61.0,16.0,140.0,,,солнцезащитные,ромб_металл_золотой,M_L_M,ромб_металл_золотой_M_L_M
11-711 07P,ENNI MARCO,женские,пластик,ободковая,бабочка,многоцветный,52.0,18.0,145.0,,,солнцезащитные,бабочка_пластик_многоцветный,L_L_L,бабочка_пластик_многоцветный_L_L_L
11-711 17P,ENNI MARCO,женские,пластик,ободковая,бабочка,черный,52.0,18.0,145.0,,,солнцезащитные,бабочка_пластик_черный,L_L_L,бабочка_пластик_черный_L_L_L
11-711 19P,ENNI MARCO,женские,пластик,ободковая,бабочка,серый,52.0,18.0,145.0,,,солнцезащитные,бабочка_пластик_серый,L_L_L,бабочка_пластик_серый_L_L_L
11-712 17P,ENNI MARCO,женские,пластик,ободковая,прямоугольные,коричневый,53.0,18.0,145.0,,,солнцезащитные,прямоугольные_пластик_коричневый,L_L_L,прямоугольные_пластик_коричневый_L_L_L
11-717 07,ENNI MARCO,женские,металл,ободковая,квадратные,коричневый,56.0,16.0,140.0,,,солнцезащитные,квадратные_металл_коричневый,M_L_M,квадратные_металл_коричневый_M_L_M
11-717 10,ENNI MARCO,женские,металл,ободковая,бабочка,розовый,56.0,16.0,140.0,,,солнцезащитные,бабочка_металл_розовый,M_L_M,бабочка_металл_розовый_M_L_M
11-717 17,ENNI MARCO,женские,металл,ободковая,бабочка,черный/золотой,56.0,16.0,140.0,,,солнцезащитные,бабочка_металл_черный/золотой,M_L_M,бабочка_металл_черный/золотой_M_L_M
11-717 34,ENNI MARCO,женские,металл,ободковая,квадратные,серый,56.0,16.0,140.0,,,солнцезащитные,квадратные_металл_серый,M_L_M,квадратные_металл_серый_M_L_M
11-721 07,ENNI MARCO,женские,металл,ободковая,панто,коричневый,52.0,22.0,140.0,,,солнцезащитные,панто_металл_коричневый,M_L_L,панто_металл_коричневый_M_L_L
11-721 10,ENNI MARCO,женские,металл,ободковая,панто,розовый,52.0,22.0,140.0,,,солнцезащитные,панто_металл_розовый,M_L_L,панто_металл_розовый_M_L_L
11-721 17,ENNI MARCO,женские,металл,ободковая,панто,черный/золотой,52.0,22.0,140.0,,,солнцезащитные,панто_металл_черный/золотой,M_L_L,панто_металл_черный/золотой_M_L_L
11-721 34,ENNI MARCO,женские,металл,ободковая,панто,серый,52.0,22.0,140.0,,,солнцезащитные,панто_металл_серый,M_L_L,панто_металл_серый_M_L_L
11-725 08,ENNI MARCO,мужские,металл,ободковая,капли,коричневый,58.0,15.0,145.0,,,солнцезащитные,капли_металл_коричневый,L_L_S,капли_металл_коричневый_L_L_S
11-725 17,ENNI MARCO,мужские,металл,ободковая,капли,черный/серебристый,58.0,15.0,145.0,,,солнцезащитные,капли_металл_черный/серебристый,L_L_S,капли_металл_черный/серебристый_L_L_S
11-733 17PZ,ENNI MARCO,универсальные,пластик,ободковая,прямоугольные,черный,55.0,18.0,145.0,,,солнцезащитные,прямоугольные_пластик_черный,L_L_L,прямоугольные_пластик_черный_L_L_L
11-733 18PZ,ENNI MARCO,универсальные,пластик,ободковая,прямоугольные,черный,55.0,18.0,145.0,,,солнцезащитные,прямоугольные_пластик_черный,L_L_L,прямоугольные_пластик_черный_L_L_L
11-733 20PZ,ENNI MARCO,универсальные,пластик,ободковая,прямоугольные,синий,55.0,18.0,145.0,,,солнцезащитные,прямоугольные_пластик_синий,L_L_L,прямоугольные_пластик_синий_L_L_L
11-745-19,EMILIA,женские,металл,безободковая,маска,черный/золотой,,,,,,солнцезащитные,маска_металл_черный/золотой,L_L_L,маска_металл_черный/золотой_L_L_L
11-750-07P,EMILIA,женские,пластик,ободковая,бабочка,многоцветный,54.0,17.0,140.0,,,солнцезащитные,бабочка_пластик_многоцветный,M_L_M,бабочка_пластик_многоцветный_M_L_M
11-750-19P,EMILIA,женские,пластик,ободковая,бабочка,многоцветный,54.0,17.0,140.0,,,солнцезащитные,бабочка_пластик_многоцветный,M_L_M,бабочка_пластик_многоцветный_M_L_M
11-750-33P,EMILIA,женские,пластик,ободковая,бабочка,серый,54.0,17.0,140.0,,,солнцезащитные,бабочка_пластик_серый,M_L_M,бабочка_пластик_серый_M_L_M
11-751-01,EMILIA,женские,металл,ободковая,бабочка,черный/золотой,55.0,17.0,140.0,,,солнцезащитные,бабочка_металл_черный/золотой,M_L_M,бабочка_металл_черный/золотой_M_L_M
11-752-07P,EMILIA,женские,пластик,ободковая,бабочка,коричневый,53.0,18.0,145.0,,,солнцезащитные,бабочка_пластик_коричневый,L_L_L,бабочка_пластик_коричневый_L_L_L
11-752-17P,EMILIA,женские,пластик,ободковая,бабочка,черный/золотой,53.0,18.0,145.0,,,солнцезащитные,бабочка_пластик_черный/золотой,L_L_L,бабочка_пластик_черный/золотой_L_L_L
11-755-17,EMILIA,женские,металл,ободковая,панто,черный/розовый,53.0,19.0,140.0,,,солнцезащитные,панто_металл_черный/розовый,M_L_L,панто_металл_черный/розовый_M_L_L
11-759 18PZ,ENNI MARCO,женские,пластик,ободковая,кошачий глаз,черный,56.0,17.0,145.0,,,солнцезащитные,кошачий глаз_пластик_черный,L_L_M,кошачий глаз_пластик_черный_L_L_M
11-761 07PZ,ENNI MARCO,женские,пластик,ободковая,бабочка,коричневый,54.0,17.0,145.0,,,солнцезащитные,бабочка_пластик_коричневый,L_L_M,бабочка_пластик_коричневый_L_L_M
11-761 17PZ,ENNI MARCO,женские,пластик,ободковая,бабочка,черный,54.0,17.0,145.0,,,солнцезащитные,бабочка_пластик_черный,L_L_M,бабочка_пластик_черный_L_L_M
11-801 01,ENNI MARCO,женские,металл,ободковая,бабочка,золотой,57.0,17.0,140.0,,,солнцезащитные,бабочка_металл_золотой,M_L_M,бабочка_металл_золотой_M_L_M
11-801 02,ENNI MARCO,женские,металл,ободковая,бабочка,золотой,57.0,17.0,140.0,,,солнцезащитные,бабочка_металл_золотой,M_L_M,бабочка_металл_золотой_M_L_M
11-802 07,ENNI MARCO,женские,металл,ободковая,необычные,золотой,58.0,16.0,140.0,,,солнцезащитные,необычные_металл_золотой,M_L_M,необычные_металл_золотой_M_L_M
11-802 17,ENNI MARCO,женские,металл,ободковая,необычные,черный/золотой,58.0,16.0,140.0,,,солнцезащитные,необычные_металл_черный/золотой,M_L_M,необычные_металл_черный/золотой_M_L_M
11-802 19,ENNI MARCO,женские,металл,ободковая,необычные,синий/золотой,58.0,16.0,140.0,,,солнцезащитные,необычные_металл_синий/золотой,M_L_M,необычные_металл_синий/золотой_M_L_M
11-803 13P,ENNI MARCO,женские,пластик,ободковая,круглые,фиолетовый,50.0,21.0,145.0,,,солнцезащитные,круглые_пластик_фиолетовый,L_M_L,круглые_пластик_фиолетовый_L_M_L
11-803 33P,ENNI MARCO,женские,пластик,ободковая,круглые,бордовый,50.0,21.0,145.0,,,солнцезащитные,круглые_пластик_бордовый,L_M_L,круглые_пластик_бордовый_L_M_L
11-806 13P,ENNI MARCO,женские,пластик,ободковая,бабочка,фиолетовый,54.0,18.0,145.0,,,солнцезащитные,бабочка_пластик_фиолетовый,L_L_L,бабочка_пластик_фиолетовый_L_L_L
11-806 21P,ENNI MARCO,женские,пластик,ободковая,бабочка,бордовый,54.0,18.0,145.0,,,солнцезащитные,бабочка_пластик_бордовый,L_L_L,бабочка_пластик_бордовый_L_L_L
11-806 33P,ENNI MARCO,женские,пластик,ободковая,бабочка,черный/серый,54.0,18.0,145.0,,,солнцезащитные,бабочка_пластик_черный/серый,L_L_L,бабочка_пластик_черный/серый_L_L_L
11-807 17,ENNI MARCO,женские,металл,ободковая,круглые,черный/серебристый,50.0,21.0,140.0,,,солнцезащитные,круглые_металл_черный/серебристый,M_M_L,круглые_металл_черный/серебристый_M_M_L
11-807 19,ENNI MARCO,женские,металл,ободковая,круглые,синий/серебристый,50.0,21.0,140.0,,,солнцезащитные,круглые_металл_синий/серебристый,M_M_L,круглые_металл_синий/серебристый_M_M_L
11-807 25,ENNI MARCO,женские,металл,ободковая,круглые,золотой,50.0,21.0,140.0,,,солнцезащитные,круглые_металл_золотой,M_M_L,круглые_металл_золотой_M_M_L
11-808 17,ENNI MARCO,женские,металл,ободковая,необычные,черный/серебристый,55.0,17.0,140.0,,,солнцезащитные,необычные_металл_черный/серебристый,M_L_M,необычные_металл_черный/серебристый_M_L_M
11-808 19,ENNI MARCO,женские,металл,ободковая,необычные,синий/серебристый,55.0,17.0,140.0,,,солнцезащитные,необычные_металл_синий/серебристый,M_L_M,необычные_металл_синий/серебристый_M_L_M
11-808 63,ENNI MARCO,женские,металл,ободковая,необычные,серебристый,55.0,17.0,140.0,,,солнцезащитные,необычные_металл_серебристый,M_L_M,необычные_металл_серебристый_M_L_M
11-809 13,ENNI MARCO,женские,металл,ободковая,авиаторы,золотой,58.0,14.0,140.0,,,солнцезащитные,авиаторы_металл_золотой,M_L_S,авиаторы_металл_золотой_M_L_S
11-809 19,ENNI MARCO,женские,металл,ободковая,авиаторы,синий/серебристый,58.0,14.0,140.0,,,солнцезащитные,авиаторы_металл_синий/серебристый,M_L_S,авиаторы_металл_синий/серебристый_M_L_S
11-810 01,ENNI MARCO,женские,металл и пластик,ободковая,панто,черный/серебристый,53.0,20.0,142.0,,,солнцезащитные,панто_металл и пластик_черный/серебристый,M_L_L,панто_металл и пластик_черный/серебристый_M_L_L
11-810 02,ENNI MARCO,женские,металл и пластик,ободковая,панто,фиолетовый,53.0,20.0,142.0,,,солнцезащитные,панто_металл и пластик_фиолетовый,M_L_L,панто_металл и пластик_фиолетовый_M_L_L
11-810 17,ENNI MARCO,женские,металл и пластик,ободковая,панто,черный/красный,53.0,20.0,142.0,,,солнцезащитные,панто_металл и пластик_черный/красный,M_L_L,панто_металл и пластик_черный/красный_M_L_L
11-820 03,ENNI MARCO,универсальные,металл,ободковая,авиаторы,черный/серебристый,57.0,14.0,145.0,,,солнцезащитные,авиаторы_металл_черный/серебристый,L_L_S,авиаторы_металл_черный/серебристый_L_L_S
11-820 17,ENNI MARCO,мужские,металл,ободковая,авиаторы,черный/золотой,57.0,14.0,145.0,,,солнцезащитные,авиаторы_металл_черный/золотой,L_L_S,авиаторы_металл_черный/золотой_L_L_S
11-825 06,ENNI MARCO,мужские,металл,ободковая,квадратные,серый,56.0,18.0,145.0,,,солнцезащитные,квадратные_металл_серый,L_L_L,квадратные_металл_серый_L_L_L
11-825 17,ENNI MARCO,женские,металл,ободковая,квадратные,черный/золотой,56.0,18.0,145.0,,,солнцезащитные,квадратные_металл_черный/золотой,L_L_L,квадратные_металл_черный/золотой_L_L_L
11-826 01,ENNI MARCO,мужские,металл,ободковая,прямоугольные,золотой,60.0,13.0,145.0,,,солнцезащитные,прямоугольные_металл_золотой,L_L_S,прямоугольные_металл_золотой_L_L_S
11-826 04,ENNI MARCO,мужские,металл,ободковая,прямоугольные,серебристый,60.0,13.0,145.0,,,солнцезащитные,прямоугольные_металл_серебристый,L_L_S,прямоугольные_металл_серебристый_L_L_S
11-826 18,ENNI MARCO,мужские,металл,ободковая,прямоугольные,черный,60.0,13.0,145.0,,,солнцезащитные,прямоугольные_металл_черный,L_L_S,прямоугольные_металл_черный_L_L_S
1100/S-807IR,DAVID BECKHAM,мужские,пластик,ободковая,овальные,,51.0,21.0,145.0,,,солнцезащитные,,L_M_L,
1101/G/S-J5GIR,DAVID BECKHAM,мужские,металл,безободковая,капли,золотой,61.0,16.0,145.0,,,солнцезащитные,капли_металл_золотой,L_L_M,капли_металл_золотой_L_L_M
1101/G/S-J5GMT,DAVID BECKHAM,мужские,металл,безободковая,овальные,золотой,61.0,16.0,145.0,,,солнцезащитные,овальные_металл_золотой,L_L_M,овальные_металл_золотой_L_L_M
1142/S-AOZ08,DAVID BECKHAM,универсальные,титан,ободковая,панто,золотой,51.0,21.0,150.0,,,солнцезащитные,панто_титан_золотой,L_M_L,панто_титан_золотой_L_M_L
1169S-002,GUCCI,женские,пластик,ободковая,кошачий глаз,черный,54.0,20.0,145.0,,,солнцезащитные,кошачий глаз_пластик_черный,L_L_L,кошачий глаз_пластик_черный_L_L_L
1170S-002,GUCCI,женские,пластик,ободковая,кошачий глаз,гавана,54.0,19.0,145.0,,,солнцезащитные,кошачий глаз_пластик_гавана,L_L_L,кошачий глаз_пластик_гавана_L_L_L
1171SK-002,GUCCI,женские,пластик,ободковая,бабочка,черный,57.0,17.0,145.0,,,солнцезащитные,бабочка_пластик_черный,L_L_M,бабочка_пластик_черный_L_L_M
1171SK-003,GUCCI,женские,пластик,ободковая,бабочка,черный,57.0,17.0,145.0,,,солнцезащитные,бабочка_пластик_черный,L_L_M,бабочка_пластик_черный_L_L_M
1171SK-004,GUCCI,женские,пластик,ободковая,бабочка,бордовый,57.0,17.0,145.0,,,солнцезащитные,бабочка_пластик_бордовый,L_L_M,бабочка_пластик_бордовый_L_L_M
1174S-001,GUCCI,женские,пластик,ободковая,квадратные,,54.0,19.0,145.0,,,солнцезащитные,,L_L_L,
1174S-002,GUCCI,женские,пластик,ободковая,квадратные,,54.0,19.0,145.0,,,солнцезащитные,,L_L_L,
1175SK-002,GUCCI,универсальные,пластик,ободковая,квадратные,черный,56.0,18.0,145.0,,,солнцезащитные,квадратные_пластик_черный,L_L_L,квадратные_пластик_черный_L_L_L
1178S-002,GUCCI,женские,пластик,ободковая,бабочка,черный,56.0,20.0,145.0,,,солнцезащитные,бабочка_пластик_черный,L_L_L,бабочка_пластик_черный_L_L_L
1180SK-004,GUCCI,женские,пластик,ободковая,панто,гавана,56.0,18.0,145.0,,,солнцезащитные,панто_пластик_гавана,L_L_L,панто_пластик_гавана_L_L_L
1184S-002,GUCCI,женские,металл,ободковая,квадратные,желтый,54.0,19.0,145.0,,,солнцезащитные,квадратные_металл_желтый,L_L_L,квадратные_металл_желтый_L_L_L
1188S-002,GUCCI,универсальные,пластик,ободковая,квадратные,черный,58.0,17.0,145.0,,,солнцезащитные,квадратные_пластик_черный,L_L_M,квадратные_пластик_черный_L_L_M
1188S-004,GUCCI,универсальные,пластик,ободковая,капли,черный,58.0,17.0,140.0,,,солнцезащитные,капли_пластик_черный,M_L_M,капли_пластик_черный_M_L_M
1189S-003,GUCCI,женские,пластик,ободковая,квадратные,гавана,58.0,17.0,145.0,,,солнцезащитные,квадратные_пластик_гавана,L_L_M,квадратные_пластик_гавана_L_L_M
1194/S-7C5AO,HUGO,мужские,пластик,ободковая,квадратные,,56.0,17.0,145.0,,,солнцезащитные,,L_L_M,
1194/S-KB7DC,HUGO,мужские,пластик,ободковая,квадратные,синий,56.0,17.0,145.0,,,солнцезащитные,квадратные_пластик_синий,L_L_M,квадратные_пластик_синий_L_L_M
1195/S-7C5AO,HUGO,мужские,пластик,ободковая,маска,черный,60.0,13.0,145.0,,,солнцезащитные,маска_пластик_черный,L_L_S,маска_пластик_черный_L_L_S
1196/S-003AO,HUGO,мужские,металл,ободковая,необычные,,54.0,18.0,145.0,,,солнцезащитные,,L_L_L,
1202S-001,GUCCI,женские,пластик,ободковая,круглые,черный,57.0,19.0,140.0,,,солнцезащитные,круглые_пластик_черный,M_L_L,круглые_пластик_черный_M_L_L
1202S-004,GUCCI,женские,пластик,ободковая,круглые,гавана,57.0,19.0,140.0,,,солнцезащитные,круглые_пластик_гавана,M_L_L,круглые_пластик_гавана_M_L_L
1203S-002,GUCCI,женские,металл,безободковая,необычные,золотой,65.0,16.0,140.0,,,солнцезащитные,необычные_металл_золотой,M_L_M,необычные_металл_золотой_M_L_M
1207/S-R81JW,HUGO,мужские,металл,ободковая,капли,серый,58.0,15.0,145.0,,,солнцезащитные,капли_металл_серый,L_L_S,капли_металл_серый_L_L_S
1214S-002,BOTTEGA VENETA,универсальные,пластик,ободковая,необычные,,,,,,,солнцезащитные,,L_L_L,
1219/S-807AO,HUGO,универсальные,пластик,ободковая,прямоугольные,,54.0,19.0,145.0,,,солнцезащитные,,L_L_L,
1219/S-807IR,HUGO,универсальные,пластик,ободковая,прямоугольные,черный,54.0,19.0,145.0,,,солнцезащитные,прямоугольные_пластик_черный,L_L_L,прямоугольные_пластик_черный_L_L_L
1221S-001,GUCCI,универсальные,металл,безободковая,прямоугольные,золотой,56.0,16.0,140.0,,,солнцезащитные,прямоугольные_металл_золотой,M_L_M,прямоугольные_металл_золотой_M_L_M
1221S-002,GUCCI,универсальные,металл,безободковая,прямоугольные,золотой,56.0,16.0,140.0,,,солнцезащитные,прямоугольные_металл_золотой,M_L_M,прямоугольные_металл_золотой_M_L_M
1221S-003,GUCCI,универсальные,металл,безободковая,прямоугольные,золотой,56.0,16.0,140.0,,,солнцезащитные,прямоугольные_металл_золотой,M_L_M,прямоугольные_металл_золотой_M_L_M
1221S-004,GUCCI,универсальные,металл,безободковая,прямоугольные,золотой,56.0,16.0,140.0,,,солнцезащитные,прямоугольные_металл_золотой,M_L_M,прямоугольные_металл_золотой_M_L_M
1226S-001,GUCCI,мужские,металл и пластик,полуободковая,клабмастеры,черный/золотой,53.0,20.0,145.0,,,солнцезащитные,клабмастеры_металл и пластик_черный/золотой,L_L_L,клабмастеры_металл и пластик_черный/золотой_L_L_L
1226S-002,GUCCI,мужские,металл и пластик,полуободковая,квадратные,гавана,53.0,20.0,145.0,,,солнцезащитные,квадратные_металл и пластик_гавана,L_L_L,квадратные_металл и пластик_гавана_L_L_L
1239S-004,GUCCI,универсальные,пластик,ободковая,маска,черный,58.0,16.0,145.0,,,солнцезащитные,маска_пластик_черный,L_L_M,маска_пластик_черный_L_L_M
1240S-003,GUCCI,женские,пластик,ободковая,бабочка,многоцветный,57.0,20.0,145.0,,,солнцезащитные,бабочка_пластик_многоцветный,L_L_L,бабочка_пластик_многоцветный_L_L_L
1241/S-TBODC,HUGO,мужские,пластик,ободковая,капли,оливковый,56.0,15.0,145.0,,,солнцезащитные,капли_пластик_оливковый,L_L_S,капли_пластик_оливковый_L_L_S
1241S-001,GUCCI,женские,пластик,ободковая,бабочка,черный,56.0,23.0,145.0,,,солнцезащитные,бабочка_пластик_черный,L_L_L,бабочка_пластик_черный_L_L_L
1254/S-807IR,HUGO,мужские,пластик,ободковая,овальные,черный,57.0,19.0,140.0,,,солнцезащитные,овальные_пластик_черный,M_L_L,овальные_пластик_черный_M_L_L
1257S-003,GUCCI,женские,пластик,ободковая,бабочка,черепаховый,53.0,22.0,145.0,,,солнцезащитные,бабочка_пластик_черепаховый,L_L_L,бабочка_пластик_черепаховый_L_L_L
1259/S-807IR,HUGO,универсальные,пластик,ободковая,квадратные,черный,51.0,21.0,140.0,,,солнцезащитные,квадратные_пластик_черный,M_M_L,квадратные_пластик_черный_M_M_L
1261S-001,GUCCI,женские,пластик,ободковая,трапеция,черный,54.0,20.0,145.0,,,солнцезащитные,трапеция_пластик_черный,L_L_L,трапеция_пластик_черный_L_L_L
1264S-001,GUCCI,женские,пластик,ободковая,бабочка,черный,52.0,18.0,145.0,,,солнцезащитные,бабочка_пластик_черный,L_L_L,бабочка_пластик_черный_L_L_L
1269/S-003IR,HUGO,мужские,металл,ободковая,капли,черный,57.0,16.0,145.0,,,солнцезащитные,капли_металл_черный,L_L_M,капли_металл_черный_L_L_M
1279S-001,GUCCI,женские,металл,безободковая,квадратные,золотой,54.0,21.0,140.0,,,солнцезащитные,квадратные_металл_золотой,M_L_L,квадратные_металл_золотой_M_L_L
1279S-002,GUCCI,женские,металл,безободковая,квадратные,золотой,54.0,21.0,140.0,,,солнцезащитные,квадратные_металл_золотой,M_L_L,квадратные_металл_золотой_M_L_L
1280/S-6LBT4,HUGO,мужские,металл,безободковая,прямоугольные,серый,63.0,17.0,135.0,,,солнцезащитные,прямоугольные_металл_серый,M_L_M,прямоугольные_металл_серый_M_L_M
1280/S-V81IR,HUGO,мужские,металл,безободковая,прямоугольные,темно-серый,63.0,17.0,135.0,,,солнцезащитные,прямоугольные_металл_темно-серый,M_L_M,прямоугольные_металл_темно-серый_M_L_M
1289S-001,GUCCI,мужские,металл,ободковая,капли,серый,62.0,14.0,145.0,,,солнцезащитные,капли_металл_серый,L_L_S,капли_металл_серый_L_L_S
1289S-002,GUCCI,мужские,металл,ободковая,капли,золотой,62.0,14.0,145.0,,,солнцезащитные,капли_металл_золотой,L_L_S,капли_металл_золотой_L_L_S
1296/S-OITAO,HUGO,универсальные,пластик,ободковая,авиаторы,черный,60.0,14.0,145.0,,,солнцезащитные,авиаторы_пластик_черный,L_L_S,авиаторы_пластик_черный_L_L_S
1300S-001,GUCCI,женские,пластик,ободковая,бабочка,черный,55.0,19.0,145.0,,,солнцезащитные,бабочка_пластик_черный,L_L_L,бабочка_пластик_черный_L_L_L
1300S-004,GUCCI,женские,пластик,ободковая,бабочка,черный,55.0,19.0,145.0,,,солнцезащитные,бабочка_пластик_черный,L_L_L,бабочка_пластик_черный_L_L_L
1309S-005,GUCCI,универсальные,пластик,ободковая,капли,черный,57.0,17.0,145.0,,,солнцезащитные,капли_пластик_черный,L_L_M,капли_пластик_черный_L_L_M
1311S-001,GUCCI,универсальные,металл,ободковая,капли,серый,61.0,15.0,145.0,,,солнцезащитные,капли_металл_серый,L_L_S,капли_металл_серый_L_L_S
1314S-005,GUCCI,женские,пластик,ободковая,квадратные,бежевый,55.0,19.0,140.0,,,солнцезащитные,квадратные_пластик_бежевый,M_L_L,квадратные_пластик_бежевый_M_L_L
1319-06,CUTLER AND GROSS,универсальные,пластик,ободковая,необычные,черный,55.0,17.0,145.0,,,солнцезащитные,необычные_пластик_черный,L_L_M,необычные_пластик_черный_L_L_M
1322SA-002,GUCCI,женские,металл,полуободковая,гексагон,золотой,64.0,16.0,135.0,,,солнцезащитные,гексагон_металл_золотой,M_L_M,гексагон_металл_золотой_M_L_M
1331S-006,GUCCI,женские,пластик,ободковая,прямоугольные,многоцветный,54.0,16.0,145.0,,,солнцезащитные,прямоугольные_пластик_многоцветный,L_L_M,прямоугольные_пластик_многоцветный_L_L_M
1345S-002,GUCCI,универсальные,пластик,ободковая,трапеция,черный,57.0,16.0,145.0,,,солнцезащитные,трапеция_пластик_черный,L_L_M,трапеция_пластик_черный_L_L_M
1345S-004,GUCCI,универсальные,пластик,ободковая,трапеция,синий,57.0,16.0,145.0,,,солнцезащитные,трапеция_пластик_синий,L_L_M,трапеция_пластик_синий_L_L_M
135-92EP,CHOPARD,мужские,пластик,ободковая,прямоугольные,,57.0,20.0,140.0,,,солнцезащитные,,M_L_L,
135-U28P,CHOPARD,мужские,пластик,ободковая,квадратные,черный,57.0,20.0,140.0,,,солнцезащитные,квадратные_пластик_черный,M_L_L,квадратные_пластик_черный_M_L_L
135-XANP,CHOPARD,мужские,пластик,ободковая,прямоугольные,бордовый,57.0,20.0,140.0,,,солнцезащитные,прямоугольные_пластик_бордовый,M_L_L,прямоугольные_пластик_бордовый_M_L_L
1368-01,CUTLER AND GROSS,женские,пластик,ободковая,прямоугольные,черный,53.0,19.0,145.0,,,солнцезащитные,прямоугольные_пластик_черный,L_L_L,прямоугольные_пластик_черный_L_L_L
1394-04,CUTLER AND GROSS,универсальные,пластик,ободковая,капли,бежевый,57.0,19.0,150.0,,,солнцезащитные,капли_пластик_бежевый,L_L_L,капли_пластик_бежевый_L_L_L
14-023 17P,MARIO ROSSI,подростковые универсальные,пластик,ободковая,необычные,,47.0,17.0,130.0,,,солнцезащитные,,S_S_M,
1401S-001,GUCCI,женские,пластик,ободковая,кошачий глаз,черный,53.0,19.0,130.0,,,солнцезащитные,кошачий глаз_пластик_черный,S_L_L,кошачий глаз_пластик_черный_S_L_L
1401S-002,GUCCI,женские,пластик,ободковая,кошачий глаз,черепаховый,53.0,19.0,130.0,,,солнцезащитные,кошачий глаз_пластик_черепаховый,S_L_L,кошачий глаз_пластик_черепаховый_S_L_L
1407S-003,GUCCI,женские,пластик,ободковая,бабочка,черепаховый,54.0,19.0,140.0,,,солнцезащитные,бабочка_пластик_черепаховый,M_L_L,бабочка_пластик_черепаховый_M_L_L
1421S-001,GUCCI,женские,пластик,ободковая,бабочка,черный,51.0,20.0,145.0,,,солнцезащитные,бабочка_пластик_черный,L_M_L,бабочка_пластик_черный_L_M_L
1425S-001,GUCCI,женские,пластик,ободковая,прямоугольные,черный,53.0,21.0,145.0,,,солнцезащитные,прямоугольные_пластик_черный,L_L_L,прямоугольные_пластик_черный_L_L_L
1427S-001,GUCCI,мужские,пластик,ободковая,трапеция,черный,53.0,21.0,145.0,,,солнцезащитные,трапеция_пластик_черный,L_L_L,трапеция_пластик_черный_L_L_L
1427S-002,GUCCI,мужские,пластик,ободковая,квадратные,черный,53.0,21.0,145.0,,,солнцезащитные,квадратные_пластик_черный,L_L_L,квадратные_пластик_черный_L_L_L
1434S-003,GUCCI,женские,металл,ободковая,квадратные,золотой,57.0,19.0,145.0,,,солнцезащитные,квадратные_металл_золотой,L_L_L,квадратные_металл_золотой_L_L_L
1441/S-086UC,BOSS,мужские,металл,ободковая,прямоугольные,серый,60.0,16.0,150.0,,,солнцезащитные,прямоугольные_металл_серый,L_L_M,прямоугольные_металл_серый_L_L_M
1441/S-807M9,BOSS,мужские,металл,ободковая,прямоугольные,,60.0,16.0,150.0,,,солнцезащитные,,L_L_M,
1441S-003,GUCCI,мужские,металл,ободковая,квадратные,серебристый,58.0,16.0,145.0,,,солнцезащитные,квадратные_металл_серебристый,L_L_M,квадратные_металл_серебристый_L_L_M
1445/CS-08699,BOSS,мужские,металл и пластик,ободковая,квадратные,,52.0,20.0,145.0,,,солнцезащитные,,L_L_L,
1445/CS-80799,BOSS,мужские,металл и пластик,ободковая,квадратные,,52.0,20.0,145.0,,,солнцезащитные,,L_L_L,
1447/S-0031I,BOSS,мужские,металл,ободковая,капли,,61.0,14.0,145.0,,,солнцезащитные,,L_L_S,
1447/S-KJ186,BOSS,мужские,металл,ободковая,капли,серебристый,61.0,14.0,145.0,,,солнцезащитные,капли_металл_серебристый,L_L_S,капли_металл_серебристый_L_L_S
1450/S-003M9,BOSS,мужские,пластик,ободковая,квадратные,черный,57.0,19.0,145.0,,,солнцезащитные,квадратные_пластик_черный,L_L_L,квадратные_пластик_черный_L_L_L
1450/S-O6WIR,BOSS,мужские,пластик,ободковая,трапеция,черный,57.0,19.0,145.0,,,солнцезащитные,трапеция_пластик_черный,L_L_L,трапеция_пластик_черный_L_L_L
1451/S-O6WIR,BOSS,мужские,пластик,ободковая,трапеция,черный,59.0,18.0,145.0,,,солнцезащитные,трапеция_пластик_черный,L_L_L,трапеция_пластик_черный_L_L_L
1468/F/S-807IR,BOSS,мужские,металл,ободковая,капли,черный,63.0,14.0,150.0,,,солнцезащитные,капли_металл_черный,L_L_S,капли_металл_черный_L_L_S
1468/F/S-R80IR,BOSS,мужские,металл,ободковая,капли,серый,63.0,14.0,150.0,,,солнцезащитные,капли_металл_серый,L_L_S,капли_металл_серый_L_L_S
1468/F/S-R80T4,BOSS,мужские,металл,ободковая,капли,серый,63.0,14.0,150.0,,,солнцезащитные,капли_металл_серый,L_L_S,капли_металл_серый_L_L_S
1486/S-PTAM9,BOSS,мужские,металл и пластик,ободковая,капли,черный/серый,54.0,21.0,145.0,,,солнцезащитные,капли_металл и пластик_черный/серый,L_L_L,капли_металл и пластик_черный/серый_L_L_L
1497/S-O6W25,BOSS,мужские,пластик,ободковая,спортивные,черный,57.0,18.0,140.0,,,солнцезащитные,спортивные_пластик_черный,M_L_L,спортивные_пластик_черный_M_L_L
1544-490,TED BAKER,женские,пластик,ободковая,панто,,51.0,19.0,145.0,,,солнцезащитные,,L_M_L,
1570-001,TED BAKER,универсальные,металл,ободковая,капли,,60.0,15.0,145.0,,,солнцезащитные,,L_L_S,
1574/S-GP770,BOSS,мужские,пластик,ободковая,прямоугольные,зеленый,53.0,19.0,150.0,,,солнцезащитные,прямоугольные_пластик_зеленый,L_L_L,прямоугольные_пластик_зеленый_L_L_L
1579/S-08A2K,BOSS,мужские,пластик,ободковая,прямоугольные,черный,57.0,17.0,150.0,,,солнцезащитные,прямоугольные_пластик_черный,L_L_M,прямоугольные_пластик_черный_L_L_M
1580/S-V841I,BOSS,мужские,металл,ободковая,прямоугольные,серебристый,59.0,16.0,145.0,,,солнцезащитные,прямоугольные_металл_серебристый,L_L_M,прямоугольные_металл_серебристый_L_L_M
1596/S-807A9,BOSS,мужские,пластик,ободковая,прямоугольные,черный,53.0,19.0,145.0,,,солнцезащитные,прямоугольные_пластик_черный,L_L_L,прямоугольные_пластик_черный_L_L_L
1607/S-10ATI,BOSS,мужские,пластик,ободковая,маска,коричневый,99.0,1.0,125.0,,,солнцезащитные,маска_пластик_коричневый,S_L_S,маска_пластик_коричневый_S_L_S
1607/S-VK6TI,BOSS,мужские,пластик,ободковая,маска,белый,99.0,1.0,125.0,,,солнцезащитные,маска_пластик_белый,S_L_S,маска_пластик_белый_S_L_S
1612/F/SK-6LBIR,BOSS,мужские,металл,ободковая,авиаторы,серебристый,61.0,15.0,145.0,,,солнцезащитные,авиаторы_металл_серебристый,L_L_S,авиаторы_металл_серебристый_L_L_S
163/3-065,CAZAL,мужские,пластик,ободковая,необычные,прозрачный,59.0,12.0,135.0,,,солнцезащитные,необычные_пластик_прозрачный,M_L_S,необычные_пластик_прозрачный_M_L_S
163/3-1,CAZAL,мужские,пластик,ободковая,квадратные,черный,59.0,12.0,135.0,,,солнцезащитные,квадратные_пластик_черный,M_L_S,квадратные_пластик_черный_M_L_S
1631S-004,GUCCI,универсальные,пластик,безободковая,маска,черный,99.0,1.0,115.0,,,солнцезащитные,маска_пластик_черный,S_L_S,маска_пластик_черный_S_L_S
1635-101,TED BAKER,универсальные,пластик,ободковая,трапеция,оливковый,52.0,18.0,145.0,,,солнцезащитные,трапеция_пластик_оливковый,L_L_L,трапеция_пластик_оливковый_L_L_L
1635-601,TED BAKER,универсальные,пластик,ободковая,трапеция,серый,52.0,18.0,145.0,,,солнцезащитные,трапеция_пластик_серый,L_L_L,трапеция_пластик_серый_L_L_L
164/3-002,CAZAL,универсальные,пластик,ободковая,прямоугольные,прозрачный,58.0,12.0,135.0,,,солнцезащитные,прямоугольные_пластик_прозрачный,M_L_S,прямоугольные_пластик_прозрачный_M_L_S
1641/S-0039O,BOSS,мужские,металл,ободковая,капли,черный,60.0,14.0,150.0,,,солнцезащитные,капли_металл_черный,L_L_S,капли_металл_черный_L_L_S
1641/S-R80HA,BOSS,мужские,металл,ободковая,капли,коричневый,60.0,14.0,150.0,,,солнцезащитные,капли_металл_коричневый,L_L_S,капли_металл_коричневый_L_L_S
1647/S-807IR,BOSS,мужские,пластик,ободковая,квадратные,черный,55.0,18.0,145.0,,,солнцезащитные,квадратные_пластик_черный,L_L_L,квадратные_пластик_черный_L_L_L
1655-001,TED BAKER,универсальные,пластик,ободковая,панто,черный,52.0,19.0,145.0,,,солнцезащитные,панто_пластик_черный,L_L_L,панто_пластик_черный_L_L_L
1716-401,TED BAKER,женские,металл,безободковая,маска,золотой,142.0,,135.0,,,солнцезащитные,маска_металл_золотой,M_L_L,маска_металл_золотой_M_L_L
1724-001,TED BAKER,универсальные,пластик,ободковая,вайфайеры,черный,53.0,19.0,145.0,,,солнцезащитные,вайфайеры_пластик_черный,L_L_L,вайфайеры_пластик_черный_L_L_L
1724-104,TED BAKER,универсальные,пластик,ободковая,вайфайеры,черепаховый,53.0,19.0,145.0,,,солнцезащитные,вайфайеры_пластик_черепаховый,L_L_L,вайфайеры_пластик_черепаховый_L_L_L
1727-002,TED BAKER,мужские,металл,ободковая,трапеция,черный/золотой,55.0,16.0,145.0,,,солнцезащитные,трапеция_металл_черный/золотой,L_L_M,трапеция_металл_черный/золотой_L_L_M
1727-104,TED BAKER,мужские,металл,ободковая,трапеция,коричневый,55.0,16.0,145.0,,,солнцезащитные,трапеция_металл_коричневый,L_L_M,трапеция_металл_коричневый_L_L_M
1729-910,TED BAKER,универсальные,металл,ободковая,прямоугольные,серый,56.0,17.0,140.0,,,солнцезащитные,прямоугольные_металл_серый,M_L_M,прямоугольные_металл_серый_M_L_M
1732-001,TED BAKER,женские,пластик,ободковая,бабочка,черный,54.0,16.0,140.0,,,солнцезащитные,бабочка_пластик_черный,M_L_M,бабочка_пластик_черный_M_L_M
1738-001,TED BAKER,женские,пластик,ободковая,бабочка,черный,55.0,18.0,140.0,,,солнцезащитные,бабочка_пластик_черный,M_L_L,бабочка_пластик_черный_M_L_L
1738-100,TED BAKER,женские,пластик,ободковая,бабочка,черепаховый,55.0,18.0,140.0,,,солнцезащитные,бабочка_пластик_черепаховый,M_L_L,бабочка_пластик_черепаховый_M_L_L
1741-001,TED BAKER,женские,пластик,ободковая,кошачий глаз,черный,55.0,18.0,140.0,,,солнцезащитные,кошачий глаз_пластик_черный,M_L_L,кошачий глаз_пластик_черный_M_L_L
1741-657,TED BAKER,женские,пластик,ободковая,кошачий глаз,синий,55.0,18.0,140.0,,,солнцезащитные,кошачий глаз_пластик_синий,M_L_L,кошачий глаз_пластик_синий_M_L_L
1742-657,TED BAKER,женские,пластик,ободковая,бабочка,синий,53.0,17.0,140.0,,,солнцезащитные,бабочка_пластик_синий,M_L_M,бабочка_пластик_синий_M_L_M
1743-421,TED BAKER,женские,металл,ободковая,кошачий глаз,золотой,55.0,16.0,135.0,,,солнцезащитные,кошачий глаз_металл_золотой,M_L_M,кошачий глаз_металл_золотой_M_L_M
1744-401,TED BAKER,женские,металл,ободковая,круглые,золотой,54.0,18.0,135.0,,,солнцезащитные,круглые_металл_золотой,M_L_L,круглые_металл_золотой_M_L_L
1744-421,TED BAKER,женские,металл,ободковая,круглые,золотой,54.0,18.0,135.0,,,солнцезащитные,круглые_металл_золотой,M_L_L,круглые_металл_золотой_M_L_L
183 -0594,BLUMARINE,женские,металл,безободковая,прямоугольные,золотой,70.0,16.0,125.0,,,солнцезащитные,прямоугольные_металл_золотой,S_L_M,прямоугольные_металл_золотой_S_L_M
191 -0300,BLUMARINE,женские,металл,безободковая,квадратные,золотой,58.0,17.0,135.0,,,солнцезащитные,квадратные_металл_золотой,M_L_M,квадратные_металл_золотой_M_L_M
192 -0300,BLUMARINE,женские,металл,безободковая,овальные,золотой,61.0,17.0,135.0,,,солнцезащитные,овальные_металл_золотой,M_L_M,овальные_металл_золотой_M_L_M
192 -579X,BLUMARINE,женские,металл,безободковая,овальные,серебристый,61.0,17.0,135.0,,,солнцезащитные,овальные_металл_серебристый,M_L_M,овальные_металл_серебристый_M_L_M
199-R43X,FILA,универсальные,пластик,ободковая,спортивные,темно-серый,99.0,,125.0,,,солнцезащитные,спортивные_пластик_темно-серый,S_L_L,спортивные_пластик_темно-серый_S_L_L
2032-01,NICE,женские,пластик,ободковая,бабочка,черный,54.0,19.0,147.0,,,солнцезащитные,бабочка_пластик_черный,L_L_L,бабочка_пластик_черный_L_L_L
2033-01,NICE,женские,пластик,ободковая,бабочка,черный,59.0,15.0,135.0,,,солнцезащитные,бабочка_пластик_черный,M_L_S,бабочка_пластик_черный_M_L_S
2033-02,NICE,женские,пластик,ободковая,бабочка,коричневый,59.0,15.0,135.0,,,солнцезащитные,бабочка_пластик_коричневый,M_L_S,бабочка_пластик_коричневый_M_L_S
2034-01,FLAMINGO,женские,металл,полуободковая,необычные,серый,50.0,20.0,144.0,,,солнцезащитные,необычные_металл_серый,M_M_L,необычные_металл_серый_M_M_L
2034-02,FLAMINGO,женские,металл,полуободковая,необычные,бронзовый,50.0,20.0,144.0,,,солнцезащитные,необычные_металл_бронзовый,M_M_L,необычные_металл_бронзовый_M_M_L
2035-01,NICE,женские,пластик,ободковая,бабочка,черный,56.0,18.0,145.0,,,солнцезащитные,бабочка_пластик_черный,L_L_L,бабочка_пластик_черный_L_L_L
2038-01,NICE,женские,пластик,ободковая,бабочка,серый,54.0,19.0,150.0,,,солнцезащитные,бабочка_пластик_серый,L_L_L,бабочка_пластик_серый_L_L_L
2038-03,NICE,женские,пластик,ободковая,бабочка,зеленый,54.0,19.0,150.0,,,солнцезащитные,бабочка_пластик_зеленый,L_L_L,бабочка_пластик_зеленый_L_L_L
2096/S-807M9,POLAROID,универсальные,пластик,ободковая,панто,,48.0,23.0,145.0,,,солнцезащитные,,L_M_L,
2101/S-003UС,POLAROID,мужские,металл,ободковая,квадратные,,63.0,14.0,130.0,,,солнцезащитные,,S_L_S,
2128/S-N6TM9,POLAROID,универсальные,пластик,ободковая,трапеция,,55.0,17.0,140.0,,,солнцезащитные,,M_L_M,
2138/S-O6WM9,POLAROID,универсальные,пластик,ободковая,трапеция,черный,56.0,17.0,140.0,,,солнцезащитные,трапеция_пластик_черный,M_L_M,трапеция_пластик_черный_M_L_M
2142/S-RC2M9,POLAROID,мужские,пластик,ободковая,спортивные,черный/оранжевый,61.0,11.0,135.0,,,солнцезащитные,спортивные_пластик_черный/оранжевый,M_L_S,спортивные_пластик_черный/оранжевый_M_L_S
2149/S-71CEX,POLAROID,мужские,пластик,ободковая,квадратные,черный,57.0,17.0,140.0,,,солнцезащитные,квадратные_пластик_черный,M_L_M,квадратные_пластик_черный_M_L_M
2149/S-8LZM9,POLAROID,мужские,пластик,ободковая,квадратные,черный,57.0,17.0,140.0,,,солнцезащитные,квадратные_пластик_черный,M_L_M,квадратные_пластик_черный_M_L_M
2150/S-08AM9,POLAROID,универсальные,пластик,ободковая,панто,черный,52.0,20.0,140.0,,,солнцезащитные,панто_пластик_черный,M_L_L,панто_пластик_черный_M_L_L
2151/S-0VK5X,POLAROID,мужские,пластик,ободковая,спортивные,черный/синий,62.0,11.0,140.0,,,солнцезащитные,спортивные_пластик_черный/синий,M_L_S,спортивные_пластик_черный/синий_M_L_S
2153/S-0VKC3,POLAROID,мужские,пластик,ободковая,спортивные,черный/синий,58.0,16.0,135.0,,,солнцезащитные,спортивные_пластик_черный/синий,M_L_M,спортивные_пластик_черный/синий_M_L_M
2154/S-O6WM9,POLAROID,мужские,пластик,ободковая,спортивные,черный,64.0,17.0,130.0,,,солнцезащитные,спортивные_пластик_черный,S_L_M,спортивные_пластик_черный_S_L_M
21M-531P,CHOPARD,мужские,металл,ободковая,прямоугольные,черный,60.0,15.0,145.0,,,солнцезащитные,прямоугольные_металл_черный,L_L_S,прямоугольные_металл_черный_L_L_S
226/3-001,CAZAL,женские,металл,ободковая,необычные,черный/золотой,61.0,12.0,135.0,,,солнцезащитные,необычные_металл_черный/золотой,M_L_S,необычные_металл_черный/золотой_M_L_S
2340-2,SANTARELLI,универсальные,металл,ободковая,квадратные,коричневый,56.0,16.0,140.0,,,солнцезащитные,квадратные_металл_коричневый,M_L_M,квадратные_металл_коричневый_M_L_M
288S-0721,CHOPARD,женские,пластик,ободковая,квадратные,черный,57.0,17.0,140.0,,,солнцезащитные,квадратные_пластик_черный,M_L_M,квадратные_пластик_черный_M_L_M
3002-06A,TRUSSARDI,универсальные,металл,ободковая,квадратные,темно-серый,56.0,18.0,145.0,,,солнцезащитные,квадратные_металл_темно-серый,L_L_L,квадратные_металл_темно-серый_L_L_L
3002-09A,TRUSSARDI,универсальные,металл,ободковая,квадратные,коричневый/золотой,56.0,18.0,145.0,,,солнцезащитные,квадратные_металл_коричневый/золотой,L_L_L,квадратные_металл_коричневый/золотой_L_L_L
3003-A01,HICKMANN,женские,металл и пластик,ободковая,необычные,черный/золотой,51.5,19.0,135.0,,,солнцезащитные,необычные_металл и пластик_черный/золотой,M_M_L,необычные_металл и пластик_черный/золотой_M_M_L
3003-D01,HICKMANN,женские,металл и пластик,ободковая,необычные,белый,51.5,19.0,135.0,,,солнцезащитные,необычные_металл и пластик_белый,M_M_L,необычные_металл и пластик_белый_M_M_L
3005-09B,TRUSSARDI,женские,металл,ободковая,квадратные,черный/золотой,61.0,16.0,148.0,,,солнцезащитные,квадратные_металл_черный/золотой,L_L_M,квадратные_металл_черный/золотой_L_L_M
3006-04B,TRUSSARDI,женские,металл,ободковая,прямоугольные,серебристый/золотой,57.0,17.0,145.0,,,солнцезащитные,прямоугольные_металл_серебристый/золотой,L_L_M,прямоугольные_металл_серебристый/золотой_L_L_M
3025-004/51,RAY BAN,универсальные,металл,ободковая,авиаторы,серебристый,58.0,14.0,,,,солнцезащитные,авиаторы_металл_серебристый,L_L_S,авиаторы_металл_серебристый_L_L_S
30MontaigneMini RI-10A1,DIOR,женские,пластик,ободковая,круглые,,51.0,20.0,135.0,,,солнцезащитные,,M_M_L,
30MontaigneMini RI-20F1,DIOR,женские,пластик,ободковая,круглые,,51.0,20.0,135.0,,,солнцезащитные,,M_M_L,
3169-12A,HICKMANN,женские,металл,ободковая,бабочка,черный/золотой,58.0,16.0,142.0,,,солнцезащитные,бабочка_металл_черный/золотой,M_L_M,бабочка_металл_черный/золотой_M_L_M
3171-A01,HICKMANN,женские,металл и пластик,ободковая,квадратные,черный/золотой,56.5,17.5,142.0,,,солнцезащитные,квадратные_металл и пластик_черный/золотой,M_L_M,квадратные_металл и пластик_черный/золотой_M_L_M
3176-A01,HICKMANN,женские,металл и пластик,ободковая,квадратные,черный/золотой,54.0,18.0,140.0,,,солнцезащитные,квадратные_металл и пластик_черный/золотой,M_L_L,квадратные_металл и пластик_черный/золотой_M_L_L
3182-06A,HICKMANN,женские,металл,ободковая,панто,синий/золотой,56.0,18.0,145.0,,,солнцезащитные,панто_металл_синий/золотой,L_L_L,панто_металл_синий/золотой_L_L_L
3182-09A,HICKMANN,женские,металл,ободковая,панто,черный/золотой,56.0,18.0,145.0,,,солнцезащитные,панто_металл_черный/золотой,L_L_L,панто_металл_черный/золотой_L_L_L
3183-04D,HICKMANN,женские,металл,ободковая,круглые,золотой,58.0,17.0,145.0,,,солнцезащитные,круглые_металл_золотой,L_L_M,круглые_металл_золотой_L_L_M
3184-04A,HICKMANN,женские,металл,ободковая,квадратные,золотой,57.0,15.0,145.0,,,солнцезащитные,квадратные_металл_золотой,L_L_S,квадратные_металл_золотой_L_L_S
3184-09A,HICKMANN,женские,металл,ободковая,квадратные,черный,57.0,15.0,145.0,,,солнцезащитные,квадратные_металл_черный,L_L_S,квадратные_металл_черный_L_L_S
3235-09A,ANA HICKMANN,женские,металл,ободковая,бабочка,черный,58.0,17.5,142.0,,,солнцезащитные,бабочка_металл_черный,M_L_M,бабочка_металл_черный_M_L_M
3264-09A,ANA HICKMANN,женские,металл,ободковая,необычные,черный/золотой,59.0,16.0,145.0,,,солнцезащитные,необычные_металл_черный/золотой,L_L_M,необычные_металл_черный/золотой_L_L_M
3271-T01,ANA HICKMANN,женские,металл и пластик,ободковая,гексагон,зеленый,56.0,19.0,145.0,,,солнцезащитные,гексагон_металл и пластик_зеленый,L_L_L,гексагон_металл и пластик_зеленый_L_L_L
3272-A01,ANA HICKMANN,женские,металл и пластик,ободковая,квадратные,черный/золотой,57.0,19.0,145.0,,,солнцезащитные,квадратные_металл и пластик_черный/золотой,L_L_L,квадратные_металл и пластик_черный/золотой_L_L_L
3272-E01,ANA HICKMANN,женские,металл и пластик,ободковая,квадратные,коричневый/золотой,57.0,19.0,145.0,,,солнцезащитные,квадратные_металл и пластик_коричневый/золотой,L_L_L,квадратные_металл и пластик_коричневый/золотой_L_L_L
3272-T01,ANA HICKMANN,женские,металл и пластик,ободковая,квадратные,зеленый,57.0,19.0,145.0,,,солнцезащитные,квадратные_металл и пластик_зеленый,L_L_L,квадратные_металл и пластик_зеленый_L_L_L
3341M-04AP,BULGET,мужские,металл,ободковая,квадратные,золотой,61.0,11.0,145.0,,,солнцезащитные,квадратные_металл_золотой,L_L_S,квадратные_металл_золотой_L_L_S
3341M-09AP,BULGET,мужские,металл,ободковая,квадратные,темно-серый,61.0,11.0,145.0,,,солнцезащитные,квадратные_металл_темно-серый,L_L_S,квадратные_металл_темно-серый_L_L_S
3342M-02AP,BULGET,мужские,металл,ободковая,капли,темно-серый,58.0,15.0,145.0,,,солнцезащитные,капли_металл_темно-серый,L_L_S,капли_металл_темно-серый_L_L_S
3342M-09AP,BULGET,мужские,металл,ободковая,капли,темно-серый,58.0,15.0,145.0,,,солнцезащитные,капли_металл_темно-серый,L_L_S,капли_металл_темно-серый_L_L_S
335S-0700,CHOPARD,женские,пластик,ободковая,бабочка,черный,52.0,24.0,145.0,,,солнцезащитные,бабочка_пластик_черный,L_L_L,бабочка_пластик_черный_L_L_L
340-700P,CHOPARD,мужские,пластик,ободковая,необычные,черный,59.0,13.0,145.0,,,солнцезащитные,необычные_пластик_черный,L_L_S,необычные_пластик_черный_L_L_S
344-033M,FURLA,женские,металл,ободковая,панто,золотой,56.0,17.0,140.0,,,солнцезащитные,панто_металл_золотой,M_L_M,панто_металл_золотой_M_L_M
344-0492,FURLA,женские,металл,ободковая,панто,серый,56.0,17.0,140.0,,,солнцезащитные,панто_металл_серый,M_L_M,панто_металл_серый_M_L_M
347-6X7P,CHOPARD,мужские,пластик,ободковая,квадратные,серый,58.0,15.0,145.0,,,солнцезащитные,квадратные_пластик_серый,L_L_S,квадратные_пластик_серый_L_L_S
37-08FF,CHOPARD,мужские,металл,безободковая,капли,золотой,63.0,13.0,145.0,,,солнцезащитные,капли_металл_золотой,L_L_S,капли_металл_золотой_L_L_S
40001I-01A,BVLGARI,женские,пластик,ободковая,кошачий глаз,черный,56.0,16.0,140.0,,,солнцезащитные,кошачий глаз_пластик_черный,M_L_M,кошачий глаз_пластик_черный_M_L_M
40007U-33W,LOEWE,универсальные,металл и пластик,ободковая,круглые,,58.0,17.0,140.0,,,солнцезащитные,,M_L_M,
40013I-52E,BVLGARI,женские,пластик,ободковая,бабочка,гавана,49.0,23.0,140.0,,,солнцезащитные,бабочка_пластик_гавана,M_M_L,бабочка_пластик_гавана_M_M_L
40018I-53S,FENDI,женские,пластик,ободковая,бабочка,черепаховый,54.0,18.0,145.0,,,солнцезащитные,бабочка_пластик_черепаховый,L_L_L,бабочка_пластик_черепаховый_L_L_L
40021U-28T,FRED,женские,металл,ободковая,квадратные,золотой,57.0,19.0,140.0,,,солнцезащитные,квадратные_металл_золотой,M_L_L,квадратные_металл_золотой_M_L_L
40022I-02A,BVLGARI,мужские,пластик,ободковая,квадратные,черный,56.0,17.0,150.0,,,солнцезащитные,квадратные_пластик_черный,L_L_M,квадратные_пластик_черный_L_L_M
40023U-49E,BVLGARI,мужские,металл и пластик,ободковая,капли,коричневый/золотой,54.0,22.0,150.0,,,солнцезащитные,капли_металл и пластик_коричневый/золотой,L_L_L,капли_металл и пластик_коричневый/золотой_L_L_L
40025U-30E,FRED,мужские,металл,ободковая,овальные,,62.0,11.0,150.0,,,солнцезащитные,,L_L_S,
40029U-01A,FRED,универсальные,металл,ободковая,прямоугольные,черный/золотой,54.0,20.0,150.0,,,солнцезащитные,прямоугольные_металл_черный/золотой,L_L_L,прямоугольные_металл_черный/золотой_L_L_L
40029U-16C,FRED,мужские,металл,ободковая,прямоугольные,серебристый,54.0,20.0,150.0,,,солнцезащитные,прямоугольные_металл_серебристый,L_L_L,прямоугольные_металл_серебристый_L_L_L
40029U-17V,BVLGARI,мужские,титан,безободковая,прямоугольные,серый,61.0,15.0,145.0,,,солнцезащитные,прямоугольные_титан_серый,L_L_S,прямоугольные_титан_серый_L_L_S
40030U-16V,FRED,мужские,металл,ободковая,капли,,60.0,14.0,150.0,,,солнцезащитные,,L_L_S,
40030U-30E,FRED,мужские,металл,ободковая,капли,золотой,60.0,14.0,150.0,,,солнцезащитные,капли_металл_золотой,L_L_S,капли_металл_золотой_L_L_S
40035U-16V,FRED,мужские,металл,ободковая,прямоугольные,серебристый,59.0,18.0,150.0,,,солнцезащитные,прямоугольные_металл_серебристый,L_L_L,прямоугольные_металл_серебристый_L_L_L
40036U-16V,FRED,мужские,металл,ободковая,капли,серебристый,60.0,14.0,150.0,,,солнцезащитные,капли_металл_серебристый,L_L_S,капли_металл_серебристый_L_L_S
40036U-30B,FRED,мужские,металл,ободковая,капли,золотой,60.0,14.0,150.0,,,солнцезащитные,капли_металл_золотой,L_L_S,капли_металл_золотой_L_L_S
40044U-01C,FENDI,универсальные,пластик,ободковая,овальные,черный,,,,,,солнцезащитные,овальные_пластик_черный,L_L_L,овальные_пластик_черный_L_L_L
40235U-30N,CELINE,женские,металл,ободковая,овальные,желтый,54.0,18.0,135.0,,,солнцезащитные,овальные_металл_желтый,M_L_L,овальные_металл_желтый_M_L_L
4043IK-90X,STELLA Mc CARTNEY,подростковые для девочек,пластик,ободковая,панто,голубой,41.0,25.0,125.0,,,солнцезащитные,панто_пластик_голубой,S_S_L,панто_пластик_голубой_S_S_L
4075US-30A,FENDI,универсальные,металл,безободковая,овальные,золотой,54.0,15.0,135.0,,,солнцезащитные,овальные_металл_золотой,M_L_S,овальные_металл_золотой_M_L_S
4075US-30V,FENDI,универсальные,металл,безободковая,овальные,золотой,54.0,15.0,135.0,,,солнцезащитные,овальные_металл_золотой,M_L_S,овальные_металл_золотой_M_L_S
4096/X/S-807WJ,POLAROID,женские,пластик,ободковая,бабочка,,52.0,20.0,145.0,,,солнцезащитные,,L_L_L,
4110/S/X-807M9,POLAROID,женские,пластик,ободковая,бабочка,,51.0,20.0,145.0,,,солнцезащитные,,L_M_L,
4114/S/X-807M9,POLAROID,женские,пластик,ободковая,круглые,черный,54.0,22.0,145.0,,,солнцезащитные,круглые_пластик_черный,L_L_L,круглые_пластик_черный_L_L_L
4152/S-807M9,POLAROID,универсальные,пластик,ободковая,необычные,черный,54.0,19.0,145.0,,,солнцезащитные,необычные_пластик_черный,L_L_L,необычные_пластик_черный_L_L_L
4153/S-807M9,POLAROID,универсальные,пластик,ободковая,панто,черный,50.0,21.0,145.0,,,солнцезащитные,панто_пластик_черный,L_M_L,панто_пластик_черный_L_M_L
4158/G/S/X-DDBWJ,POLAROID,женские,металл,ободковая,квадратные,золотой,58.0,16.0,145.0,,,солнцезащитные,квадратные_металл_золотой,L_L_M,квадратные_металл_золотой_L_L_M
4242-395/S5,CHANEL,женские,металл,ободковая,панто,,55.0,17.0,135.0,,,солнцезащитные,,M_L_M,
4244-108/D8,CHANEL,женские,металл,безободковая,квадратные,,57.0,18.0,140.0,,,солнцезащитные,,M_L_L,
4247-H-395/S5,CHANEL,женские,металл,ободковая,круглые,,52.0,19.0,135.0,,,солнцезащитные,,M_L_L,
4264-101/S4,CHANEL,женские,металл,ободковая,бабочка,,56.0,17.0,140.0,,,солнцезащитные,,M_L_M,
4265-Q-395/3,CHANEL,женские,металл,ободковая,круглые,,53.0,21.0,135.0,,,солнцезащитные,,M_L_L,
4269-395/S5,CHANEL,женские,металл,ободковая,необычные,,55.0,17.0,140.0,,,солнцезащитные,,M_L_M,
47S-300L,CHOPARD,универсальные,металл,ободковая,капли,золотой,59.0,14.0,140.0,,,солнцезащитные,капли_металл_золотой,M_L_S,капли_металл_золотой_M_L_S
491-001,GENEX,женские,пластик,ободковая,бабочка,черный,52.0,21.0,140.0,,,солнцезащитные,бабочка_пластик_черный,M_L_L,бабочка_пластик_черный_M_L_L
496/S-RHLVP,MARC JACOBS,женские,металл,ободковая,гексагон,золотой,55.0,17.0,140.0,,,солнцезащитные,гексагон_металл_золотой,M_L_M,гексагон_металл_золотой_M_L_M
5014-02,NICE,универсальные,пластик,ободковая,трапеция,синий,55.0,17.0,145.0,,,солнцезащитные,трапеция_пластик_синий,L_L_M,трапеция_пластик_синий_L_L_M
5021-400,SCOTCH&SODA,женские,металл,ободковая,прямоугольные,золотой,54.0,17.0,135.0,,,солнцезащитные,прямоугольные_металл_золотой,M_L_M,прямоугольные_металл_золотой_M_L_M
5021-405,SCOTCH&SODA,женские,металл,ободковая,прямоугольные,золотой,54.0,17.0,135.0,,,солнцезащитные,прямоугольные_металл_золотой,M_L_M,прямоугольные_металл_золотой_M_L_M
5033-11,VENTO,детские для мальчиков,пластик,ободковая,квадратные,,45.0,18.0,130.0,,,солнцезащитные,,S_S_L,
5339-H-501/S6,CHANEL,женские,пластик,ободковая,бабочка,,55.0,18.0,140.0,,,солнцезащитные,,M_L_L,
538-300Y,FURLA,женские,металл,ободковая,квадратные,золотой,58.0,16.0,135.0,,,солнцезащитные,квадратные_металл_золотой,M_L_M,квадратные_металл_золотой_M_L_M
5380-501/S8,CHANEL,женские,пластик,ободковая,бабочка,,56.0,17.0,140.0,,,солнцезащитные,,M_L_M,
5416-1461/S6,CHANEL,женские,пластик,ободковая,овальные,,57.0,17.0,140.0,,,солнцезащитные,,M_L_M,
5450-1228/S6,CHANEL,женские,пластик,ободковая,овальные,,54.0,17.0,140.0,,,солнцезащитные,,M_L_M,
5451-622/S6,CHANEL,женские,пластик,ободковая,гексагон,,56.0,17.0,140.0,,,солнцезащитные,,M_L_M,
5456-QB-501/S5,CHANEL,женские,пластик,ободковая,бабочка,,54.0,16.0,140.0,,,солнцезащитные,,M_L_M,
548-005,GENEX,мужские,пластик,ободковая,прямоугольные,черный,55.0,20.0,143.0,,,солнцезащитные,прямоугольные_пластик_черный,M_L_L,прямоугольные_пластик_черный_M_L_L
548-575,GENEX,мужские,пластик,ободковая,прямоугольные,черный,55.0,20.0,143.0,,,солнцезащитные,прямоугольные_пластик_черный,M_L_L,прямоугольные_пластик_черный_M_L_L
549-001,GENEX,женские,пластик,ободковая,панто,черный,52.0,21.0,145.0,,,солнцезащитные,панто_пластик_черный,L_L_L,панто_пластик_черный_L_L_L
549-490,GENEX,женские,пластик,ободковая,панто,коричневый,52.0,21.0,145.0,,,солнцезащитные,панто_пластик_коричневый,L_L_L,панто_пластик_коричневый_L_L_L
552-001,SAINT LAURENT,женские,пластик,ободковая,бабочка,черный,51.0,22.0,145.0,,,солнцезащитные,бабочка_пластик_черный,L_M_L,бабочка_пластик_черный_L_M_L
557-001,GENEX,женские,пластик,ободковая,бабочка,черный,54.0,18.0,143.0,,,солнцезащитные,бабочка_пластик_черный,M_L_L,бабочка_пластик_черный_M_L_L
558-025,GENEX,мужские,пластик,ободковая,квадратные,черный,57.0,16.0,143.0,,,солнцезащитные,квадратные_пластик_черный,M_L_M,квадратные_пластик_черный_M_L_M
562-042,GENEX,универсальные,пластик,ободковая,квадратные,черный,58.0,16.0,142.0,,,солнцезащитные,квадратные_пластик_черный,M_L_M,квадратные_пластик_черный_M_L_M
565-001,GENEX,мужские,пластик,ободковая,квадратные,черный,57.0,17.0,140.0,,,солнцезащитные,квадратные_пластик_черный,M_L_M,квадратные_пластик_черный_M_L_M
565-005,GENEX,мужские,пластик,ободковая,квадратные,коричневый,57.0,17.0,140.0,,,солнцезащитные,квадратные_пластик_коричневый,M_L_M,квадратные_пластик_коричневый_M_L_M
566-004,GENEX,женские,пластик,ободковая,бабочка,коричневый,52.0,21.0,142.0,,,солнцезащитные,бабочка_пластик_коричневый,M_L_L,бабочка_пластик_коричневый_M_L_L
567-001,GENEX,женские,пластик,ободковая,бабочка,темно-серый,55.0,16.0,145.0,,,солнцезащитные,бабочка_пластик_темно-серый,L_L_M,бабочка_пластик_темно-серый_L_L_M
567-246,GENEX,женские,пластик,ободковая,бабочка,черный,55.0,16.0,145.0,,,солнцезащитные,бабочка_пластик_черный,L_L_M,бабочка_пластик_черный_L_L_M
568-001,GENEX,женские,пластик,ободковая,квадратные,,55.0,16.0,140.0,,,солнцезащитные,,M_L_M,
57-night out green lens,EYEREPUBLIC,женские,пластик,ободковая,квадратные,черный,56.0,17.0,145.0,,,солнцезащитные,квадратные_пластик_черный,L_L_M,квадратные_пластик_черный_L_L_M
571-025,GENEX,женские,пластик,ободковая,бабочка,черный,53.0,17.0,148.0,,,солнцезащитные,бабочка_пластик_черный,L_L_M,бабочка_пластик_черный_L_L_M
571-392,GENEX,женские,пластик,ободковая,бабочка,коричневый,53.0,17.0,148.0,,,солнцезащитные,бабочка_пластик_коричневый,L_L_M,бабочка_пластик_коричневый_L_L_M
574-001,GENEX,женские,пластик,ободковая,панто,черный,52.0,19.0,145.0,,,солнцезащитные,панто_пластик_черный,L_L_L,панто_пластик_черный_L_L_L
576-025,GENEX,мужские,пластик,ободковая,квадратные,,57.0,16.0,140.0,,,солнцезащитные,,M_L_M,
577-025,GENEX,женские,пластик,ободковая,бабочка,черный,56.0,17.0,145.0,,,солнцезащитные,бабочка_пластик_черный,L_L_M,бабочка_пластик_черный_L_L_M
577-392,GENEX,женские,пластик,ободковая,бабочка,коричневый,56.0,17.0,145.0,,,солнцезащитные,бабочка_пластик_коричневый,L_L_M,бабочка_пластик_коричневый_L_L_M
577-545,GENEX,женские,пластик,ободковая,бабочка,фиолетовый,56.0,17.0,145.0,,,солнцезащитные,бабочка_пластик_фиолетовый,L_L_M,бабочка_пластик_фиолетовый_L_L_M
579-001,GENEX,мужские,пластик,ободковая,прямоугольные,черный,60.0,16.0,135.0,,,солнцезащитные,прямоугольные_пластик_черный,M_L_M,прямоугольные_пластик_черный_M_L_M
579-025,GENEX,мужские,пластик,ободковая,прямоугольные,,60.0,16.0,135.0,,,солнцезащитные,,M_L_M,
580-014,GENEX,мужские,металл,ободковая,прямоугольные,коричневый,63.0,18.0,142.0,,,солнцезащитные,прямоугольные_металл_коричневый,M_L_L,прямоугольные_металл_коричневый_M_L_L
580-061,GENEX,мужские,металл,ободковая,прямоугольные,черный,63.0,18.0,142.0,,,солнцезащитные,прямоугольные_металл_черный,M_L_L,прямоугольные_металл_черный_M_L_L
581-014,GENEX,мужские,металл,ободковая,прямоугольные,коричневый,63.0,18.0,142.0,,,солнцезащитные,прямоугольные_металл_коричневый,M_L_L,прямоугольные_металл_коричневый_M_L_L
581-061,GENEX,мужские,металл,ободковая,прямоугольные,черный,63.0,18.0,142.0,,,солнцезащитные,прямоугольные_металл_черный,M_L_L,прямоугольные_металл_черный_M_L_L
582-012,GENEX,мужские,металл,ободковая,квадратные,черный,61.0,18.0,142.0,,,солнцезащитные,квадратные_металл_черный,M_L_L,квадратные_металл_черный_M_L_L
582-014,GENEX,мужские,металл,ободковая,квадратные,коричневый,61.0,18.0,142.0,,,солнцезащитные,квадратные_металл_коричневый,M_L_L,квадратные_металл_коричневый_M_L_L
582-061,GENEX,мужские,металл,ободковая,квадратные,черный,61.0,18.0,142.0,,,солнцезащитные,квадратные_металл_черный,M_L_L,квадратные_металл_черный_M_L_L
584-392,GENEX,мужские,пластик,ободковая,спортивные,коричневый,67.0,15.0,135.0,,,солнцезащитные,спортивные_пластик_коричневый,M_L_S,спортивные_пластик_коричневый_M_L_S
588-088,GENEX,женские,металл,ободковая,бабочка,,59.0,19.0,145.0,,,солнцезащитные,,L_L_L,
589-001,GENEX,женские,металл,ободковая,бабочка,коричневый,62.0,16.0,140.0,,,солнцезащитные,бабочка_металл_коричневый,M_L_M,бабочка_металл_коричневый_M_L_M
591-005,GENEX,мужские,пластик,ободковая,квадратные,черный,57.0,18.0,148.0,,,солнцезащитные,квадратные_пластик_черный,L_L_L,квадратные_пластик_черный_L_L_L
591-575,GENEX,мужские,пластик,ободковая,квадратные,черный,57.0,18.0,148.0,,,солнцезащитные,квадратные_пластик_черный,L_L_L,квадратные_пластик_черный_L_L_L
592-001,GENEX,женские,пластик,ободковая,бабочка,черный,50.0,21.0,150.0,,,солнцезащитные,бабочка_пластик_черный,L_M_L,бабочка_пластик_черный_L_M_L
592-189,GENEX,женские,пластик,ободковая,бабочка,коричневый,50.0,21.0,150.0,,,солнцезащитные,бабочка_пластик_коричневый,L_M_L,бабочка_пластик_коричневый_L_M_L
592-573,GENEX,женские,пластик,ободковая,бабочка,бордовый,50.0,21.0,150.0,,,солнцезащитные,бабочка_пластик_бордовый,L_M_L,бабочка_пластик_бордовый_L_M_L
593-005,GENEX,мужские,пластик,ободковая,прямоугольные,черный,57.0,19.0,132.0,,,солнцезащитные,прямоугольные_пластик_черный,S_L_L,прямоугольные_пластик_черный_S_L_L
593-0ALV,FURLA,женские,пластик,ободковая,бабочка,розовый,54.0,19.0,135.0,,,солнцезащитные,бабочка_пластик_розовый,M_L_L,бабочка_пластик_розовый_M_L_L
593-575,GENEX,мужские,пластик,ободковая,прямоугольные,черный,57.0,19.0,132.0,,,солнцезащитные,прямоугольные_пластик_черный,S_L_L,прямоугольные_пластик_черный_S_L_L
596-012,GENEX,мужские,металл,ободковая,капли,темно-серый,59.0,18.0,142.0,,,солнцезащитные,капли_металл_темно-серый,M_L_L,капли_металл_темно-серый_M_L_L
596-014,GENEX,мужские,металл,ободковая,капли,черный,59.0,18.0,142.0,,,солнцезащитные,капли_металл_черный,M_L_L,капли_металл_черный_M_L_L
596-03GF,FURLA,женские,пластик,ободковая,бабочка,белый,52.0,20.0,135.0,,,солнцезащитные,бабочка_пластик_белый,M_L_L,бабочка_пластик_белый_M_L_L
597-014,GENEX,универсальные,металл,ободковая,авиаторы,темно-серый,61.0,17.0,142.0,,,солнцезащитные,авиаторы_металл_темно-серый,M_L_M,авиаторы_металл_темно-серый_M_L_M
597-061,GENEX,универсальные,металл,ободковая,авиаторы,черный,61.0,17.0,142.0,,,солнцезащитные,авиаторы_металл_черный,M_L_M,авиаторы_металл_черный_M_L_M
598-012,GENEX,мужские,металл,ободковая,прямоугольные,черный,61.0,18.0,142.0,,,солнцезащитные,прямоугольные_металл_черный,M_L_L,прямоугольные_металл_черный_M_L_L
598-014,GENEX,мужские,металл,ободковая,прямоугольные,темно-серый,61.0,18.0,142.0,,,солнцезащитные,прямоугольные_металл_темно-серый,M_L_L,прямоугольные_металл_темно-серый_M_L_L
598-015,GENEX,мужские,металл,ободковая,прямоугольные,темно-серый,61.0,18.0,142.0,,,солнцезащитные,прямоугольные_металл_темно-серый,M_L_L,прямоугольные_металл_темно-серый_M_L_L
598-061,GENEX,мужские,металл,ободковая,прямоугольные,черный,61.0,18.0,142.0,,,солнцезащитные,прямоугольные_металл_черный,M_L_L,прямоугольные_металл_черный_M_L_L
599-014,GENEX,мужские,металл,ободковая,прямоугольные,темно-серый,62.0,17.0,142.0,,,солнцезащитные,прямоугольные_металл_темно-серый,M_L_M,прямоугольные_металл_темно-серый_M_L_M
599-061,GENEX,мужские,металл,ободковая,прямоугольные,черный,62.0,17.0,142.0,,,солнцезащитные,прямоугольные_металл_черный,M_L_M,прямоугольные_металл_черный_M_L_M
6-054-2,VITO FABIUS,детские универсальные,пластик,ободковая,круглые,зеленый,38.0,21.0,130.0,,,солнцезащитные,круглые_пластик_зеленый,S_S_L,круглые_пластик_зеленый_S_S_L
6-054-3,VITO FABIUS,детские универсальные,пластик,ободковая,круглые,оранжевый,38.0,21.0,130.0,,,солнцезащитные,круглые_пластик_оранжевый,S_S_L,круглые_пластик_оранжевый_S_S_L
6-059-8,VITO FABIUS,детские для девочек,пластик,ободковая,круглые,розовый,46.0,16.0,121.0,,,солнцезащитные,круглые_пластик_розовый,S_S_M,круглые_пластик_розовый_S_S_M
600-005,GENEX,мужские,пластик,ободковая,спортивные,коричневый,58.0,15.0,142.0,,,солнцезащитные,спортивные_пластик_коричневый,M_L_S,спортивные_пластик_коричневый_M_L_S
600-250,GENEX,мужские,пластик,ободковая,спортивные,черный,58.0,15.0,142.0,,,солнцезащитные,спортивные_пластик_черный,M_L_S,спортивные_пластик_черный_M_L_S
600-575,GENEX,мужские,пластик,ободковая,спортивные,черный,58.0,15.0,142.0,,,солнцезащитные,спортивные_пластик_черный,M_L_S,спортивные_пластик_черный_M_L_S
6002-1002/8,SWAROVSKI,женские,пластик,ободковая,овальные,гавана,53.0,18.0,135.0,,,солнцезащитные,овальные_пластик_гавана,M_L_L,овальные_пластик_гавана_M_L_L
6006-100187,SWAROVSKI,женские,пластик,полуободковая,овальные,черный,54.0,22.0,140.0,,,солнцезащитные,овальные_пластик_черный,M_L_L,овальные_пластик_черный_M_L_L
6006-103430,SWAROVSKI,женские,пластик,полуободковая,овальные,зеленый,54.0,22.0,140.0,,,солнцезащитные,овальные_пластик_зеленый,M_L_L,овальные_пластик_зеленый_M_L_L
6015-03,NICE,женские,металл,ободковая,капли,золотой,54.0,18.0,144.0,,,солнцезащитные,капли_металл_золотой,M_L_L,капли_металл_золотой_M_L_L
6017-02,FLAMINGO,универсальные,металл,ободковая,авиаторы,золотой,60.0,12.0,140.0,,,солнцезащитные,авиаторы_металл_золотой,M_L_S,авиаторы_металл_золотой_M_L_S
6018-002,SCOTCH&SODA,универсальные,металл,ободковая,необычные,черный/серый,56.0,18.0,140.0,,,солнцезащитные,необычные_металл_черный/серый,M_L_L,необычные_металл_черный/серый_M_L_L
6020-01,NICE,женские,металл,ободковая,квадратные,серебристый,58.0,19.0,142.0,,,солнцезащитные,квадратные_металл_серебристый,M_L_L,квадратные_металл_серебристый_M_L_L
6022-01,NICE,женские,металл,ободковая,кошачий глаз,серебристый,56.0,18.0,145.0,,,солнцезащитные,кошачий глаз_металл_серебристый,L_L_L,кошачий глаз_металл_серебристый_L_L_L
6022-02,NICE,женские,металл,ободковая,кошачий глаз,золотой,56.0,18.0,145.0,,,солнцезащитные,кошачий глаз_металл_золотой,L_L_L,кошачий глаз_металл_золотой_L_L_L
6023-01,NICE,женские,металл,ободковая,бабочка,золотой,59.0,17.0,145.0,,,солнцезащитные,бабочка_металл_золотой,L_L_M,бабочка_металл_золотой_L_L_M
6023/3-002,CAZAL,универсальные,пластик,ободковая,прямоугольные,прозрачный,60.0,11.0,140.0,,,солнцезащитные,прямоугольные_пластик_прозрачный,M_L_S,прямоугольные_пластик_прозрачный_M_L_S
603-005,GENEX,мужские,пластик,ободковая,спортивные,черный,58.0,18.0,135.0,,,солнцезащитные,спортивные_пластик_черный,M_L_L,спортивные_пластик_черный_M_L_L
603-575,GENEX,мужские,пластик,ободковая,спортивные,черный,58.0,18.0,135.0,,,солнцезащитные,спортивные_пластик_черный,M_L_L,спортивные_пластик_черный_M_L_L
6036-15,ESTILO,мужские,пластик,ободковая,прямоугольные,черный,57.0,17.0,145.0,,,солнцезащитные,прямоугольные_пластик_черный,L_L_M,прямоугольные_пластик_черный_L_L_M
6036-16,ESTILO,мужские,пластик,ободковая,прямоугольные,черный,57.0,17.0,145.0,,,солнцезащитные,прямоугольные_пластик_черный,L_L_M,прямоугольные_пластик_черный_L_L_M
6039-12,ESTILO,мужские,пластик,ободковая,спортивные,черный,61.0,17.0,141.0,,,солнцезащитные,спортивные_пластик_черный,M_L_M,спортивные_пластик_черный_M_L_M
605-001,GENEX,женские,пластик,ободковая,бабочка,черный,55.0,17.0,143.0,,,солнцезащитные,бабочка_пластик_черный,M_L_M,бабочка_пластик_черный_M_L_M
605-189,GENEX,женские,пластик,ободковая,бабочка,коричневый,55.0,17.0,143.0,,,солнцезащитные,бабочка_пластик_коричневый,M_L_M,бабочка_пластик_коричневый_M_L_M
6050-11,ESTILO,мужские,пластик,ободковая,квадратные,черный,57.0,17.0,145.0,,,солнцезащитные,квадратные_пластик_черный,L_L_M,квадратные_пластик_черный_L_L_M
6051-11,ESTILO,мужские,пластик,ободковая,квадратные,,56.0,15.0,145.0,,,солнцезащитные,,L_L_S,
6052-11,ESTILO,мужские,пластик,ободковая,прямоугольные,черный,59.0,16.0,145.0,,,солнцезащитные,прямоугольные_пластик_черный,L_L_M,прямоугольные_пластик_черный_L_L_M
6052-12,ESTILO,мужские,пластик,ободковая,прямоугольные,черный,59.0,16.0,145.0,,,солнцезащитные,прямоугольные_пластик_черный,L_L_M,прямоугольные_пластик_черный_L_L_M
6053-02,ESTILO,мужские,металл,ободковая,прямоугольные,,58.0,17.0,140.0,,,солнцезащитные,,M_L_M,
6054-501/S4,CHANEL,женские,пластик,ободковая,бабочка,,58.0,16.0,140.0,,,солнцезащитные,,M_L_M,
6058-01,ESTILO,мужские,металл,ободковая,капли,золотой,61.0,14.0,130.0,,,солнцезащитные,капли_металл_золотой,S_L_S,капли_металл_золотой_S_L_S
6058-02,ESTILO,мужские,металл,ободковая,капли,темно-серый,61.0,14.0,130.0,,,солнцезащитные,капли_металл_темно-серый,S_L_S,капли_металл_темно-серый_S_L_S
6059-01,ESTILO,универсальные,металл,ободковая,капли,темно-серый,62.0,12.0,130.0,,,солнцезащитные,капли_металл_темно-серый,S_L_S,капли_металл_темно-серый_S_L_S
6059-02,ESTILO,мужские,металл,ободковая,капли,,62.0,12.0,130.0,,,солнцезащитные,,S_L_S,
6060-11,ESTILO,мужские,пластик,ободковая,прямоугольные,,58.0,18.0,145.0,,,солнцезащитные,,L_L_L,
6061-13,ESTILO,универсальные,пластик,ободковая,вайфайеры,черный,50.0,21.0,145.0,,,солнцезащитные,вайфайеры_пластик_черный,L_M_L,вайфайеры_пластик_черный_L_M_L
6062-11,ESTILO,мужские,пластик,ободковая,квадратные,черный,56.0,18.0,138.0,,,солнцезащитные,квадратные_пластик_черный,M_L_L,квадратные_пластик_черный_M_L_L
6062-12,ESTILO,мужские,пластик,ободковая,квадратные,синий,56.0,18.0,138.0,,,солнцезащитные,квадратные_пластик_синий,M_L_L,квадратные_пластик_синий_M_L_L
6063-12,ESTILO,универсальные,пластик,ободковая,трапеция,черный,54.0,20.0,145.0,,,солнцезащитные,трапеция_пластик_черный,L_L_L,трапеция_пластик_черный_L_L_L
6063-13,ESTILO,универсальные,пластик,ободковая,трапеция,черный,54.0,20.0,145.0,,,солнцезащитные,трапеция_пластик_черный,L_L_L,трапеция_пластик_черный_L_L_L
6064-12,ESTILO,мужские,пластик,ободковая,трапеция,черный,57.0,16.0,140.0,,,солнцезащитные,трапеция_пластик_черный,M_L_M,трапеция_пластик_черный_M_L_M
6065-02,VENTO,универсальные,металл,ободковая,капли,,62.0,12.0,145.0,,,солнцезащитные,,L_L_S,
6065-13,ESTILO,мужские,пластик,ободковая,квадратные,синий,56.0,18.0,140.0,,,солнцезащитные,квадратные_пластик_синий,M_L_L,квадратные_пластик_синий_M_L_L
6066-13,ESTILO,мужские,пластик,ободковая,трапеция,черный,57.0,17.0,140.0,,,солнцезащитные,трапеция_пластик_черный,M_L_M,трапеция_пластик_черный_M_L_M
6069-01,ESTILO,универсальные,металл,ободковая,капли,темно-серый,64.0,13.0,137.0,,,солнцезащитные,капли_металл_темно-серый,M_L_S,капли_металл_темно-серый_M_L_S
6069-02,ESTILO,универсальные,металл,ободковая,капли,серый,64.0,13.0,137.0,,,солнцезащитные,капли_металл_серый,M_L_S,капли_металл_серый_M_L_S
6090-12,VENTO,мужские,пластик,ободковая,квадратные,черный,55.0,18.0,140.0,,,солнцезащитные,квадратные_пластик_черный,M_L_L,квадратные_пластик_черный_M_L_L
6091-02,VENTO,мужские,металл,ободковая,квадратные,,58.0,17.0,140.0,,,солнцезащитные,,M_L_M,
6092-02,VENTO,универсальные,металл,ободковая,капли,серый,62.0,13.0,143.0,,,солнцезащитные,капли_металл_серый,M_L_S,капли_металл_серый_M_L_S
6092-03,VENTO,универсальные,металл,ободковая,капли,серебристый,62.0,13.0,143.0,,,солнцезащитные,капли_металл_серебристый,M_L_S,капли_металл_серебристый_M_L_S
6093-11,VENTO,мужские,пластик,ободковая,трапеция,черный,60.0,14.0,140.0,,,солнцезащитные,трапеция_пластик_черный,M_L_S,трапеция_пластик_черный_M_L_S
6094-01,VENTO,мужские,металл,ободковая,квадратные,,61.0,17.0,145.0,,,солнцезащитные,,L_L_M,
6094-02,VENTO,мужские,металл,ободковая,квадратные,серый,61.0,17.0,145.0,,,солнцезащитные,квадратные_металл_серый,L_L_M,квадратные_металл_серый_L_L_M
6094-03,VENTO,мужские,металл,ободковая,квадратные,темно-серый,61.0,17.0,145.0,,,солнцезащитные,квадратные_металл_темно-серый,L_L_M,квадратные_металл_темно-серый_L_L_M
6095-01,VENTO,мужские,металл,ободковая,капли,черный,62.0,15.0,145.0,,,солнцезащитные,капли_металл_черный,L_L_S,капли_металл_черный_L_L_S
6095-02,VENTO,мужские,металл,ободковая,капли,коричневый,62.0,15.0,145.0,,,солнцезащитные,капли_металл_коричневый,L_L_S,капли_металл_коричневый_L_L_S
6096-11,VENTO,мужские,пластик,ободковая,спортивные,черный,58.0,17.0,138.0,,,солнцезащитные,спортивные_пластик_черный,M_L_M,спортивные_пластик_черный_M_L_M
6096-12,VENTO,мужские,пластик,ободковая,спортивные,,58.0,17.0,138.0,,,солнцезащитные,,M_L_M,
6097-11,VENTO,мужские,пластик,ободковая,спортивные,,60.0,16.0,130.0,,,солнцезащитные,,S_L_M,
6102-13,VENTO,мужские,пластик,ободковая,прямоугольные,черный,55.0,15.0,138.0,,,солнцезащитные,прямоугольные_пластик_черный,M_L_S,прямоугольные_пластик_черный_M_L_S
6106-11,VENTO,универсальные,пластик,ободковая,трапеция,,57.0,15.0,145.0,,,солнцезащитные,,L_L_S,
6106-13,VENTO,универсальные,пластик,ободковая,трапеция,черный,57.0,15.0,145.0,,,солнцезащитные,трапеция_пластик_черный,L_L_S,трапеция_пластик_черный_L_L_S
6108-11,VENTO,мужские,пластик,ободковая,прямоугольные,черный,57.0,16.0,145.0,,,солнцезащитные,прямоугольные_пластик_черный,L_L_M,прямоугольные_пластик_черный_L_L_M
6111/S-807M9,POLAROID,универсальные,пластик,ободковая,гексагон,,51.0,18.0,140.0,,,солнцезащитные,,M_M_L,
6114-01,VENTO,мужские,металл,ободковая,капли,черный,60.0,16.0,142.0,,,солнцезащитные,капли_металл_черный,M_L_M,капли_металл_черный_M_L_M
6118-11,VENTO,мужские,пластик,ободковая,прямоугольные,черный,59.0,16.0,140.0,,,солнцезащитные,прямоугольные_пластик_черный,M_L_M,прямоугольные_пластик_черный_M_L_M
6119-11,VENTO,мужские,пластик,ободковая,прямоугольные,,52.0,20.0,145.0,,,солнцезащитные,,L_L_L,
6119-13,VENTO,мужские,пластик,ободковая,прямоугольные,синий,52.0,20.0,145.0,,,солнцезащитные,прямоугольные_пластик_синий,L_L_L,прямоугольные_пластик_синий_L_L_L
6124-02,VENTO,мужские,металл,ободковая,капли,,60.0,14.0,140.0,,,солнцезащитные,,M_L_S,
6124-03,VENTO,мужские,металл,ободковая,капли,темно-серый,60.0,14.0,140.0,,,солнцезащитные,капли_металл_темно-серый,M_L_S,капли_металл_темно-серый_M_L_S
6125-03,VENTO,универсальные,металл,ободковая,капли,черный,60.0,13.0,140.0,,,солнцезащитные,капли_металл_черный,M_L_S,капли_металл_черный_M_L_S
6126-01,VENTO,мужские,металл,ободковая,капли,серый,58.0,14.0,145.0,,,солнцезащитные,капли_металл_серый,L_L_S,капли_металл_серый_L_L_S
6127-11,VENTO,мужские,пластик,ободковая,квадратные,черный,57.0,16.0,142.0,,,солнцезащитные,квадратные_пластик_черный,M_L_M,квадратные_пластик_черный_M_L_M
6127-12,VENTO,мужские,пластик,ободковая,квадратные,черный,57.0,16.0,142.0,,,солнцезащитные,квадратные_пластик_черный,M_L_M,квадратные_пластик_черный_M_L_M
6127-13,VENTO,мужские,пластик,ободковая,квадратные,коричневый,57.0,16.0,142.0,,,солнцезащитные,квадратные_пластик_коричневый,M_L_M,квадратные_пластик_коричневый_M_L_M
6129-11,VENTO,мужские,пластик,ободковая,спортивные,синий,57.0,19.0,136.0,,,солнцезащитные,спортивные_пластик_синий,M_L_L,спортивные_пластик_синий_M_L_L
6129-12,VENTO,мужские,пластик,ободковая,спортивные,черный,57.0,19.0,136.0,,,солнцезащитные,спортивные_пластик_черный,M_L_L,спортивные_пластик_черный_M_L_L
6129-14,VENTO,мужские,пластик,ободковая,спортивные,синий,57.0,19.0,136.0,,,солнцезащитные,спортивные_пластик_синий,M_L_L,спортивные_пластик_синий_M_L_L
6130-11,VENTO,мужские,пластик,ободковая,квадратные,черный,61.0,15.0,142.0,,,солнцезащитные,квадратные_пластик_черный,M_L_S,квадратные_пластик_черный_M_L_S
6130-12,VENTO,мужские,пластик,ободковая,квадратные,черный,61.0,15.0,142.0,,,солнцезащитные,квадратные_пластик_черный,M_L_S,квадратные_пластик_черный_M_L_S
6130-13,VENTO,мужские,пластик,ободковая,квадратные,черный/синий,61.0,15.0,142.0,,,солнцезащитные,квадратные_пластик_черный/синий,M_L_S,квадратные_пластик_черный/синий_M_L_S
6131-11,VENTO,мужские,пластик,ободковая,спортивные,черный,59.0,17.0,140.0,,,солнцезащитные,спортивные_пластик_черный,M_L_M,спортивные_пластик_черный_M_L_M
6131-12,VENTO,мужские,пластик,ободковая,спортивные,черный,59.0,17.0,140.0,,,солнцезащитные,спортивные_пластик_черный,M_L_M,спортивные_пластик_черный_M_L_M
6131-13,VENTO,мужские,пластик,ободковая,спортивные,коричневый,59.0,17.0,140.0,,,солнцезащитные,спортивные_пластик_коричневый,M_L_M,спортивные_пластик_коричневый_M_L_M
6145/S-2X6M9,POLAROID,женские,металл,ободковая,овальные,,56.0,19.0,145.0,,,солнцезащитные,,L_L_L,
615-003,GENEX,мужские,пластик,ободковая,прямоугольные,синий,58.0,18.0,147.0,,,солнцезащитные,прямоугольные_пластик_синий,L_L_L,прямоугольные_пластик_синий_L_L_L
615-005,GENEX,мужские,пластик,ободковая,прямоугольные,черный,58.0,18.0,147.0,,,солнцезащитные,прямоугольные_пластик_черный,L_L_L,прямоугольные_пластик_черный_L_L_L
6151/G/S-KB7M9,POLAROID,универсальные,металл и пластик,ободковая,капли,черный,59.0,20.0,145.0,,,солнцезащитные,капли_металл и пластик_черный,L_L_L,капли_металл и пластик_черный_L_L_L
616-003,GENEX,женские,пластик,ободковая,кошачий глаз,черный,52.0,23.0,150.0,,,солнцезащитные,кошачий глаз_пластик_черный,L_L_L,кошачий глаз_пластик_черный_L_L_L
616-503,GENEX,женские,пластик,ободковая,кошачий глаз,серый,52.0,23.0,150.0,,,солнцезащитные,кошачий глаз_пластик_серый,L_L_L,кошачий глаз_пластик_серый_L_L_L
616-549,GENEX,женские,пластик,ободковая,кошачий глаз,бордовый,52.0,23.0,150.0,,,солнцезащитные,кошачий глаз_пластик_бордовый,L_L_L,кошачий глаз_пластик_бордовый_L_L_L
6162/S-003HE,POLAROID,женские,пластик,ободковая,панто,,52.0,18.0,140.0,,,солнцезащитные,,M_L_L,
6169/S-KB7M9,POLAROID,женские,пластик,ободковая,кошачий глаз,серый,55.0,18.0,140.0,,,солнцезащитные,кошачий глаз_пластик_серый,M_L_L,кошачий глаз_пластик_серый_M_L_L
6171/S-010JQ,POLAROID,универсальные,металл,ободковая,панто,серебристый,51.0,20.0,140.0,,,солнцезащитные,панто_металл_серебристый,M_M_L,панто_металл_серебристый_M_M_L
6171/S-KJ1C3,POLAROID,универсальные,металл,ободковая,панто,темно-серый,51.0,20.0,140.0,,,солнцезащитные,панто_металл_темно-серый,M_M_L,панто_металл_темно-серый_M_M_L
6187/S-1EDM9,POLAROID,мужские,металл,ободковая,капли,,60.0,14.0,145.0,,,солнцезащитные,,L_L_S,
6189/S-KB7M9,POLAROID,женские,пластик,ободковая,бабочка,серый,55.0,18.0,140.0,,,солнцезащитные,бабочка_пластик_серый,M_L_L,бабочка_пластик_серый_M_L_L
619-026,GENEX,женские,пластик,ободковая,бабочка,зеленый,54.0,20.0,150.0,,,солнцезащитные,бабочка_пластик_зеленый,L_L_L,бабочка_пластик_зеленый_L_L_L
619-266,GENEX,женские,пластик,ободковая,бабочка,черный,54.0,20.0,150.0,,,солнцезащитные,бабочка_пластик_черный,L_L_L,бабочка_пластик_черный_L_L_L
6194/S/X-000JQ,POLAROID,женские,металл,ободковая,квадратные,золотой,56.0,17.0,145.0,,,солнцезащитные,квадратные_металл_золотой,L_L_M,квадратные_металл_золотой_L_L_M
6194/S/X-J5GWJ,POLAROID,женские,металл,ободковая,квадратные,золотой,56.0,17.0,145.0,,,солнцезащитные,квадратные_металл_золотой,L_L_M,квадратные_металл_золотой_L_L_M
6195/S/X-FLLM9,POLAROID,мужские,металл,ободковая,капли,голубой,58.0,15.0,145.0,,,солнцезащитные,капли_металл_голубой,L_L_S,капли_металл_голубой_L_L_S
620-0700,FURLA,женские,пластик,ободковая,бабочка,черный,56.0,19.0,140.0,,,солнцезащитные,бабочка_пластик_черный,M_L_L,бабочка_пластик_черный_M_L_L
6206/S-807M9,POLAROID,универсальные,пластик,ободковая,вайфайеры,черный,51.0,20.0,145.0,,,солнцезащитные,вайфайеры_пластик_черный,L_M_L,вайфайеры_пластик_черный_L_M_L
6207/S-807M9,POLAROID,универсальные,пластик,ободковая,панто,черный,52.0,21.0,145.0,,,солнцезащитные,панто_пластик_черный,L_L_L,панто_пластик_черный_L_L_L
621-009,GENEX,женские,металл,ободковая,бабочка,многоцветный,59.0,17.0,140.0,,,солнцезащитные,бабочка_металл_многоцветный,M_L_M,бабочка_металл_многоцветный_M_L_M
6214/S/X-EYRGC,POLAROID,женские,металл,ободковая,необычные,многоцветный,56.0,17.0,145.0,,,солнцезащитные,необычные_металл_многоцветный,L_L_M,необычные_металл_многоцветный_L_L_M
6214/S/X-S9EMF,POLAROID,женские,металл,ободковая,необычные,золотой,56.0,17.0,145.0,,,солнцезащитные,необычные_металл_золотой,L_L_M,необычные_металл_золотой_L_L_M
6215/S/X-LKSZ7,POLAROID,женские,металл,ободковая,панто,синий/золотой,56.0,17.0,145.0,,,солнцезащитные,панто_металл_синий/золотой,L_L_M,панто_металл_синий/золотой_L_L_M
621V-0C52,FURLA,женские,пластик,ободковая,бабочка,фиолетовый,53.0,19.0,140.0,,,солнцезащитные,бабочка_пластик_фиолетовый,M_L_L,бабочка_пластик_фиолетовый_M_L_L
622-009,GENEX,женские,металл,ободковая,бабочка,коричневый/золотой,59.0,17.0,145.0,,,солнцезащитные,бабочка_металл_коричневый/золотой,L_L_M,бабочка_металл_коричневый/золотой_L_L_M
622-088,GENEX,женские,металл,ободковая,бабочка,многоцветный,59.0,17.0,145.0,,,солнцезащитные,бабочка_металл_многоцветный,L_L_M,бабочка_металл_многоцветный_L_L_M
622-594Y,FURLA,женские,пластик,ободковая,бабочка,красный,57.0,18.0,135.0,,,солнцезащитные,бабочка_пластик_красный,M_L_L,бабочка_пластик_красный_M_L_L
623-001,GENEX,женские,металл,ободковая,бабочка,черный/золотой,59.0,17.0,145.0,,,солнцезащитные,бабочка_металл_черный/золотой,L_L_M,бабочка_металл_черный/золотой_L_L_M
623-0300,FURLA,женские,металл,ободковая,квадратные,черный/золотой,57.0,16.0,135.0,,,солнцезащитные,квадратные_металл_черный/золотой,M_L_M,квадратные_металл_черный/золотой_M_L_M
623-082,GENEX,женские,металл,ободковая,бабочка,синий/серебристый,59.0,17.0,145.0,,,солнцезащитные,бабочка_металл_синий/серебристый,L_L_M,бабочка_металл_синий/серебристый_L_L_M
624-005,GENEX,мужские,пластик,ободковая,квадратные,коричневый,57.0,18.0,148.0,,,солнцезащитные,квадратные_пластик_коричневый,L_L_L,квадратные_пластик_коричневый_L_L_L
624-575,GENEX,мужские,пластик,ободковая,квадратные,черный,57.0,18.0,148.0,,,солнцезащитные,квадратные_пластик_черный,L_L_L,квадратные_пластик_черный_L_L_L
625-002,GENEX,мужские,пластик,ободковая,трапеция,черный,57.0,15.0,142.0,,,солнцезащитные,трапеция_пластик_черный,M_L_S,трапеция_пластик_черный_M_L_S
626-003,GENEX,мужские,пластик,ободковая,спортивные,темно-серый,64.0,16.0,126.0,,,солнцезащитные,спортивные_пластик_темно-серый,S_L_M,спортивные_пластик_темно-серый_S_L_M
626-024,GENEX,мужские,пластик,ободковая,спортивные,черный,64.0,16.0,126.0,,,солнцезащитные,спортивные_пластик_черный,S_L_M,спортивные_пластик_черный_S_L_M
627-0300,FURLA,женские,металл,ободковая,панто,золотой,57.0,17.0,140.0,,,солнцезащитные,панто_металл_золотой,M_L_M,панто_металл_золотой_M_L_M
627-0A93,FURLA,женские,металл,ободковая,панто,золотой,57.0,17.0,140.0,,,солнцезащитные,панто_металл_золотой,M_L_M,панто_металл_золотой_M_L_M
629-0A39,FURLA,женские,металл,безободковая,бабочка,сиреневый,61.0,14.0,140.0,,,солнцезащитные,бабочка_металл_сиреневый,M_L_S,бабочка_металл_сиреневый_M_L_S
629-300X,FURLA,женские,металл,безободковая,бабочка,золотой,61.0,14.0,140.0,,,солнцезащитные,бабочка_металл_золотой,M_L_S,бабочка_металл_золотой_M_L_S
629-300Y,FURLA,женские,металл,безободковая,бабочка,золотой,61.0,14.0,140.0,,,солнцезащитные,бабочка_металл_золотой,M_L_S,бабочка_металл_золотой_M_L_S
630-005,GENEX,мужские,пластик,безободковая,маска,черный,69.0,15.0,132.0,,,солнцезащитные,маска_пластик_черный,S_L_S,маска_пластик_черный_S_L_S
630-024,GENEX,мужские,пластик,безободковая,маска,черный,69.0,15.0,132.0,,,солнцезащитные,маска_пластик_черный,S_L_S,маска_пластик_черный_S_L_S
631-002,GENEX,мужские,пластик,ободковая,прямоугольные,черный,56.0,18.0,138.0,,,солнцезащитные,прямоугольные_пластик_черный,M_L_L,прямоугольные_пластик_черный_M_L_L
631-003,GENEX,мужские,пластик,ободковая,прямоугольные,синий,56.0,18.0,138.0,,,солнцезащитные,прямоугольные_пластик_синий,M_L_L,прямоугольные_пластик_синий_M_L_L
631-005,GENEX,мужские,пластик,ободковая,прямоугольные,коричневый,56.0,18.0,138.0,,,солнцезащитные,прямоугольные_пластик_коричневый,M_L_L,прямоугольные_пластик_коричневый_M_L_L
632-005,GENEX,мужские,пластик,ободковая,спортивные,черный,62.0,19.0,132.0,,,солнцезащитные,спортивные_пластик_черный,S_L_L,спортивные_пластик_черный_S_L_L
632-024,GENEX,мужские,пластик,ободковая,спортивные,черный,62.0,19.0,132.0,,,солнцезащитные,спортивные_пластик_черный,S_L_L,спортивные_пластик_черный_S_L_L
633-001,GENEX,мужские,пластик,ободковая,квадратные,черный,57.0,19.0,143.0,,,солнцезащитные,квадратные_пластик_черный,M_L_L,квадратные_пластик_черный_M_L_L
633-025,GENEX,мужские,пластик,ободковая,квадратные,черный,57.0,19.0,143.0,,,солнцезащитные,квадратные_пластик_черный,M_L_L,квадратные_пластик_черный_M_L_L
633-392,GENEX,мужские,пластик,ободковая,квадратные,коричневый,57.0,19.0,143.0,,,солнцезащитные,квадратные_пластик_коричневый,M_L_L,квадратные_пластик_коричневый_M_L_L
634-575,GENEX,универсальные,пластик,ободковая,квадратные,черный,56.0,18.0,143.0,,,солнцезащитные,квадратные_пластик_черный,M_L_L,квадратные_пластик_черный_M_L_L
635-002,GENEX,мужские,пластик,ободковая,прямоугольные,черный,58.0,18.0,138.0,,,солнцезащитные,прямоугольные_пластик_черный,M_L_L,прямоугольные_пластик_черный_M_L_L
635-005,GENEX,мужские,пластик,ободковая,прямоугольные,черный,58.0,18.0,138.0,,,солнцезащитные,прямоугольные_пластик_черный,M_L_L,прямоугольные_пластик_черный_M_L_L
636-003,GENEX,мужские,пластик,ободковая,прямоугольные,черный,55.0,20.0,143.0,,,солнцезащитные,прямоугольные_пластик_черный,M_L_L,прямоугольные_пластик_черный_M_L_L
636-005,GENEX,мужские,пластик,ободковая,прямоугольные,коричневый,55.0,20.0,143.0,,,солнцезащитные,прямоугольные_пластик_коричневый,M_L_L,прямоугольные_пластик_коричневый_M_L_L
636-575,GENEX,мужские,пластик,ободковая,прямоугольные,черный,55.0,20.0,143.0,,,солнцезащитные,прямоугольные_пластик_черный,M_L_L,прямоугольные_пластик_черный_M_L_L
637-601,GENEX,универсальные,пластик,ободковая,панто,темно-серый,47.0,24.0,151.0,,,солнцезащитные,панто_пластик_темно-серый,L_S_L,панто_пластик_темно-серый_L_S_L
637-604,GENEX,универсальные,пластик,ободковая,панто,оливковый,47.0,24.0,151.0,,,солнцезащитные,панто_пластик_оливковый,L_S_L,панто_пластик_оливковый_L_S_L
639-003,GENEX,мужские,пластик,ободковая,квадратные,синий,55.0,18.0,145.0,,,солнцезащитные,квадратные_пластик_синий,L_L_L,квадратные_пластик_синий_L_L_L
640-189,GENEX,женские,пластик,ободковая,круглые,коричневый,50.0,21.0,140.0,,,солнцезащитные,круглые_пластик_коричневый,M_M_L,круглые_пластик_коричневый_M_M_L
640-547,GENEX,женские,пластик,ободковая,круглые,черный,50.0,21.0,140.0,,,солнцезащитные,круглые_пластик_черный,M_M_L,круглые_пластик_черный_M_M_L
641-189,GENEX,женские,пластик,ободковая,бабочка,коричневый,55.0,18.0,150.0,,,солнцезащитные,бабочка_пластик_коричневый,L_L_L,бабочка_пластик_коричневый_L_L_L
642-001,GENEX,женские,пластик,ободковая,прямоугольные,черный,54.0,19.0,146.0,,,солнцезащитные,прямоугольные_пластик_черный,L_L_L,прямоугольные_пластик_черный_L_L_L
642-501,GENEX,женские,пластик,ободковая,прямоугольные,бирюзовый,54.0,19.0,146.0,,,солнцезащитные,прямоугольные_пластик_бирюзовый,L_L_L,прямоугольные_пластик_бирюзовый_L_L_L
643-001,GENEX,женские,пластик,ободковая,кошачий глаз,черный,53.0,18.0,142.0,,,солнцезащитные,кошачий глаз_пластик_черный,M_L_L,кошачий глаз_пластик_черный_M_L_L
644-001,GENEX,женские,пластик,ободковая,прямоугольные,черный,53.0,18.0,145.0,,,солнцезащитные,прямоугольные_пластик_черный,L_L_L,прямоугольные_пластик_черный_L_L_L
644-189,GENEX,женские,пластик,ободковая,прямоугольные,коричневый,53.0,18.0,145.0,,,солнцезащитные,прямоугольные_пластик_коричневый,L_L_L,прямоугольные_пластик_коричневый_L_L_L
645-108,GENEX,женские,пластик,ободковая,бабочка,черный,53.0,18.0,142.0,,,солнцезащитные,бабочка_пластик_черный,M_L_L,бабочка_пластик_черный_M_L_L
645-189,GENEX,женские,пластик,ободковая,бабочка,коричневый,53.0,18.0,142.0,,,солнцезащитные,бабочка_пластик_коричневый,M_L_L,бабочка_пластик_коричневый_M_L_L
645-405,GENEX,женские,пластик,ободковая,бабочка,бирюзовый,53.0,18.0,142.0,,,солнцезащитные,бабочка_пластик_бирюзовый,M_L_L,бабочка_пластик_бирюзовый_M_L_L
645-503,GENEX,женские,пластик,ободковая,бабочка,темно-серый,53.0,18.0,142.0,,,солнцезащитные,бабочка_пластик_темно-серый,M_L_L,бабочка_пластик_темно-серый_M_L_L
646-189,GENEX,женские,пластик,ободковая,прямоугольные,коричневый,54.0,18.0,189.0,,,солнцезащитные,прямоугольные_пластик_коричневый,L_L_L,прямоугольные_пластик_коричневый_L_L_L
647-104,GENEX,женские,пластик,ободковая,бабочка,серый,54.0,17.0,142.0,,,солнцезащитные,бабочка_пластик_серый,M_L_M,бабочка_пластик_серый_M_L_M
647-189,GENEX,женские,пластик,ободковая,бабочка,коричневый,54.0,17.0,142.0,,,солнцезащитные,бабочка_пластик_коричневый,M_L_M,бабочка_пластик_коричневый_M_L_M
647-604,GENEX,женские,пластик,ободковая,бабочка,оливковый,54.0,17.0,142.0,,,солнцезащитные,бабочка_пластик_оливковый,M_L_M,бабочка_пластик_оливковый_M_L_M
648-001,CAZAL,универсальные,металл и пластик,ободковая,квадратные,черный/золотой,56.0,25.0,145.0,,,солнцезащитные,квадратные_металл и пластик_черный/золотой,L_L_L,квадратные_металл и пластик_черный/золотой_L_L_L
648-003,CAZAL,универсальные,металл и пластик,ободковая,квадратные,золотой,56.0,25.0,145.0,,,солнцезащитные,квадратные_металл и пластик_золотой,L_L_L,квадратные_металл и пластик_золотой_L_L_L
648-082,GENEX,женские,пластик,ободковая,бабочка,серый,54.0,17.0,142.0,,,солнцезащитные,бабочка_пластик_серый,M_L_M,бабочка_пластик_серый_M_L_M
648-189,GENEX,женские,пластик,ободковая,бабочка,черный,54.0,17.0,142.0,,,солнцезащитные,бабочка_пластик_черный,M_L_M,бабочка_пластик_черный_M_L_M
649-103,GENEX,женские,пластик,ободковая,кошачий глаз,бордовый,56.0,17.0,142.0,,,солнцезащитные,кошачий глаз_пластик_бордовый,M_L_M,кошачий глаз_пластик_бордовый_M_L_M
649-189,GENEX,женские,пластик,ободковая,кошачий глаз,коричневый,56.0,17.0,142.0,,,солнцезащитные,кошачий глаз_пластик_коричневый,M_L_M,кошачий глаз_пластик_коричневый_M_L_M
649-501,GENEX,женские,пластик,ободковая,кошачий глаз,бирюзовый,56.0,17.0,142.0,,,солнцезащитные,кошачий глаз_пластик_бирюзовый,M_L_M,кошачий глаз_пластик_бирюзовый_M_L_M
649-547,GENEX,женские,пластик,ободковая,кошачий глаз,черный,56.0,17.0,142.0,,,солнцезащитные,кошачий глаз_пластик_черный,M_L_M,кошачий глаз_пластик_черный_M_L_M
6490-923,EMMANUELLE KHANH,женские,пластик,ободковая,бабочка,розовый,54.0,23.0,140.0,,,солнцезащитные,бабочка_пластик_розовый,M_L_L,бабочка_пластик_розовый_M_L_L
650/301-12,CAZAL,мужские,пластик,ободковая,квадратные,черный,58.0,15.0,145.0,,,солнцезащитные,квадратные_пластик_черный,L_L_S,квадратные_пластик_черный_L_L_S
65033-02,ZILLI,мужские,титан,ободковая,капли,золотой,61.0,18.0,145.0,,,солнцезащитные,капли_титан_золотой,L_L_L,капли_титан_золотой_L_L_L
65034-01,ZILLI,мужские,металл,ободковая,квадратные,,62.0,15.0,145.0,,,солнцезащитные,,L_L_S,
65040-03,ZILLI,мужские,металл,безободковая,квадратные,,60.0,18.0,145.0,,,солнцезащитные,,L_L_L,
65044-01,ZILLI,мужские,металл и пластик,ободковая,квадратные,,60.0,15.0,145.0,,,солнцезащитные,,L_L_S,
65046-03,ZILLI,мужские,металл и пластик,ободковая,капли,черный/серебристый,60.0,16.0,145.0,,,солнцезащитные,капли_металл и пластик_черный/серебристый,L_L_M,капли_металл и пластик_черный/серебристый_L_L_M
65054-01,ZILLI,мужские,титан,безободковая,прямоугольные,золотой,61.0,18.0,150.0,,,солнцезащитные,прямоугольные_титан_золотой,L_L_L,прямоугольные_титан_золотой_L_L_L
65060-03,ZILLI,мужские,пластик,ободковая,квадратные,черный,60.0,14.0,145.0,,,солнцезащитные,квадратные_пластик_черный,L_L_S,квадратные_пластик_черный_L_L_S
65071-03,ZILLI,мужские,титан,безободковая,капли,серебристый,61.0,15.0,145.0,,,солнцезащитные,капли_титан_серебристый,L_L_S,капли_титан_серебристый_L_L_S
65091-02,ZILLI,мужские,титан,ободковая,капли,золотой,61.0,15.0,145.0,,,солнцезащитные,капли_титан_золотой,L_L_S,капли_титан_золотой_L_L_S
65093-01,ZILLI,универсальные,титан,безободковая,капли,золотой,62.0,14.0,145.0,,,солнцезащитные,капли_титан_золотой,L_L_S,капли_титан_золотой_L_L_S
65093-02,ZILLI,универсальные,титан,безободковая,капли,золотой,62.0,14.0,145.0,,,солнцезащитные,капли_титан_золотой,L_L_S,капли_титан_золотой_L_L_S
65094-04,ZILLI,мужские,титан,ободковая,прямоугольные,серебристый,61.0,16.0,145.0,,,солнцезащитные,прямоугольные_титан_серебристый,L_L_M,прямоугольные_титан_серебристый_L_L_M
651-014,GENEX,мужские,металл,ободковая,прямоугольные,темно-серый,62.0,18.0,145.0,,,солнцезащитные,прямоугольные_металл_темно-серый,L_L_L,прямоугольные_металл_темно-серый_L_L_L
651-015,GENEX,мужские,металл,ободковая,прямоугольные,черный,62.0,18.0,145.0,,,солнцезащитные,прямоугольные_металл_черный,L_L_L,прямоугольные_металл_черный_L_L_L
65100-02,ZILLI,мужские,металл и пластик,ободковая,прямоугольные,черный/золотой,58.0,17.0,145.0,,,солнцезащитные,прямоугольные_металл и пластик_черный/золотой,L_L_M,прямоугольные_металл и пластик_черный/золотой_L_L_M
65100-03,ZILLI,мужские,металл и пластик,ободковая,прямоугольные,черный/золотой,58.0,17.0,145.0,,,солнцезащитные,прямоугольные_металл и пластик_черный/золотой,L_L_M,прямоугольные_металл и пластик_черный/золотой_L_L_M
65101-01,ZILLI,мужские,титан,безободковая,капли,золотой,60.0,17.0,145.0,,,солнцезащитные,капли_титан_золотой,L_L_M,капли_титан_золотой_L_L_M
65101-02,ZILLI,мужские,титан,безободковая,капли,серебристый,60.0,17.0,145.0,,,солнцезащитные,капли_титан_серебристый,L_L_M,капли_титан_серебристый_L_L_M
65102-01,ZILLI,мужские,титан,безободковая,прямоугольные,золотой,57.0,18.0,145.0,,,солнцезащитные,прямоугольные_титан_золотой,L_L_L,прямоугольные_титан_золотой_L_L_L
65102-03,ZILLI,мужские,титан,безободковая,прямоугольные,золотой,57.0,18.0,145.0,,,солнцезащитные,прямоугольные_титан_золотой,L_L_L,прямоугольные_титан_золотой_L_L_L
65104-01,ZILLI,мужские,пластик,ободковая,квадратные,черный,55.0,21.0,145.0,,,солнцезащитные,квадратные_пластик_черный,L_L_L,квадратные_пластик_черный_L_L_L
65105-01,ZILLI,мужские,металл и пластик,ободковая,маска,черный/золотой,133.0,,145.0,,,солнцезащитные,маска_металл и пластик_черный/золотой,L_L_L,маска_металл и пластик_черный/золотой_L_L_L
652-014,GENEX,мужские,металл,ободковая,капли,коричневый,61.0,17.0,145.0,,,солнцезащитные,капли_металл_коричневый,L_L_M,капли_металл_коричневый_L_L_M
652-061,GENEX,мужские,металл,ободковая,капли,черный,61.0,17.0,145.0,,,солнцезащитные,капли_металл_черный,L_L_M,капли_металл_черный_L_L_M
653-014,GENEX,мужские,металл,ободковая,прямоугольные,темно-серый,62.0,17.0,140.0,,,солнцезащитные,прямоугольные_металл_темно-серый,M_L_M,прямоугольные_металл_темно-серый_M_L_M
653-015,GENEX,мужские,металл,ободковая,прямоугольные,темно-серый,62.0,17.0,140.0,,,солнцезащитные,прямоугольные_металл_темно-серый,M_L_M,прямоугольные_металл_темно-серый_M_L_M
653-061,GENEX,мужские,металл,ободковая,прямоугольные,черный,62.0,17.0,140.0,,,солнцезащитные,прямоугольные_металл_черный,M_L_M,прямоугольные_металл_черный_M_L_M
654-014,GENEX,универсальные,металл,ободковая,капли,темно-серый,61.0,17.0,140.0,,,солнцезащитные,капли_металл_темно-серый,M_L_M,капли_металл_темно-серый_M_L_M
654-061,GENEX,универсальные,металл,ободковая,капли,черный,61.0,17.0,140.0,,,солнцезащитные,капли_металл_черный,M_L_M,капли_металл_черный_M_L_M
655-061,GENEX,мужские,металл,ободковая,прямоугольные,черный,62.0,18.0,140.0,,,солнцезащитные,прямоугольные_металл_черный,M_L_L,прямоугольные_металл_черный_M_L_L
656-001,GENEX,женские,металл,ободковая,капли,черный/золотой,60.0,12.0,140.0,,,солнцезащитные,капли_металл_черный/золотой,M_L_S,капли_металл_черный/золотой_M_L_S
656-756,GENEX,женские,металл,ободковая,капли,коричневый/золотой,60.0,12.0,140.0,,,солнцезащитные,капли_металл_коричневый/золотой,M_L_S,капли_металл_коричневый/золотой_M_L_S
657-001,GENEX,женские,металл и пластик,ободковая,круглые,черный/золотой,52.0,23.0,140.0,,,солнцезащитные,круглые_металл и пластик_черный/золотой,M_L_L,круглые_металл и пластик_черный/золотой_M_L_L
657-004,GENEX,женские,металл и пластик,ободковая,круглые,черный/серый,52.0,23.0,140.0,,,солнцезащитные,круглые_металл и пластик_черный/серый,M_L_L,круглые_металл и пластик_черный/серый_M_L_L
658-163,GENEX,женские,металл,ободковая,бабочка,синий/золотой,59.0,17.0,140.0,,,солнцезащитные,бабочка_металл_синий/золотой,M_L_M,бабочка_металл_синий/золотой_M_L_M
658-756,GENEX,женские,металл,ободковая,бабочка,коричневый/золотой,59.0,17.0,140.0,,,солнцезащитные,бабочка_металл_коричневый/золотой,M_L_M,бабочка_металл_коричневый/золотой_M_L_M
659-006,GENEX,женские,металл,ободковая,квадратные,черный/золотой,59.0,17.0,140.0,,,солнцезащитные,квадратные_металл_черный/золотой,M_L_M,квадратные_металл_черный/золотой_M_L_M
659-756,GENEX,женские,металл,ободковая,квадратные,черный/золотой,59.0,17.0,140.0,,,солнцезащитные,квадратные_металл_черный/золотой,M_L_M,квадратные_металл_черный/золотой_M_L_M
660-001,GENEX,женские,металл,ободковая,бабочка,черный/золотой,59.0,16.0,145.0,,,солнцезащитные,бабочка_металл_черный/золотой,L_L_M,бабочка_металл_черный/золотой_L_L_M
660-082,GENEX,женские,металл,ободковая,бабочка,синий/серебристый,59.0,16.0,145.0,,,солнцезащитные,бабочка_металл_синий/серебристый,L_L_M,бабочка_металл_синий/серебристый_L_L_M
660-756,GENEX,женские,металл,ободковая,бабочка,черный/красный,59.0,16.0,145.0,,,солнцезащитные,бабочка_металл_черный/красный,L_L_M,бабочка_металл_черный/красный_L_L_M
661-163,GENEX,женские,металл,ободковая,бабочка,синий/золотой,59.0,18.0,140.0,,,солнцезащитные,бабочка_металл_синий/золотой,M_L_L,бабочка_металл_синий/золотой_M_L_L
669-003,CAZAL,мужские,металл и пластик,ободковая,квадратные,,56.0,18.0,140.0,,,солнцезащитные,,M_L_L,
677-001,CAZAL,универсальные,металл и пластик,ободковая,гексагон,,46.0,22.0,140.0,,,солнцезащитные,,M_S_L,
677-002,CAZAL,универсальные,металл и пластик,ободковая,гексагон,красный,46.0,22.0,140.0,,,солнцезащитные,гексагон_металл и пластик_красный,M_S_L,гексагон_металл и пластик_красный_M_S_L
685-752,FURLA,женские,пластик,ободковая,квадратные,гавана,54.0,19.0,135.0,,,солнцезащитные,квадратные_пластик_гавана,M_L_L,квадратные_пластик_гавана_M_L_L
687/S-807HA,MARC JACOBS,женские,пластик,ободковая,бабочка,черный,54.0,19.0,145.0,,,солнцезащитные,бабочка_пластик_черный,L_L_L,бабочка_пластик_черный_L_L_L
692-300,FURLA,женские,металл,ободковая,бабочка,золотой,58.0,16.0,135.0,,,солнцезащитные,бабочка_металл_золотой,M_L_M,бабочка_металл_золотой_M_L_M
693/S-80S2K,MARC JACOBS,женские,пластик,ободковая,прямоугольные,черный,55.0,17.0,145.0,,,солнцезащитные,прямоугольные_пластик_черный,L_L_M,прямоугольные_пластик_черный_L_L_M
693/S-HYMIC,MARC JACOBS,женские,пластик,ободковая,прямоугольные,белый,55.0,17.0,145.0,,,солнцезащитные,прямоугольные_пластик_белый,L_L_M,прямоугольные_пластик_белый_L_L_M
694-700,FURLA,женские,пластик,ободковая,бабочка,черный/белый,55.0,18.0,140.0,,,солнцезащитные,бабочка_пластик_черный/белый,M_L_L,бабочка_пластик_черный/белый_M_L_L
694/G/S-80S2K,MARC JACOBS,женские,пластик,ободковая,кошачий глаз,черный,54.0,21.0,145.0,,,солнцезащитные,кошачий глаз_пластик_черный,L_L_L,кошачий глаз_пластик_черный_L_L_L
694/G/S-HYMIC,MARC JACOBS,женские,пластик,ободковая,кошачий глаз,белый,54.0,21.0,145.0,,,солнцезащитные,кошачий глаз_пластик_белый,L_L_L,кошачий глаз_пластик_белый_L_L_L
694/G/S-NOYHA,MARC JACOBS,женские,пластик,ободковая,кошачий глаз,коричневый,54.0,21.0,145.0,,,солнцезащитные,кошачий глаз_пластик_коричневый,L_L_L,кошачий глаз_пластик_коричневый_L_L_L
695-9PW,FURLA,женские,пластик,ободковая,квадратные,сиреневый,55.0,19.0,140.0,,,солнцезащитные,квадратные_пластик_сиреневый,M_L_L,квадратные_пластик_сиреневый_M_L_L
695/S-NOYHA,MARC JACOBS,женские,пластик,ободковая,кошачий глаз,коричневый,55.0,16.0,145.0,,,солнцезащитные,кошачий глаз_пластик_коричневый,L_L_M,кошачий глаз_пластик_коричневый_L_L_M
7002/S-POHU1,DAVID BECKHAM,мужские,металл и пластик,ободковая,квадратные,серый,54.0,22.0,140.0,,,солнцезащитные,квадратные_металл и пластик_серый,M_L_L,квадратные_металл и пластик_серый_M_L_L
7003-400184,SWAROVSKI,женские,металл,ободковая,кошачий глаз,серебристый,57.0,18.0,130.0,,,солнцезащитные,кошачий глаз_металл_серебристый,S_L_L,кошачий глаз_металл_серебристый_S_L_L
7018/N/S-0VK5X,POLAROID,универсальные,пластик,безободковая,спортивные,черный,68.0,9.0,130.0,,,солнцезащитные,спортивные_пластик_черный,S_L_S,спортивные_пластик_черный_S_L_S
7039-113,SCOTCH&SODA,женские,металл и пластик,ободковая,овальные,черепаховый,51.0,18.0,140.0,,,солнцезащитные,овальные_металл и пластик_черепаховый,M_M_L,овальные_металл и пластик_черепаховый_M_M_L
7039-292,SCOTCH&SODA,женские,металл и пластик,ободковая,овальные,золотой,51.0,18.0,140.0,,,солнцезащитные,овальные_металл и пластик_золотой,M_M_L,овальные_металл и пластик_золотой_M_M_L
7041-151,SCOTCH&SODA,женские,пластик,ободковая,прямоугольные,черепаховый,52.0,23.0,140.0,,,солнцезащитные,прямоугольные_пластик_черепаховый,M_L_L,прямоугольные_пластик_черепаховый_M_L_L
7041/S-1EDIR,DAVID BECKHAM,мужские,пластик,ободковая,панто,зеленый,48.0,24.0,145.0,,,солнцезащитные,панто_пластик_зеленый,L_M_L,панто_пластик_зеленый_L_M_L
7041/S-40G-9O,DAVID BECKHAM,универсальные,пластик,ободковая,панто,горчичный,48.0,24.0,145.0,,,солнцезащитные,панто_пластик_горчичный,L_M_L,панто_пластик_горчичный_L_M_L
7046-11,ESTILO,женские,пластик,ободковая,круглые,черный,54.0,21.0,147.0,,,солнцезащитные,круглые_пластик_черный,L_L_L,круглые_пластик_черный_L_L_L
7047/S-WR7W7,DAVID BECKHAM,мужские,пластик,ободковая,квадратные,черный,51.0,22.0,145.0,,,солнцезащитные,квадратные_пластик_черный,L_M_L,квадратные_пластик_черный_L_M_L
7048/S-003E3,POLAROID,мужские,пластик,ободковая,спортивные,черный,65.0,14.0,130.0,,,солнцезащитные,спортивные_пластик_черный,S_L_S,спортивные_пластик_черный_S_L_S
7048/S-8LZBG,POLAROID,универсальные,пластик,безободковая,спортивные,черный,65.0,14.0,130.0,,,солнцезащитные,спортивные_пластик_черный,S_L_S,спортивные_пластик_черный_S_L_S
7048/S-J5GQZ,DAVID BECKHAM,мужские,металл,ободковая,прямоугольные,золотой,56.0,18.0,140.0,,,солнцезащитные,прямоугольные_металл_золотой,M_L_L,прямоугольные_металл_золотой_M_L_L
7048/S-ZX9E3,POLAROID,универсальные,пластик,безободковая,спортивные,синий,65.0,14.0,130.0,,,солнцезащитные,спортивные_пластик_синий,S_L_S,спортивные_пластик_синий_S_L_S
7049/S-003E3,POLAROID,мужские,пластик,ободковая,спортивные,черный,62.0,17.0,130.0,,,солнцезащитные,спортивные_пластик_черный,S_L_M,спортивные_пластик_черный_S_L_M
7051-12,ESTILO,женские,пластик,ободковая,квадратные,черный,54.0,21.0,150.0,,,солнцезащитные,квадратные_пластик_черный,L_L_L,квадратные_пластик_черный_L_L_L
7051-14,ESTILO,женские,пластик,ободковая,квадратные,коричневый,54.0,21.0,150.0,,,солнцезащитные,квадратные_пластик_коричневый,L_L_L,квадратные_пластик_коричневый_L_L_L
7052-11,ESTILO,женские,пластик,ободковая,овальные,черный,54.0,19.0,143.0,,,солнцезащитные,овальные_пластик_черный,M_L_L,овальные_пластик_черный_M_L_L
7054-12,ESTILO,женские,пластик,ободковая,квадратные,бордовый,51.0,23.0,141.0,,,солнцезащитные,квадратные_пластик_бордовый,M_M_L,квадратные_пластик_бордовый_M_M_L
7054-13,ESTILO,женские,пластик,ободковая,квадратные,,51.0,23.0,141.0,,,солнцезащитные,,M_M_L,
7054-14,ESTILO,женские,пластик,ободковая,квадратные,,51.0,23.0,141.0,,,солнцезащитные,,M_M_L,
7055-11,ESTILO,женские,пластик,ободковая,бабочка,черный,64.0,14.0,148.0,,,солнцезащитные,бабочка_пластик_черный,L_L_S,бабочка_пластик_черный_L_L_S
7057-03,ESTILO,женские,металл,ободковая,бабочка,,58.0,16.0,140.0,,,солнцезащитные,,M_L_M,
7058-01,ESTILO,женские,металл,ободковая,бабочка,золотой,59.0,17.0,140.0,,,солнцезащитные,бабочка_металл_золотой,M_L_M,бабочка_металл_золотой_M_L_M
7058-02,ESTILO,женские,металл,ободковая,бабочка,,59.0,17.0,140.0,,,солнцезащитные,,M_L_M,
7058-03,ESTILO,женские,металл,ободковая,бабочка,,59.0,17.0,140.0,,,солнцезащитные,,M_L_M,
7059-12,ESTILO,женские,пластик,ободковая,бабочка,,57.0,15.0,140.0,,,солнцезащитные,,M_L_S,
7060-11,ESTILO,женские,пластик,ободковая,бабочка,,65.0,12.0,147.0,,,солнцезащитные,,L_L_S,
7060-12,ESTILO,женские,пластик,ободковая,бабочка,,65.0,12.0,147.0,,,солнцезащитные,,L_L_S,
7060-13,ESTILO,женские,пластик,ободковая,бабочка,,65.0,12.0,147.0,,,солнцезащитные,,L_L_S,
7061-13,ESTILO,женские,пластик,ободковая,бабочка,,53.0,19.0,146.0,,,солнцезащитные,,L_L_L,
7062-11,ESTILO,женские,пластик,ободковая,панто,,57.0,19.0,147.0,,,солнцезащитные,,L_L_L,
7064-11,ESTILO,женские,пластик,ободковая,кошачий глаз,,54.0,22.0,148.0,,,солнцезащитные,,L_L_L,
7067-11,ESTILO,женские,пластик,ободковая,гексагон,серый,55.0,17.0,145.0,,,солнцезащитные,гексагон_пластик_серый,L_L_M,гексагон_пластик_серый_L_L_M
7067-12,ESTILO,женские,пластик,ободковая,гексагон,зеленый,55.0,17.0,145.0,,,солнцезащитные,гексагон_пластик_зеленый,L_L_M,гексагон_пластик_зеленый_L_L_M
7068-11,ESTILO,женские,пластик,ободковая,кошачий глаз,многоцветный,52.0,19.0,145.0,,,солнцезащитные,кошачий глаз_пластик_многоцветный,L_L_L,кошачий глаз_пластик_многоцветный_L_L_L
7070-11,ESTILO,женские,пластик,ободковая,бабочка,черный,52.0,20.0,145.0,,,солнцезащитные,бабочка_пластик_черный,L_L_L,бабочка_пластик_черный_L_L_L
7071-12,ESTILO,женские,пластик,ободковая,кошачий глаз,черепаховый,53.0,19.0,145.0,,,солнцезащитные,кошачий глаз_пластик_черепаховый,L_L_L,кошачий глаз_пластик_черепаховый_L_L_L
7071-13,ESTILO,женские,пластик,ободковая,кошачий глаз,черный,53.0,19.0,145.0,,,солнцезащитные,кошачий глаз_пластик_черный,L_L_L,кошачий глаз_пластик_черный_L_L_L
7072-11,ESTILO,женские,пластик,ободковая,кошачий глаз,черный,53.0,18.0,139.0,,,солнцезащитные,кошачий глаз_пластик_черный,M_L_L,кошачий глаз_пластик_черный_M_L_L
7074-12,ESTILO,женские,пластик,ободковая,прямоугольные,синий,53.0,21.0,140.0,,,солнцезащитные,прямоугольные_пластик_синий,M_L_L,прямоугольные_пластик_синий_M_L_L
7075-11,ESTILO,женские,пластик,ободковая,прямоугольные,серый,55.0,20.0,145.0,,,солнцезащитные,прямоугольные_пластик_серый,L_L_L,прямоугольные_пластик_серый_L_L_L
7076/S-C9BQZ,DAVID BECKHAM,мужские,пластик,ободковая,квадратные,,50.0,23.0,145.0,,,солнцезащитные,,L_M_L,
7077-11,ESTILO,женские,пластик,ободковая,бабочка,черный,50.0,22.0,138.0,,,солнцезащитные,бабочка_пластик_черный,M_M_L,бабочка_пластик_черный_M_M_L
7077-12,ESTILO,женские,пластик,ободковая,бабочка,многоцветный,50.0,22.0,138.0,,,солнцезащитные,бабочка_пластик_многоцветный,M_M_L,бабочка_пластик_многоцветный_M_M_L
7077-14,ESTILO,женские,пластик,ободковая,бабочка,серый,50.0,22.0,138.0,,,солнцезащитные,бабочка_пластик_серый,M_M_L,бабочка_пластик_серый_M_M_L
7079-02,VENTO,женские,металл,ободковая,круглые,бежевый,56.0,19.0,140.0,,,солнцезащитные,круглые_металл_бежевый,M_L_L,круглые_металл_бежевый_M_L_L
7080-02,ESTILO,женские,металл,ободковая,прямоугольные,золотой,61.0,16.0,145.0,,,солнцезащитные,прямоугольные_металл_золотой,L_L_M,прямоугольные_металл_золотой_L_L_M
7081-11,ESTILO,женские,пластик,ободковая,квадратные,бежевый,53.0,20.0,142.0,,,солнцезащитные,квадратные_пластик_бежевый,M_L_L,квадратные_пластик_бежевый_M_L_L
7081-12,ESTILO,женские,пластик,ободковая,квадратные,черный,53.0,20.0,142.0,,,солнцезащитные,квадратные_пластик_черный,M_L_L,квадратные_пластик_черный_M_L_L
7083-13,ESTILO,женские,пластик,ободковая,бабочка,коричневый,54.0,19.0,145.0,,,солнцезащитные,бабочка_пластик_коричневый,L_L_L,бабочка_пластик_коричневый_L_L_L
7084-11,ESTILO,женские,пластик,ободковая,бабочка,серый,53.0,17.0,145.0,,,солнцезащитные,бабочка_пластик_серый,L_L_M,бабочка_пластик_серый_L_L_M
7085-12,ESTILO,женские,пластик,ободковая,бабочка,черный,51.0,20.0,145.0,,,солнцезащитные,бабочка_пластик_черный,L_M_L,бабочка_пластик_черный_L_M_L
7086-11,ESTILO,женские,пластик,ободковая,овальные,черный,55.0,21.0,140.0,,,солнцезащитные,овальные_пластик_черный,M_L_L,овальные_пластик_черный_M_L_L
7086-12,ESTILO,женские,пластик,ободковая,овальные,коричневый,55.0,21.0,140.0,,,солнцезащитные,овальные_пластик_коричневый,M_L_L,овальные_пластик_коричневый_M_L_L
7109/S-06JMT,DAVID BECKHAM,мужские,металл,безободковая,прямоугольные,золотой,56.0,20.0,145.0,,,солнцезащитные,прямоугольные_металл_золотой,L_L_L,прямоугольные_металл_золотой_L_L_L
7109/S-LOJ4S,DAVID BECKHAM,мужские,металл,безободковая,прямоугольные,золотой,56.0,20.0,145.0,,,солнцезащитные,прямоугольные_металл_золотой,L_L_L,прямоугольные_металл_золотой_L_L_L
7130-11,VENTO,женские,пластик,ободковая,бабочка,черный,58.0,17.0,145.0,,,солнцезащитные,бабочка_пластик_черный,L_L_M,бабочка_пластик_черный_L_L_M
7144-03,VENTO,женские,металл и пластик,ободковая,круглые,,54.0,19.0,147.0,,,солнцезащитные,,L_L_L,
7150-03,VENTO,женские,металл,ободковая,бабочка,,55.0,18.0,140.0,,,солнцезащитные,,M_L_L,
7156-01,VENTO,женские,металл и пластик,ободковая,бабочка,черный/золотой,56.0,17.0,143.0,,,солнцезащитные,бабочка_металл и пластик_черный/золотой,M_L_M,бабочка_металл и пластик_черный/золотой_M_L_M
7160-03,VENTO,женские,металл,ободковая,круглые,,56.0,19.0,140.0,,,солнцезащитные,,M_L_L,
7163-11,VENTO,женские,пластик,ободковая,бабочка,черный/золотой,55.0,21.0,140.0,,,солнцезащитные,бабочка_пластик_черный/золотой,M_L_L,бабочка_пластик_черный/золотой_M_L_L
7167-11,VENTO,женские,пластик,ободковая,прямоугольные,черный,54.0,20.0,140.0,,,солнцезащитные,прямоугольные_пластик_черный,M_L_L,прямоугольные_пластик_черный_M_L_L
7167-14,VENTO,женские,пластик,ободковая,прямоугольные,черный/серый,54.0,20.0,140.0,,,солнцезащитные,прямоугольные_пластик_черный/серый,M_L_L,прямоугольные_пластик_черный/серый_M_L_L
7168-12,VENTO,женские,пластик,ободковая,квадратные,зеленый,63.0,15.0,147.0,,,солнцезащитные,квадратные_пластик_зеленый,L_L_S,квадратные_пластик_зеленый_L_L_S
7168-14,VENTO,женские,пластик,ободковая,квадратные,черный,63.0,15.0,147.0,,,солнцезащитные,квадратные_пластик_черный,L_L_S,квадратные_пластик_черный_L_L_S
7168-15,VENTO,женские,пластик,ободковая,квадратные,серый,63.0,15.0,147.0,,,солнцезащитные,квадратные_пластик_серый,L_L_S,квадратные_пластик_серый_L_L_S
7169-04,VENTO,женские,металл,ободковая,квадратные,темно-серый,60.0,16.0,141.0,,,солнцезащитные,квадратные_металл_темно-серый,M_L_M,квадратные_металл_темно-серый_M_L_M
7169-05,VENTO,женские,металл,ободковая,квадратные,темно-серый,60.0,16.0,141.0,,,солнцезащитные,квадратные_металл_темно-серый,M_L_M,квадратные_металл_темно-серый_M_L_M
7171-02,VENTO,женские,металл,полуободковая,бабочка,серебристый,62.0,15.0,148.0,,,солнцезащитные,бабочка_металл_серебристый,L_L_S,бабочка_металл_серебристый_L_L_S
7171-04,VENTO,женские,металл,полуободковая,бабочка,бронзовый,62.0,15.0,148.0,,,солнцезащитные,бабочка_металл_бронзовый,L_L_S,бабочка_металл_бронзовый_L_L_S
7172-02,VENTO,женские,металл,ободковая,квадратные,,59.0,17.0,143.0,,,солнцезащитные,,M_L_M,
7173-11,VENTO,женские,пластик,ободковая,необычные,черный,62.0,14.0,145.0,,,солнцезащитные,необычные_пластик_черный,L_L_S,необычные_пластик_черный_L_L_S
7173-13,VENTO,женские,пластик,ободковая,необычные,темно-серый,62.0,14.0,145.0,,,солнцезащитные,необычные_пластик_темно-серый,L_L_S,необычные_пластик_темно-серый_L_L_S
7189-11,VENTO,женские,пластик,ободковая,бабочка,,59.0,19.0,148.0,,,солнцезащитные,,L_L_L,
7190-02,VENTO,женские,металл,ободковая,необычные,,58.0,17.0,143.0,,,солнцезащитные,,M_L_M,
7190-03,VENTO,женские,металл,ободковая,необычные,,58.0,17.0,143.0,,,солнцезащитные,,M_L_M,
7194-12,VENTO,женские,пластик,ободковая,прямоугольные,,51.0,21.0,145.0,,,солнцезащитные,,L_M_L,
7194-13,VENTO,женские,пластик,ободковая,прямоугольные,,51.0,21.0,145.0,,,солнцезащитные,,L_M_L,
7194-14,VENTO,женские,пластик,ободковая,прямоугольные,,51.0,21.0,145.0,,,солнцезащитные,,L_M_L,
7196-11,VENTO,женские,пластик,ободковая,бабочка,,61.0,15.0,140.0,,,солнцезащитные,,M_L_S,
7198-02,VENTO,женские,металл,ободковая,бабочка,,57.0,16.0,144.0,,,солнцезащитные,,M_L_M,
7199-02,VENTO,женские,металл,ободковая,бабочка,,59.0,18.0,143.0,,,солнцезащитные,,M_L_L,
7200-14,VENTO,женские,пластик,ободковая,бабочка,,57.0,17.0,140.0,,,солнцезащитные,,M_L_M,
7201-11,VENTO,женские,пластик,ободковая,прямоугольные,,51.0,20.0,150.0,,,солнцезащитные,,L_M_L,
7201-13,VENTO,женские,пластик,ободковая,прямоугольные,,51.0,20.0,150.0,,,солнцезащитные,,L_M_L,
7201-14,VENTO,женские,пластик,ободковая,прямоугольные,,51.0,20.0,150.0,,,солнцезащитные,,L_M_L,
7202-11,VENTO,женские,пластик,ободковая,прямоугольные,,55.0,18.0,135.0,,,солнцезащитные,,M_L_L,
7203-02,VENTO,женские,металл,ободковая,квадратные,,61.0,17.0,145.0,,,солнцезащитные,,L_L_M,
7207-11,VENTO,женские,пластик,ободковая,кошачий глаз,,61.0,14.0,142.0,,,солнцезащитные,,M_L_S,
7209-01,VENTO,женские,металл,ободковая,бабочка,,61.0,16.0,142.0,,,солнцезащитные,,M_L_M,
7209-03,VENTO,женские,металл,ободковая,бабочка,,61.0,16.0,142.0,,,солнцезащитные,,M_L_M,
7209-04,VENTO,женские,металл,ободковая,бабочка,,61.0,16.0,142.0,,,солнцезащитные,,M_L_M,
7215-11,VENTO,женские,пластик,ободковая,бабочка,черный,59.0,16.0,140.0,,,солнцезащитные,бабочка_пластик_черный,M_L_M,бабочка_пластик_черный_M_L_M
7215-12,VENTO,женские,пластик,ободковая,бабочка,коричневый,59.0,16.0,140.0,,,солнцезащитные,бабочка_пластик_коричневый,M_L_M,бабочка_пластик_коричневый_M_L_M
7218-02,VENTO,женские,металл,ободковая,овальные,серый/золотой,57.0,17.0,140.0,,,солнцезащитные,овальные_металл_серый/золотой,M_L_M,овальные_металл_серый/золотой_M_L_M
7218-03,VENTO,женские,металл,ободковая,овальные,коричневый/золотой,57.0,17.0,140.0,,,солнцезащитные,овальные_металл_коричневый/золотой,M_L_M,овальные_металл_коричневый/золотой_M_L_M
7218-04,VENTO,женские,металл,ободковая,овальные,серый,57.0,17.0,140.0,,,солнцезащитные,овальные_металл_серый,M_L_M,овальные_металл_серый_M_L_M
7219-01,VENTO,женские,металл,ободковая,бабочка,золотой,59.0,16.0,145.0,,,солнцезащитные,бабочка_металл_золотой,L_L_M,бабочка_металл_золотой_L_L_M
7219-02,VENTO,женские,металл,ободковая,бабочка,темно-серый,59.0,16.0,145.0,,,солнцезащитные,бабочка_металл_темно-серый,L_L_M,бабочка_металл_темно-серый_L_L_M
7219-03,VENTO,женские,металл,ободковая,бабочка,розовый,59.0,16.0,145.0,,,солнцезащитные,бабочка_металл_розовый,L_L_M,бабочка_металл_розовый_L_L_M
7220-01,VENTO,женские,металл,ободковая,бабочка,золотой,57.0,16.0,137.0,,,солнцезащитные,бабочка_металл_золотой,M_L_M,бабочка_металл_золотой_M_L_M
7220-04,VENTO,женские,металл,ободковая,бабочка,черный,57.0,16.0,137.0,,,солнцезащитные,бабочка_металл_черный,M_L_M,бабочка_металл_черный_M_L_M
7221-02,VENTO,женские,металл и пластик,ободковая,квадратные,черный/золотой,60.0,15.0,145.0,,,солнцезащитные,квадратные_металл и пластик_черный/золотой,L_L_S,квадратные_металл и пластик_черный/золотой_L_L_S
7221-03,VENTO,женские,металл и пластик,ободковая,квадратные,коричневый/серебристый,60.0,15.0,145.0,,,солнцезащитные,квадратные_металл и пластик_коричневый/серебристый,L_L_S,квадратные_металл и пластик_коричневый/серебристый_L_L_S
7221-04,VENTO,женские,металл и пластик,ободковая,квадратные,коричневый/золотой,60.0,15.0,145.0,,,солнцезащитные,квадратные_металл и пластик_коричневый/золотой,L_L_S,квадратные_металл и пластик_коричневый/золотой_L_L_S
7222-01,VENTO,женские,металл,ободковая,квадратные,золотой,59.0,16.0,145.0,,,солнцезащитные,квадратные_металл_золотой,L_L_M,квадратные_металл_золотой_L_L_M
7222-03,VENTO,женские,металл,ободковая,квадратные,серый,59.0,16.0,145.0,,,солнцезащитные,квадратные_металл_серый,L_L_M,квадратные_металл_серый_L_L_M
7222-04,VENTO,женские,металл,ободковая,квадратные,черный,59.0,16.0,145.0,,,солнцезащитные,квадратные_металл_черный,L_L_M,квадратные_металл_черный_L_L_M
7223-01,VENTO,женские,металл,ободковая,кошачий глаз,серебристый,63.0,16.0,142.0,,,солнцезащитные,кошачий глаз_металл_серебристый,M_L_M,кошачий глаз_металл_серебристый_M_L_M
7223-03,VENTO,женские,металл,ободковая,кошачий глаз,золотой,63.0,16.0,142.0,,,солнцезащитные,кошачий глаз_металл_золотой,M_L_M,кошачий глаз_металл_золотой_M_L_M
7224-01,VENTO,женские,металл,ободковая,квадратные,черный,59.0,16.0,143.0,,,солнцезащитные,квадратные_металл_черный,M_L_M,квадратные_металл_черный_M_L_M
7224-02,VENTO,женские,металл,ободковая,квадратные,золотой,59.0,16.0,143.0,,,солнцезащитные,квадратные_металл_золотой,M_L_M,квадратные_металл_золотой_M_L_M
7224-03,VENTO,женские,металл,ободковая,квадратные,розовый,59.0,16.0,143.0,,,солнцезащитные,квадратные_металл_розовый,M_L_M,квадратные_металл_розовый_M_L_M
7225-11,VENTO,женские,пластик,ободковая,бабочка,черный,54.0,18.0,143.0,,,солнцезащитные,бабочка_пластик_черный,M_L_L,бабочка_пластик_черный_M_L_L
7225-13,VENTO,женские,пластик,ободковая,бабочка,коричневый,54.0,18.0,143.0,,,солнцезащитные,бабочка_пластик_коричневый,M_L_L,бабочка_пластик_коричневый_M_L_L
7226-11,VENTO,женские,пластик,ободковая,кошачий глаз,черный,51.0,21.0,145.0,,,солнцезащитные,кошачий глаз_пластик_черный,L_M_L,кошачий глаз_пластик_черный_L_M_L
7226-12,VENTO,женские,пластик,ободковая,кошачий глаз,бордовый,51.0,21.0,145.0,,,солнцезащитные,кошачий глаз_пластик_бордовый,L_M_L,кошачий глаз_пластик_бордовый_L_M_L
7226-13,VENTO,женские,пластик,ободковая,кошачий глаз,бежевый,51.0,21.0,145.0,,,солнцезащитные,кошачий глаз_пластик_бежевый,L_M_L,кошачий глаз_пластик_бежевый_L_M_L
7226-14,VENTO,женские,пластик,ободковая,кошачий глаз,коричневый,51.0,21.0,145.0,,,солнцезащитные,кошачий глаз_пластик_коричневый,L_M_L,кошачий глаз_пластик_коричневый_L_M_L
7227-14,VENTO,женские,пластик,ободковая,бабочка,коричневый,57.0,16.0,145.0,,,солнцезащитные,бабочка_пластик_коричневый,L_L_M,бабочка_пластик_коричневый_L_L_M
7228-11,VENTO,женские,пластик,ободковая,бабочка,черный,64.0,12.0,140.0,,,солнцезащитные,бабочка_пластик_черный,M_L_S,бабочка_пластик_черный_M_L_S
7228-12,VENTO,женские,пластик,ободковая,бабочка,коричневый,64.0,12.0,140.0,,,солнцезащитные,бабочка_пластик_коричневый,M_L_S,бабочка_пластик_коричневый_M_L_S
7228-13,VENTO,женские,пластик,ободковая,бабочка,бежевый,64.0,12.0,140.0,,,солнцезащитные,бабочка_пластик_бежевый,M_L_S,бабочка_пластик_бежевый_M_L_S
7228-14,VENTO,женские,пластик,ободковая,бабочка,серый,64.0,12.0,140.0,,,солнцезащитные,бабочка_пластик_серый,M_L_S,бабочка_пластик_серый_M_L_S
7229-11,VENTO,женские,пластик,ободковая,прямоугольные,черный,55.0,20.0,145.0,,,солнцезащитные,прямоугольные_пластик_черный,L_L_L,прямоугольные_пластик_черный_L_L_L
7229-12,VENTO,женские,пластик,ободковая,прямоугольные,коричневый,55.0,20.0,145.0,,,солнцезащитные,прямоугольные_пластик_коричневый,L_L_L,прямоугольные_пластик_коричневый_L_L_L
7229-14,VENTO,женские,пластик,ободковая,прямоугольные,коричневый,55.0,20.0,145.0,,,солнцезащитные,прямоугольные_пластик_коричневый,L_L_L,прямоугольные_пластик_коричневый_L_L_L
723/S-807IR,MARC JACOBS,женские,пластик,ободковая,бабочка,черный,53.0,21.0,135.0,,,солнцезащитные,бабочка_пластик_черный,M_L_L,бабочка_пластик_черный_M_L_L
7230-11,VENTO,женские,пластик,ободковая,кошачий глаз,серый,54.0,20.0,145.0,,,солнцезащитные,кошачий глаз_пластик_серый,L_L_L,кошачий глаз_пластик_серый_L_L_L
7230-14,VENTO,женские,пластик,ободковая,кошачий глаз,коричневый,54.0,20.0,145.0,,,солнцезащитные,кошачий глаз_пластик_коричневый,L_L_L,кошачий глаз_пластик_коричневый_L_L_L
737/S-RHLJO,MARC JACOBS,женские,металл,безободковая,маска,серый,99.0,1.0,130.0,,,солнцезащитные,маска_металл_серый,S_L_S,маска_металл_серый_S_L_S
739/S-80SHA,MARC JACOBS,женские,пластик,ободковая,квадратные,черный,54.0,19.0,145.0,,,солнцезащитные,квадратные_пластик_черный,L_L_L,квадратные_пластик_черный_L_L_L
7697-74T,GUESS,женские,металл,ободковая,круглые,,60.0,20.0,140.0,,,солнцезащитные,,M_L_L,
7785-32W,GUESS,женские,металл,ободковая,бабочка,,63.0,17.0,140.0,,,солнцезащитные,,M_L_M,
781 -09AJ,BLUMARINE,женские,пластик,ободковая,квадратные,гавана,55.0,19.0,120.0,,,солнцезащитные,квадратные_пластик_гавана,S_L_L,квадратные_пластик_гавана_S_L_L
795 -0700,BLUMARINE,женские,пластик,ободковая,бабочка,черный,51.0,21.0,140.0,,,солнцезащитные,бабочка_пластик_черный,M_M_L,бабочка_пластик_черный_M_M_L
799 -06TZ,BLUMARINE,женские,металл,безободковая,маска,зеленый,99.0,1.0,135.0,,,солнцезащитные,маска_металл_зеленый,M_L_S,маска_металл_зеленый_M_L_S
799 -09HP,BLUMARINE,женские,металл,безободковая,маска,серый,99.0,1.0,135.0,,,солнцезащитные,маска_металл_серый,M_L_S,маска_металл_серый_M_L_S
800 -0700,BLUMARINE,женские,пластик,ободковая,бабочка,черный,56.0,17.0,135.0,,,солнцезащитные,бабочка_пластик_черный,M_L_M,бабочка_пластик_черный_M_L_M
80001-02,CERRUTI,мужские,металл,ободковая,квадратные,серебристый,60.0,17.0,145.0,,,солнцезащитные,квадратные_металл_серебристый,L_L_M,квадратные_металл_серебристый_L_L_M
80003-01,CERRUTI,мужские,пластик,ободковая,квадратные,черный/золотой,55.0,21.0,145.0,,,солнцезащитные,квадратные_пластик_черный/золотой,L_L_L,квадратные_пластик_черный/золотой_L_L_L
80004-01,CERRUTI,мужские,пластик,ободковая,квадратные,черный,55.0,19.0,140.0,,,солнцезащитные,квадратные_пластик_черный,M_L_L,квадратные_пластик_черный_M_L_L
80004-04,CERRUTI,мужские,пластик,ободковая,квадратные,черный,55.0,19.0,140.0,,,солнцезащитные,квадратные_пластик_черный,M_L_L,квадратные_пластик_черный_M_L_L
80005-03,CERRUTI,мужские,металл,безободковая,квадратные,серебристый,59.0,19.0,140.0,,,солнцезащитные,квадратные_металл_серебристый,M_L_L,квадратные_металл_серебристый_M_L_L
80005-04,CERRUTI,мужские,металл,безободковая,квадратные,черный/серебристый,59.0,19.0,140.0,,,солнцезащитные,квадратные_металл_черный/серебристый,M_L_L,квадратные_металл_черный/серебристый_M_L_L
80010-01,CERRUTI,мужские,пластик,ободковая,квадратные,черный,54.0,18.0,145.0,,,солнцезащитные,квадратные_пластик_черный,L_L_L,квадратные_пластик_черный_L_L_L
80011-01,CERRUTI,мужские,пластик,ободковая,вайфайеры,черный,53.0,18.0,145.0,,,солнцезащитные,вайфайеры_пластик_черный,L_L_L,вайфайеры_пластик_черный_L_L_L
80013-01,CERRUTI,мужские,металл и пластик,ободковая,вайфайеры,черный/серебристый,55.0,20.0,145.0,,,солнцезащитные,вайфайеры_металл и пластик_черный/серебристый,L_L_L,вайфайеры_металл и пластик_черный/серебристый_L_L_L
80015-01,CERRUTI,мужские,пластик,ободковая,вайфайеры,черный,55.0,18.0,145.0,,,солнцезащитные,вайфайеры_пластик_черный,L_L_L,вайфайеры_пластик_черный_L_L_L
80018-01,CERRUTI,мужские,металл,безободковая,прямоугольные,серебристый,56.0,21.0,145.0,,,солнцезащитные,прямоугольные_металл_серебристый,L_L_L,прямоугольные_металл_серебристый_L_L_L
80018-04,CERRUTI,мужские,металл,безободковая,прямоугольные,золотой,56.0,21.0,145.0,,,солнцезащитные,прямоугольные_металл_золотой,L_L_L,прямоугольные_металл_золотой_L_L_L
80020-03,CERRUTI,универсальные,металл,безободковая,овальные,золотой,55.0,20.0,145.0,,,солнцезащитные,овальные_металл_золотой,L_L_L,овальные_металл_золотой_L_L_L
80020-04,CERRUTI,универсальные,металл,безободковая,овальные,серый,55.0,20.0,145.0,,,солнцезащитные,овальные_металл_серый,L_L_L,овальные_металл_серый_L_L_L
80025-04,CERRUTI,мужские,металл,ободковая,капли,черный,59.0,17.0,145.0,,,солнцезащитные,капли_металл_черный,L_L_M,капли_металл_черный_L_L_M
8004-01,VENTO,универсальные,металл,ободковая,панто,,52.0,22.0,143.0,,,солнцезащитные,,M_L_L,
8005-01,VENTO,женские,металл,ободковая,панто,,52.0,20.0,143.0,,,солнцезащитные,,M_L_L,
8005-03,VENTO,универсальные,металл,ободковая,панто,серый,52.0,20.0,143.0,,,солнцезащитные,панто_металл_серый,M_L_L,панто_металл_серый_M_L_L
8006-02,VENTO,универсальные,металл,ободковая,гексагон,,48.0,21.0,140.0,,,солнцезащитные,,M_M_L,
8007-03,VENTO,универсальные,металл,ободковая,панто,серый,53.0,22.0,143.0,,,солнцезащитные,панто_металл_серый,M_L_L,панто_металл_серый_M_L_L
8008-01,NICE,женские,металл,ободковая,необычные,золотой,53.0,18.0,140.0,,,солнцезащитные,необычные_металл_золотой,M_L_L,необычные_металл_золотой_M_L_L
8008-02,FLAMINGO,мужские,пластик,ободковая,спортивные,черный,59.0,20.0,140.0,,,солнцезащитные,спортивные_пластик_черный,M_L_L,спортивные_пластик_черный_M_L_L
8011-02,NICE,универсальные,металл,ободковая,гексагон,золотой,51.0,18.0,145.0,,,солнцезащитные,гексагон_металл_золотой,L_M_L,гексагон_металл_золотой_L_M_L
8011-11,VENTO,универсальные,пластик,ободковая,маска,черный,137.0,,140.0,,,солнцезащитные,маска_пластик_черный,M_L_L,маска_пластик_черный_M_L_L
8011-12,VENTO,универсальные,пластик,ободковая,маска,черный,137.0,,140.0,,,солнцезащитные,маска_пластик_черный,M_L_L,маска_пластик_черный_M_L_L
8013-01,VENTO,универсальные,металл,ободковая,панто,серый,54.0,18.0,145.0,,,солнцезащитные,панто_металл_серый,L_L_L,панто_металл_серый_L_L_L
8013-02,VENTO,универсальные,металл,ободковая,панто,черный,54.0,18.0,145.0,,,солнцезащитные,панто_металл_черный,L_L_L,панто_металл_черный_L_L_L
8013-03,VENTO,универсальные,металл,ободковая,панто,синий,54.0,18.0,145.0,,,солнцезащитные,панто_металл_синий,L_L_L,панто_металл_синий_L_L_L
8014-01,ESTILO,универсальные,металл,ободковая,овальные,золотой,51.0,21.0,145.0,,,солнцезащитные,овальные_металл_золотой,L_M_L,овальные_металл_золотой_L_M_L
8014-02,ESTILO,универсальные,металл,ободковая,овальные,серый,51.0,21.0,145.0,,,солнцезащитные,овальные_металл_серый,L_M_L,овальные_металл_серый_L_M_L
8014-03,ESTILO,универсальные,металл,ободковая,овальные,серебристый,51.0,21.0,145.0,,,солнцезащитные,овальные_металл_серебристый,L_M_L,овальные_металл_серебристый_L_M_L
8014-11,VENTO,универсальные,пластик,ободковая,круглые,черный,51.0,22.0,143.0,,,солнцезащитные,круглые_пластик_черный,M_M_L,круглые_пластик_черный_M_M_L
8014/S-MBTAI,POLAROID,детские универсальные,пластик,ободковая,панто,,46.0,18.0,127.0,,,солнцезащитные,,S_S_L,
8016-02,ESTILO,универсальные,металл,ободковая,панто,темно-серый,53.0,19.0,143.0,,,солнцезащитные,панто_металл_темно-серый,M_L_L,панто_металл_темно-серый_M_L_L
8016-03,ESTILO,универсальные,металл,ободковая,панто,черный,53.0,19.0,143.0,,,солнцезащитные,панто_металл_черный,M_L_L,панто_металл_черный_M_L_L
8019 /S-ZDI JY,POLAROID,детские универсальные,пластик,ободковая,панто,,45.0,19.0,125.0,,,солнцезащитные,,S_S_L,
8019-03,ESTILO,универсальные,металл,ободковая,панто,,49.0,20.0,140.0,,,солнцезащитные,,M_M_L,
8020/S/SM-C9AOZ,POLAROID,детские для девочек,пластик,ободковая,овальные,,43.0,16.0,120.0,,,солнцезащитные,,S_S_M,
8021-02,ESTILO,универсальные,металл,ободковая,капли,,58.0,13.0,142.0,,,солнцезащитные,,M_L_S,
8021-03,ESTILO,универсальные,металл,ободковая,капли,,58.0,13.0,142.0,,,солнцезащитные,,M_L_S,
8034/S-C9AM9,POLAROID,подростковые для девочек,металл,ободковая,капли,,55.0,9.0,130.0,,,солнцезащитные,,S_L_S,
8034/S-PJP5X,POLAROID,детские универсальные,металл,ободковая,капли,,55.0,9.0,130.0,,,солнцезащитные,,S_L_S,
8035/S-PJPM9,POLAROID,детские для мальчиков,пластик,ободковая,овальные,,45.0,17.0,125.0,,,солнцезащитные,,S_S_M,
8040-001,CAZAL,мужские,металл и пластик,ободковая,квадратные,черный,59.0,16.0,145.0,,,солнцезащитные,квадратные_металл и пластик_черный,L_L_M,квадратные_металл и пластик_черный_L_L_M
8040/S-2X6M9,POLAROID,детские универсальные,пластик,ободковая,панто,,44.0,19.0,126.0,,,солнцезащитные,,S_S_L,
8049/S-CLPC3,POLAROID,детские универсальные,пластик,ободковая,вайфайеры,синий,49.0,16.0,130.0,,,солнцезащитные,вайфайеры_пластик_синий,S_M_M,вайфайеры_пластик_синий_S_M_M
8057/S-0035X,POLAROID,детские универсальные,пластик,ободковая,вайфайеры,черный,50.0,13.0,130.0,,,солнцезащитные,вайфайеры_пластик_черный,S_M_S,вайфайеры_пластик_черный_S_M_S
8060/S-D51Z0,CARRERA,универсальные,пластик,ободковая,маска,черный,99.0,1.0,145.0,,,солнцезащитные,маска_пластик_черный,L_L_S,маска_пластик_черный_L_L_S
8065-55,EMMANUELLE KHANH,женские,пластик,ободковая,квадратные,многоцветный,53.0,24.0,140.0,,,солнцезащитные,квадратные_пластик_многоцветный,M_L_L,квадратные_пластик_многоцветный_M_L_L
8144-6220,SILHOUETTE,женские,металл,безободковая,бабочка,серый,,,,,,солнцезащитные,бабочка_металл_серый,L_L_L,бабочка_металл_серый_L_L_L
8162-7730,SILHOUETTE,женские,титан,безободковая,бабочка,,,,,,,солнцезащитные,,L_L_L,
8189-7000,SILHOUETTE,женские,титан,безободковая,квадратные,серый,,,,,,солнцезащитные,квадратные_титан_серый,L_L_L,квадратные_титан_серый_L_L_L
8190-2540,SILHOUETTE,женские,титан,безободковая,круглые,бронзовый,,,,,,солнцезащитные,круглые_титан_бронзовый,L_L_L,круглые_титан_бронзовый_L_L_L
8190-3530,SILHOUETTE,женские,титан,безободковая,круглые,бронзовый,,,,,,солнцезащитные,круглые_титан_бронзовый,L_L_L,круглые_титан_бронзовый_L_L_L
8191-4040,SILHOUETTE,женские,титан,безободковая,квадратные,фиолетовый,,,,,,солнцезащитные,квадратные_титан_фиолетовый,L_L_L,квадратные_титан_фиолетовый_L_L_L
8191-7530,SILHOUETTE,женские,титан,безободковая,квадратные,золотой,,,,,,солнцезащитные,квадратные_титан_золотой,L_L_L,квадратные_титан_золотой_L_L_L
82-K56P,CHOPARD,мужские,металл,ободковая,капли,черный,62.0,13.0,145.0,,,солнцезащитные,капли_металл_черный,L_L_S,капли_металл_черный_L_L_S
8289 P-28,NIKITANA,детские универсальные,пластик,ободковая,круглые,,44.0,18.0,125.0,,,солнцезащитные,,S_S_L,
8289 P-33,NIKITANA,детские универсальные,пластик,ободковая,круглые,,44.0,18.0,125.0,,,солнцезащитные,,S_S_L,
83M-584P,CHOPARD,женские,титан,ободковая,капли,серый,60.0,16.0,145.0,,,солнцезащитные,капли_титан_серый,L_L_M,капли_титан_серый_L_L_M
85M-0300,CHOPARD,женские,титан,ободковая,квадратные,золотой,58.0,18.0,135.0,,,солнцезащитные,квадратные_титан_золотой,M_L_L,квадратные_титан_золотой_M_L_L
8697-6140,SILHOUETTE,универсальные,титан,безободковая,капли,бронзовый,,,,,,солнцезащитные,капли_титан_бронзовый,L_L_L,капли_титан_бронзовый_L_L_L
8697-6660,SILHOUETTE,универсальные,титан,безободковая,капли,серый,,,,,,солнцезащитные,капли_титан_серый,L_L_L,капли_титан_серый_L_L_L
8698-6560,SILHOUETTE,мужские,титан,безободковая,прямоугольные,,,,,,,солнцезащитные,,L_L_L,
8708-6560,SILHOUETTE,мужские,титан,безободковая,квадратные,,,,,,,солнцезащитные,,L_L_L,
8719-9040,SILHOUETTE,универсальные,титан,безободковая,капли,,,,,,,солнцезащитные,,L_L_L,
8720-9030,SILHOUETTE,универсальные,титан,безободковая,круглые,черный,,,,,,солнцезащитные,круглые_титан_черный,L_L_L,круглые_титан_черный_L_L_L
8722-6560,SILHOUETTE,мужские,титан,безободковая,спортивные,серый,,,,,,солнцезащитные,спортивные_титан_серый,L_L_L,спортивные_титан_серый_L_L_L
8722-7530,SILHOUETTE,мужские,титан,безободковая,прямоугольные,,,,,,,солнцезащитные,,L_L_L,
8722-9040,SILHOUETTE,мужские,титан,безободковая,прямоугольные,черный,,,,,,солнцезащитные,прямоугольные_титан_черный,L_L_L,прямоугольные_титан_черный_L_L_L
8727-9040,SILHOUETTE,универсальные,титан,безободковая,прямоугольные,,,,,,,солнцезащитные,,L_L_L,
8728-7210,SILHOUETTE,универсальные,титан,безободковая,квадратные,,,,,,,солнцезащитные,,L_L_L,
8739-6560,SILHOUETTE,мужские,титан,безободковая,капли,серый,,,,,,солнцезащитные,капли_титан_серый,L_L_L,капли_титан_серый_L_L_L
8739-7630,SILHOUETTE,мужские,титан,безободковая,капли,бронзовый,,,,,,солнцезащитные,капли_титан_бронзовый,L_L_L,капли_титан_бронзовый_L_L_L
8741-6040,SILHOUETTE,мужские,титан,безободковая,прямоугольные,коричневый,,,,,,солнцезащитные,прямоугольные_титан_коричневый,L_L_L,прямоугольные_титан_коричневый_L_L_L
8741-7210,SILHOUETTE,мужские,титан,безободковая,прямоугольные,серый,,,,,,солнцезащитные,прямоугольные_титан_серый,L_L_L,прямоугольные_титан_серый_L_L_L
8741-9040,SILHOUETTE,мужские,титан,безободковая,прямоугольные,черный,,,,,,солнцезащитные,прямоугольные_титан_черный,L_L_L,прямоугольные_титан_черный_L_L_L
8743-7210,SILHOUETTE,универсальные,титан,безободковая,капли,серый,,,,,,солнцезащитные,капли_титан_серый,L_L_L,капли_титан_серый_L_L_L
8743-9040,SILHOUETTE,универсальные,титан,безободковая,капли,черный,,,,,,солнцезащитные,капли_титан_черный,L_L_L,капли_титан_черный_L_L_L
8743-9140,SILHOUETTE,мужские,титан,безободковая,трапеция,серый,,,,,,солнцезащитные,трапеция_титан_серый,L_L_L,трапеция_титан_серый_L_L_L
8744-7210,SILHOUETTE,универсальные,титан,безободковая,авиаторы,серый,,,,,,солнцезащитные,авиаторы_титан_серый,L_L_L,авиаторы_титан_серый_L_L_L
8744-7310,SILHOUETTE,универсальные,титан,безободковая,авиаторы,серебристый,,,,,,солнцезащитные,авиаторы_титан_серебристый,L_L_L,авиаторы_титан_серебристый_L_L_L
8744-7830,SILHOUETTE,универсальные,титан,безободковая,авиаторы,золотой,,,,,,солнцезащитные,авиаторы_титан_золотой,L_L_L,авиаторы_титан_золотой_L_L_L
885401-1,SENSE EYEWEAR,универсальные,металл,ободковая,капли,золотой,58.0,14.0,140.0,,,солнцезащитные,капли_металл_золотой,M_L_S,капли_металл_золотой_M_L_S
885402-3,SENSE EYEWEAR,универсальные,металл,ободковая,квадратные,золотой,58.0,15.0,140.0,,,солнцезащитные,квадратные_металл_золотой,M_L_S,квадратные_металл_золотой_M_L_S
885403-1,SENSE EYEWEAR,универсальные,металл,ободковая,круглые,золотой,50.0,21.0,145.0,,,солнцезащитные,круглые_металл_золотой,L_M_L,круглые_металл_золотой_L_M_L
885404-1,SENSE EYEWEAR,универсальные,металл,ободковая,овальные,золотой,48.0,21.0,145.0,,,солнцезащитные,овальные_металл_золотой,L_M_L,овальные_металл_золотой_L_M_L
885404-2,SENSE EYEWEAR,универсальные,металл,ободковая,овальные,золотой,48.0,21.0,145.0,,,солнцезащитные,овальные_металл_золотой,L_M_L,овальные_металл_золотой_L_M_L
885405-1,SENSE EYEWEAR,универсальные,металл,ободковая,необычные,золотой,51.0,21.0,145.0,,,солнцезащитные,необычные_металл_золотой,L_M_L,необычные_металл_золотой_L_M_L
885406-1,SENSE EYEWEAR,универсальные,металл,ободковая,необычные,золотой,53.0,21.0,145.0,,,солнцезащитные,необычные_металл_золотой,L_L_L,необычные_металл_золотой_L_L_L
885407-1,SENSE EYEWEAR,универсальные,металл,ободковая,квадратные,золотой,51.0,20.0,145.0,,,солнцезащитные,квадратные_металл_золотой,L_M_L,квадратные_металл_золотой_L_M_L
885407-2,SENSE EYEWEAR,универсальные,металл,ободковая,квадратные,золотой,51.0,20.0,145.0,,,солнцезащитные,квадратные_металл_золотой,L_M_L,квадратные_металл_золотой_L_M_L
9002-G21,TRUSSARDI,мужские,пластик,ободковая,квадратные,черепаховый,57.0,14.0,145.0,,,солнцезащитные,квадратные_пластик_черепаховый,L_L_S,квадратные_пластик_черепаховый_L_L_S
9006-01,FLAMINGO,универсальные,пластик,полуободковая,маска,черный,139.0,,131.0,,,солнцезащитные,маска_пластик_черный,S_L_L,маска_пластик_черный_S_L_L
9006-02,FLAMINGO,универсальные,пластик,полуободковая,маска,синий,139.0,,131.0,,,солнцезащитные,маска_пластик_синий,S_L_L,маска_пластик_синий_S_L_L
9006-G21,TRUSSARDI,мужские,пластик,ободковая,квадратные,черепаховый,57.0,15.0,145.0,,,солнцезащитные,квадратные_пластик_черепаховый,L_L_S,квадратные_пластик_черепаховый_L_L_S
9007-T04,TRUSSARDI,мужские,пластик,ободковая,прямоугольные,синий,55.0,17.0,142.0,,,солнцезащитные,прямоугольные_пластик_синий,M_L_M,прямоугольные_пластик_синий_M_L_M
9008-A02,TRUSSARDI,универсальные,пластик,ободковая,панто,черный,51.0,21.0,142.0,,,солнцезащитные,панто_пластик_черный,M_M_L,панто_пластик_черный_M_M_L
9008-E03,TRUSSARDI,универсальные,пластик,ободковая,панто,черный/синий,51.0,21.0,142.0,,,солнцезащитные,панто_пластик_черный/синий,M_M_L,панто_пластик_черный/синий_M_M_L
9015-A01,TRUSSARDI,мужские,пластик,ободковая,квадратные,черный,59.0,12.0,145.0,,,солнцезащитные,квадратные_пластик_черный,L_L_S,квадратные_пластик_черный_L_L_S
9015-G21,TRUSSARDI,мужские,пластик,ободковая,квадратные,черепаховый,59.0,12.0,145.0,,,солнцезащитные,квадратные_пластик_черепаховый,L_L_S,квадратные_пластик_черепаховый_L_L_S
9017-T03,TRUSSARDI,женские,пластик,ободковая,овальные,бордовый,54.0,19.0,145.0,,,солнцезащитные,овальные_пластик_бордовый,L_L_L,овальные_пластик_бордовый_L_L_L
9022-G22,TRUSSARDI,женские,пластик,ободковая,кошачий глаз,черепаховый,58.0,16.0,145.0,,,солнцезащитные,кошачий глаз_пластик_черепаховый,L_L_M,кошачий глаз_пластик_черепаховый_L_L_M
9023-G22,TRUSSARDI,женские,пластик,ободковая,бабочка,черепаховый,55.0,17.0,145.0,,,солнцезащитные,бабочка_пластик_черепаховый,L_L_M,бабочка_пластик_черепаховый_L_L_M
9024-A02,TRUSSARDI,женские,пластик,ободковая,бабочка,черный,54.0,17.0,145.0,,,солнцезащитные,бабочка_пластик_черный,L_L_M,бабочка_пластик_черный_L_L_M
9024-G22,TRUSSARDI,женские,пластик,ободковая,бабочка,гавана,54.0,17.0,145.0,,,солнцезащитные,бабочка_пластик_гавана,L_L_M,бабочка_пластик_гавана_L_L_M
9046-E01,HICKMANN,женские,пластик,ободковая,гексагон,черепаховый,61.5,14.0,147.0,,,солнцезащитные,гексагон_пластик_черепаховый,L_L_S,гексагон_пластик_черепаховый_L_L_S
9094-001,CAZAL,мужские,металл и пластик,ободковая,прямоугольные,черный/золотой,56.0,21.0,140.0,,,солнцезащитные,прямоугольные_металл и пластик_черный/золотой,M_L_L,прямоугольные_металл и пластик_черный/золотой_M_L_L
9104-001,CAZAL,мужские,металл и пластик,ободковая,квадратные,черный/золотой,54.0,21.0,140.0,,,солнцезащитные,квадратные_металл и пластик_черный/золотой,M_L_L,квадратные_металл и пластик_черный/золотой_M_L_L
9104-002,CAZAL,мужские,металл и пластик,ободковая,квадратные,серый,54.0,21.0,140.0,,,солнцезащитные,квадратные_металл и пластик_серый,M_L_L,квадратные_металл и пластик_серый_M_L_L
9173-P01,HICKMANN,женские,пластик,ободковая,бабочка,черный/розовый,54.5,17.5,142.0,,,солнцезащитные,бабочка_пластик_черный/розовый,M_L_M,бабочка_пластик_черный/розовый_M_L_M
9173-P02,HICKMANN,женские,пластик,ободковая,бабочка,черепаховый,54.5,17.5,142.0,,,солнцезащитные,бабочка_пластик_черепаховый,M_L_M,бабочка_пластик_черепаховый_M_L_M
9179-A01,HICKMANN,женские,пластик,ободковая,бабочка,черный,51.5,20.0,142.0,,,солнцезащитные,бабочка_пластик_черный,M_M_L,бабочка_пластик_черный_M_M_L
9183-A01,HICKMANN,женские,пластик,ободковая,квадратные,черный,57.0,19.0,147.0,,,солнцезащитные,квадратные_пластик_черный,L_L_L,квадратные_пластик_черный_L_L_L
9183-D01,HICKMANN,женские,пластик,ободковая,квадратные,зеленый,57.0,19.0,147.0,,,солнцезащитные,квадратные_пластик_зеленый,L_L_L,квадратные_пластик_зеленый_L_L_L
9184-A01,HICKMANN,женские,пластик,ободковая,круглые,черный,60.0,19.0,147.0,,,солнцезащитные,круглые_пластик_черный,L_L_L,круглые_пластик_черный_L_L_L
9185-A01,HICKMANN,женские,пластик,ободковая,кошачий глаз,черный,56.0,16.0,142.0,,,солнцезащитные,кошачий глаз_пластик_черный,M_L_M,кошачий глаз_пластик_черный_M_L_M
9185-C01,HICKMANN,женские,пластик,ободковая,кошачий глаз,многоцветный,56.0,16.0,142.0,,,солнцезащитные,кошачий глаз_пластик_многоцветный,M_L_M,кошачий глаз_пластик_многоцветный_M_L_M
9186-C01,HICKMANN,женские,пластик,ободковая,гексагон,многоцветный,55.0,15.0,142.0,,,солнцезащитные,гексагон_пластик_многоцветный,M_L_S,гексагон_пластик_многоцветный_M_L_S
9188-A01,HICKMANN,женские,пластик,ободковая,бабочка,черный,54.0,16.0,143.0,,,солнцезащитные,бабочка_пластик_черный,M_L_M,бабочка_пластик_черный_M_L_M
9189-A02,HICKMANN,женские,пластик,ободковая,бабочка,черный,56.0,16.0,144.0,,,солнцезащитные,бабочка_пластик_черный,M_L_M,бабочка_пластик_черный_M_L_M
9189-T03,HICKMANN,женские,пластик,ободковая,бабочка,зеленый,56.0,16.0,144.0,,,солнцезащитные,бабочка_пластик_зеленый,M_L_M,бабочка_пластик_зеленый_M_L_M
9190-A02,HICKMANN,женские,пластик,ободковая,кошачий глаз,черный,57.0,16.0,144.0,,,солнцезащитные,кошачий глаз_пластик_черный,M_L_M,кошачий глаз_пластик_черный_M_L_M
9199-A01,HICKMANN,женские,пластик,ободковая,прямоугольные,черный,53.0,19.0,142.0,,,солнцезащитные,прямоугольные_пластик_черный,M_L_L,прямоугольные_пластик_черный_M_L_L
9200-A01,HICKMANN,женские,пластик,ободковая,бабочка,черный,53.0,17.0,142.0,,,солнцезащитные,бабочка_пластик_черный,M_L_M,бабочка_пластик_черный_M_L_M
9201-A01,HICKMANN,женские,пластик,ободковая,бабочка,черный,51.0,19.0,142.0,,,солнцезащитные,бабочка_пластик_черный,M_M_L,бабочка_пластик_черный_M_M_L
9211-90B,GUESS,подростковые универсальные,пластик,ободковая,квадратные,,49.0,15.0,135.0,,,солнцезащитные,,M_M_S,
9212-01B,GUESS,подростковые универсальные,пластик,ободковая,панто,,46.0,18.0,135.0,,,солнцезащитные,,M_S_L,
9212-90V,GUESS,подростковые универсальные,пластик,ободковая,панто,,46.0,18.0,135.0,,,солнцезащитные,,M_S_L,
9216M-A01P,BULGET,универсальные,пластик,ободковая,квадратные,черный,55.5,17.5,145.0,,,солнцезащитные,квадратные_пластик_черный,L_L_M,квадратные_пластик_черный_L_L_M
9216M-T01P,BULGET,универсальные,пластик,ободковая,квадратные,синий,55.0,17.0,145.0,,,солнцезащитные,квадратные_пластик_синий,L_L_M,квадратные_пластик_синий_L_L_M
9218M-A01P,BULGET,универсальные,пластик,ободковая,панто,черный,52.0,18.0,142.0,,,солнцезащитные,панто_пластик_черный,M_L_L,панто_пластик_черный_M_L_L
9218M-T02P,BULGET,универсальные,пластик,ободковая,панто,синий,52.0,18.0,142.0,,,солнцезащитные,панто_пластик_синий,M_L_L,панто_пластик_синий_M_L_L
9219M-A01P,BULGET,универсальные,пластик,ободковая,панто,черный,51.0,20.0,142.0,,,солнцезащитные,панто_пластик_черный,M_M_L,панто_пластик_черный_M_M_L
9219M-T01P,BULGET,универсальные,пластик,ободковая,панто,зеленый,51.0,20.0,142.0,,,солнцезащитные,панто_пластик_зеленый,M_M_L,панто_пластик_зеленый_M_M_L
9219M-T02P,BULGET,универсальные,пластик,ободковая,панто,прозрачный,51.0,20.0,142.0,,,солнцезащитные,панто_пластик_прозрачный,M_M_L,панто_пластик_прозрачный_M_M_L
922-01,FLAMINGO,детские для девочек,пластик,ободковая,панто,,52.0,15.0,132.0,,,солнцезащитные,,S_L_S,
924-03,FLAMINGO,детские для девочек,пластик,ободковая,необычные,,48.0,15.0,131.0,,,солнцезащитные,,S_M_S,
930-01,FLAMINGO,детские для мальчиков,пластик,ободковая,спортивные,,53.0,14.0,105.0,,,солнцезащитные,,S_L_S,
930-02,FLAMINGO,детские для мальчиков,пластик,ободковая,спортивные,,53.0,14.0,105.0,,,солнцезащитные,,S_L_S,
930-03,FLAMINGO,детские для мальчиков,пластик,ободковая,спортивные,,53.0,14.0,105.0,,,солнцезащитные,,S_L_S,
9348-A01,ANA HICKMANN,женские,пластик,ободковая,бабочка,черный,55.0,17.0,143.0,,,солнцезащитные,бабочка_пластик_черный,M_L_M,бабочка_пластик_черный_M_L_M
9355-A01,ANA HICKMANN,женские,пластик,ободковая,бабочка,черный,53.5,18.0,142.0,,,солнцезащитные,бабочка_пластик_черный,M_L_L,бабочка_пластик_черный_M_L_L
9355-E02,ANA HICKMANN,женские,пластик,ободковая,бабочка,зеленый,53.5,18.0,142.0,,,солнцезащитные,бабочка_пластик_зеленый,M_L_L,бабочка_пластик_зеленый_M_L_L
9356-T02,ANA HICKMANN,женские,пластик,ободковая,бабочка,зеленый,53.5,17.5,142.0,,,солнцезащитные,бабочка_пластик_зеленый,M_L_M,бабочка_пластик_зеленый_M_L_M
9356-T03,ANA HICKMANN,женские,пластик,ободковая,бабочка,коричневый,53.5,17.5,142.0,,,солнцезащитные,бабочка_пластик_коричневый,M_L_M,бабочка_пластик_коричневый_M_L_M
9362-A01,ANA HICKMANN,женские,пластик,ободковая,квадратные,черный,54.0,17.0,138.0,,,солнцезащитные,квадратные_пластик_черный,M_L_M,квадратные_пластик_черный_M_L_M
9362-H01,ANA HICKMANN,женские,пластик,ободковая,квадратные,многоцветный,54.0,17.0,138.0,,,солнцезащитные,квадратные_пластик_многоцветный,M_L_M,квадратные_пластик_многоцветный_M_L_M
9362-H02,ANA HICKMANN,женские,пластик,ободковая,квадратные,черный/прозрачный,54.0,17.0,138.0,,,солнцезащитные,квадратные_пластик_черный/прозрачный,M_L_M,квадратные_пластик_черный/прозрачный_M_L_M
9372-A01,ANA HICKMANN,женские,пластик,ободковая,бабочка,черный,50.0,19.0,142.0,,,солнцезащитные,бабочка_пластик_черный,M_M_L,бабочка_пластик_черный_M_M_L
9372-E01,ANA HICKMANN,женские,пластик,ободковая,бабочка,черепаховый,50.0,19.0,142.0,,,солнцезащитные,бабочка_пластик_черепаховый,M_M_L,бабочка_пластик_черепаховый_M_M_L
9387-A01,ANA HICKMANN,женские,пластик,ободковая,бабочка,черный,55.0,19.0,143.0,,,солнцезащитные,бабочка_пластик_черный,M_L_L,бабочка_пластик_черный_M_L_L
9387-G21,ANA HICKMANN,женские,пластик,ободковая,бабочка,черепаховый,55.0,19.0,143.0,,,солнцезащитные,бабочка_пластик_черепаховый,M_L_L,бабочка_пластик_черепаховый_M_L_L
9389-C01,ANA HICKMANN,женские,пластик,ободковая,квадратные,многоцветный,57.0,17.0,143.0,,,солнцезащитные,квадратные_пластик_многоцветный,M_L_M,квадратные_пластик_многоцветный_M_L_M
A2105M,INVU,мужские,пластик,ободковая,спортивные,черный,,,,,,солнцезащитные,спортивные_пластик_черный,L_L_L,спортивные_пластик_черный_L_L_L
A2113A,INVU,мужские,пластик,ободковая,спортивные,черный,59.0,17.0,,,,солнцезащитные,спортивные_пластик_черный,L_L_M,спортивные_пластик_черный_L_L_M
A2114F,INVU,универсальные,пластик,ободковая,квадратные,,,,,,,солнцезащитные,,L_L_L,
A2135A,INVU,мужские,пластик,полуободковая,спортивные,синий,,,,,,солнцезащитные,спортивные_пластик_синий,L_L_L,спортивные_пластик_синий_L_L_L
A2200A,INVU,универсальные,пластик,ободковая,вайфайеры,,,,,,,солнцезащитные,,L_L_L,
A2200D,INVU,универсальные,пластик,ободковая,вайфайеры,черный,53.0,20.0,,,,солнцезащитные,вайфайеры_пластик_черный,L_L_L,вайфайеры_пластик_черный_L_L_L
A2207A,INVU,мужские,пластик,ободковая,спортивные,черный,64.0,15.0,132.0,,,солнцезащитные,спортивные_пластик_черный,S_L_S,спортивные_пластик_черный_S_L_S
A2209A,INVU,мужские,пластик,ободковая,спортивные,черный,61.0,17.0,,,,солнцезащитные,спортивные_пластик_черный,L_L_M,спортивные_пластик_черный_L_L_M
A2304C,INVU,мужские,пластик,ободковая,спортивные,,,,,,,солнцезащитные,,L_L_L,
A2307A,INVU,мужские,пластик,ободковая,квадратные,,,,,,,солнцезащитные,,L_L_L,
A2309A,INVU,мужские,пластик,ободковая,квадратные,,,,,,,солнцезащитные,,L_L_L,
A2309D,INVU,мужские,пластик,ободковая,квадратные,,,,,,,солнцезащитные,,L_L_L,
A2311B,INVU,мужские,пластик,ободковая,квадратные,,,,,,,солнцезащитные,,L_L_L,
A2710C,INVU,мужские,пластик,ободковая,спортивные,черный,,,,,,солнцезащитные,спортивные_пластик_черный,L_L_L,спортивные_пластик_черный_L_L_L
A2711C,INVU,мужские,пластик,ободковая,спортивные,черный,,,,,,солнцезащитные,спортивные_пластик_черный,L_L_L,спортивные_пластик_черный_L_L_L
A2913A,INVU,мужские,пластик,ободковая,спортивные,черный,,,,,,солнцезащитные,спортивные_пластик_черный,L_L_L,спортивные_пластик_черный_L_L_L
A2913E,INVU,мужские,пластик,ободковая,спортивные,черный,,,,,,солнцезащитные,спортивные_пластик_черный,L_L_L,спортивные_пластик_черный_L_L_L
ADMIRABLE-130A,BALMAIN,женские,металл и пластик,ободковая,бабочка,черный/золотой,52.0,20.0,142.0,,,солнцезащитные,бабочка_металл и пластик_черный/золотой,M_L_L,бабочка_металл и пластик_черный/золотой_M_L_L
AGORA-4-25,EYEPETIZER,универсальные,титан,ободковая,ромб,золотой,49.0,22.0,145.0,,,солнцезащитные,ромб_титан_золотой,L_M_L,ромб_титан_золотой_L_M_L
ALBA-G0036TB02SZ10,GRESSO,женские,титан,полуободковая,бабочка,черный/розовый,53.0,22.0,140.0,,,солнцезащитные,бабочка_титан_черный/розовый,M_L_L,бабочка_титан_черный/розовый_M_L_L
AMEDEO-047,NOBIKA,женские,пластик,ободковая,квадратные,,52.0,18.0,143.0,,,солнцезащитные,,M_L_L,
AMI - 01,GAST,женские,пластик,ободковая,прямоугольные,черный,52.0,21.0,145.0,,,солнцезащитные,прямоугольные_пластик_черный,L_L_L,прямоугольные_пластик_черный_L_L_L
ANNA-01,WOODYS,женские,металл и пластик,ободковая,гексагон,черный/золотой,51.0,20.0,140.0,,,солнцезащитные,гексагон_металл и пластик_черный/золотой,M_M_L,гексагон_металл и пластик_черный/золотой_M_M_L
ANNA-02,WOODYS,женские,металл и пластик,ободковая,гексагон,черепаховый,51.0,20.0,140.0,,,солнцезащитные,гексагон_металл и пластик_черепаховый,M_M_L,гексагон_металл и пластик_черепаховый_M_M_L
ANNA-03,WOODYS,женские,металл и пластик,ободковая,гексагон,зеленый,51.0,20.0,140.0,,,солнцезащитные,гексагон_металл и пластик_зеленый,M_M_L,гексагон_металл и пластик_зеленый_M_M_L
ANTARES-G07TG030S2,GRESSO,мужские,титан,полуободковая,необычные,золотой,60.0,14.0,140.0,,,солнцезащитные,необычные_титан_золотой,M_L_S,необычные_титан_золотой_M_L_S
ARISE-3041-A-T-BLK-GLD,DITA,женские,металл,полуободковая,бабочка,золотой,54.0,17.0,141.0,,,солнцезащитные,бабочка_металл_золотой,M_L_M,бабочка_металл_золотой_M_L_M
Arlette 5183-5,PEPE JEANS,женские,металл,ободковая,круглые,черный,53.0,18.0,140.0,,,солнцезащитные,круглые_металл_черный,M_L_L,круглые_металл_черный_M_L_L
ASHER-2,KREUZBERGKINDER,мужские,пластик,ободковая,прямоугольные,черный/синий,55.0,19.0,145.0,,,солнцезащитные,прямоугольные_пластик_черный/синий,L_L_L,прямоугольные_пластик_черный/синий_L_L_L
ASTRO - AS 03,GAST,универсальные,металл,безободковая,прямоугольные,серебристый,53.0,22.0,145.0,,,солнцезащитные,прямоугольные_металл_серебристый,L_L_L,прямоугольные_металл_серебристый_L_L_L
ASTRO - AS 05,GAST,универсальные,металл,безободковая,прямоугольные,золотой,53.0,22.0,145.0,,,солнцезащитные,прямоугольные_металл_золотой,L_L_L,прямоугольные_металл_золотой_L_L_L
ASTRO -AS 02,GAST,универсальные,металл,безободковая,прямоугольные,золотой,53.0,22.0,145.0,,,солнцезащитные,прямоугольные_металл_золотой,L_L_L,прямоугольные_металл_золотой_L_L_L
ASTRO -AS 04,GAST,универсальные,металл,безободковая,прямоугольные,золотой,53.0,22.0,145.0,,,солнцезащитные,прямоугольные_металл_золотой,L_L_L,прямоугольные_металл_золотой_L_L_L
B-II-101A,BALMAIN,женские,пластик,ободковая,бабочка,,55.0,18.0,145.0,,,солнцезащитные,,L_L_L,
B-VII-131B,BALMAIN,женские,пластик,ободковая,трапеция,,55.0,17.0,145.0,,,солнцезащитные,,L_L_M,
B1007B,INVU,мужские,металл,ободковая,прямоугольные,серый,63.0,14.0,,,,солнцезащитные,прямоугольные_металл_серый,L_L_S,прямоугольные_металл_серый_L_L_S
B1007E,INVU,мужские,металл,ободковая,прямоугольные,темно-серый,,,,,,солнцезащитные,прямоугольные_металл_темно-серый,L_L_L,прямоугольные_металл_темно-серый_L_L_L
B1007F,INVU,мужские,металл,ободковая,прямоугольные,темно-серый,,,,,,солнцезащитные,прямоугольные_металл_темно-серый,L_L_L,прямоугольные_металл_темно-серый_L_L_L
B1008A,INVU,мужские,металл,ободковая,капли,черный,,,,,,солнцезащитные,капли_металл_черный,L_L_L,капли_металл_черный_L_L_L
B1008F,INVU,мужские,металл,ободковая,капли,темно-серый,,,,,,солнцезащитные,капли_металл_темно-серый,L_L_L,капли_металл_темно-серый_L_L_L
B1014F,INVU,мужские,металл,ободковая,квадратные,коричневый,58.0,15.0,,,,солнцезащитные,квадратные_металл_коричневый,L_L_S,квадратные_металл_коричневый_L_L_S
B1100B,INVU,женские,металл,ободковая,бабочка,серебристый,56.0,18.0,,,,солнцезащитные,бабочка_металл_серебристый,L_L_L,бабочка_металл_серебристый_L_L_L
B1100D,INVU,женские,металл,ободковая,бабочка,золотой,56.0,18.0,,,,солнцезащитные,бабочка_металл_золотой,L_L_L,бабочка_металл_золотой_L_L_L
B1101A,INVU,женские,металл,ободковая,бабочка,желтый,,,,,,солнцезащитные,бабочка_металл_желтый,L_L_L,бабочка_металл_желтый_L_L_L
B1104D,INVU,мужские,металл,ободковая,квадратные,темно-серый,,,,,,солнцезащитные,квадратные_металл_темно-серый,L_L_L,квадратные_металл_темно-серый_L_L_L
B1122A,INVU,универсальные,металл,ободковая,панто,темно-серый,,,,,,солнцезащитные,панто_металл_темно-серый,L_L_L,панто_металл_темно-серый_L_L_L
B1122B,INVU,универсальные,металл,ободковая,панто,золотой,,,,,,солнцезащитные,панто_металл_золотой,L_L_L,панто_металл_золотой_L_L_L
B1126С,INVU,женские,металл,ободковая,панто,желтый,,,,,,солнцезащитные,панто_металл_желтый,L_L_L,панто_металл_желтый_L_L_L
B1201A,INVU,мужские,металл,ободковая,прямоугольные,черный,58.0,17.0,,,,солнцезащитные,прямоугольные_металл_черный,L_L_M,прямоугольные_металл_черный_L_L_M
B1201B,INVU,мужские,металл,ободковая,прямоугольные,серый,58.0,17.0,,,,солнцезащитные,прямоугольные_металл_серый,L_L_M,прямоугольные_металл_серый_L_L_M
B1203A,INVU,мужские,металл,ободковая,прямоугольные,серый,59.0,15.0,,,,солнцезащитные,прямоугольные_металл_серый,L_L_S,прямоугольные_металл_серый_L_L_S
B1205A,INVU,универсальные,металл,ободковая,капли,золотой,58.0,15.0,,,,солнцезащитные,капли_металл_золотой,L_L_S,капли_металл_золотой_L_L_S
B1205B,INVU,универсальные,металл,ободковая,капли,серебристый,58.0,15.0,,,,солнцезащитные,капли_металл_серебристый,L_L_S,капли_металл_серебристый_L_L_S
B1206B,INVU,мужские,металл,ободковая,капли,серебристый,57.0,17.0,,,,солнцезащитные,капли_металл_серебристый,L_L_M,капли_металл_серебристый_L_L_M
B1206C,INVU,мужские,металл,ободковая,капли,черный,57.0,17.0,,,,солнцезащитные,капли_металл_черный,L_L_M,капли_металл_черный_L_L_M
B1207A,INVU,универсальные,металл и пластик,ободковая,капли,серый,,,,,,солнцезащитные,капли_металл и пластик_серый,L_L_L,капли_металл и пластик_серый_L_L_L
B1207B,INVU,универсальные,металл и пластик,ободковая,капли,оливковый,,,,,,солнцезащитные,капли_металл и пластик_оливковый,L_L_L,капли_металл и пластик_оливковый_L_L_L
B1208A,INVU,универсальные,металл и пластик,ободковая,клабмастеры,,,,,,,солнцезащитные,,L_L_L,
B1209A,INVU,женские,металл и пластик,ободковая,гексагон,серый,,,,,,солнцезащитные,гексагон_металл и пластик_серый,L_L_L,гексагон_металл и пластик_серый_L_L_L
B1209B,INVU,женские,металл и пластик,ободковая,гексагон,голубой,,,,,,солнцезащитные,гексагон_металл и пластик_голубой,L_L_L,гексагон_металл и пластик_голубой_L_L_L
B1209C,INVU,женские,металл и пластик,ободковая,гексагон,коричневый/золотой,,,,,,солнцезащитные,гексагон_металл и пластик_коричневый/золотой,L_L_L,гексагон_металл и пластик_коричневый/золотой_L_L_L
B1210A,INVU,женские,металл и пластик,ободковая,гексагон,черный,52.0,20.0,,,,солнцезащитные,гексагон_металл и пластик_черный,L_L_L,гексагон_металл и пластик_черный_L_L_L
B1210B,INVU,женские,металл и пластик,ободковая,гексагон,коричневый,52.0,20.0,,,,солнцезащитные,гексагон_металл и пластик_коричневый,L_L_L,гексагон_металл и пластик_коричневый_L_L_L
B1211B,INVU,женские,металл,ободковая,квадратные,золотой,56.0,17.0,,,,солнцезащитные,квадратные_металл_золотой,L_L_M,квадратные_металл_золотой_L_L_M
B1211C,INVU,женские,металл,ободковая,квадратные,,,,,,,солнцезащитные,,L_L_L,
B1301A,INVU,мужские,металл,ободковая,квадратные,,,,,,,солнцезащитные,,L_L_L,
B1301B,INVU,мужские,металл,ободковая,квадратные,,,,,,,солнцезащитные,,L_L_L,
B1303A,INVU,женские,металл,ободковая,кошачий глаз,,,,,,,солнцезащитные,,L_L_L,
B1303C,INVU,женские,металл,ободковая,кошачий глаз,,,,,,,солнцезащитные,,L_L_L,
B1304A,INVU,универсальные,металл,ободковая,капли,,,,,,,солнцезащитные,,L_L_L,
B1304B,INVU,универсальные,металл,ободковая,капли,синий,,,,,,солнцезащитные,капли_металл_синий,L_L_L,капли_металл_синий_L_L_L
B1305A,INVU,мужские,металл,ободковая,прямоугольные,,,,,,,солнцезащитные,,L_L_L,
B1305B,INVU,мужские,металл,ободковая,прямоугольные,,,,,,,солнцезащитные,,L_L_L,
B1308A,INVU,мужские,металл,ободковая,трапеция,серый,,,,,,солнцезащитные,трапеция_металл_серый,L_L_L,трапеция_металл_серый_L_L_L
B1308B,INVU,мужские,металл,ободковая,трапеция,черный,,,,,,солнцезащитные,трапеция_металл_черный,L_L_L,трапеция_металл_черный_L_L_L
B1309A,INVU,мужские,металл,ободковая,прямоугольные,черный,,,,,,солнцезащитные,прямоугольные_металл_черный,L_L_L,прямоугольные_металл_черный_L_L_L
B1310A,INVU,мужские,металл,ободковая,капли,черный,,,,,,солнцезащитные,капли_металл_черный,L_L_L,капли_металл_черный_L_L_L
B1310B,INVU,мужские,металл,ободковая,капли,серый,,,,,,солнцезащитные,капли_металл_серый,L_L_L,капли_металл_серый_L_L_L
B1310C,INVU,мужские,металл,ободковая,капли,серый,,,,,,солнцезащитные,капли_металл_серый,L_L_L,капли_металл_серый_L_L_L
B1311B,INVU,универсальные,металл,ободковая,панто,,,,,,,солнцезащитные,,L_L_L,
B1311C,INVU,универсальные,металл,ободковая,панто,черный,,,,,,солнцезащитные,панто_металл_черный,L_L_L,панто_металл_черный_L_L_L
B1315A,INVU,женские,металл,ободковая,гексагон,,,,,,,солнцезащитные,,L_L_L,
B1315B,INVU,женские,металл,ободковая,гексагон,,,,,,,солнцезащитные,,L_L_L,
B1316A,INVU,женские,металл,ободковая,бабочка,,,,,,,солнцезащитные,,L_L_L,
B1316B,INVU,женские,металл,ободковая,бабочка,,,,,,,солнцезащитные,,L_L_L,
B1317A,INVU,женские,металл,ободковая,панто,золотой,,,,,,солнцезащитные,панто_металл_золотой,L_L_L,панто_металл_золотой_L_L_L
B1317B,INVU,женские,металл,ободковая,панто,золотой,,,,,,солнцезащитные,панто_металл_золотой,L_L_L,панто_металл_золотой_L_L_L
B1317C,INVU,женские,металл,ободковая,панто,серебристый,,,,,,солнцезащитные,панто_металл_серебристый,L_L_L,панто_металл_серебристый_L_L_L
B1318A,INVU,женские,металл,ободковая,необычные,золотой,,,,,,солнцезащитные,необычные_металл_золотой,L_L_L,необычные_металл_золотой_L_L_L
B1318B,INVU,женские,металл,ободковая,квадратные,золотой,,,,,,солнцезащитные,квадратные_металл_золотой,L_L_L,квадратные_металл_золотой_L_L_L
B1318С,INVU,женские,металл,ободковая,квадратные,серебристый,,,,,,солнцезащитные,квадратные_металл_серебристый,L_L_L,квадратные_металл_серебристый_L_L_L
B1606A,INVU,мужские,металл,ободковая,капли,темно-серый,,,,,,солнцезащитные,капли_металл_темно-серый,L_L_L,капли_металл_темно-серый_L_L_L
B1606D,INVU,мужские,металл,ободковая,капли,коричневый,,,,,,солнцезащитные,капли_металл_коричневый,L_L_L,капли_металл_коричневый_L_L_L
B1607E,INVU,мужские,металл,ободковая,прямоугольные,серый,,,,,,солнцезащитные,прямоугольные_металл_серый,L_L_L,прямоугольные_металл_серый_L_L_L
B1607G,INVU,мужские,металл,ободковая,прямоугольные,черный,,,,,,солнцезащитные,прямоугольные_металл_черный,L_L_L,прямоугольные_металл_черный_L_L_L
B1607H,INVU,мужские,металл,ободковая,прямоугольные,темно-серый,,,,,,солнцезащитные,прямоугольные_металл_темно-серый,L_L_L,прямоугольные_металл_темно-серый_L_L_L
B2000A,INVU,мужские,пластик,ободковая,прямоугольные,черный,,,,,,солнцезащитные,прямоугольные_пластик_черный,L_L_L,прямоугольные_пластик_черный_L_L_L
B2035A,INVU,женские,пластик,ободковая,панто,черный,55.0,17.0,140.0,,,солнцезащитные,панто_пластик_черный,M_L_M,панто_пластик_черный_M_L_M
B2102F,INVU,женские,пластик,ободковая,панто,,,,,,,солнцезащитные,,L_L_L,
B2103A,INVU,женские,пластик,ободковая,бабочка,черный,,,,,,солнцезащитные,бабочка_пластик_черный,L_L_L,бабочка_пластик_черный_L_L_L
B2103C,INVU,женские,пластик,ободковая,бабочка,черный,,,,,,солнцезащитные,бабочка_пластик_черный,L_L_L,бабочка_пластик_черный_L_L_L
B2113E,INVU,женские,пластик,ободковая,кошачий глаз,серый,57.0,17.0,,,,солнцезащитные,кошачий глаз_пластик_серый,L_L_M,кошачий глаз_пластик_серый_L_L_M
B2116A,INVU,женские,пластик,ободковая,квадратные,черный,,,,,,солнцезащитные,квадратные_пластик_черный,L_L_L,квадратные_пластик_черный_L_L_L
B2120A,INVU,мужские,пластик,ободковая,квадратные,черный,,,,,,солнцезащитные,квадратные_пластик_черный,L_L_L,квадратные_пластик_черный_L_L_L
B2120B,INVU,мужские,пластик,ободковая,квадратные,черный,,,,,,солнцезащитные,квадратные_пластик_черный,L_L_L,квадратные_пластик_черный_L_L_L
B2205B,INVU,универсальные,пластик,ободковая,вайфайеры,черный,,,,,,солнцезащитные,вайфайеры_пластик_черный,L_L_L,вайфайеры_пластик_черный_L_L_L
B2205C,INVU,универсальные,пластик,ободковая,вайфайеры,черный,57.0,17.0,,,,солнцезащитные,вайфайеры_пластик_черный,L_L_M,вайфайеры_пластик_черный_L_L_M
B2206A,INVU,мужские,пластик,ободковая,прямоугольные,,,,,,,солнцезащитные,,L_L_L,
B2206B,INVU,мужские,пластик,ободковая,прямоугольные,,,,,,,солнцезащитные,,L_L_L,
B2212A,INVU,женские,пластик,ободковая,бабочка,серый,54.0,18.0,,,,солнцезащитные,бабочка_пластик_серый,L_L_L,бабочка_пластик_серый_L_L_L
B2212B,INVU,женские,пластик,ободковая,бабочка,голубой,54.0,18.0,,,,солнцезащитные,бабочка_пластик_голубой,L_L_L,бабочка_пластик_голубой_L_L_L
B2216C,INVU,женские,пластик,ободковая,бабочка,коричневый,55.0,16.0,,,,солнцезащитные,бабочка_пластик_коричневый,L_L_M,бабочка_пластик_коричневый_L_L_M
B2216D,INVU,женские,пластик,ободковая,бабочка,черный,,,,,,солнцезащитные,бабочка_пластик_черный,L_L_L,бабочка_пластик_черный_L_L_L
B2216E,INVU,женские,пластик,ободковая,бабочка,черный,,,,,,солнцезащитные,бабочка_пластик_черный,L_L_L,бабочка_пластик_черный_L_L_L
B2217A,INVU,женские,пластик,ободковая,бабочка,черный,56.0,16.0,,,,солнцезащитные,бабочка_пластик_черный,L_L_M,бабочка_пластик_черный_L_L_M
B2217B,INVU,женские,пластик,ободковая,бабочка,,,,,,,солнцезащитные,,L_L_L,
B2218A,INVU,женские,пластик,ободковая,бабочка,черный,55.0,17.0,,,,солнцезащитные,бабочка_пластик_черный,L_L_M,бабочка_пластик_черный_L_L_M
B2219A,INVU,женские,пластик,ободковая,кошачий глаз,черный,,,,,,солнцезащитные,кошачий глаз_пластик_черный,L_L_L,кошачий глаз_пластик_черный_L_L_L
B2219B,INVU,женские,пластик,ободковая,кошачий глаз,золотой,55.0,19.0,,,,солнцезащитные,кошачий глаз_пластик_золотой,L_L_L,кошачий глаз_пластик_золотой_L_L_L
B2219D,INVU,женские,пластик,ободковая,кошачий глаз,,,,,,,солнцезащитные,,L_L_L,
B2219E,INVU,женские,пластик,ободковая,кошачий глаз,,,,,,,солнцезащитные,,L_L_L,
B2220A,INVU,женские,пластик,ободковая,панто,черный,50.0,20.0,,,,солнцезащитные,панто_пластик_черный,L_M_L,панто_пластик_черный_L_M_L
B2226A,INVU,женские,пластик,ободковая,бабочка,черный,,,,,,солнцезащитные,бабочка_пластик_черный,L_L_L,бабочка_пластик_черный_L_L_L
B2226C,INVU,женские,пластик,ободковая,бабочка,фиолетовый,57.0,16.0,,,,солнцезащитные,бабочка_пластик_фиолетовый,L_L_M,бабочка_пластик_фиолетовый_L_L_M
B2228A,INVU,женские,пластик,ободковая,бабочка,черный,54.0,19.0,,,,солнцезащитные,бабочка_пластик_черный,L_L_L,бабочка_пластик_черный_L_L_L
B2228C,INVU,женские,пластик,ободковая,бабочка,бордовый,54.0,19.0,,,,солнцезащитные,бабочка_пластик_бордовый,L_L_L,бабочка_пластик_бордовый_L_L_L
B2230A,INVU,женские,пластик,ободковая,бабочка,черный,57.0,16.0,,,,солнцезащитные,бабочка_пластик_черный,L_L_M,бабочка_пластик_черный_L_L_M
B2231A,INVU,женские,пластик,ободковая,бабочка,черный,57.0,17.0,,,,солнцезащитные,бабочка_пластик_черный,L_L_M,бабочка_пластик_черный_L_L_M
B2231C,INVU,женские,пластик,ободковая,бабочка,,,,,,,солнцезащитные,,L_L_L,
B2233A,INVU,женские,пластик,ободковая,прямоугольные,,,,,,,солнцезащитные,,L_L_L,
B2233B,INVU,женские,пластик,ободковая,прямоугольные,,,,,,,солнцезащитные,,L_L_L,
B2234A,INVU,универсальные,пластик,ободковая,панто,,,,,,,солнцезащитные,,L_L_L,
B2234B,INVU,универсальные,пластик,ободковая,панто,,,,,,,солнцезащитные,,L_L_L,
B2241A,INVU,женские,пластик,ободковая,квадратные,,,,,,,солнцезащитные,,L_L_L,
B2300A,INVU,универсальные,пластик,ободковая,вайфайеры,,,,,,,солнцезащитные,,L_L_L,
B2300B,INVU,универсальные,пластик,ободковая,вайфайеры,,,,,,,солнцезащитные,,L_L_L,
B2302A,INVU,универсальные,пластик,ободковая,прямоугольные,,,,,,,солнцезащитные,,L_L_L,
B2302B,INVU,универсальные,пластик,ободковая,прямоугольные,,,,,,,солнцезащитные,,L_L_L,
B2303A,INVU,женские,пластик,ободковая,бабочка,,,,,,,солнцезащитные,,L_L_L,
B2304A,INVU,женские,пластик,ободковая,квадратные,,,,,,,солнцезащитные,,L_L_L,
B2304B,INVU,женские,пластик,ободковая,квадратные,,,,,,,солнцезащитные,,L_L_L,
B2304C,INVU,женские,пластик,ободковая,квадратные,,,,,,,солнцезащитные,,L_L_L,
B2306A,INVU,женские,пластик,ободковая,квадратные,,,,,,,солнцезащитные,,L_L_L,
B2307A,INVU,женские,пластик,ободковая,бабочка,,,,,,,солнцезащитные,,L_L_L,
B2307B,INVU,женские,пластик,ободковая,бабочка,,,,,,,солнцезащитные,,L_L_L,
B2307C,INVU,женские,пластик,ободковая,бабочка,,,,,,,солнцезащитные,,L_L_L,
B2308A,INVU,женские,пластик,ободковая,бабочка,,,,,,,солнцезащитные,,L_L_L,
B2308B,INVU,женские,пластик,ободковая,бабочка,,,,,,,солнцезащитные,,L_L_L,
B2310A,INVU,мужские,пластик,ободковая,прямоугольные,синий,,,,,,солнцезащитные,прямоугольные_пластик_синий,L_L_L,прямоугольные_пластик_синий_L_L_L
B2310B,INVU,мужские,пластик,ободковая,прямоугольные,черный,,,,,,солнцезащитные,прямоугольные_пластик_черный,L_L_L,прямоугольные_пластик_черный_L_L_L
B2310C,INVU,мужские,пластик,ободковая,прямоугольные,,,,,,,солнцезащитные,,L_L_L,
B2311A,INVU,женские,пластик,ободковая,бабочка,,,,,,,солнцезащитные,,L_L_L,
B2311B,INVU,женские,пластик,ободковая,бабочка,,,,,,,солнцезащитные,,L_L_L,
B2311C,INVU,женские,пластик,ободковая,бабочка,,,,,,,солнцезащитные,,L_L_L,
B2312A,INVU,женские,пластик,ободковая,бабочка,,,,,,,солнцезащитные,,L_L_L,
B2312B,INVU,женские,пластик,ободковая,бабочка,,,,,,,солнцезащитные,,L_L_L,
B2314A,INVU,мужские,пластик,ободковая,квадратные,черный,,,,,,солнцезащитные,квадратные_пластик_черный,L_L_L,квадратные_пластик_черный_L_L_L
B2314B,INVU,мужские,пластик,ободковая,квадратные,,,,,,,солнцезащитные,,L_L_L,
B2316A,INVU,женские,пластик,ободковая,бабочка,,,,,,,солнцезащитные,,L_L_L,
B2318A,INVU,женские,пластик,ободковая,бабочка,,,,,,,солнцезащитные,,L_L_L,
B2318B,INVU,женские,пластик,ободковая,бабочка,,,,,,,солнцезащитные,,L_L_L,
B2319A,INVU,женские,пластик,ободковая,бабочка,,,,,,,солнцезащитные,,L_L_L,
B2319B,INVU,женские,пластик,ободковая,бабочка,,,,,,,солнцезащитные,,L_L_L,
B2320A,INVU,женские,пластик,ободковая,бабочка,,,,,,,солнцезащитные,,L_L_L,
B2321A,INVU,универсальные,пластик,ободковая,вайфайеры,черный,,,,,,солнцезащитные,вайфайеры_пластик_черный,L_L_L,вайфайеры_пластик_черный_L_L_L
B2321C,INVU,универсальные,пластик,ободковая,вайфайеры,,,,,,,солнцезащитные,,L_L_L,
B2326A,INVU,мужские,пластик,ободковая,прямоугольные,,,,,,,солнцезащитные,,L_L_L,
B2326D,INVU,мужские,пластик,ободковая,прямоугольные,черный,,,,,,солнцезащитные,прямоугольные_пластик_черный,L_L_L,прямоугольные_пластик_черный_L_L_L
B2327A,INVU,женские,пластик,ободковая,бабочка,,,,,,,солнцезащитные,,L_L_L,
B2327B,INVU,женские,пластик,ободковая,бабочка,,,,,,,солнцезащитные,,L_L_L,
B2327C,INVU,женские,пластик,ободковая,бабочка,,,,,,,солнцезащитные,,L_L_L,
B2328A,INVU,женские,пластик,ободковая,бабочка,,,,,,,солнцезащитные,,L_L_L,
B2330A,INVU,женские,пластик,ободковая,бабочка,,,,,,,солнцезащитные,,L_L_L,
B2330B,INVU,женские,пластик,ободковая,бабочка,,,,,,,солнцезащитные,,L_L_L,
B2331A,INVU,женские,пластик,ободковая,бабочка,,,,,,,солнцезащитные,,L_L_L,
B2333C,INVU,женские,пластик,ободковая,бабочка,,,,,,,солнцезащитные,,L_L_L,
B2333D,INVU,женские,пластик,ободковая,бабочка,,,,,,,солнцезащитные,,L_L_L,
B2334B,INVU,женские,пластик,ободковая,квадратные,,,,,,,солнцезащитные,,L_L_L,
B2335A,INVU,женские,пластик,ободковая,бабочка,,,,,,,солнцезащитные,,L_L_L,
B2336A,INVU,женские,пластик,ободковая,кошачий глаз,,,,,,,солнцезащитные,,L_L_L,
B2337A,INVU,женские,пластик,ободковая,бабочка,,,,,,,солнцезащитные,,L_L_L,
B2338A,INVU,женские,пластик,ободковая,бабочка,,,,,,,солнцезащитные,,L_L_L,
B2338B,INVU,женские,пластик,ободковая,бабочка,,,,,,,солнцезащитные,,L_L_L,
B2339A,INVU,женские,пластик,ободковая,панто,,,,,,,солнцезащитные,,L_L_L,
B2339C,INVU,женские,пластик,ободковая,панто,,,,,,,солнцезащитные,,L_L_L,
B2340A,INVU,универсальные,пластик,ободковая,квадратные,,,,,,,солнцезащитные,,L_L_L,
B2916E,INVU,женские,пластик,ободковая,прямоугольные,черный,,,,,,солнцезащитные,прямоугольные_пластик_черный,L_L_L,прямоугольные_пластик_черный_L_L_L
B2916F,INVU,женские,пластик,ободковая,прямоугольные,черепаховый,,,,,,солнцезащитные,прямоугольные_пластик_черепаховый,L_L_L,прямоугольные_пластик_черепаховый_L_L_L
BALI-G0198TB03S,GRESSO,универсальные,титан,ободковая,ромб,черный,56.0,19.0,140.0,,,солнцезащитные,ромб_титан_черный,M_L_L,ромб_титан_черный_M_L_L
BALI-G0198TB11S,GRESSO,универсальные,титан,полуободковая,ромб,черный,56.0,19.0,140.0,,,солнцезащитные,ромб_титан_черный,M_L_L,ромб_титан_черный_M_L_L
BALLARD-CLGD,ETNIA BARCELONA,универсальные,титан,ободковая,круглые,золотой,47.0,23.0,113.0,,,солнцезащитные,круглые_титан_золотой,S_S_L,круглые_титан_золотой_S_S_L
BARBARA-G0242TB02SZ01,GRESSO,женские,титан,полуободковая,квадратные,черный,54.0,25.0,140.0,,,солнцезащитные,квадратные_титан_черный,M_L_L,квадратные_титан_черный_M_L_L
BARBARELLA-013,KALEOS,женские,пластик,ободковая,прямоугольные,зеленый,51.0,22.0,145.0,,,солнцезащитные,прямоугольные_пластик_зеленый,L_M_L,прямоугольные_пластик_зеленый_L_M_L
BELLA-03,WOODYS,женские,металл и пластик,ободковая,круглые,оранжевый,51.0,21.0,140.0,,,солнцезащитные,круглые_металл и пластик_оранжевый,M_M_L,круглые_металл и пластик_оранжевый_M_M_L
BELLA-04,WOODYS,женские,металл и пластик,ободковая,круглые,желтый,51.0,21.0,140.0,,,солнцезащитные,круглые_металл и пластик_желтый,M_M_L,круглые_металл и пластик_желтый_M_M_L
BERTHA-G0148TB04S,GRESSO,женские,титан,полуободковая,бабочка,черный,57.0,18.0,140.0,,,солнцезащитные,бабочка_титан_черный,M_L_L,бабочка_титан_черный_M_L_L
BIRDIE/S-BKUHA,JIMMY CHOO,женские,металл,ободковая,круглые,золотой,60.0,18.0,145.0,,,солнцезащитные,круглые_металл_золотой,L_L_L,круглые_металл_золотой_L_L_L
BLUE JOB-BORHVT/GP,CHROME HEARTS,женские,металл и пластик,ободковая,квадратные,,53.0,22.0,138.0,,,солнцезащитные,,M_L_L,
BOJMIR II-WP/GP,CHROME HEARTS,женские,металл и пластик,ободковая,круглые,,47.0,25.0,141.0,,,солнцезащитные,,M_S_L,
Bolt Black SG1,FOR ART'S SAKE,женские,пластик,ободковая,прямоугольные,черный,58.0,19.0,145.0,,,солнцезащитные,прямоугольные_пластик_черный,L_L_L,прямоугольные_пластик_черный_L_L_L
BONAVISTA-RDWH,ETNIA BARCELONA,женские,пластик,ободковая,квадратные,,54.0,19.0,142.0,,,солнцезащитные,,M_L_L,
BRIGADE-I-110B,BALMAIN,универсальные,титан,ободковая,панто,,52.0,20.0,140.0,,,солнцезащитные,,M_L_L,
BRIGADE-I-110C,BALMAIN,женские,титан,ободковая,панто,золотой,52.0,20.0,140.0,,,солнцезащитные,панто_титан_золотой,M_L_L,панто_титан_золотой_M_L_L
CALEB-431,MYKITA,мужские,металл,полуободковая,капли,черный,57.0,16.0,150.0,,,солнцезащитные,капли_металл_черный,L_L_M,капли_металл_черный_L_L_M
CARDUC 001/S-807H4,CARRERA,мужские,пластик,ободковая,спортивные,черный,57.0,18.0,135.0,,,солнцезащитные,спортивные_пластик_черный,M_L_L,спортивные_пластик_черный_M_L_L
CARDUC 017/S-TZQT4,CARRERA,универсальные,пластик,ободковая,маска,синий,99.0,1.0,125.0,,,солнцезащитные,маска_пластик_синий,S_L_S,маска_пластик_синий_S_L_S
CARDUC 018/S-807H4,CARRERA,универсальные,пластик,ободковая,капли,черный,58.0,17.0,135.0,,,солнцезащитные,капли_пластик_черный,M_L_M,капли_пластик_черный_M_L_M
CARDUC 021/S-807H4,CARRERA,мужские,пластик,ободковая,прямоугольные,черный,55.0,17.0,145.0,,,солнцезащитные,прямоугольные_пластик_черный,L_L_M,прямоугольные_пластик_черный_L_L_M
CARDUC 022/S-V6DXT,CARRERA,мужские,титан,ободковая,прямоугольные,серый,60.0,18.0,140.0,,,солнцезащитные,прямоугольные_титан_серый,M_L_L,прямоугольные_титан_серый_M_L_L
CARDUC 023/S-FLLXT,CARRERA,мужские,пластик,ободковая,прямоугольные,синий,56.0,18.0,140.0,,,солнцезащитные,прямоугольные_пластик_синий,M_L_L,прямоугольные_пластик_синий_M_L_L
CARDUC 028/S-807H4,CARRERA,мужские,пластик,полуободковая,трапеция,черный,63.0,13.0,135.0,,,солнцезащитные,трапеция_пластик_черный,M_L_S,трапеция_пластик_черный_M_L_S
CARDUC 029/S-807H4,CARRERA,мужские,пластик,ободковая,прямоугольные,черный,59.0,17.0,135.0,,,солнцезащитные,прямоугольные_пластик_черный,M_L_M,прямоугольные_пластик_черный_M_L_M
CARDUC 033/S-807IR,CARRERA,универсальные,пластик,безободковая,маска,черный,99.0,1.0,135.0,,,солнцезащитные,маска_пластик_черный,M_L_S,маска_пластик_черный_M_L_S
CARDUC 034/S-08AIR,CARRERA,мужские,пластик,ободковая,квадратные,черный,59.0,16.0,145.0,,,солнцезащитные,квадратные_пластик_черный,L_L_M,квадратные_пластик_черный_L_L_M
CARDUC 034/S-900XT,CARRERA,мужские,пластик,ободковая,прямоугольные,прозрачный,59.0,16.0,145.0,,,солнцезащитные,прямоугольные_пластик_прозрачный,L_L_M,прямоугольные_пластик_прозрачный_L_L_M
CARDUC 037/S-003QT,CARRERA,мужские,металл,ободковая,капли,черный,61.0,16.0,140.0,,,солнцезащитные,капли_металл_черный,M_L_M,капли_металл_черный_M_L_M
CARDUC 037/S-R80H4,CARRERA,мужские,металл,ободковая,капли,серый,61.0,16.0,140.0,,,солнцезащитные,капли_металл_серый,M_L_M,капли_металл_серый_M_L_M
CARPE DIEM-2/S-091/14,NOBIKA,женские,металл и пластик,ободковая,кошачий глаз,,51.0,18.0,137.0,,,солнцезащитные,,M_M_L,
CARPE DIEM-3/S-030/6,NOBIKA,универсальные,металл и пластик,ободковая,капли,,52.0,19.0,142.0,,,солнцезащитные,,M_L_L,
CARPE DIEM-3/S-088/15,NOBIKA,универсальные,металл и пластик,ободковая,капли,,52.0,19.0,142.0,,,солнцезащитные,,M_L_L,
CARRERA 1060/S-2M2HA,CARRERA,мужские,пластик,полуободковая,маска,черный/золотой,99.0,1.0,140.0,,,солнцезащитные,маска_пластик_черный/золотой,M_L_S,маска_пластик_черный/золотой_M_L_S
CARRERA 1066/S-7C508,CARRERA,мужские,пластик,полуободковая,маска,черный,63.0,12.0,145.0,,,солнцезащитные,маска_пластик_черный,L_L_S,маска_пластик_черный_L_L_S
CARRERA 334/S-J5G9O,CARRERA,универсальные,металл,ободковая,гексагон,золотой,53.0,21.0,145.0,,,солнцезащитные,гексагон_металл_золотой,L_L_L,гексагон_металл_золотой_L_L_L
CD Icon S2I-14A0,DIOR,универсальные,пластик,ободковая,прямоугольные,черный,55.0,15.0,140.0,,,солнцезащитные,прямоугольные_пластик_черный,M_L_S,прямоугольные_пластик_черный_M_L_S
CD SU-50A4,DIOR,универсальные,пластик,ободковая,трапеция,белый,55.0,15.0,140.0,,,солнцезащитные,трапеция_пластик_белый,M_L_S,трапеция_пластик_белый_M_L_S
CHARLIZE-G0280TB02SZ16,GRESSO,женские,титан,полуободковая,необычные,черный/коричневый,54.0,23.0,140.0,,,солнцезащитные,необычные_титан_черный/коричневый,M_L_L,необычные_титан_черный/коричневый_M_L_L
CHELSEA-G0168TB01SP,GRESSO,универсальные,титан,полуободковая,авиаторы,черный,62.0,12.0,140.0,,,солнцезащитные,авиаторы_титан_черный,M_L_S,авиаторы_титан_черный_M_L_S
CLINT SUN-C02-SR,BRETT,универсальные,металл,ободковая,панто,,49.0,20.0,145.0,,,солнцезащитные,,L_M_L,
CLINT SUN-C03-SR,BRETT,универсальные,металл,ободковая,панто,,49.0,20.0,145.0,,,солнцезащитные,,L_M_L,
CT11022-3,VITO FABIUS,подростковые для девочек,пластик,ободковая,бабочка,оранжевый,49.0,16.0,132.0,,,солнцезащитные,бабочка_пластик_оранжевый,S_M_M,бабочка_пластик_оранжевый_S_M_M
CT11060-8,VITO FABIUS,подростковые универсальные,пластик,ободковая,панто,желтый,46.0,18.0,135.0,,,солнцезащитные,панто_пластик_желтый,M_S_L,панто_пластик_желтый_M_S_L
CT11060-9,VITO FABIUS,подростковые универсальные,пластик,ободковая,панто,голубой,46.0,18.0,135.0,,,солнцезащитные,панто_пластик_голубой,M_S_L,панто_пластик_голубой_M_S_L
CT11068-10,VITO FABIUS,подростковые универсальные,пластик,ободковая,панто,желтый,47.0,14.0,131.0,,,солнцезащитные,панто_пластик_желтый,S_S_S,панто_пластик_желтый_S_S_S
CT11068-8,VITO FABIUS,подростковые универсальные,пластик,ободковая,панто,зеленый,47.0,14.0,131.0,,,солнцезащитные,панто_пластик_зеленый,S_S_S,панто_пластик_зеленый_S_S_S
D-DOLL R1U,DIOR,женские,пластик,ободковая,бабочка,черный,62.0,19.0,135.0,,,солнцезащитные,бабочка_пластик_черный,M_L_L,бабочка_пластик_черный_M_L_L
DALLAS-G0061TB02S,GRESSO,мужские,титан,полуободковая,квадратные,черный,58.0,14.0,140.0,,,солнцезащитные,квадратные_титан_черный,M_L_S,квадратные_титан_черный_M_L_S
DAMIAN-2,KREUZBERGKINDER,мужские,пластик,ободковая,трапеция,черепаховый,50.0,22.0,145.0,,,солнцезащитные,трапеция_пластик_черепаховый,L_M_L,трапеция_пластик_черепаховый_L_M_L
DAY TRIPPER-22031-E-BLK-R,DITA,женские,пластик,ободковая,бабочка,черный,55.0,20.0,145.0,,,солнцезащитные,бабочка_пластик_черный,L_L_L,бабочка_пластик_черный_L_L_L
DEAR FRIDAY - 01,GAST,универсальные,пластик,ободковая,прямоугольные,черный,51.0,21.0,145.0,,,солнцезащитные,прямоугольные_пластик_черный,L_M_L,прямоугольные_пластик_черный_L_M_L
DEAR FRIDAY - 04,GAST,универсальные,пластик,ободковая,прямоугольные,бежевый,51.0,21.0,145.0,,,солнцезащитные,прямоугольные_пластик_бежевый,L_M_L,прямоугольные_пластик_бежевый_L_M_L
DECO-TG1 BLACK,FOR ART'S SAKE,женские,пластик,ободковая,бабочка,черный,55.0,22.0,145.0,,,солнцезащитные,бабочка_пластик_черный,L_L_L,бабочка_пластик_черный_L_L_L
DEEP II AS-WEPV,CHROME HEARTS,универсальные,металл,безободковая,прямоугольные,темно-серый,57.0,20.0,141.0,,,солнцезащитные,прямоугольные_металл_темно-серый,M_L_L,прямоугольные_металл_темно-серый_M_L_L
DEEP-563,MYKITA,мужские,металл,полуободковая,квадратные,серый,52.0,23.0,145.0,,,солнцезащитные,квадратные_металл_серый,L_L_L,квадратные_металл_серый_L_L_L
DEXTER-G0080TB06S,GRESSO,мужские,титан,полуободковая,квадратные,черный,58.0,18.0,140.0,,,солнцезащитные,квадратные_титан_черный,M_L_L,квадратные_титан_черный_M_L_L
DILLINGER-1-26F,EYEPETIZER,универсальные,металл,безободковая,прямоугольные,золотой,52.0,18.0,145.0,,,солнцезащитные,прямоугольные_металл_золотой,L_L_L,прямоугольные_металл_золотой_L_L_L
DILLINGER-4-25F,EYEPETIZER,универсальные,металл,безободковая,прямоугольные,золотой,52.0,18.0,145.0,,,солнцезащитные,прямоугольные_металл_золотой,L_L_L,прямоугольные_металл_золотой_L_L_L
DILLINGER-4-44F,EYEPETIZER,универсальные,металл,безободковая,прямоугольные,золотой,52.0,18.0,145.0,,,солнцезащитные,прямоугольные_металл_золотой,L_L_L,прямоугольные_металл_золотой_L_L_L
DiorEssential Al-85A5,DIOR,мужские,пластик,ободковая,панто,,58.0,13.0,145.0,,,солнцезащитные,,L_L_S,
DiorSignature S9U-10A0,DIOR,женские,пластик,ободковая,прямоугольные,черный,56.0,16.0,125.0,,,солнцезащитные,прямоугольные_пластик_черный,S_L_M,прямоугольные_пластик_черный_S_L_M
DiorSolar S1U-95A0,DIOR,женские,пластик,ободковая,квадратные,белый,59.0,15.0,135.0,,,солнцезащитные,квадратные_пластик_белый,M_L_S,квадратные_пластик_белый_M_L_S
DiorTag SU-10B0,DIOR,мужские,пластик,ободковая,прямоугольные,,56.0,19.0,145.0,,,солнцезащитные,,L_L_L,
DONOVAN-431,MYKITA,мужские,металл,полуободковая,прямоугольные,,55.0,20.0,150.0,,,солнцезащитные,,L_L_L,
DW-5 B,DRIVEWEAR,универсальные,металл,безободковая,прямоугольные,,,,,,,солнцезащитные,,L_L_L,
EMBRA-155-A-03,DITA,женские,металл,безободковая,квадратные,серебристый/золотой,58.0,17.0,135.0,,,солнцезащитные,квадратные_металл_серебристый/золотой,M_L_M,квадратные_металл_серебристый/золотой_M_L_M
EMMA-G0188TB04S,GRESSO,женские,титан,полуободковая,бабочка,черный,58.0,18.0,140.0,,,солнцезащитные,бабочка_титан_черный,M_L_L,бабочка_титан_черный_M_L_L
ERIS-505A,AKONI,универсальные,титан,ободковая,круглые,серебристый/золотой,46.0,22.0,140.0,,,солнцезащитные,круглые_титан_серебристый/золотой,M_S_L,круглые_титан_серебристый/золотой_M_S_L
ERIS-505C,AKONI,универсальные,титан,ободковая,круглые,черный/золотой,46.0,22.0,140.0,,,солнцезащитные,круглые_титан_черный/золотой,M_S_L,круглые_титан_черный/золотой_M_S_L
ERIS-TWO-508B,AKONI,универсальные,титан,ободковая,прямоугольные,черный/серебристый,51.0,19.0,140.0,,,солнцезащитные,прямоугольные_титан_черный/серебристый,M_M_L,прямоугольные_титан_черный/серебристый_M_M_L
ERIS-TWO-508C,AKONI,универсальные,титан,ободковая,прямоугольные,серый/золотой,51.0,19.0,140.0,,,солнцезащитные,прямоугольные_титан_серый/золотой,M_M_L,прямоугольные_титан_серый/золотой_M_M_L
ETHEREGE-1-53,EYEPETIZER,универсальные,металл,безободковая,прямоугольные,серебристый,,,,,,солнцезащитные,прямоугольные_металл_серебристый,L_L_L,прямоугольные_металл_серебристый_L_L_L
ETHEREGE-4-52,EYEPETIZER,универсальные,металл,безободковая,прямоугольные,золотой,,,,,,солнцезащитные,прямоугольные_металл_золотой,L_L_L,прямоугольные_металл_золотой_L_L_L
ETHEREGE-6-51,EYEPETIZER,универсальные,металл,безободковая,прямоугольные,черный,,,,,,солнцезащитные,прямоугольные_металл_черный,L_L_L,прямоугольные_металл_черный_L_L_L
F83-302P,CHOPARD,мужские,титан,ободковая,квадратные,черный/золотой,60.0,16.0,145.0,,,солнцезащитные,квадратные_титан_черный/золотой,L_L_M,квадратные_титан_черный/золотой_L_L_M
FARFA - FF03,GAST,универсальные,металл,ободковая,необычные,золотой,54.0,21.0,140.0,,,солнцезащитные,необычные_металл_золотой,M_L_L,необычные_металл_золотой_M_L_L
FLAGLAB 16-KY21V,CARRERA,универсальные,металл и пластик,безободковая,маска,белый,99.0,1.0,130.0,,,солнцезащитные,маска_металл и пластик_белый,S_L_S,маска_металл и пластик_белый_S_L_S
FLECHE-138C,BALMAIN,универсальные,титан,безободковая,маска,золотой,141.0,,118.0,,,солнцезащитные,маска_титан_золотой,S_L_L,маска_титан_золотой_S_L_L
FLIGHT-EIGHT134-53-03-NVY,DITA,мужские,металл и пластик,ободковая,прямоугольные,синий,53.0,21.0,144.0,,,солнцезащитные,прямоугольные_металл и пластик_синий,M_L_L,прямоугольные_металл и пластик_синий_M_L_L
FLIGHT-SEVEN-11-57-01-PLD,DITA,мужские,металл,ободковая,капли,серебристый,57.0,16.0,144.0,,,солнцезащитные,капли_металл_серебристый,M_L_M,капли_металл_серебристый_M_L_M
FPSN001-BLK,Fisher Price,подростковые универсальные,пластик,ободковая,прямоугольные,черный,47.0,17.0,129.0,,,солнцезащитные,прямоугольные_пластик_черный,S_S_M,прямоугольные_пластик_черный_S_S_M
FPSN001-BLUE,Fisher Price,подростковые универсальные,пластик,ободковая,прямоугольные,синий,47.0,17.0,129.0,,,солнцезащитные,прямоугольные_пластик_синий,S_S_M,прямоугольные_пластик_синий_S_S_M
FPSN001-ORG,Fisher Price,подростковые универсальные,пластик,ободковая,прямоугольные,оранжевый,47.0,17.0,129.0,,,солнцезащитные,прямоугольные_пластик_оранжевый,S_S_M,прямоугольные_пластик_оранжевый_S_S_M
FPSN006-PRP,Fisher Price,детские для девочек,пластик,ободковая,вайфайеры,розовый,46.0,12.0,121.0,,,солнцезащитные,вайфайеры_пластик_розовый,S_S_S,вайфайеры_пластик_розовый_S_S_S
FPSN009-BLUE,Fisher Price,детские универсальные,пластик,ободковая,овальные,синий,42.0,20.0,124.0,,,солнцезащитные,овальные_пластик_синий,S_S_L,овальные_пластик_синий_S_S_L
FRIDA-MASK FK-A2 BLUE,FOR ART'S SAKE,женские,металл,ободковая,бабочка,черный,59.0,17.0,145.0,,,солнцезащитные,бабочка_металл_черный,L_L_M,бабочка_металл_черный_L_L_M
FRIDA-MASK FK-A3 ROSE,FOR ART'S SAKE,женские,металл,ободковая,бабочка,золотой,59.0,17.0,145.0,,,солнцезащитные,бабочка_металл_золотой,L_L_M,бабочка_металл_золотой_L_L_M
FRIDA-PORTRAIT FK-B1 BLAC,FOR ART'S SAKE,женские,пластик,ободковая,овальные,черный,55.0,19.0,148.0,,,солнцезащитные,овальные_пластик_черный,L_L_L,овальные_пластик_черный_L_L_L
FRIDA-PORTRAIT FK-B2 BROW,FOR ART'S SAKE,женские,пластик,ободковая,овальные,гавана,55.0,19.0,148.0,,,солнцезащитные,овальные_пластик_гавана,L_L_L,овальные_пластик_гавана_L_L_L
G33S-0307,CHOPARD,женские,металл,ободковая,квадратные,золотой,61.0,18.0,140.0,,,солнцезащитные,квадратные_металл_золотой,M_L_L,квадратные_металл_золотой_M_L_L
G33S-354,CHOPARD,женские,металл,ободковая,квадратные,бронзовый,61.0,18.0,140.0,,,солнцезащитные,квадратные_металл_бронзовый,M_L_L,квадратные_металл_бронзовый_M_L_L
G61-301P,CHOPARD,мужские,металл,ободковая,трапеция,черный/золотой,62.0,12.0,145.0,,,солнцезащитные,трапеция_металл_черный/золотой,L_L_S,трапеция_металл_черный/золотой_L_L_S
G63-340P,CHOPARD,мужские,металл,ободковая,капли,бронзовый,62.0,14.0,145.0,,,солнцезащитные,капли_металл_бронзовый,L_L_S,капли_металл_бронзовый_L_L_S
G68S-A32X,CHOPARD,женские,металл,полуободковая,квадратные,золотой,62.0,17.0,135.0,,,солнцезащитные,квадратные_металл_золотой,M_L_M,квадратные_металл_золотой_M_L_M
G80-579,CHOPARD,мужские,металл,безободковая,прямоугольные,серебристый,60.0,12.0,145.0,,,солнцезащитные,прямоугольные_металл_серебристый,L_L_S,прямоугольные_металл_серебристый_L_L_S
G80-8FFK,CHOPARD,мужские,металл,безободковая,квадратные,бронзовый,60.0,12.0,145.0,,,солнцезащитные,квадратные_металл_бронзовый,L_L_S,квадратные_металл_бронзовый_L_L_S
GALIT - 01,GAST,универсальные,пластик,ободковая,панто,черный,50.0,20.0,145.0,,,солнцезащитные,панто_пластик_черный,L_M_L,панто_пластик_черный_L_M_L
GALIT - 03,GAST,универсальные,пластик,ободковая,панто,гавана,50.0,20.0,145.0,,,солнцезащитные,панто_пластик_гавана,L_M_L,панто_пластик_гавана_L_M_L
GATE - 02,GAST,универсальные,пластик,ободковая,прямоугольные,гавана,50.0,22.0,145.0,,,солнцезащитные,прямоугольные_пластик_гавана,L_M_L,прямоугольные_пластик_гавана_L_M_L
GENERATION-EM6-ROSE,FOR ART'S SAKE,женские,металл,безободковая,бабочка,золотой,62.0,17.0,140.0,,,солнцезащитные,бабочка_металл_золотой,M_L_M,бабочка_металл_золотой_M_L_M
GENERATION-EM7-TOPAZ,FOR ART'S SAKE,женские,металл,безободковая,бабочка,золотой,62.0,17.0,140.0,,,солнцезащитные,бабочка_металл_золотой,M_L_M,бабочка_металл_золотой_M_L_M
GENEVA-G7006A,GRESSO,женские,титан,ободковая,панто,черный,57.0,22.0,140.0,,,солнцезащитные,панто_титан_черный,M_L_L,панто_титан_черный_M_L_L
GINZA-1-28F,EYEPETIZER,женские,металл,полуободковая,половинки,,,,,,,солнцезащитные,,L_L_L,
GOLDCUT II-114A,VALENTINO,женские,пластик,ободковая,кошачий глаз,черный/золотой,49.0,18.0,142.0,,,солнцезащитные,кошачий глаз_пластик_черный/золотой,M_M_L,кошачий глаз_пластик_черный/золотой_M_M_L
GOTNA - 02,GAST,универсальные,пластик,ободковая,прямоугольные,гавана,51.0,22.0,145.0,,,солнцезащитные,прямоугольные_пластик_гавана,L_M_L,прямоугольные_пластик_гавана_L_M_L
GRAND BEASTIV-MBK-GP,CHROME HEARTS,мужские,металл,ободковая,авиаторы,,59.0,15.0,140.0,,,солнцезащитные,,M_L_S,
GRAND PRIX 3-D5108,CARRERA,мужские,пластик,ободковая,маска,черный/белый,64.0,9.0,135.0,,,солнцезащитные,маска_пластик_черный/белый,M_L_S,маска_пластик_черный/белый_M_L_S
GRAND-EVO-ONE138-A-01-GLD,DITA,универсальные,металл,безободковая,квадратные,золотой,57.0,16.0,145.0,,,солнцезащитные,квадратные_металл_золотой,L_L_M,квадратные_металл_золотой_L_L_M
H42-BB,KUBORAUM,универсальные,металл,безободковая,овальные,серый,40.0,29.0,140.0,,,солнцезащитные,овальные_металл_серый,M_S_L,овальные_металл_серый_M_S_L
H42-GD,KUBORAUM,универсальные,металл,безободковая,овальные,золотой,40.0,29.0,140.0,,,солнцезащитные,овальные_металл_золотой,M_S_L,овальные_металл_золотой_M_S_L
H44-PG,KUBORAUM,женские,металл,безободковая,необычные,розовый,51.0,19.0,140.0,,,солнцезащитные,необычные_металл_розовый,M_M_L,необычные_металл_розовый_M_M_L
he Parker-S9301,KOMONO,универсальные,пластик,ободковая,трапеция,,50.5,20.5,145.0,,,солнцезащитные,,L_M_L,
HEIDI-01,WOODYS,женские,металл и пластик,ободковая,круглые,черный/золотой,50.0,22.0,140.0,,,солнцезащитные,круглые_металл и пластик_черный/золотой,M_M_L,круглые_металл и пластик_черный/золотой_M_M_L
HEIDI-02,WOODYS,женские,металл и пластик,ободковая,круглые,черепаховый,50.0,22.0,140.0,,,солнцезащитные,круглые_металл и пластик_черепаховый,M_M_L,круглые_металл и пластик_черепаховый_M_M_L
HEIDI-03,WOODYS,женские,металл и пластик,ободковая,круглые,синий/золотой,50.0,22.0,140.0,,,солнцезащитные,круглые_металл и пластик_синий/золотой,M_M_L,круглые_металл и пластик_синий/золотой_M_M_L
Helmut Lang HL001-875,MYKITA,универсальные,металл,полуободковая,прямоугольные,черный,57.0,13.0,110.0,,,солнцезащитные,прямоугольные_металл_черный,S_L_S,прямоугольные_металл_черный_S_L_S
HERA-203C,AKONI,мужские,титан,ободковая,трапеция,черный/серый,58.0,16.0,147.0,,,солнцезащитные,трапеция_титан_черный/серый,L_L_M,трапеция_титан_черный/серый_L_L_M
HESTER/S-BKUI4,JIMMY CHOO,женские,металл,ободковая,бабочка,золотой,59.0,15.0,145.0,,,солнцезащитные,бабочка_металл_золотой,L_L_S,бабочка_металл_золотой_L_L_S
HIGH-ERA - 01,GAST,женские,пластик,ободковая,прямоугольные,черный,51.0,21.0,145.0,,,солнцезащитные,прямоугольные_пластик_черный,L_M_L,прямоугольные_пластик_черный_L_M_L
HIGH-ERA - 02,GAST,женские,пластик,ободковая,прямоугольные,черепаховый,51.0,21.0,145.0,,,солнцезащитные,прямоугольные_пластик_черепаховый,L_M_L,прямоугольные_пластик_черепаховый_L_M_L
HORT-3-24F,EYEPETIZER,универсальные,металл,ободковая,панто,серый,46.0,21.0,145.0,,,солнцезащитные,панто_металл_серый,L_S_L,панто_металл_серый_L_S_L
HOUSTON-G0255TB01SZ02,GRESSO,мужские,титан,полуободковая,квадратные,черный,57.0,21.0,140.0,,,солнцезащитные,квадратные_титан_черный,M_L_L,квадратные_титан_черный_M_L_L
HOUSTON-G0255TB03SPZ05,GRESSO,мужские,титан,полуободковая,квадратные,черный/коричневый,50.0,24.0,140.0,,,солнцезащитные,квадратные_титан_черный/коричневый,M_M_L,квадратные_титан_черный/коричневый_M_M_L
IA22402B,INVU,универсальные,пластик,ободковая,спортивные,черный/синий,,,,,,солнцезащитные,спортивные_пластик_черный/синий,L_L_L,спортивные_пластик_черный/синий_L_L_L
IA22403A,INVU,универсальные,пластик,ободковая,маска,черный,,,,,,солнцезащитные,маска_пластик_черный,L_L_L,маска_пластик_черный_L_L_L
IA22403B,INVU,универсальные,пластик,безободковая,маска,синий,,,,,,солнцезащитные,маска_пластик_синий,L_L_L,маска_пластик_синий_L_L_L
IA22405A,INVU,универсальные,пластик,ободковая,спортивные,черный,,,,,,солнцезащитные,спортивные_пластик_черный,L_L_L,спортивные_пластик_черный_L_L_L
IA22405B,INVU,универсальные,пластик,ободковая,спортивные,черный,,,,,,солнцезащитные,спортивные_пластик_черный,L_L_L,спортивные_пластик_черный_L_L_L
IA22407A,INVU,мужские,пластик,ободковая,спортивные,черный,,,,,,солнцезащитные,спортивные_пластик_черный,L_L_L,спортивные_пластик_черный_L_L_L
IA22407B,INVU,мужские,пластик,ободковая,спортивные,синий,,,,,,солнцезащитные,спортивные_пластик_синий,L_L_L,спортивные_пластик_синий_L_L_L
IA22415C,INVU,мужские,пластик,ободковая,спортивные,черный,,,,,,солнцезащитные,спортивные_пластик_черный,L_L_L,спортивные_пластик_черный_L_L_L
IA22417C,INVU,мужские,пластик,ободковая,трапеция,черный,,,,,,солнцезащитные,трапеция_пластик_черный,L_L_L,трапеция_пластик_черный_L_L_L
IA22418A,INVU,мужские,пластик,ободковая,спортивные,черный,,,,,,солнцезащитные,спортивные_пластик_черный,L_L_L,спортивные_пластик_черный_L_L_L
IA22419A,INVU,мужские,пластик,ободковая,трапеция,черный,,,,,,солнцезащитные,трапеция_пластик_черный,L_L_L,трапеция_пластик_черный_L_L_L
IB12400A,INVU,мужские,металл,ободковая,необычные,темно-серый,,,,,,солнцезащитные,необычные_металл_темно-серый,L_L_L,необычные_металл_темно-серый_L_L_L
IB12400B,INVU,мужские,металл,ободковая,необычные,черный,,,,,,солнцезащитные,необычные_металл_черный,L_L_L,необычные_металл_черный_L_L_L
IB12401B,INVU,универсальные,металл,ободковая,авиаторы,темно-серый,,,,,,солнцезащитные,авиаторы_металл_темно-серый,L_L_L,авиаторы_металл_темно-серый_L_L_L
IB12401C,INVU,универсальные,металл,ободковая,авиаторы,золотой,,,,,,солнцезащитные,авиаторы_металл_золотой,L_L_L,авиаторы_металл_золотой_L_L_L
IB12402A,INVU,универсальные,металл,ободковая,панто,серебристый,,,,,,солнцезащитные,панто_металл_серебристый,L_L_L,панто_металл_серебристый_L_L_L
IB12402B,INVU,универсальные,металл,ободковая,панто,серый,,,,,,солнцезащитные,панто_металл_серый,L_L_L,панто_металл_серый_L_L_L
IB12402C,INVU,женские,металл,ободковая,панто,золотой,,,,,,солнцезащитные,панто_металл_золотой,L_L_L,панто_металл_золотой_L_L_L
IB12404C,INVU,универсальные,металл,ободковая,авиаторы,серебристый,,,,,,солнцезащитные,авиаторы_металл_серебристый,L_L_L,авиаторы_металл_серебристый_L_L_L
IB12406B,INVU,мужские,металл,ободковая,трапеция,серый,,,,,,солнцезащитные,трапеция_металл_серый,L_L_L,трапеция_металл_серый_L_L_L
IB12406C,INVU,мужские,металл,ободковая,трапеция,черный,,,,,,солнцезащитные,трапеция_металл_черный,L_L_L,трапеция_металл_черный_L_L_L
IB12408A,INVU,мужские,металл,ободковая,прямоугольные,темно-серый,,,,,,солнцезащитные,прямоугольные_металл_темно-серый,L_L_L,прямоугольные_металл_темно-серый_L_L_L
IB12411A,INVU,женские,металл,ободковая,маска,золотой,,,,,,солнцезащитные,маска_металл_золотой,L_L_L,маска_металл_золотой_L_L_L
IB12411B,INVU,женские,металл,ободковая,маска,золотой,,,,,,солнцезащитные,маска_металл_золотой,L_L_L,маска_металл_золотой_L_L_L
IB12413A,INVU,женские,металл,ободковая,кошачий глаз,черный/золотой,,,,,,солнцезащитные,кошачий глаз_металл_черный/золотой,L_L_L,кошачий глаз_металл_черный/золотой_L_L_L
IB12413C,INVU,женские,металл,ободковая,кошачий глаз,белый,,,,,,солнцезащитные,кошачий глаз_металл_белый,L_L_L,кошачий глаз_металл_белый_L_L_L
IB12413D,INVU,женские,металл,ободковая,кошачий глаз,синий/серебристый,,,,,,солнцезащитные,кошачий глаз_металл_синий/серебристый,L_L_L,кошачий глаз_металл_синий/серебристый_L_L_L
IB12414A,INVU,женские,металл,ободковая,кошачий глаз,черный/золотой,,,,,,солнцезащитные,кошачий глаз_металл_черный/золотой,L_L_L,кошачий глаз_металл_черный/золотой_L_L_L
IB12414B,INVU,женские,металл,ободковая,кошачий глаз,бордовый,,,,,,солнцезащитные,кошачий глаз_металл_бордовый,L_L_L,кошачий глаз_металл_бордовый_L_L_L
IB12414C,INVU,женские,металл,ободковая,кошачий глаз,синий/серебристый,,,,,,солнцезащитные,кошачий глаз_металл_синий/серебристый,L_L_L,кошачий глаз_металл_синий/серебристый_L_L_L
IB12416B,INVU,мужские,металл,ободковая,прямоугольные,темно-серый,,,,,,солнцезащитные,прямоугольные_металл_темно-серый,L_L_L,прямоугольные_металл_темно-серый_L_L_L
IB12416C,INVU,мужские,металл,ободковая,прямоугольные,черный,,,,,,солнцезащитные,прямоугольные_металл_черный,L_L_L,прямоугольные_металл_черный_L_L_L
IB22402A,INVU,женские,пластик,ободковая,бабочка,черный,,,,,,солнцезащитные,бабочка_пластик_черный,L_L_L,бабочка_пластик_черный_L_L_L
IB22402C,INVU,женские,пластик,ободковая,бабочка,коричневый,,,,,,солнцезащитные,бабочка_пластик_коричневый,L_L_L,бабочка_пластик_коричневый_L_L_L
IB22405A,INVU,женские,пластик,ободковая,прямоугольные,черный,,,,,,солнцезащитные,прямоугольные_пластик_черный,L_L_L,прямоугольные_пластик_черный_L_L_L
IB22405B,INVU,женские,пластик,ободковая,прямоугольные,зеленый,,,,,,солнцезащитные,прямоугольные_пластик_зеленый,L_L_L,прямоугольные_пластик_зеленый_L_L_L
IB22405C,INVU,женские,пластик,ободковая,прямоугольные,серый,,,,,,солнцезащитные,прямоугольные_пластик_серый,L_L_L,прямоугольные_пластик_серый_L_L_L
IB22405D,INVU,женские,пластик,ободковая,прямоугольные,бежевый,,,,,,солнцезащитные,прямоугольные_пластик_бежевый,L_L_L,прямоугольные_пластик_бежевый_L_L_L
IB22406A,INVU,женские,пластик,ободковая,бабочка,черный,,,,,,солнцезащитные,бабочка_пластик_черный,L_L_L,бабочка_пластик_черный_L_L_L
IB22406B,INVU,женские,пластик,ободковая,бабочка,черепаховый,,,,,,солнцезащитные,бабочка_пластик_черепаховый,L_L_L,бабочка_пластик_черепаховый_L_L_L
IB22408A,INVU,женские,пластик,ободковая,бабочка,черный,,,,,,солнцезащитные,бабочка_пластик_черный,L_L_L,бабочка_пластик_черный_L_L_L
IB22408C,INVU,женские,пластик,ободковая,бабочка,бирюзовый,,,,,,солнцезащитные,бабочка_пластик_бирюзовый,L_L_L,бабочка_пластик_бирюзовый_L_L_L
IB22408D,INVU,женские,пластик,ободковая,бабочка,бордовый,,,,,,солнцезащитные,бабочка_пластик_бордовый,L_L_L,бабочка_пластик_бордовый_L_L_L
IB22408E,INVU,женские,пластик,ободковая,бабочка,бежевый,,,,,,солнцезащитные,бабочка_пластик_бежевый,L_L_L,бабочка_пластик_бежевый_L_L_L
IB22411A,INVU,женские,пластик,ободковая,бабочка,черный,,,,,,солнцезащитные,бабочка_пластик_черный,L_L_L,бабочка_пластик_черный_L_L_L
IB22411B,INVU,женские,пластик,ободковая,бабочка,синий,,,,,,солнцезащитные,бабочка_пластик_синий,L_L_L,бабочка_пластик_синий_L_L_L
IB22411C,INVU,женские,пластик,ободковая,бабочка,серый,,,,,,солнцезащитные,бабочка_пластик_серый,L_L_L,бабочка_пластик_серый_L_L_L
IB22413A,INVU,мужские,пластик,ободковая,прямоугольные,синий,,,,,,солнцезащитные,прямоугольные_пластик_синий,L_L_L,прямоугольные_пластик_синий_L_L_L
IB22413B,INVU,мужские,пластик,ободковая,прямоугольные,черный,,,,,,солнцезащитные,прямоугольные_пластик_черный,L_L_L,прямоугольные_пластик_черный_L_L_L
IB22413C,INVU,мужские,пластик,ободковая,прямоугольные,темно-серый,,,,,,солнцезащитные,прямоугольные_пластик_темно-серый,L_L_L,прямоугольные_пластик_темно-серый_L_L_L
IB22414A,INVU,женские,пластик,ободковая,бабочка,черный,,,,,,солнцезащитные,бабочка_пластик_черный,L_L_L,бабочка_пластик_черный_L_L_L
IB22414C,INVU,женские,пластик,ободковая,бабочка,бежевый,,,,,,солнцезащитные,бабочка_пластик_бежевый,L_L_L,бабочка_пластик_бежевый_L_L_L
IB22415B,INVU,женские,пластик,ободковая,бабочка,черный,,,,,,солнцезащитные,бабочка_пластик_черный,L_L_L,бабочка_пластик_черный_L_L_L
IB22415C,INVU,женские,пластик,ободковая,бабочка,черепаховый,,,,,,солнцезащитные,бабочка_пластик_черепаховый,L_L_L,бабочка_пластик_черепаховый_L_L_L
IB22416A,INVU,универсальные,пластик,ободковая,вайфайеры,черный,,,,,,солнцезащитные,вайфайеры_пластик_черный,L_L_L,вайфайеры_пластик_черный_L_L_L
IB22416B,INVU,универсальные,пластик,ободковая,вайфайеры,серый,,,,,,солнцезащитные,вайфайеры_пластик_серый,L_L_L,вайфайеры_пластик_серый_L_L_L
IB22417A,INVU,женские,пластик,ободковая,бабочка,черный,,,,,,солнцезащитные,бабочка_пластик_черный,L_L_L,бабочка_пластик_черный_L_L_L
IB22419A,INVU,женские,пластик,ободковая,бабочка,черный,,,,,,солнцезащитные,бабочка_пластик_черный,L_L_L,бабочка_пластик_черный_L_L_L
IB22419C,INVU,женские,пластик,ободковая,бабочка,бордовый,,,,,,солнцезащитные,бабочка_пластик_бордовый,L_L_L,бабочка_пластик_бордовый_L_L_L
IB22420A,INVU,женские,пластик,ободковая,бабочка,черный,,,,,,солнцезащитные,бабочка_пластик_черный,L_L_L,бабочка_пластик_черный_L_L_L
IB22421C,INVU,женские,пластик,ободковая,кошачий глаз,многоцветный,,,,,,солнцезащитные,кошачий глаз_пластик_многоцветный,L_L_L,кошачий глаз_пластик_многоцветный_L_L_L
IB22422A,INVU,женские,пластик,ободковая,квадратные,черный,,,,,,солнцезащитные,квадратные_пластик_черный,L_L_L,квадратные_пластик_черный_L_L_L
IB22422C,INVU,женские,пластик,ободковая,квадратные,серый,,,,,,солнцезащитные,квадратные_пластик_серый,L_L_L,квадратные_пластик_серый_L_L_L
IB22423A,INVU,мужские,пластик,ободковая,квадратные,черный,,,,,,солнцезащитные,квадратные_пластик_черный,L_L_L,квадратные_пластик_черный_L_L_L
IB22424B,INVU,женские,пластик,ободковая,бабочка,черный/белый,,,,,,солнцезащитные,бабочка_пластик_черный/белый,L_L_L,бабочка_пластик_черный/белый_L_L_L
IB22424C,INVU,женские,пластик,ободковая,бабочка,коричневый,,,,,,солнцезащитные,бабочка_пластик_коричневый,L_L_L,бабочка_пластик_коричневый_L_L_L
IB22425A,INVU,женские,пластик,ободковая,овальные,коричневый,,,,,,солнцезащитные,овальные_пластик_коричневый,L_L_L,овальные_пластик_коричневый_L_L_L
IB22430A,INVU,женские,пластик,ободковая,бабочка,черный,,,,,,солнцезащитные,бабочка_пластик_черный,L_L_L,бабочка_пластик_черный_L_L_L
IB22430B,INVU,женские,пластик,ободковая,бабочка,черепаховый,,,,,,солнцезащитные,бабочка_пластик_черепаховый,L_L_L,бабочка_пластик_черепаховый_L_L_L
IB22431A,INVU,женские,пластик,ободковая,необычные,черный,,,,,,солнцезащитные,необычные_пластик_черный,L_L_L,необычные_пластик_черный_L_L_L
IB22440C,INVU,универсальные,пластик,ободковая,квадратные,прозрачный,,,,,,солнцезащитные,квадратные_пластик_прозрачный,L_L_L,квадратные_пластик_прозрачный_L_L_L
IB22441A,INVU,женские,пластик,ободковая,бабочка,черный,,,,,,солнцезащитные,бабочка_пластик_черный,L_L_L,бабочка_пластик_черный_L_L_L
IB22441B,INVU,женские,пластик,ободковая,бабочка,коричневый,,,,,,солнцезащитные,бабочка_пластик_коричневый,L_L_L,бабочка_пластик_коричневый_L_L_L
IB22442A,INVU,женские,пластик,ободковая,бабочка,черный,,,,,,солнцезащитные,бабочка_пластик_черный,L_L_L,бабочка_пластик_черный_L_L_L
IB22444A,INVU,женские,пластик,ободковая,кошачий глаз,черный,,,,,,солнцезащитные,кошачий глаз_пластик_черный,L_L_L,кошачий глаз_пластик_черный_L_L_L
IB22444B,INVU,женские,пластик,ободковая,кошачий глаз,коричневый,,,,,,солнцезащитные,кошачий глаз_пластик_коричневый,L_L_L,кошачий глаз_пластик_коричневый_L_L_L
IB22445A,INVU,мужские,пластик,ободковая,квадратные,черный,,,,,,солнцезащитные,квадратные_пластик_черный,L_L_L,квадратные_пластик_черный_L_L_L
IB22445D,INVU,мужские,пластик,ободковая,квадратные,черный,,,,,,солнцезащитные,квадратные_пластик_черный,L_L_L,квадратные_пластик_черный_L_L_L
IB22446A,INVU,женские,пластик,ободковая,бабочка,черный,,,,,,солнцезащитные,бабочка_пластик_черный,L_L_L,бабочка_пластик_черный_L_L_L
IB22446C,INVU,женские,пластик,ободковая,бабочка,бордовый,,,,,,солнцезащитные,бабочка_пластик_бордовый,L_L_L,бабочка_пластик_бордовый_L_L_L
IB22447A,INVU,женские,пластик,ободковая,бабочка,черный,,,,,,солнцезащитные,бабочка_пластик_черный,L_L_L,бабочка_пластик_черный_L_L_L
IB22447C,INVU,женские,пластик,ободковая,бабочка,фиолетовый,,,,,,солнцезащитные,бабочка_пластик_фиолетовый,L_L_L,бабочка_пластик_фиолетовый_L_L_L
IB22448A,INVU,женские,пластик,ободковая,квадратные,черный,,,,,,солнцезащитные,квадратные_пластик_черный,L_L_L,квадратные_пластик_черный_L_L_L
IB22448B,INVU,женские,пластик,ободковая,квадратные,бежевый,,,,,,солнцезащитные,квадратные_пластик_бежевый,L_L_L,квадратные_пластик_бежевый_L_L_L
IB22449A,INVU,универсальные,пластик,ободковая,трапеция,черный,,,,,,солнцезащитные,трапеция_пластик_черный,L_L_L,трапеция_пластик_черный_L_L_L
IB22451A,INVU,женские,пластик,ободковая,кошачий глаз,черный,,,,,,солнцезащитные,кошачий глаз_пластик_черный,L_L_L,кошачий глаз_пластик_черный_L_L_L
IB22451B,INVU,женские,пластик,ободковая,кошачий глаз,фиолетовый,,,,,,солнцезащитные,кошачий глаз_пластик_фиолетовый,L_L_L,кошачий глаз_пластик_фиолетовый_L_L_L
IB22451C,INVU,женские,пластик,ободковая,кошачий глаз,черепаховый,,,,,,солнцезащитные,кошачий глаз_пластик_черепаховый,L_L_L,кошачий глаз_пластик_черепаховый_L_L_L
IB22455A,INVU,универсальные,пластик,ободковая,вайфайеры,черный,,,,,,солнцезащитные,вайфайеры_пластик_черный,L_L_L,вайфайеры_пластик_черный_L_L_L
IB22455B,INVU,универсальные,пластик,ободковая,вайфайеры,синий,,,,,,солнцезащитные,вайфайеры_пластик_синий,L_L_L,вайфайеры_пластик_синий_L_L_L
IB22456A,INVU,женские,пластик,ободковая,квадратные,черный,,,,,,солнцезащитные,квадратные_пластик_черный,L_L_L,квадратные_пластик_черный_L_L_L
IB22456B,INVU,женские,пластик,ободковая,квадратные,фиолетовый,,,,,,солнцезащитные,квадратные_пластик_фиолетовый,L_L_L,квадратные_пластик_фиолетовый_L_L_L
IB22456C,INVU,женские,пластик,ободковая,квадратные,бордовый,,,,,,солнцезащитные,квадратные_пластик_бордовый,L_L_L,квадратные_пластик_бордовый_L_L_L
IB22458A,INVU,женские,пластик,ободковая,панто,черный,,,,,,солнцезащитные,панто_пластик_черный,L_L_L,панто_пластик_черный_L_L_L
IB22458C,INVU,женские,пластик,ободковая,панто,сиреневый,,,,,,солнцезащитные,панто_пластик_сиреневый,L_L_L,панто_пластик_сиреневый_L_L_L
IB22459A,INVU,мужские,пластик,ободковая,трапеция,черный,,,,,,солнцезащитные,трапеция_пластик_черный,L_L_L,трапеция_пластик_черный_L_L_L
IB22461A,INVU,универсальные,пластик,ободковая,панто,черный,,,,,,солнцезащитные,панто_пластик_черный,L_L_L,панто_пластик_черный_L_L_L
IB22461B,INVU,универсальные,пластик,ободковая,панто,прозрачный,,,,,,солнцезащитные,панто_пластик_прозрачный,L_L_L,панто_пластик_прозрачный_L_L_L
IB22463A,INVU,мужские,пластик,ободковая,трапеция,черный,,,,,,солнцезащитные,трапеция_пластик_черный,L_L_L,трапеция_пластик_черный_L_L_L
IB22463C,INVU,мужские,пластик,ободковая,трапеция,синий,,,,,,солнцезащитные,трапеция_пластик_синий,L_L_L,трапеция_пластик_синий_L_L_L
IB22465A,INVU,женские,пластик,ободковая,бабочка,черный,,,,,,солнцезащитные,бабочка_пластик_черный,L_L_L,бабочка_пластик_черный_L_L_L
IK22401A,INVU,подростковые для девочек,пластик,ободковая,прямоугольные,черный,,,,,,солнцезащитные,прямоугольные_пластик_черный,L_L_L,прямоугольные_пластик_черный_L_L_L
IK22402A,INVU,подростковые универсальные,пластик,ободковая,вайфайеры,черный,,,,,,солнцезащитные,вайфайеры_пластик_черный,L_L_L,вайфайеры_пластик_черный_L_L_L
IK22403A,INVU,подростковые для девочек,пластик,ободковая,панто,фиолетовый,,,,,,солнцезащитные,панто_пластик_фиолетовый,L_L_L,панто_пластик_фиолетовый_L_L_L
IK22404B,INVU,детские для девочек,пластик,ободковая,кошачий глаз,розовый,,,,,,солнцезащитные,кошачий глаз_пластик_розовый,L_L_L,кошачий глаз_пластик_розовый_L_L_L
IK22405A,INVU,детские универсальные,пластик,ободковая,спортивные,черный,,,,,,солнцезащитные,спортивные_пластик_черный,L_L_L,спортивные_пластик_черный_L_L_L
IK22405B,INVU,детские универсальные,пластик,ободковая,спортивные,синий,,,,,,солнцезащитные,спортивные_пластик_синий,L_L_L,спортивные_пластик_синий_L_L_L
IK22407A,INVU,детские для девочек,пластик,ободковая,панто,розовый,,,,,,солнцезащитные,панто_пластик_розовый,L_L_L,панто_пластик_розовый_L_L_L
IK22407B,INVU,детские универсальные,пластик,ободковая,панто,зеленый,,,,,,солнцезащитные,панто_пластик_зеленый,L_L_L,панто_пластик_зеленый_L_L_L
IK22407C,INVU,детские универсальные,пластик,ободковая,панто,голубой,,,,,,солнцезащитные,панто_пластик_голубой,L_L_L,панто_пластик_голубой_L_L_L
IK22408A,INVU,детские для мальчиков,пластик,ободковая,спортивные,черный,,,,,,солнцезащитные,спортивные_пластик_черный,L_L_L,спортивные_пластик_черный_L_L_L
IK22409B,INVU,детские для мальчиков,пластик,ободковая,спортивные,синий,,,,,,солнцезащитные,спортивные_пластик_синий,L_L_L,спортивные_пластик_синий_L_L_L
IP22401A,INVU,женские,пластик,ободковая,панто,черный,,,,,,солнцезащитные,панто_пластик_черный,L_L_L,панто_пластик_черный_L_L_L
IP22401C,INVU,женские,пластик,ободковая,панто,синий,,,,,,солнцезащитные,панто_пластик_синий,L_L_L,панто_пластик_синий_L_L_L
IP22402A,INVU,женские,пластик,ободковая,бабочка,темно-серый,,,,,,солнцезащитные,бабочка_пластик_темно-серый,L_L_L,бабочка_пластик_темно-серый_L_L_L
IP22402B,INVU,женские,пластик,ободковая,бабочка,зеленый,,,,,,солнцезащитные,бабочка_пластик_зеленый,L_L_L,бабочка_пластик_зеленый_L_L_L
IP22402C,INVU,женские,пластик,ободковая,бабочка,многоцветный,,,,,,солнцезащитные,бабочка_пластик_многоцветный,L_L_L,бабочка_пластик_многоцветный_L_L_L
IP22406C,INVU,женские,пластик,ободковая,бабочка,черный/зеленый,,,,,,солнцезащитные,бабочка_пластик_черный/зеленый,L_L_L,бабочка_пластик_черный/зеленый_L_L_L
IP22407A,INVU,женские,пластик,ободковая,бабочка,черный/серый,,,,,,солнцезащитные,бабочка_пластик_черный/серый,L_L_L,бабочка_пластик_черный/серый_L_L_L
IP22407C,INVU,женские,пластик,ободковая,бабочка,черный/зеленый,,,,,,солнцезащитные,бабочка_пластик_черный/зеленый,L_L_L,бабочка_пластик_черный/зеленый_L_L_L
IP22408A,INVU,женские,пластик,ободковая,квадратные,черный,,,,,,солнцезащитные,квадратные_пластик_черный,L_L_L,квадратные_пластик_черный_L_L_L
IP22408B,INVU,женские,пластик,ободковая,квадратные,черный,,,,,,солнцезащитные,квадратные_пластик_черный,L_L_L,квадратные_пластик_черный_L_L_L
IP22409A,INVU,женские,пластик,ободковая,бабочка,черный,,,,,,солнцезащитные,бабочка_пластик_черный,L_L_L,бабочка_пластик_черный_L_L_L
IP22409C,INVU,женские,пластик,ободковая,бабочка,бирюзовый,,,,,,солнцезащитные,бабочка_пластик_бирюзовый,L_L_L,бабочка_пластик_бирюзовый_L_L_L
Jaxon 5184-1,PEPE JEANS,мужские,металл,ободковая,квадратные,черный,59.0,14.0,140.0,,,солнцезащитные,квадратные_металл_черный,M_L_S,квадратные_металл_черный_M_L_S
JIMMY`S-V-9-19,EYEPETIZER,женские,металл и пластик,ободковая,необычные,,,,,,,солнцезащитные,,L_L_L,
JOCKEY-4-42F,EYEPETIZER,женские,металл,ободковая,панто,бронзовый,49.0,21.0,145.0,,,солнцезащитные,панто_металл_бронзовый,L_M_L,панто_металл_бронзовый_L_M_L
JONDAL-1-23F,EYEPETIZER,универсальные,металл,ободковая,трапеция,серебристый,,,,,,солнцезащитные,трапеция_металл_серебристый,L_L_L,трапеция_металл_серебристый_L_L_L
JONDAL-3-24F,EYEPETIZER,универсальные,металл,ободковая,трапеция,темно-серый,,,,,,солнцезащитные,трапеция_металл_темно-серый,L_L_L,трапеция_металл_темно-серый_L_L_L
K1100A,INVU,подростковые универсальные,металл,ободковая,панто,серебристый,,,,,,солнцезащитные,панто_металл_серебристый,L_L_L,панто_металл_серебристый_L_L_L
K1100C,INVU,подростковые универсальные,металл,ободковая,панто,золотой,,,,,,солнцезащитные,панто_металл_золотой,L_L_L,панто_металл_золотой_L_L_L
K1102B,INVU,подростковые универсальные,металл,ободковая,капли,,,,,,,солнцезащитные,,L_L_L,
K1102C,INVU,подростковые универсальные,металл,ободковая,капли,,,,,,,солнцезащитные,,L_L_L,
K1300A,INVU,подростковые универсальные,металл,ободковая,необычные,серебристый,,,,,,солнцезащитные,необычные_металл_серебристый,L_L_L,необычные_металл_серебристый_L_L_L
K1300B,INVU,подростковые универсальные,металл,ободковая,необычные,золотой,,,,,,солнцезащитные,необычные_металл_золотой,L_L_L,необычные_металл_золотой_L_L_L
K1300C,INVU,подростковые универсальные,металл,ободковая,необычные,черный,,,,,,солнцезащитные,необычные_металл_черный,L_L_L,необычные_металл_черный_L_L_L
K2112B,INVU,подростковые для девочек,пластик,ободковая,вайфайеры,фиолетовый,,,,,,солнцезащитные,вайфайеры_пластик_фиолетовый,L_L_L,вайфайеры_пластик_фиолетовый_L_L_L
K2114A,INVU,подростковые универсальные,пластик,ободковая,вайфайеры,черный,,,,,,солнцезащитные,вайфайеры_пластик_черный,L_L_L,вайфайеры_пластик_черный_L_L_L
K2114B,INVU,подростковые для мальчиков,пластик,ободковая,вайфайеры,синий,,,,,,солнцезащитные,вайфайеры_пластик_синий,L_L_L,вайфайеры_пластик_синий_L_L_L
K2114D,INVU,подростковые универсальные,пластик,ободковая,вайфайеры,,,,,,,солнцезащитные,,L_L_L,
K2115D,INVU,подростковые универсальные,пластик,ободковая,панто,синий,,,,,,солнцезащитные,панто_пластик_синий,L_L_L,панто_пластик_синий_L_L_L
K2115K,INVU,подростковые универсальные,пластик,ободковая,панто,бирюзовый,,,,,,солнцезащитные,панто_пластик_бирюзовый,L_L_L,панто_пластик_бирюзовый_L_L_L
K2200A,INVU,детские для мальчиков,пластик,ободковая,квадратные,,50.0,14.0,,,,солнцезащитные,,L_M_S,
K2200B,INVU,детские для мальчиков,пластик,ободковая,квадратные,синий,50.0,14.0,,,,солнцезащитные,квадратные_пластик_синий,L_M_S,квадратные_пластик_синий_L_M_S
K2200D,INVU,детские для мальчиков,пластик,ободковая,квадратные,,,,,,,солнцезащитные,,L_L_L,
K2202B,INVU,детские для мальчиков,пластик,ободковая,вайфайеры,синий,,,,,,солнцезащитные,вайфайеры_пластик_синий,L_L_L,вайфайеры_пластик_синий_L_L_L
K2202E,INVU,подростковые универсальные,пластик,ободковая,вайфайеры,черный,,,,,,солнцезащитные,вайфайеры_пластик_черный,L_L_L,вайфайеры_пластик_черный_L_L_L
K2203B,INVU,детские универсальные,пластик,ободковая,спортивные,синий,58.0,13.0,,,,солнцезащитные,спортивные_пластик_синий,L_L_S,спортивные_пластик_синий_L_L_S
K2203C,INVU,детские для мальчиков,пластик,ободковая,спортивные,,,,,,,солнцезащитные,,L_L_L,
K2204B,INVU,детские для девочек,пластик,ободковая,кошачий глаз,розовый,,,,,,солнцезащитные,кошачий глаз_пластик_розовый,L_L_L,кошачий глаз_пластик_розовый_L_L_L
K2204C,INVU,детские для девочек,пластик,ободковая,кошачий глаз,сиреневый,,,,,,солнцезащитные,кошачий глаз_пластик_сиреневый,L_L_L,кошачий глаз_пластик_сиреневый_L_L_L
K2204E,INVU,подростковые для девочек,пластик,ободковая,кошачий глаз,черный,,,,,,солнцезащитные,кошачий глаз_пластик_черный,L_L_L,кошачий глаз_пластик_черный_L_L_L
K2204F,INVU,подростковые для девочек,пластик,ободковая,кошачий глаз,зеленый,,,,,,солнцезащитные,кошачий глаз_пластик_зеленый,L_L_L,кошачий глаз_пластик_зеленый_L_L_L
K2300E,INVU,подростковые для девочек,пластик,ободковая,бабочка,фиолетовый,,,,,,солнцезащитные,бабочка_пластик_фиолетовый,L_L_L,бабочка_пластик_фиолетовый_L_L_L
K2301C,INVU,подростковые универсальные,пластик,ободковая,панто,прозрачный,,,,,,солнцезащитные,панто_пластик_прозрачный,L_L_L,панто_пластик_прозрачный_L_L_L
K2301D,INVU,подростковые универсальные,пластик,ободковая,панто,синий,,,,,,солнцезащитные,панто_пластик_синий,L_L_L,панто_пластик_синий_L_L_L
K2301E,INVU,подростковые универсальные,пластик,ободковая,панто,фиолетовый,,,,,,солнцезащитные,панто_пластик_фиолетовый,L_L_L,панто_пластик_фиолетовый_L_L_L
K2302C,INVU,детские для девочек,пластик,ободковая,вайфайеры,,,,,,,солнцезащитные,,L_L_L,
K2302D,INVU,детские для девочек,пластик,ободковая,вайфайеры,,,,,,,солнцезащитные,,L_L_L,
K2302E,INVU,детские универсальные,пластик,ободковая,вайфайеры,,,,,,,солнцезащитные,,L_L_L,
K2303A,INVU,детские универсальные,пластик,ободковая,квадратные,,,,,,,солнцезащитные,,L_L_L,
K2303B,INVU,детские для девочек,пластик,ободковая,квадратные,,,,,,,солнцезащитные,,L_L_L,
K2303C,INVU,детские для девочек,пластик,ободковая,квадратные,розовый,,,,,,солнцезащитные,квадратные_пластик_розовый,L_L_L,квадратные_пластик_розовый_L_L_L
K2305B,INVU,детские для девочек,пластик,ободковая,панто,,,,,,,солнцезащитные,,L_L_L,
K2305D,INVU,детские для девочек,пластик,ободковая,панто,розовый,,,,,,солнцезащитные,панто_пластик_розовый,L_L_L,панто_пластик_розовый_L_L_L
K2305G,INVU,детские универсальные,пластик,ободковая,панто,голубой,,,,,,солнцезащитные,панто_пластик_голубой,L_L_L,панто_пластик_голубой_L_L_L
K2308A,INVU,подростковые для мальчиков,пластик,ободковая,спортивные,черный/красный,,,,,,солнцезащитные,спортивные_пластик_черный/красный,L_L_L,спортивные_пластик_черный/красный_L_L_L
K2308B,INVU,детские для мальчиков,пластик,ободковая,спортивные,многоцветный,,,,,,солнцезащитные,спортивные_пластик_многоцветный,L_L_L,спортивные_пластик_многоцветный_L_L_L
K2308C,INVU,детские для мальчиков,пластик,ободковая,прямоугольные,,,,,,,солнцезащитные,,L_L_L,
K2310A,INVU,детские для девочек,пластик,ободковая,кошачий глаз,малиновый,,,,,,солнцезащитные,кошачий глаз_пластик_малиновый,L_L_L,кошачий глаз_пластик_малиновый_L_L_L
K2310B,INVU,детские для девочек,пластик,ободковая,кошачий глаз,розовый,,,,,,солнцезащитные,кошачий глаз_пластик_розовый,L_L_L,кошачий глаз_пластик_розовый_L_L_L
K2402Q2,INVU,детские для девочек,пластик,ободковая,вайфайеры,,,,,,,солнцезащитные,,L_L_L,
K2800G,INVU,детские универсальные,пластик,ободковая,вайфайеры,черный,,,,,,солнцезащитные,вайфайеры_пластик_черный,L_L_L,вайфайеры_пластик_черный_L_L_L
K2800J,INVU,детские для девочек,пластик,ободковая,вайфайеры,розовый,47.0,17.0,,,,солнцезащитные,вайфайеры_пластик_розовый,L_S_M,вайфайеры_пластик_розовый_L_S_M
K2800N,INVU,детские универсальные,пластик,ободковая,вайфайеры,,,,,,,солнцезащитные,,L_L_L,
K2903S,INVU,детские для девочек,пластик,ободковая,панто,розовый,45.0,18.0,,,,солнцезащитные,панто_пластик_розовый,L_S_L,панто_пластик_розовый_L_S_L
K2903X,INVU,детские универсальные,пластик,ободковая,панто,,,,,,,солнцезащитные,,L_L_L,
K2903Y,INVU,детские универсальные,пластик,ободковая,панто,,,,,,,солнцезащитные,,L_L_L,
KANDA-4-2F,EYEPETIZER,женские,металл,полуободковая,трапеция,,55.0,21.0,140.0,,,солнцезащитные,,M_L_L,
KOHN-119-49-05GRY-RGD,DITA,универсальные,пластик,ободковая,панто,серый,49.0,21.0,140.0,,,солнцезащитные,панто_пластик_серый,M_M_L,панто_пластик_серый_M_M_L
L22-0400,CHOPARD,мужские,металл,безободковая,прямоугольные,золотой,61.0,16.0,140.0,,,солнцезащитные,прямоугольные_металл_золотой,M_L_M,прямоугольные_металл_золотой_M_L_M
L22V-0360,CHOPARD,мужские,металл,безободковая,прямоугольные,темно-серый,61.0,16.0,140.0,,,солнцезащитные,прямоугольные_металл_темно-серый,M_L_M,прямоугольные_металл_темно-серый_M_L_M
LANCIER-701-55-01-BLK-GUN,DITA,мужские,пластик,ободковая,квадратные,черный,55.0,18.0,146.0,,,солнцезащитные,квадратные_пластик_черный,L_L_L,квадратные_пластик_черный_L_L_L
LANCIER-705-A-01-BLK-GLD,DITA,мужские,пластик,ободковая,квадратные,черный,58.0,14.0,146.0,,,солнцезащитные,квадратные_пластик_черный,L_L_S,квадратные_пластик_черный_L_L_S
LANCIER-LSA-101-PLD,DITA,мужские,металл,ободковая,капли,серебристый,61.0,14.0,146.0,,,солнцезащитные,капли_металл_серебристый,L_L_S,капли_металл_серебристый_L_L_S
LANCIER-LSA-103-GUN,DITA,мужские,металл,ободковая,панто,серый,50.0,21.0,146.0,,,солнцезащитные,панто_металл_серый,L_M_L,панто_металл_серый_L_M_L
LANCIER-LSA-415-A-03,DITA,универсальные,металл и пластик,ободковая,капли,черный,57.0,17.0,144.0,,,солнцезащитные,капли_металл и пластик_черный,M_L_M,капли_металл и пластик_черный_M_L_M
LANCIER-LSA-417-A-02,DITA,универсальные,титан,ободковая,авиаторы,серый,60.0,15.0,144.0,,,солнцезащитные,авиаторы_титан_серый,M_L_S,авиаторы_титан_серый_M_L_S
LANCIER-LSA-708-A-02,DITA,универсальные,пластик,ободковая,трапеция,коричневый,53.0,18.0,144.0,,,солнцезащитные,трапеция_пластик_коричневый,M_L_L,трапеция_пластик_коричневый_M_L_L
LAUREN XS-G0250TB10S,GRESSO,женские,титан,полуободковая,круглые,черный,55.0,18.0,140.0,,,солнцезащитные,круглые_титан_черный,M_L_L,круглые_титан_черный_M_L_L
LAUREN XS-G0250TB36S,GRESSO,женские,титан,полуободковая,круглые,черный,55.0,18.0,140.0,,,солнцезащитные,круглые_титан_черный,M_L_L,круглые_титан_черный_M_L_L
LAUREN-G0249TB04S,GRESSO,женские,титан,полуободковая,круглые,черный,59.0,18.0,140.0,,,солнцезащитные,круглые_титан_черный,M_L_L,круглые_титан_черный_M_L_L
LAZY SUNDAY - 04,GAST,женские,пластик,ободковая,прямоугольные,красный,50.0,22.0,145.0,,,солнцезащитные,прямоугольные_пластик_красный,L_M_L,прямоугольные_пластик_красный_L_M_L
LEICA 03-00524,MYKITA,универсальные,металл и пластик,полуободковая,квадратные,серебристый,60.0,16.0,140.0,,,солнцезащитные,квадратные_металл и пластик_серебристый,M_L_M,квадратные_металл и пластик_серебристый_M_L_M
LFL-1172/5,LINDA FARROW,женские,пластик,ободковая,круглые,оранжевый,63.0,17.0,140.0,,,солнцезащитные,круглые_пластик_оранжевый,M_L_M,круглые_пластик_оранжевый_M_L_M
LFL-736/2,LINDA FARROW,женские,металл и пластик,ободковая,кошачий глаз,коричневый,60.0,19.0,140.0,,,солнцезащитные,кошачий глаз_металл и пластик_коричневый,M_L_L,кошачий глаз_металл и пластик_коричневый_M_L_L
LILA-03,WOODYS,женские,пластик,ободковая,квадратные,синий,47.0,24.0,145.0,,,солнцезащитные,квадратные_пластик_синий,L_S_L,квадратные_пластик_синий_L_S_L
LUGANO-G0321TG04S,GRESSO,универсальные,титан,полуободковая,гексагон,золотой,50.0,21.0,140.0,,,солнцезащитные,гексагон_титан_золотой,M_M_L,гексагон_титан_золотой_M_M_L
LXN-EVO-403-A-03-BLU-GLD,DITA,универсальные,металл и пластик,ободковая,квадратные,,54.0,19.0,145.0,,,солнцезащитные,,L_L_L,
MACH-EIGHT-400-A-01-BLK-G,DITA,универсальные,металл и пластик,ободковая,маска,черный/золотой,131.0,,130.0,,,солнцезащитные,маска_металл и пластик_черный/золотой,S_L_L,маска_металл и пластик_черный/золотой_S_L_L
MACH-SIX-121-05-BLK-GLD,DITA,женские,металл и пластик,ободковая,капли,,62.0,12.0,130.0,,,солнцезащитные,,S_L_S,
MADISON-G0089TB03S,GRESSO,мужские,титан,полуободковая,квадратные,черный,58.0,15.0,140.0,,,солнцезащитные,квадратные_титан_черный,M_L_S,квадратные_титан_черный_M_L_S
MAMA-001,KALEOS,женские,пластик,ободковая,кошачий глаз,черный,48.0,25.0,,,,солнцезащитные,кошачий глаз_пластик_черный,L_M_L,кошачий глаз_пластик_черный_L_M_L
MANHATTAN-G0162TB02S,GRESSO,мужские,титан,полуободковая,квадратные,черный,59.0,14.0,140.0,,,солнцезащитные,квадратные_титан_черный,M_L_S,квадратные_титан_черный_M_L_S
MAVEN - 04,GAST,мужские,пластик,ободковая,прямоугольные,серый,51.0,21.0,145.0,,,солнцезащитные,прямоугольные_пластик_серый,L_M_L,прямоугольные_пластик_серый_L_M_L
MELANI-03,WOODYS,женские,пластик,ободковая,бабочка,зеленый,53.0,19.0,140.0,,,солнцезащитные,бабочка_пластик_зеленый,M_L_L,бабочка_пластик_зеленый_M_L_L
MELANI-04,WOODYS,женские,пластик,ободковая,бабочка,розовый,53.0,19.0,140.0,,,солнцезащитные,бабочка_пластик_розовый,M_L_L,бабочка_пластик_розовый_M_L_L
MENTE - 03,GAST,универсальные,пластик,ободковая,трапеция,гавана,48.0,22.0,145.0,,,солнцезащитные,трапеция_пластик_гавана,L_M_L,трапеция_пластик_гавана_L_M_L
MENTE - 05,GAST,универсальные,пластик,ободковая,трапеция,черный,48.0,22.0,145.0,,,солнцезащитные,трапеция_пластик_черный,L_M_L,трапеция_пластик_черный_L_M_L
METAMAT-526-59-02-RGD,DITA,женские,металл,ободковая,квадратные,бронзовый,59.0,17.0,140.0,,,солнцезащитные,квадратные_металл_бронзовый,M_L_M,квадратные_металл_бронзовый_M_L_M
MILES SUN-C03-SR,BRETT,универсальные,металл и пластик,ободковая,панто,черный,49.0,21.0,145.0,,,солнцезащитные,панто_металл и пластик_черный,L_M_L,панто_металл и пластик_черный_L_M_L
MMCRAFT017-553,MYKITA,мужские,металл,полуободковая,капли,коричневый,57.0,21.0,150.0,,,солнцезащитные,капли_металл_коричневый,L_L_L,капли_металл_коричневый_L_L_L
MONACO-G47SB030S4,GRESSO,мужские,металл,полуободковая,квадратные,черный,60.0,16.0,140.0,,,солнцезащитные,квадратные_металл_черный,M_L_M,квадратные_металл_черный_M_L_M
N1.1-01211101N,PHILIPPE V,универсальные,металл и пластик,ободковая,,,62.0,12.0,145.0,,,солнцезащитные,,L_L_S,
N17.2-Sil-GryG,PHILIPPE V,универсальные,титан,ободковая,трапеция,серебристый,60.0,17.0,140.0,,,солнцезащитные,трапеция_титан_серебристый,M_L_M,трапеция_титан_серебристый_M_L_M
N20-01112401N,PHILIPPE V,универсальные,металл и пластик,ободковая,,,55.0,16.0,148.0,,,солнцезащитные,,L_L_M,
N23-Gld-BrwG,PHILIPPE V,женские,титан,ободковая,трапеция,золотой,60.0,14.0,145.0,,,солнцезащитные,трапеция_титан_золотой,L_L_S,трапеция_титан_золотой_L_L_S
N27-Gld-BrwG,PHILIPPE V,универсальные,титан,ободковая,капли,золотой,60.0,13.0,145.0,,,солнцезащитные,капли_титан_золотой,L_L_S,капли_титан_золотой_L_L_S
N5.2-Sil-Sset83G,PHILIPPE V,женские,титан,ободковая,овальные,серебристый,55.0,20.0,140.0,,,солнцезащитные,овальные_титан_серебристый,M_L_L,овальные_титан_серебристый_M_L_L
N7.2-BlkM-GryFG,PHILIPPE V,универсальные,титан,ободковая,капли,черный,61.0,15.0,140.0,,,солнцезащитные,капли_титан_черный,M_L_S,капли_титан_черный_M_L_S
N7.2-Sil-GryG,PHILIPPE V,универсальные,титан,ободковая,капли,серебристый,61.0,15.0,140.0,,,солнцезащитные,капли_титан_серебристый,M_L_S,капли_титан_серебристый_M_L_S
NACHT-TWO-128-01-BLK-GL,DITA,женские,металл и пластик,ободковая,овальные,,52.0,20.0,118.0,,,солнцезащитные,,S_L_L,
NARCISSUS-503-GRY-GLD,DITA,женские,металл и пластик,ободковая,квадратные,серый,58.0,14.0,145.0,,,солнцезащитные,квадратные_металл и пластик_серый,L_L_S,квадратные_металл и пластик_серый_L_L_S
NAT-811,MYKITA,универсальные,металл,полуободковая,необычные,черный,57.0,17.0,140.0,,,солнцезащитные,необычные_металл_черный,M_L_M,необычные_металл_черный_M_L_M
NIKI SUN-C03-SR,BRETT,мужские,металл,ободковая,капли,,52.0,19.0,145.0,,,солнцезащитные,,L_L_L,
NIKI SUN-C07-SR,BRETT,мужские,металл,ободковая,капли,,52.0,19.0,145.0,,,солнцезащитные,,L_L_L,
NOBLE DAY - 04,GAST,универсальные,пластик,ободковая,прямоугольные,бежевый,49.0,23.0,145.0,,,солнцезащитные,прямоугольные_пластик_бежевый,L_M_L,прямоугольные_пластик_бежевый_L_M_L
NOBLE DAY - 05,GAST,универсальные,пластик,ободковая,прямоугольные,черный/золотой,49.0,23.0,145.0,,,солнцезащитные,прямоугольные_пластик_черный/золотой,L_M_L,прямоугольные_пластик_черный/золотой_L_M_L
OFFICIER-108A,BALMAIN,мужские,металл и пластик,ободковая,квадратные,,58.0,18.0,140.0,,,солнцезащитные,,M_L_L,
ORIANE/S-06JHA,JIMMY CHOO,женские,металл,ободковая,круглые,,57.0,20.0,145.0,,,солнцезащитные,,L_L_L,
ORINATE-TB3-GREY,FOR ART'S SAKE,женские,металл,ободковая,овальные,серебристый,58.0,20.0,125.0,,,солнцезащитные,овальные_металл_серебристый,S_L_L,овальные_металл_серебристый_S_L_L
ORINATE-TB4-ROSE,FOR ART'S SAKE,женские,металл,ободковая,овальные,бронзовый,58.0,20.0,125.0,,,солнцезащитные,овальные_металл_бронзовый,S_L_L,овальные_металл_бронзовый_S_L_L
OUTLINE-5194021,JULBO,мужские,пластик,полуободковая,спортивные,,,,,,,солнцезащитные,,L_L_L,
P0401-4EYY2,POLAROID,детские универсальные,пластик,ободковая,овальные,,47.0,12.0,108.0,,,солнцезащитные,,S_S_S,
P0401-55LY2,POLAROID,детские для девочек,пластик,ободковая,овальные,,47.0,12.0,108.0,,,солнцезащитные,,S_S_S,
P1300A,INVU,универсальные,металл,ободковая,капли,,,,,,,солнцезащитные,,L_L_L,
P1300B,INVU,универсальные,металл,ободковая,капли,,,,,,,солнцезащитные,,L_L_L,
P1300C,INVU,универсальные,металл,ободковая,капли,,,,,,,солнцезащитные,,L_L_L,
P1301A,INVU,универсальные,металл,ободковая,необычные,,,,,,,солнцезащитные,,L_L_L,
P1301B,INVU,универсальные,металл,ободковая,необычные,,,,,,,солнцезащитные,,L_L_L,
P2301A,INVU,универсальные,пластик,ободковая,вайфайеры,,,,,,,солнцезащитные,,L_L_L,
P2301B,INVU,универсальные,пластик,ободковая,вайфайеры,,,,,,,солнцезащитные,,L_L_L,
P50-SI-VB,KUBORAUM,универсальные,металл,безободковая,круглые,серебристый,51.0,18.0,145.0,,,солнцезащитные,круглые_металл_серебристый,L_M_L,круглые_металл_серебристый_L_M_L
P56-GD-BB,KUBORAUM,универсальные,металл,безободковая,прямоугольные,золотой,54.0,18.0,145.0,,,солнцезащитные,прямоугольные_металл_золотой,L_L_L,прямоугольные_металл_золотой_L_L_L
P57-SI-RD,KUBORAUM,универсальные,металл,безободковая,необычные,серебристый,55.0,17.0,145.0,,,солнцезащитные,необычные_металл_серебристый,L_L_M,необычные_металл_серебристый_L_L_M
P58-BMFX,KUBORAUM,женские,металл,безободковая,бабочка,черный,55.0,17.0,145.0,,,солнцезащитные,бабочка_металл_черный,L_L_M,бабочка_металл_черный_L_L_M
P71-GHA,KUBORAUM,универсальные,металл,ободковая,необычные,золотой,53.0,19.0,145.0,,,солнцезащитные,необычные_металл_золотой,L_L_L,необычные_металл_золотой_L_L_L
P8-BMK,KUBORAUM,универсальные,пластик,ободковая,капли,черный,53.0,17.0,145.0,,,солнцезащитные,капли_пластик_черный,L_L_M,капли_пластик_черный_L_L_M
PAI - 01,GAST,универсальные,пластик,ободковая,прямоугольные,черный,48.0,21.0,145.0,,,солнцезащитные,прямоугольные_пластик_черный,L_M_L,прямоугольные_пластик_черный_L_M_L
PAI - 05,GAST,универсальные,пластик,ободковая,прямоугольные,черный,48.0,21.0,145.0,,,солнцезащитные,прямоугольные_пластик_черный,L_M_L,прямоугольные_пластик_черный_L_M_L
PAI-PA04,GAST,универсальные,пластик,ободковая,прямоугольные,черный,48.0,21.0,145.0,,,солнцезащитные,прямоугольные_пластик_черный,L_M_L,прямоугольные_пластик_черный_L_M_L
PANTHERE-1-42,EYEPETIZER,женские,металл,безободковая,квадратные,серебристый,50.0,20.0,145.0,,,солнцезащитные,квадратные_металл_серебристый,L_M_L,квадратные_металл_серебристый_L_M_L
PANTHERE-4-44,EYEPETIZER,женские,металл,безободковая,необычные,золотой,50.0,20.0,145.0,,,солнцезащитные,необычные_металл_золотой,L_M_L,необычные_металл_золотой_L_M_L
PERPLEXER-405-A-01-BLK-GL,DITA,женские,металл и пластик,ободковая,бабочка,серый,54.0,19.0,130.0,,,солнцезащитные,бабочка_металл и пластик_серый,S_L_L,бабочка_металл и пластик_серый_S_L_L
PERSONALIA - 01,GAST,женские,пластик,ободковая,прямоугольные,черный,52.0,21.0,145.0,,,солнцезащитные,прямоугольные_пластик_черный,L_L_L,прямоугольные_пластик_черный_L_L_L
PIANO - 01,GAST,мужские,пластик,ободковая,прямоугольные,черный,52.0,20.0,145.0,,,солнцезащитные,прямоугольные_пластик_черный,L_L_L,прямоугольные_пластик_черный_L_L_L
PIANO - 03,GAST,мужские,пластик,ободковая,прямоугольные,черепаховый,52.0,20.0,145.0,,,солнцезащитные,прямоугольные_пластик_черепаховый,L_L_L,прямоугольные_пластик_черепаховый_L_L_L
POSTYANK-MBK/GP-WEWE-PV,CHROME HEARTS,универсальные,металл,ободковая,капли,,62.0,12.0,136.0,,,солнцезащитные,,M_L_S,
QUATTRO-109C,VALENTINO,женские,пластик,ободковая,кошачий глаз,коричневый,52.0,18.0,145.0,,,солнцезащитные,кошачий глаз_пластик_коричневый,L_L_L,кошачий глаз_пластик_коричневый_L_L_L
RENEE/S-C8W9O,JIMMY CHOO,женские,пластик,ободковая,бабочка,серый,61.0,19.0,145.0,,,солнцезащитные,бабочка_пластик_серый,L_L_L,бабочка_пластик_серый_L_L_L
REVOIR-509-59-01-GLD,DITA,женские,металл,ободковая,бабочка,золотой,59.0,13.0,145.0,,,солнцезащитные,бабочка_металл_золотой,L_L_S,бабочка_металл_золотой_L_L_S
REVOIR-509-59-03-BLK-GLD,DITA,женские,металл,ободковая,бабочка,черный/золотой,59.0,13.0,145.0,,,солнцезащитные,бабочка_металл_черный/золотой,L_L_S,бабочка_металл_черный/золотой_L_L_S
Rey 7381-1,PEPE JEANS,женские,пластик,ободковая,бабочка,серый,52.0,19.0,145.0,,,солнцезащитные,бабочка_пластик_серый,L_L_L,бабочка_пластик_серый_L_L_L
REYNOLDS-G0274TB01SP,GRESSO,универсальные,титан,полуободковая,капли,черный,62.0,13.0,140.0,,,солнцезащитные,капли_титан_черный,M_L_S,капли_титан_черный_M_L_S
RIDGE-325,MYKITA,мужские,пластик,ободковая,прямоугольные,синий,56.0,19.0,150.0,,,солнцезащитные,прямоугольные_пластик_синий,L_L_L,прямоугольные_пластик_синий_L_L_L
RIVER/S-BKU2S,JIMMY CHOO,женские,металл,ободковая,бабочка,бронзовый,61.0,16.0,145.0,,,солнцезащитные,бабочка_металл_бронзовый,L_L_M,бабочка_металл_бронзовый_L_L_M
RODNEY-6-46,EYEPETIZER,универсальные,металл,ободковая,круглые,черный,32.0,35.0,145.0,,,солнцезащитные,круглые_металл_черный,L_S_L,круглые_металл_черный_L_S_L
ROY-4-44F,EYEPETIZER,женские,металл,безободковая,капли,бронзовый,50.0,18.0,145.0,,,солнцезащитные,капли_металл_бронзовый,L_M_L,капли_металл_бронзовый_L_M_L
S-8192P-19,VITO FABIUS,детские универсальные,пластик,ободковая,прямоугольные,синий,42.0,19.0,104.0,,,солнцезащитные,прямоугольные_пластик_синий,S_S_L,прямоугольные_пластик_синий_S_S_L
S.EULARIA-18-27F,EYEPETIZER,универсальные,металл,ободковая,панто,,48.0,21.0,135.0,,,солнцезащитные,,M_M_L,
SALINAS-3-4,EYEPETIZER,универсальные,металл,ободковая,панто,,48.0,21.0,135.0,,,солнцезащитные,,M_M_L,
SAN MARCO-G0154TB05S,GRESSO,универсальные,титан,полуободковая,трапеция,черный,56.0,20.0,140.0,,,солнцезащитные,трапеция_титан_черный,M_L_L,трапеция_титан_черный_M_L_L
SANDRA-03,WOODYS,женские,пластик,ободковая,гексагон,коричневый,54.0,21.0,145.0,,,солнцезащитные,гексагон_пластик_коричневый,L_L_L,гексагон_пластик_коричневый_L_L_L
SANDRA-04,WOODYS,женские,пластик,ободковая,гексагон,синий,54.0,21.0,145.0,,,солнцезащитные,гексагон_пластик_синий,L_L_L,гексагон_пластик_синий_L_L_L
SEAN SUN-C02-SR,BRETT,универсальные,металл,ободковая,квадратные,,53.0,20.0,145.0,,,солнцезащитные,,L_L_L,
SEI-111A,VALENTINO,универсальные,титан,ободковая,прямоугольные,золотой,58.0,17.0,142.0,,,солнцезащитные,прямоугольные_титан_золотой,M_L_M,прямоугольные_титан_золотой_M_L_M
SELLECK-363,MYKITA,мужские,металл,полуободковая,капли,черный,57.0,15.0,150.0,,,солнцезащитные,капли_металл_черный,L_L_S,капли_металл_черный_L_L_S
SEXTASTIC-BK/SS,CHROME HEARTS,женские,металл и пластик,ободковая,круглые,черный,47.0,22.0,147.0,,,солнцезащитные,круглые_металл и пластик_черный,L_S_L,круглые_металл и пластик_черный_L_S_L
SLOOK 15-15003,YOHJI YAMAMOTO,универсальные,металл,безободковая,панто,темно-серый,53.0,22.0,150.0,,,солнцезащитные,панто_металл_темно-серый,L_L_L,панто_металл_темно-серый_L_L_L
SOULINER-TWO-136-BLK-BLK,DITA,мужские,металл,ободковая,квадратные,,64.0,14.0,145.0,,,солнцезащитные,,L_L_S,
SOY-472,MYKITA,мужские,металл,полуободковая,маска,,,,,,,солнцезащитные,,L_L_L,
SPRINT-A-504B,AKONI,мужские,титан,ободковая,трапеция,,55.0,16.0,140.0,,,солнцезащитные,,M_L_M,
SPRINT-A-504C,AKONI,мужские,титан,ободковая,трапеция,,55.0,16.0,140.0,,,солнцезащитные,,M_L_M,
STANFORD-G0196TB02S,GRESSO,мужские,титан,ободковая,квадратные,черный,62.0,13.0,140.0,,,солнцезащитные,квадратные_титан_черный,M_L_S,квадратные_титан_черный_M_L_S
STANFORD-G0196TB06S,GRESSO,мужские,титан,ободковая,квадратные,черный,62.0,13.0,140.0,,,солнцезащитные,квадратные_титан_черный,M_L_S,квадратные_титан_черный_M_L_S
Starlight Purple JH3,FOR ART'S SAKE,женские,металл,безободковая,необычные,серебристый,61.0,17.0,143.0,,,солнцезащитные,необычные_металл_серебристый,M_L_M,необычные_металл_серебристый_M_L_M
STUDIO - STU02,GAST,универсальные,металл,ободковая,прямоугольные,золотой,53.0,21.0,140.0,,,солнцезащитные,прямоугольные_металл_золотой,M_L_L,прямоугольные_металл_золотой_M_L_L
STUDIO - STU03,GAST,универсальные,металл,ободковая,прямоугольные,золотой,53.0,21.0,140.0,,,солнцезащитные,прямоугольные_металл_золотой,M_L_L,прямоугольные_металл_золотой_M_L_L
STUDIO - STU04,GAST,универсальные,металл,ободковая,прямоугольные,серебристый,53.0,21.0,140.0,,,солнцезащитные,прямоугольные_металл_серебристый,M_L_L,прямоугольные_металл_серебристый_M_L_L
SUNBIRD-21013-A-BLK-GLD,DITA,женские,металл и пластик,ободковая,бабочка,черный/золотой,59.0,,,,,солнцезащитные,бабочка_металл и пластик_черный/золотой,L_L_L,бабочка_металл и пластик_черный/золотой_L_L_L
SUPER-286,MYKITA,мужские,металл,полуободковая,прямоугольные,черный,54.0,19.0,145.0,,,солнцезащитные,прямоугольные_металл_черный,L_L_L,прямоугольные_металл_черный_L_L_L
SWING-#29,MASUNAGA,,,ободковая,,,55.0,18.0,145.0,,,солнцезащитные,,L_L_L,
T-1526-1,VITO FABIUS,подростковые для мальчиков,пластик,ободковая,спортивные,красный,50.0,16.0,112.0,,,солнцезащитные,спортивные_пластик_красный,S_M_M,спортивные_пластик_красный_S_M_M
T-1526-13,VITO FABIUS,подростковые для мальчиков,пластик,ободковая,спортивные,черный,50.0,16.0,112.0,,,солнцезащитные,спортивные_пластик_черный,S_M_M,спортивные_пластик_черный_S_M_M
T-1873-14,VITO FABIUS,подростковые универсальные,пластик,ободковая,вайфайеры,черный,43.0,16.0,130.0,,,солнцезащитные,вайфайеры_пластик_черный,S_S_M,вайфайеры_пластик_черный_S_S_M
T-1873-2,VITO FABIUS,подростковые для девочек,пластик,ободковая,вайфайеры,фиолетовый,43.0,16.0,130.0,,,солнцезащитные,вайфайеры_пластик_фиолетовый,S_S_M,вайфайеры_пластик_фиолетовый_S_S_M
T-1877-9,VITO FABIUS,подростковые для девочек,пластик,ободковая,овальные,голубой,43.0,18.0,120.0,,,солнцезащитные,овальные_пластик_голубой,S_S_L,овальные_пластик_голубой_S_S_L
T-1878-11,VITO FABIUS,детские универсальные,пластик,ободковая,овальные,бирюзовый,39.0,15.0,100.0,,,солнцезащитные,овальные_пластик_бирюзовый,S_S_S,овальные_пластик_бирюзовый_S_S_S
T-1878-5,VITO FABIUS,детские для девочек,пластик,ободковая,овальные,розовый,39.0,15.0,100.0,,,солнцезащитные,овальные_пластик_розовый,S_S_S,овальные_пластик_розовый_S_S_S
T-1878-6,VITO FABIUS,детские для девочек,пластик,ободковая,овальные,розовый,39.0,15.0,100.0,,,солнцезащитные,овальные_пластик_розовый,S_S_S,овальные_пластик_розовый_S_S_S
T-1878-7,VITO FABIUS,детские универсальные,пластик,ободковая,овальные,синий,39.0,15.0,100.0,,,солнцезащитные,овальные_пластик_синий,S_S_S,овальные_пластик_синий_S_S_S
T2710A,INVU,универсальные,пластик,ободковая,квадратные,черный,,,,,,солнцезащитные,квадратные_пластик_черный,L_L_L,квадратные_пластик_черный_L_L_L
TAZI - 01,GAST,мужские,металл,ободковая,прямоугольные,черный,53.0,17.0,145.0,,,солнцезащитные,прямоугольные_металл_черный,L_L_M,прямоугольные_металл_черный_L_L_M
TB-106-A-BLK-GLD-50,THOM BROWNE,универсальные,пластик,полуободковая,трапеция,черный/золотой,50.0,21.0,145.0,,,солнцезащитные,трапеция_пластик_черный/золотой,L_M_L,трапеция_пластик_черный/золотой_L_M_L
The Adrian-S7201,KOMONO,универсальные,пластик,ободковая,круглые,черный,44.0,24.0,145.0,,,солнцезащитные,круглые_пластик_черный,L_S_L,круглые_пластик_черный_L_S_L
THE ARTIS SUN I P-WBZ-M12,MAYBACH,мужские,металл,безободковая,прямоугольные,,62.0,18.0,140.0,,,солнцезащитные,,M_L_L,
The Bob-S7905,KOMONO,универсальные,пластик,ободковая,трапеция,,52.0,18.0,145.0,,,солнцезащитные,,L_L_L,
The Brooklyn-S4807,KOMONO,универсальные,пластик,ободковая,трапеция,,50.0,20.0,145.0,,,солнцезащитные,,L_M_L,
The Evan-S9275,KOMONO,универсальные,пластик,ободковая,панто,,48.0,21.0,145.0,,,солнцезащитные,,L_M_L,
The Evan-S9276,KOMONO,универсальные,пластик,ободковая,панто,,48.0,21.0,145.0,,,солнцезащитные,,L_M_L,
The Great Frog 002-01,CUTLER AND GROSS,универсальные,пластик,ободковая,трапеция,черный,54.0,19.0,150.0,,,солнцезащитные,трапеция_пластик_черный,L_L_L,трапеция_пластик_черный_L_L_L
The Jessie-S4951,KOMONO,женские,пластик,ободковая,бабочка,,55.0,19.0,145.0,,,солнцезащитные,,L_L_L,
THE PRESIDENT I P-WDB-M10,MAYBACH,мужские,металл,безободковая,квадратные,серебристый,62.0,17.0,145.0,,,солнцезащитные,квадратные_металл_серебристый,L_L_M,квадратные_металл_серебристый_L_L_M
THE SYMPHONYSUN I MG-AB-M09,MAYBACH,мужские,металл,безободковая,прямоугольные,золотой,57.0,18.0,145.0,,,солнцезащитные,прямоугольные_металл_золотой,L_L_L,прямоугольные_металл_золотой_L_L_L
TITAN-139B,BALMAIN,универсальные,титан,ободковая,капли,темно-серый,59.0,18.0,130.0,,,солнцезащитные,капли_титан_темно-серый,S_L_L,капли_титан_темно-серый_S_L_L
TONDO - 03,GAST,универсальные,пластик,ободковая,прямоугольные,черепаховый,47.0,22.0,145.0,,,солнцезащитные,прямоугольные_пластик_черепаховый,L_S_L,прямоугольные_пластик_черепаховый_L_S_L
TRE-101A,VALENTINO,женские,пластик,ободковая,необычные,темно-серый,51.0,20.0,145.0,,,солнцезащитные,необычные_пластик_темно-серый,L_M_L,необычные_пластик_темно-серый_L_M_L
U 2505 B,STYLEMARK,мужские,пластик,безободковая,квадратные,,,,,,,солнцезащитные,,L_L_L,
UltraDior SU-B0B0,DIOR,женские,пластик,безободковая,квадратные,,65.0,14.0,140.0,,,солнцезащитные,,M_L_S,
UNO-107B,VALENTINO,женские,пластик,ободковая,бабочка,черепаховый,55.0,17.0,138.0,,,солнцезащитные,бабочка_пластик_черепаховый,M_L_M,бабочка_пластик_черепаховый_M_L_M
VENTI - 159-02,GAST,универсальные,пластик,ободковая,панто,черный,51.0,22.0,145.0,,,солнцезащитные,панто_пластик_черный,L_M_L,панто_пластик_черный_L_M_L
VERS-TWO-151A-01,DITA,универсальные,металл,ободковая,квадратные,желтый,50.0,20.0,141.0,,,солнцезащитные,квадратные_металл_желтый,M_M_L,квадратные_металл_желтый_M_M_L
VICTORY C 01/S-00386,CARRERA,универсальные,пластик,ободковая,капли,черный,60.0,15.0,145.0,,,солнцезащитные,капли_пластик_черный,L_L_S,капли_пластик_черный_L_L_S
VICTORY C 03/S-7C508,CARRERA,универсальные,пластик,ободковая,трапеция,черный/прозрачный,58.0,16.0,145.0,,,солнцезащитные,трапеция_пластик_черный/прозрачный,L_L_M,трапеция_пластик_черный/прозрачный_L_L_M
VICTORY C 03/S-900FQ,CARRERA,универсальные,пластик,ободковая,трапеция,прозрачный,58.0,16.0,145.0,,,солнцезащитные,трапеция_пластик_прозрачный,L_L_M,трапеция_пластик_прозрачный_L_L_M
VIII-102B,VALENTINO,женские,металл и пластик,ободковая,кошачий глаз,коричневый/золотой,50.0,18.0,142.0,,,солнцезащитные,кошачий глаз_металл и пластик_коричневый/золотой,M_M_L,кошачий глаз_металл и пластик_коричневый/золотой_M_M_L
WAZZ 2-4 - WA3SUNPEONY,KIETLA,детские для девочек,пластик,ободковая,бабочка,розовый,,,,,,солнцезащитные,бабочка_пластик_розовый,L_L_L,бабочка_пластик_розовый_L_L_L
WILDER-483,MYKITA,мужские,металл,полуободковая,капли,,56.0,17.0,140.0,,,солнцезащитные,,M_L_M,
WILL-002,MYKITA,мужские,металл,полуободковая,необычные,черный,57.0,18.0,150.0,,,солнцезащитные,необычные_металл_черный,L_L_L,необычные_металл_черный_L_L_L
WILL-223,MYKITA,мужские,металл,полуободковая,необычные,серый,57.0,18.0,150.0,,,солнцезащитные,необычные_металл_серый,L_L_L,необычные_металл_серый_L_L_L
WOMAN DiorClub M5U-F0L8,DIOR,женские,пластик,безободковая,маска,розовый,143.0,,145.0,,,солнцезащитные,маска_пластик_розовый,L_L_L,маска_пластик_розовый_L_L_L
XENA/S-086HA,JIMMY CHOO,женские,пластик,ободковая,бабочка,,54.0,18.0,145.0,,,солнцезащитные,,L_L_L,
XXXII-3,RENAISSANCE,женские,титан,безободковая,овальные,золотой,58.0,17.0,140.0,,,солнцезащитные,овальные_титан_золотой,M_L_M,овальные_титан_золотой_M_L_M
Y2825A,INVU,мужские,пластик,ободковая,прямоугольные,,,,,,,солнцезащитные,,L_L_L,
Y2826A,INVU,мужские,пластик,ободковая,прямоугольные,черный,,,,,,солнцезащитные,прямоугольные_пластик_черный,L_L_L,прямоугольные_пластик_черный_L_L_L
Z1100A,INVU,женские,металл,ободковая,бабочка,,,,,,,солнцезащитные,,L_L_L,
Z1101A,INVU,женские,металл и пластик,ободковая,круглые,черный/золотой,,,,,,солнцезащитные,круглые_металл и пластик_черный/золотой,L_L_L,круглые_металл и пластик_черный/золотой_L_L_L
Z14-SIV,KUBORAUM,универсальные,металл,ободковая,ромб,серебристый,41.0,25.0,140.0,,,солнцезащитные,ромб_металл_серебристый,M_S_L,ромб_металл_серебристый_M_S_L
Z17-BM,KUBORAUM,универсальные,металл,ободковая,круглые,черный,39.0,27.0,140.0,,,солнцезащитные,круглые_металл_черный,M_S_L,круглые_металл_черный_M_S_L
Z2200A,INVU,женские,пластик,ободковая,бабочка,,54.0,18.0,,,,солнцезащитные,,L_L_L,
Z2200C,INVU,женские,пластик,ободковая,бабочка,зеленый,54.0,18.0,,,,солнцезащитные,бабочка_пластик_зеленый,L_L_L,бабочка_пластик_зеленый_L_L_L
ZUBIZURI-9-44,EYEPETIZER,женские,титан,ободковая,необычные,золотой,47.0,20.0,145.0,,,солнцезащитные,необычные_титан_золотой,L_S_L,необычные_титан_золотой_L_S_L
